% ======================================================
% L-Bracket Method of Moments Solution
% ======================================================
% Frequency: 9.600 GHz
% Wavelength: 0.031229 m
% Segments: N=3204 (1602 horiz + 1602 vert)
% Transmitter: (25.0000, 25.0000) m
%
% Solver: SSOR with hierarchical omega
% omega = 0.1090
% iterations = 349
% convergence = 9.56e-10
% time = 262.88 seconds
% ======================================================
% Format: (real, imaginary) current coefficients
% ======================================================
(-3.09401917e-08,-1.16124537e-06)
(-4.34087333e-07,-4.54572881e-06)
(-7.80741993e-07,-7.70111441e-06)
(-1.12208058e-06,-1.08347538e-05)
(-1.45884769e-06,-1.39414507e-05)
(-1.79139760e-06,-1.70176531e-05)
(-2.11952661e-06,-2.00584151e-05)
(-2.44282733e-06,-2.30583384e-05)
(-2.76080351e-06,-2.60118569e-05)
(-3.07291739e-06,-2.89133665e-05)
(-3.37861364e-06,-3.17572921e-05)
(-3.67733198e-06,-3.45381271e-05)
(-3.96851480e-06,-3.72504609e-05)
(-4.25161212e-06,-3.98889986e-05)
(-4.52608513e-06,-4.24485778e-05)
(-4.79140874e-06,-4.49241825e-05)
(-5.04707369e-06,-4.73109554e-05)
(-5.29258830e-06,-4.96042095e-05)
(-5.52747988e-06,-5.17994387e-05)
(-5.75129606e-06,-5.38923270e-05)
(-5.96360597e-06,-5.58787586e-05)
(-6.16400124e-06,-5.77548258e-05)
(-6.35209698e-06,-5.95168373e-05)
(-6.52753267e-06,-6.11613262e-05)
(-6.68997290e-06,-6.26850563e-05)
(-6.83910814e-06,-6.40850295e-05)
(-6.97465537e-06,-6.53584914e-05)
(-7.09635869e-06,-6.65029368e-05)
(-7.20398982e-06,-6.75161151e-05)
(-7.29734861e-06,-6.83960347e-05)
(-7.37626338e-06,-6.91409668e-05)
(-7.44059133e-06,-6.97494489e-05)
(-7.49021874e-06,-7.02202882e-05)
(-7.52506125e-06,-7.05525635e-05)
(-7.54506398e-06,-7.07456270e-05)
(-7.55020163e-06,-7.07991061e-05)
(-7.54047853e-06,-7.07129037e-05)
(-7.51592856e-06,-7.04871985e-05)
(-7.47661513e-06,-7.01224450e-05)
(-7.42263098e-06,-6.96193721e-05)
(-7.35409797e-06,-6.89789819e-05)
(-7.27116686e-06,-6.82025478e-05)
(-7.17401692e-06,-6.72916121e-05)
(-7.06285560e-06,-6.62479823e-05)
(-6.93791805e-06,-6.50737284e-05)
(-6.79946666e-06,-6.37711783e-05)
(-6.64779048e-06,-6.23429131e-05)
(-6.48320466e-06,-6.07917623e-05)
(-6.30604975e-06,-5.91207982e-05)
(-6.11669102e-06,-5.73333295e-05)
(-5.91551771e-06,-5.54328949e-05)
(-5.70294224e-06,-5.34232565e-05)
(-5.47939934e-06,-5.13083915e-05)
(-5.24534521e-06,-4.90924852e-05)
(-5.00125653e-06,-4.67799221e-05)
(-4.74762954e-06,-4.43752777e-05)
(-4.48497904e-06,-4.18833089e-05)
(-4.21383731e-06,-3.93089451e-05)
(-3.93475308e-06,-3.66572781e-05)
(-3.64829039e-06,-3.39335524e-05)
(-3.35502750e-06,-3.11431541e-05)
(-3.05555568e-06,-2.82916013e-05)
(-2.75047809e-06,-2.53845321e-05)
(-2.44040851e-06,-2.24276942e-05)
(-2.12597017e-06,-1.94269332e-05)
(-1.80779449e-06,-1.63881812e-05)
(-1.48651984e-06,-1.33174449e-05)
(-1.16279023e-06,-1.02207937e-05)
(-8.37254109e-07,-7.10434796e-06)
(-5.10563022e-07,-3.97426663e-06)
(-1.83370361e-07,-8.36735184e-07)
( 1.43669932e-07, 2.30204660e-06)
( 4.69904653e-07, 5.43587694e-06)
( 7.94682609e-07, 8.55856429e-06)
( 1.11735590e-06, 1.16639396e-05)
( 1.43728116e-06, 1.47458684e-05)
( 1.75382088e-06, 1.77982631e-05)
( 2.06634454e-06, 2.08150950e-05)
( 2.37422996e-06, 2.37904059e-05)
( 2.67686440e-06, 2.67183203e-05)
( 2.97364581e-06, 2.95930567e-05)
( 3.26398397e-06, 3.24089391e-05)
( 3.54730165e-06, 3.51604084e-05)
( 3.82303570e-06, 3.78420330e-05)
( 4.09063813e-06, 4.04485199e-05)
( 4.34957718e-06, 4.29747247e-05)
( 4.59933834e-06, 4.54156624e-05)
( 4.83942532e-06, 4.77665165e-05)
( 5.06936100e-06, 5.00226491e-05)
( 5.28868835e-06, 5.21796097e-05)
( 5.49697127e-06, 5.42331440e-05)
( 5.69379546e-06, 5.61792025e-05)
( 5.87876917e-06, 5.80139484e-05)
( 6.05152392e-06, 5.97337648e-05)
( 6.21171528e-06, 6.13352624e-05)
( 6.35902340e-06, 6.28152858e-05)
( 6.49315368e-06, 6.41709197e-05)
( 6.61383733e-06, 6.53994949e-05)
( 6.72083179e-06, 6.64985933e-05)
( 6.81392127e-06, 6.74660527e-05)
( 6.89291707e-06, 6.82999711e-05)
( 6.95765798e-06, 6.89987104e-05)
( 7.00801051e-06, 6.95608995e-05)
( 7.04386920e-06, 6.99854372e-05)
( 7.06515673e-06, 7.02714942e-05)
( 7.07182410e-06, 7.04185147e-05)
( 7.06385068e-06, 7.04262175e-05)
( 7.04124424e-06, 7.02945965e-05)
( 7.00404091e-06, 7.00239209e-05)
( 6.95230510e-06, 6.96147340e-05)
( 6.88612936e-06, 6.90678531e-05)
( 6.80563418e-06, 6.83843667e-05)
( 6.71096775e-06, 6.75656334e-05)
( 6.60230565e-06, 6.66132785e-05)
( 6.47985050e-06, 6.55291908e-05)
( 6.34383159e-06, 6.43155193e-05)
( 6.19450440e-06, 6.29746685e-05)
( 6.03215008e-06, 6.15092937e-05)
( 5.85707496e-06, 5.99222958e-05)
( 5.66960991e-06, 5.82168156e-05)
( 5.47010971e-06, 5.63962274e-05)
( 5.25895238e-06, 5.44641327e-05)
( 5.03653841e-06, 5.24243524e-05)
( 4.80329005e-06, 5.02809198e-05)
( 4.55965045e-06, 4.80380726e-05)
( 4.30608285e-06, 4.57002441e-05)
( 4.04306963e-06, 4.32720549e-05)
( 3.77111148e-06, 4.07583034e-05)
( 3.49072637e-06, 3.81639566e-05)
( 3.20244859e-06, 3.54941401e-05)
( 2.90682772e-06, 3.27541279e-05)
( 2.60442762e-06, 2.99493325e-05)
( 2.29582530e-06, 2.70852934e-05)
( 1.98160989e-06, 2.41676668e-05)
( 1.66238144e-06, 2.12022141e-05)
( 1.33874988e-06, 1.81947908e-05)
( 1.01133376e-06, 1.51513347e-05)
( 6.80759162e-07, 1.20778543e-05)
( 3.47658447e-07, 8.98041684e-06)
( 1.26691055e-08, 5.86513653e-06)
(-3.23567480e-07, 2.73816229e-06)
(-6.60407243e-07,-3.94334239e-07)
(-9.97204656e-07,-3.52617094e-06)
(-1.33331394e-06,-6.65116737e-06)
(-1.66809033e-06,-9.76315695e-06)
(-2.00089124e-06,-1.28559991e-05)
(-2.33107752e-06,-1.59235915e-05)
(-2.65801469e-06,-1.89598816e-05)
(-2.98107408e-06,-2.19588794e-05)
(-3.29963408e-06,-2.49146684e-05)
(-3.61308132e-06,-2.78214177e-05)
(-3.92081180e-06,-3.06733934e-05)
(-4.22223207e-06,-3.34649699e-05)
(-4.51676038e-06,-3.61906409e-05)
(-4.80382774e-06,-3.88450304e-05)
(-5.08287905e-06,-4.14229029e-05)
(-5.35337415e-06,-4.39191742e-05)
(-5.61478886e-06,-4.63289211e-05)
(-5.86661597e-06,-4.86473912e-05)
(-6.10836625e-06,-5.08700119e-05)
(-6.33956937e-06,-5.29924001e-05)
(-6.55977481e-06,-5.50103701e-05)
(-6.76855275e-06,-5.69199422e-05)
(-6.96549487e-06,-5.87173504e-05)
(-7.15021522e-06,-6.03990499e-05)
(-7.32235088e-06,-6.19617240e-05)
(-7.48156278e-06,-6.34022906e-05)
(-7.62753627e-06,-6.47179081e-05)
(-7.75998182e-06,-6.59059813e-05)
(-7.87863555e-06,-6.69641663e-05)
(-7.98325983e-06,-6.78903751e-05)
(-8.07364369e-06,-6.86827797e-05)
(-8.14960328e-06,-6.93398157e-05)
(-8.21098230e-06,-6.98601854e-05)
(-8.25765228e-06,-7.02428600e-05)
(-8.28951287e-06,-7.04870822e-05)
(-8.30649212e-06,-7.05923674e-05)
(-8.30854660e-06,-7.05585042e-05)
(-8.29566155e-06,-7.03855555e-05)
(-8.26785097e-06,-7.00738580e-05)
(-8.22515758e-06,-6.96240216e-05)
(-8.16765288e-06,-6.90369280e-05)
(-8.09543696e-06,-6.83137291e-05)
(-8.00863840e-06,-6.74558450e-05)
(-7.90741411e-06,-6.64649604e-05)
(-7.79194900e-06,-6.53430224e-05)
(-7.66245572e-06,-6.40922353e-05)
(-7.51917432e-06,-6.27150577e-05)
(-7.36237181e-06,-6.12141963e-05)
(-7.19234167e-06,-5.95926015e-05)
(-7.00940341e-06,-5.78534612e-05)
(-6.81390195e-06,-5.60001946e-05)
(-6.60620703e-06,-5.40364454e-05)
(-6.38671253e-06,-5.19660746e-05)
(-6.15583577e-06,-4.97931531e-05)
(-5.91401676e-06,-4.75219533e-05)
(-5.66171740e-06,-4.51569411e-05)
(-5.39942062e-06,-4.27027669e-05)
(-5.12762952e-06,-4.01642564e-05)
(-4.84686639e-06,-3.75464011e-05)
(-4.55767182e-06,-3.48543487e-05)
(-4.26060364e-06,-3.20933926e-05)
(-3.95623587e-06,-2.92689619e-05)
(-3.64515771e-06,-2.63866102e-05)
(-3.32797238e-06,-2.34520052e-05)
(-3.00529600e-06,-2.04709172e-05)
(-2.67775642e-06,-1.74492079e-05)
(-2.34599205e-06,-1.43928187e-05)
(-2.01065062e-06,-1.13077593e-05)
(-1.67238798e-06,-8.20009538e-06)
(-1.33186680e-06,-5.07593732e-06)
(-9.89755341e-07,-1.94142762e-06)
(-6.46726156e-07, 1.19727094e-06)
(-3.03454775e-07, 4.33398745e-06)
( 3.93815757e-08, 7.46255505e-06)
( 3.81105309e-07, 1.05768230e-05)
( 7.21039779e-07, 1.36706690e-05)
( 1.05851062e-06, 1.67380109e-05)
( 1.39284706e-06, 1.97728188e-05)
( 1.72338323e-06, 2.27691271e-05)
( 2.04945949e-06, 2.57210461e-05)
( 2.37042373e-06, 2.86227735e-05)
( 2.68563268e-06, 3.14686060e-05)
( 2.99445316e-06, 3.42529504e-05)
( 3.29626337e-06, 3.69703346e-05)
( 3.59045413e-06, 3.96154185e-05)
( 3.87643011e-06, 4.21830044e-05)
( 4.15361104e-06, 4.46680474e-05)
( 4.42143289e-06, 4.70656649e-05)
( 4.67934900e-06, 4.93711469e-05)
( 4.92683122e-06, 5.15799646e-05)
( 5.16337100e-06, 5.36877798e-05)
( 5.38848044e-06, 5.56904531e-05)
( 5.60169330e-06, 5.75840524e-05)
( 5.80256598e-06, 5.93648603e-05)
( 5.99067846e-06, 6.10293819e-05)
( 6.16563520e-06, 6.25743509e-05)
( 6.32706596e-06, 6.39967370e-05)
( 6.47462664e-06, 6.52937512e-05)
( 6.60799999e-06, 6.64628514e-05)
( 6.72689632e-06, 6.75017478e-05)
( 6.83105420e-06, 6.84084069e-05)
( 6.92024098e-06, 6.91810559e-05)
( 6.99425336e-06, 6.98181861e-05)
( 7.05291790e-06, 7.03185557e-05)
( 7.09609139e-06, 7.06811925e-05)
( 7.12366128e-06, 7.09053959e-05)
( 7.13554593e-06, 7.09907379e-05)
( 7.13169488e-06, 7.09370645e-05)
( 7.11208906e-06, 7.07444953e-05)
( 7.07674087e-06, 7.04134242e-05)
( 7.02569426e-06, 6.99445179e-05)
( 6.95902474e-06, 6.93387148e-05)
( 6.87683930e-06, 6.85972234e-05)
( 6.77927627e-06, 6.77215197e-05)
( 6.66650517e-06, 6.67133443e-05)
( 6.53872641e-06, 6.55746993e-05)
( 6.39617099e-06, 6.43078440e-05)
( 6.23910014e-06, 6.29152906e-05)
( 6.06780485e-06, 6.13997993e-05)
( 5.88260538e-06, 5.97643730e-05)
( 5.68385069e-06, 5.80122510e-05)
( 5.47191784e-06, 5.61469034e-05)
( 5.24721128e-06, 5.41720232e-05)
( 5.01016213e-06, 5.20915200e-05)
( 4.76122737e-06, 4.99095119e-05)
( 4.50088901e-06, 4.76303174e-05)
( 4.22965318e-06, 4.52584470e-05)
( 3.94804917e-06, 4.27985942e-05)
( 3.65662844e-06, 4.02556263e-05)
( 3.35596356e-06, 3.76345750e-05)
( 3.04664711e-06, 3.49406264e-05)
( 2.72929054e-06, 3.21791104e-05)
( 2.40452302e-06, 2.93554910e-05)
( 2.07299015e-06, 2.64753548e-05)
( 1.73535278e-06, 2.35444002e-05)
( 1.39228567e-06, 2.05684266e-05)
( 1.04447616e-06, 1.75533222e-05)
( 6.92622847e-07, 1.45050532e-05)
( 3.37434193e-07, 1.14296514e-05)
(-2.03728942e-08, 8.33320250e-06)
(-3.80074470e-07, 5.22183440e-06)
(-7.40940998e-07, 2.10170470e-06)
(-1.10223882e-06,-1.02101123e-06)
(-1.46323161e-06,-4.14013252e-06)
(-1.82318187e-06,-7.24948495e-06)
(-2.18135242e-06,-1.03429131e-05)
(-2.53700786e-06,-1.34142927e-05)
(-2.88941610e-06,-1.64575424e-05)
(-3.23784980e-06,-1.94666362e-05)
(-3.58158790e-06,-2.24356147e-05)
(-3.91991706e-06,-2.53585977e-05)
(-4.25213313e-06,-2.82297953e-05)
(-4.57754259e-06,-3.10435193e-05)
(-4.89546399e-06,-3.37941948e-05)
(-5.20522933e-06,-3.64763708e-05)
(-5.50618546e-06,-3.90847315e-05)
(-5.79769543e-06,-4.16141062e-05)
(-6.07913982e-06,-4.40594800e-05)
(-6.34991801e-06,-4.64160037e-05)
(-6.60944945e-06,-4.86790031e-05)
(-6.85717487e-06,-5.08439885e-05)
(-7.09255746e-06,-5.29066634e-05)
(-7.31508401e-06,-5.48629335e-05)
(-7.52426598e-06,-5.67089140e-05)
(-7.71964053e-06,-5.84409381e-05)
(-7.90077153e-06,-6.00555639e-05)
(-8.06725049e-06,-6.15495811e-05)
(-8.21869744e-06,-6.29200177e-05)
(-8.35476172e-06,-6.41641456e-05)
(-8.47512280e-06,-6.52794865e-05)
(-8.57949092e-06,-6.62638162e-05)
(-8.66760778e-06,-6.71151693e-05)
(-8.73924713e-06,-6.78318435e-05)
(-8.79421521e-06,-6.84124024e-05)
(-8.83235127e-06,-6.88556786e-05)
(-8.85352792e-06,-6.91607764e-05)
(-8.85765144e-06,-6.93270729e-05)
(-8.84466206e-06,-6.93542198e-05)
(-8.81453407e-06,-6.92421442e-05)
(-8.76727598e-06,-6.89910482e-05)
(-8.70293054e-06,-6.86014093e-05)
(-8.62157470e-06,-6.80739787e-05)
(-8.52331951e-06,-6.74097804e-05)
(-8.40830994e-06,-6.66101093e-05)
(-8.27672465e-06,-6.56765280e-05)
(-8.12877563e-06,-6.46108645e-05)
(-7.96470790e-06,-6.34152082e-05)
(-7.78479898e-06,-6.20919058e-05)
(-7.58935841e-06,-6.06435570e-05)
(-7.37872715e-06,-5.90730090e-05)
(-7.15327696e-06,-5.73833511e-05)
(-6.91340963e-06,-5.55779087e-05)
(-6.65955627e-06,-5.36602366e-05)
(-6.39217644e-06,-5.16341119e-05)
(-6.11175723e-06,-4.95035269e-05)
(-5.81881237e-06,-4.72726811e-05)
(-5.51388115e-06,-4.49459725e-05)
(-5.19752744e-06,-4.25279895e-05)
(-4.87033848e-06,-4.00235018e-05)
(-4.53292381e-06,-3.74374503e-05)
(-4.18591402e-06,-3.47749383e-05)
(-3.82995947e-06,-3.20412207e-05)
(-3.46572906e-06,-2.92416940e-05)
(-3.09390885e-06,-2.63818854e-05)
(-2.71520072e-06,-2.34674423e-05)
(-2.33032096e-06,-2.05041204e-05)
(-1.93999880e-06,-1.74977730e-05)
(-1.54497504e-06,-1.44543392e-05)
(-1.14600049e-06,-1.13798321e-05)
(-7.43834480e-07,-8.28032699e-06)
(-3.39243365e-07,-5.16194914e-06)
( 6.70010277e-08,-2.03086199e-06)
( 4.74122952e-07, 1.10674523e-06)
( 8.81344293e-07, 4.24466975e-06)
( 1.28788613e-06, 7.37670744e-06)
( 1.69297032e-06, 1.04966652e-05)
( 2.09582101e-06, 1.35983730e-05)
( 2.49566626e-06, 1.66756966e-05)
( 2.89173955e-06, 1.97225489e-05)
( 3.28328135e-06, 2.27329027e-05)
( 3.66954062e-06, 2.57008024e-05)
( 4.04977634e-06, 2.86203755e-05)
( 4.42325898e-06, 3.14858446e-05)
( 4.78927201e-06, 3.42915389e-05)
( 5.14711327e-06, 3.70319049e-05)
( 5.49609645e-06, 3.97015180e-05)
( 5.83555244e-06, 4.22950929e-05)
( 6.16483065e-06, 4.48074940e-05)
( 6.48330038e-06, 4.72337458e-05)
( 6.79035200e-06, 4.95690428e-05)
( 7.08539827e-06, 5.18087588e-05)
( 7.36787545e-06, 5.39484559e-05)
( 7.63724444e-06, 5.59838938e-05)
( 7.89299190e-06, 5.79110378e-05)
( 8.13463123e-06, 5.97260669e-05)
( 8.36170357e-06, 6.14253814e-05)
( 8.57377874e-06, 6.30056099e-05)
( 8.77045604e-06, 6.44636162e-05)
( 8.95136512e-06, 6.57965053e-05)
( 9.11616667e-06, 6.70016290e-05)
( 9.26455313e-06, 6.80765917e-05)
( 9.39624929e-06, 6.90192544e-05)
( 9.51101282e-06, 6.98277396e-05)
( 9.60863480e-06, 7.05004345e-05)
( 9.68894010e-06, 7.10359944e-05)
( 9.75178772e-06, 7.14333455e-05)
( 9.79707112e-06, 7.16916867e-05)
( 9.82471835e-06, 7.18104914e-05)
( 9.83469229e-06, 7.17895084e-05)
( 9.82699062e-06, 7.16287625e-05)
( 9.80164592e-06, 7.13285543e-05)
( 9.75872552e-06, 7.08894599e-05)
( 9.69833141e-06, 7.03123292e-05)
( 9.62060003e-06, 6.95982848e-05)
( 9.52570199e-06, 6.87487193e-05)
( 9.41384173e-06, 6.77652926e-05)
( 9.28525710e-06, 6.66499291e-05)
( 9.14021891e-06, 6.54048131e-05)
( 8.97903037e-06, 6.40323849e-05)
( 8.80202649e-06, 6.25353359e-05)
( 8.60957344e-06, 6.09166034e-05)
( 8.40206779e-06, 5.91793643e-05)
( 8.17993571e-06, 5.73270292e-05)
( 7.94363219e-06, 5.53632356e-05)
( 7.69364008e-06, 5.32918406e-05)
( 7.43046913e-06, 5.11169130e-05)
( 7.15465505e-06, 4.88427257e-05)
( 6.86675836e-06, 4.64737468e-05)
( 6.56736336e-06, 4.40146312e-05)
( 6.25707693e-06, 4.14702107e-05)
( 5.93652735e-06, 3.88454852e-05)
( 5.60636305e-06, 3.61456120e-05)
( 5.26725135e-06, 3.33758964e-05)
( 4.91987714e-06, 3.05417803e-05)
( 4.56494152e-06, 2.76488323e-05)
( 4.20316044e-06, 2.47027359e-05)
( 3.83526327e-06, 2.17092787e-05)
( 3.46199139e-06, 1.86743409e-05)
( 3.08409672e-06, 1.56038834e-05)
( 2.70234026e-06, 1.25039363e-05)
( 2.31749057e-06, 9.38058674e-06)
( 1.93032228e-06, 6.23996699e-06)
( 1.54161459e-06, 3.08824222e-06)
( 1.15214970e-06,-6.84016178e-08)
( 7.62711302e-07,-3.22377010e-06)
( 3.74083072e-07,-6.37167252e-06)
(-1.29529239e-08,-9.50593419e-06)
(-3.97617706e-07,-1.26204086e-05)
(-7.79136936e-07,-1.57089895e-05)
(-1.15674242e-06,-1.87656233e-05)
(-1.52967363e-06,-2.17843204e-05)
(-1.89717914e-06,-2.47591678e-05)
(-2.25851816e-06,-2.76843400e-05)
(-2.61296197e-06,-3.05541111e-05)
(-2.95979531e-06,-3.33628659e-05)
(-3.29831781e-06,-3.61051108e-05)
(-3.62784536e-06,-3.87754848e-05)
(-3.94771146e-06,-4.13687701e-05)
(-4.25726849e-06,-4.38799023e-05)
(-4.55588902e-06,-4.63039804e-05)
(-4.84296704e-06,-4.86362766e-05)
(-5.11791911e-06,-5.08722453e-05)
(-5.38018556e-06,-5.30075321e-05)
(-5.62923156e-06,-5.50379828e-05)
(-5.86454821e-06,-5.69596508e-05)
(-6.08565348e-06,-5.87688057e-05)
(-6.29209325e-06,-6.04619398e-05)
(-6.48344216e-06,-6.20357757e-05)
(-6.65930448e-06,-6.34872721e-05)
(-6.81931488e-06,-6.48136303e-05)
(-6.96313919e-06,-6.60122991e-05)
(-7.09047507e-06,-6.70809805e-05)
(-7.20105262e-06,-6.80176333e-05)
(-7.29463495e-06,-6.88204777e-05)
(-7.37101864e-06,-6.94879988e-05)
(-7.43003422e-06,-7.00189489e-05)
(-7.47154649e-06,-7.04123505e-05)
(-7.49545484e-06,-7.06674980e-05)
(-7.50169350e-06,-7.07839588e-05)
(-7.49023169e-06,-7.07615743e-05)
(-7.46107372e-06,-7.06004601e-05)
(-7.41425906e-06,-7.03010056e-05)
(-7.34986228e-06,-6.98638734e-05)
(-7.26799296e-06,-6.92899976e-05)
(-7.16879555e-06,-6.85805821e-05)
(-7.05244913e-06,-6.77370979e-05)
(-6.91916710e-06,-6.67612806e-05)
(-6.76919687e-06,-6.56551263e-05)
(-6.60281939e-06,-6.44208880e-05)
(-6.42034869e-06,-6.30610710e-05)
(-6.22213133e-06,-6.15784277e-05)
(-6.00854577e-06,-5.99759523e-05)
(-5.78000175e-06,-5.82568748e-05)
(-5.53693949e-06,-5.64246545e-05)
(-5.27982895e-06,-5.44829728e-05)
(-5.00916898e-06,-5.24357266e-05)
(-4.72548639e-06,-5.02870200e-05)
(-4.42933501e-06,-4.80411559e-05)
(-4.12129470e-06,-4.57026284e-05)
(-3.80197025e-06,-4.32761127e-05)
(-3.47199031e-06,-4.07664568e-05)
(-3.13200623e-06,-3.81786713e-05)
(-2.78269081e-06,-3.55179197e-05)
(-2.42473714e-06,-3.27895079e-05)
(-2.05885724e-06,-2.99988742e-05)
(-1.68578079e-06,-2.71515779e-05)
(-1.30625376e-06,-2.42532889e-05)
(-9.21036979e-07,-2.13097760e-05)
(-5.30904781e-07,-1.83268956e-05)
(-1.36643494e-07,-1.53105804e-05)
( 2.60949995e-07,-1.22668274e-05)
( 6.61069779e-07,-9.20168587e-06)
( 1.06290242e-06,-6.12124590e-06)
( 1.46562849e-06,-3.03162597e-06)
( 1.86842417e-06, 6.10389818e-08)
( 2.27046276e-06, 3.15060971e-06)
( 2.67091628e-06, 6.23095477e-06)
( 3.06895706e-06, 9.29596260e-06)
( 3.46375933e-06, 1.23395536e-05)
( 3.85450078e-06, 1.53556921e-05)
( 4.24036419e-06, 1.83383983e-05)
( 4.62053897e-06, 2.12817600e-05)
( 4.99422277e-06, 2.41799444e-05)
( 5.36062302e-06, 2.70272091e-05)
( 5.71895848e-06, 2.98179143e-05)
( 6.06846079e-06, 3.25465331e-05)
( 6.40837598e-06, 3.52076626e-05)
( 6.73796595e-06, 3.77960347e-05)
( 7.05650995e-06, 4.03065265e-05)
( 7.36330602e-06, 4.27341699e-05)
( 7.65767239e-06, 4.50741621e-05)
( 7.93894886e-06, 4.73218744e-05)
( 8.20649814e-06, 4.94728616e-05)
( 8.45970716e-06, 5.15228707e-05)
( 8.69798832e-06, 5.34678492e-05)
( 8.92078072e-06, 5.53039532e-05)
( 9.12755130e-06, 5.70275548e-05)
( 9.31779600e-06, 5.86352491e-05)
( 9.49104083e-06, 6.01238613e-05)
( 9.64684285e-06, 6.14904525e-05)
( 9.78479118e-06, 6.27323255e-05)
( 9.90450788e-06, 6.38470306e-05)
( 1.00056488e-05, 6.48323695e-05)
( 1.00879044e-05, 6.56864006e-05)
( 1.01510005e-05, 6.64074418e-05)
( 1.01946987e-05, 6.69940747e-05)
( 1.02187974e-05, 6.74451467e-05)
( 1.02231319e-05, 6.77597736e-05)
( 1.02075753e-05, 6.79373411e-05)
( 1.01720383e-05, 6.79775061e-05)
( 1.01164702e-05, 6.78801974e-05)
( 1.00408587e-05, 6.76456156e-05)
( 9.94523011e-06, 6.72742331e-05)
( 9.82964961e-06, 6.67667927e-05)
( 9.69422119e-06, 6.61243061e-05)
( 9.53908762e-06, 6.53480525e-05)
( 9.36443035e-06, 6.44395752e-05)
( 9.17046927e-06, 6.34006794e-05)
( 8.95746248e-06, 6.22334280e-05)
( 8.72570594e-06, 6.09401376e-05)
( 8.47553304e-06, 5.95233744e-05)
( 8.20731415e-06, 5.79859485e-05)
( 7.92145600e-06, 5.63309089e-05)
( 7.61840108e-06, 5.45615371e-05)
( 7.29862694e-06, 5.26813409e-05)
( 6.96264539e-06, 5.06940472e-05)
( 6.61100166e-06, 4.86035951e-05)
( 6.24427351e-06, 4.64141275e-05)
( 5.86307020e-06, 4.41299838e-05)
( 5.46803149e-06, 4.17556905e-05)
( 5.05982650e-06, 3.92959528e-05)
( 4.63915256e-06, 3.67556453e-05)
( 4.20673395e-06, 3.41398022e-05)
( 3.76332066e-06, 3.14536076e-05)
( 3.30968697e-06, 2.87023852e-05)
( 2.84663014e-06, 2.58915879e-05)
( 2.37496889e-06, 2.30267868e-05)
( 1.89554193e-06, 2.01136609e-05)
( 1.40920644e-06, 1.71579852e-05)
( 9.16836442e-07, 1.41656195e-05)
( 4.19321200e-07, 1.11424975e-05)
(-8.24364340e-08, 8.09461423e-06)
(-5.87521738e-07, 5.02801486e-06)
(-1.09500983e-06, 1.94878261e-06)
(-1.60396743e-06,-1.13697317e-06)
(-2.11345464e-06,-4.22312908e-06)
(-2.62252671e-06,-7.30355961e-06)
(-3.13023593e-06,-1.03721493e-05)
(-3.63563337e-06,-1.34228047e-05)
(-4.13777077e-06,-1.64494663e-05)
(-4.63570240e-06,-1.94461206e-05)
(-5.12848687e-06,-2.24068119e-05)
(-5.61518899e-06,-2.53256538e-05)
(-6.09488164e-06,-2.81968413e-05)
(-6.56664759e-06,-3.10146616e-05)
(-7.02958133e-06,-3.37735057e-05)
(-7.48279085e-06,-3.64678794e-05)
(-7.92539948e-06,-3.90924143e-05)
(-8.35654765e-06,-4.16418779e-05)
(-8.77539457e-06,-4.41111842e-05)
(-9.18112005e-06,-4.64954040e-05)
(-9.57292608e-06,-4.87897741e-05)
(-9.95003852e-06,-5.09897069e-05)
(-1.03117087e-05,-5.30907997e-05)
(-1.06572149e-05,-5.50888429e-05)
(-1.09858641e-05,-5.69798287e-05)
(-1.12969931e-05,-5.87599590e-05)
(-1.15899702e-05,-6.04256525e-05)
(-1.18641963e-05,-6.19735524e-05)
(-1.21191065e-05,-6.34005326e-05)
(-1.23541710e-05,-6.47037040e-05)
(-1.25688966e-05,-6.58804203e-05)
(-1.27628274e-05,-6.69282831e-05)
(-1.29355461e-05,-6.78451468e-05)
(-1.30866750e-05,-6.86291230e-05)
(-1.32158765e-05,-6.92785840e-05)
(-1.33228544e-05,-6.97921661e-05)
(-1.34073543e-05,-7.01687725e-05)
(-1.34691640e-05,-7.04075753e-05)
(-1.35081148e-05,-7.05080177e-05)
(-1.35240811e-05,-7.04698143e-05)
(-1.35169815e-05,-7.02929525e-05)
(-1.34867785e-05,-6.99776923e-05)
(-1.34334792e-05,-6.95245658e-05)
(-1.33571351e-05,-6.89343762e-05)
(-1.32578423e-05,-6.82081966e-05)
(-1.31357413e-05,-6.73473674e-05)
(-1.29910168e-05,-6.63534945e-05)
(-1.28238978e-05,-6.52284455e-05)
(-1.26346569e-05,-6.39743464e-05)
(-1.24236101e-05,-6.25935776e-05)
(-1.21911161e-05,-6.10887692e-05)
(-1.19375758e-05,-5.94627956e-05)
(-1.16634317e-05,-5.77187706e-05)
(-1.13691669e-05,-5.58600406e-05)
(-1.10553046e-05,-5.38901785e-05)
(-1.07224068e-05,-5.18129769e-05)
(-1.03710733e-05,-4.96324401e-05)
(-1.00019409e-05,-4.73527771e-05)
(-9.61568199e-06,-4.49783926e-05)
(-9.21300321e-06,-4.25138789e-05)
(-8.79464431e-06,-3.99640068e-05)
(-8.36137667e-06,-3.73337164e-05)
(-7.91400179e-06,-3.46281070e-05)
(-7.45334980e-06,-3.18524277e-05)
(-6.98027784e-06,-2.90120667e-05)
(-6.49566841e-06,-2.61125410e-05)
(-6.00042764e-06,-2.31594855e-05)
(-5.49548350e-06,-2.01586420e-05)
(-4.98178405e-06,-1.71158478e-05)
(-4.46029550e-06,-1.40370246e-05)
(-3.93200034e-06,-1.09281664e-05)
(-3.39789541e-06,-7.79532821e-06)
(-2.85898987e-06,-4.64461389e-06)
(-2.31630325e-06,-1.48216426e-06)
(-1.77086337e-06, 1.68585499e-06)
(-1.22370432e-06, 4.85326536e-06)
(-6.75864357e-07, 8.01388772e-06)
(-1.28383837e-07, 1.11615545e-05)
( 4.17696889e-07, 1.42901215e-05)
( 9.61339578e-07, 1.73934806e-05)
( 1.50151018e-06, 2.04655712e-05)
( 2.03718094e-06, 2.35003922e-05)
( 2.56733250e-06, 2.64920143e-05)
( 3.09095596e-06, 2.94345909e-05)
( 3.60705492e-06, 3.23223703e-05)
( 4.11464753e-06, 3.51497067e-05)
( 4.61276849e-06, 3.79110715e-05)
( 5.10047106e-06, 4.06010637e-05)
( 5.57682892e-06, 4.32144214e-05)
( 6.04093818e-06, 4.57460313e-05)
( 6.49191914e-06, 4.81909395e-05)
( 6.92891817e-06, 5.05443607e-05)
( 7.35110945e-06, 5.28016880e-05)
( 7.75769667e-06, 5.49585018e-05)
( 8.14791467e-06, 5.70105789e-05)
( 8.52103107e-06, 5.89539003e-05)
( 8.87634772e-06, 6.07846595e-05)
( 9.21320223e-06, 6.24992698e-05)
( 9.53096930e-06, 6.40943718e-05)
( 9.82906200e-06, 6.55668395e-05)
( 1.01069331e-05, 6.69137869e-05)
( 1.03640761e-05, 6.81325736e-05)
( 1.06000263e-05, 6.92208099e-05)
( 1.08143619e-05, 7.01763618e-05)
( 1.10067048e-05, 7.09973549e-05)
( 1.11767213e-05, 7.16821785e-05)
( 1.13241231e-05, 7.22294884e-05)
( 1.14486676e-05, 7.26382101e-05)
( 1.15501584e-05, 7.29075403e-05)
( 1.16284463e-05, 7.30369491e-05)
( 1.16834288e-05, 7.30261807e-05)
( 1.17150510e-05, 7.28752542e-05)
( 1.17233052e-05, 7.25844633e-05)
( 1.17082314e-05, 7.21543758e-05)
( 1.16699170e-05, 7.15858329e-05)
( 1.16084967e-05, 7.08799471e-05)
( 1.15241521e-05, 7.00381000e-05)
( 1.14171116e-05, 6.90619401e-05)
( 1.12876496e-05, 6.79533790e-05)
( 1.11360863e-05, 6.67145881e-05)
( 1.09627869e-05, 6.53479938e-05)
( 1.07681608e-05, 6.38562735e-05)
( 1.05526609e-05, 6.22423494e-05)
( 1.03167823e-05, 6.05093835e-05)
( 1.00610620e-05, 5.86607711e-05)
( 9.78607719e-06, 5.67001339e-05)
( 9.49244418e-06, 5.46313132e-05)
( 9.18081733e-06, 5.24583621e-05)
( 8.85188756e-06, 5.01855376e-05)
( 8.50638095e-06, 4.78172922e-05)
( 8.14505726e-06, 4.53582650e-05)
( 7.76870836e-06, 4.28132726e-05)
( 7.37815660e-06, 4.01872997e-05)
( 6.97425310e-06, 3.74854892e-05)
( 6.55787601e-06, 3.47131317e-05)
( 6.12992871e-06, 3.18756556e-05)
( 5.69133790e-06, 2.89786160e-05)
( 5.24305175e-06, 2.60276840e-05)
( 4.78603787e-06, 2.30286350e-05)
( 4.32128139e-06, 1.99873379e-05)
( 3.84978285e-06, 1.69097429e-05)
( 3.37255620e-06, 1.38018704e-05)
( 2.89062663e-06, 1.06697985e-05)
( 2.40502854e-06, 7.51965118e-06)
( 1.91680334e-06, 4.35758631e-06)
( 1.42699731e-06, 1.18978336e-06)
( 9.36659430e-07,-1.97756878e-06)
( 4.46839258e-07,-5.13828405e-06)
(-4.14152946e-08,-8.28619146e-06)
(-5.27060101e-07,-1.14151473e-05)
(-1.00905698e-06,-1.45190471e-05)
(-1.48637584e-06,-1.75918382e-05)
(-1.95799681e-06,-2.06275311e-05)
(-2.42291236e-06,-2.36202115e-05)
(-2.88012935e-06,-2.65640523e-05)
(-3.32867112e-06,-2.94533248e-05)
(-3.76757948e-06,-3.22824100e-05)
(-4.19591670e-06,-3.50458097e-05)
(-4.61276744e-06,-3.77381576e-05)
(-5.01724068e-06,-4.03542297e-05)
(-5.40847149e-06,-4.28889546e-05)
(-5.78562289e-06,-4.53374234e-05)
(-6.14788754e-06,-4.76948996e-05)
(-6.49448942e-06,-4.99568284e-05)
(-6.82468542e-06,-5.21188455e-05)
(-7.13776693e-06,-5.41767859e-05)
(-7.43306122e-06,-5.61266918e-05)
(-7.70993293e-06,-5.79648207e-05)
(-7.96778531e-06,-5.96876526e-05)
(-8.20606151e-06,-6.12918970e-05)
(-8.42424572e-06,-6.27744989e-05)
(-8.62186422e-06,-6.41326455e-05)
(-8.79848641e-06,-6.53637712e-05)
(-8.95372568e-06,-6.64655626e-05)
(-9.08724025e-06,-6.74359633e-05)
(-9.19873385e-06,-6.82731777e-05)
(-9.28795638e-06,-6.89756741e-05)
(-9.35470442e-06,-6.95421885e-05)
(-9.39882172e-06,-6.99717262e-05)
(-9.42019947e-06,-7.02635640e-05)
(-9.41877660e-06,-7.04172514e-05)
(-9.39453993e-06,-7.04326117e-05)
(-9.34752420e-06,-7.03097417e-05)
(-9.27781205e-06,-7.00490120e-05)
(-9.18553387e-06,-6.96510657e-05)
(-9.07086759e-06,-6.91168169e-05)
(-8.93403831e-06,-6.84474494e-05)
(-8.77531791e-06,-6.76444136e-05)
(-8.59502454e-06,-6.67094238e-05)
(-8.39352196e-06,-6.56444544e-05)
(-8.17121891e-06,-6.44517364e-05)
(-7.92856823e-06,-6.31337521e-05)
(-7.66606608e-06,-6.16932308e-05)
(-7.38425088e-06,-6.01331426e-05)
(-7.08370234e-06,-5.84566928e-05)
(-6.76504024e-06,-5.66673154e-05)
(-6.42892330e-06,-5.47686659e-05)
(-6.07604784e-06,-5.27646140e-05)
(-5.70714642e-06,-5.06592361e-05)
(-5.32298642e-06,-4.84568066e-05)
(-4.92436849e-06,-4.61617896e-05)
(-4.51212502e-06,-4.37788300e-05)
(-4.08711847e-06,-4.13127440e-05)
(-3.65023970e-06,-3.87685093e-05)
(-3.20240617e-06,-3.61512555e-05)
(-2.74456019e-06,-3.34662534e-05)
(-2.27766698e-06,-3.07189048e-05)
(-1.80271286e-06,-2.79147314e-05)
(-1.32070321e-06,-2.50593638e-05)
(-8.32660551e-07,-2.21585305e-05)
(-3.39622474e-07,-1.92180461e-05)
( 1.57360377e-07,-1.62437998e-05)
( 6.57226418e-07,-1.32417437e-05)
( 1.15890520e-06,-1.02178809e-05)
( 1.66131957e-06,-7.17825346e-06)
( 2.16338776e-06,-4.12893045e-06)
( 2.66402558e-06,-1.07599574e-06)
( 3.16214857e-06, 1.97446404e-06)
( 3.65667412e-06, 5.01637162e-06)
( 4.14652371e-06, 8.04367122e-06)
( 4.63062496e-06, 1.10503406e-05)
( 5.10791385e-06, 1.40304029e-05)
( 5.57733684e-06, 1.69779387e-05)
( 6.03785296e-06, 1.98870978e-05)
( 6.48843591e-06, 2.27521104e-05)
( 6.92807615e-06, 2.55672991e-05)
( 7.35578289e-06, 2.83270898e-05)
( 7.77058615e-06, 3.10260230e-05)
( 8.17153869e-06, 3.36587642e-05)
( 8.55771795e-06, 3.62201148e-05)
( 8.92822793e-06, 3.87050223e-05)
( 9.28220103e-06, 4.11085902e-05)
( 9.61879984e-06, 4.34260876e-05)
( 9.93721884e-06, 4.56529588e-05)
( 1.02366861e-05, 4.77848318e-05)
( 1.05164649e-05, 4.98175275e-05)
( 1.07758553e-05, 5.17470673e-05)
( 1.10141955e-05, 5.35696812e-05)
( 1.12308632e-05, 5.52818154e-05)
( 1.14252775e-05, 5.68801389e-05)
( 1.15968994e-05, 5.83615498e-05)
( 1.17452332e-05, 5.97231822e-05)
( 1.18698281e-05, 6.09624107e-05)
( 1.19702786e-05, 6.20768564e-05)
( 1.20462257e-05, 6.30643908e-05)
( 1.20973578e-05, 6.39231404e-05)
( 1.21234115e-05, 6.46514898e-05)
( 1.21241719e-05, 6.52480853e-05)
( 1.20994738e-05, 6.57118371e-05)
( 1.20492017e-05, 6.60419212e-05)
( 1.19732903e-05, 6.62377814e-05)
( 1.18717251e-05, 6.62991296e-05)
( 1.17445422e-05, 6.62259467e-05)
( 1.15918287e-05, 6.60184823e-05)
( 1.14137226e-05, 6.56772542e-05)
( 1.12104128e-05, 6.52030469e-05)
( 1.09821390e-05, 6.45969103e-05)
( 1.07291911e-05, 6.38601570e-05)
( 1.04519093e-05, 6.29943600e-05)
( 1.01506833e-05, 6.20013491e-05)
( 9.82595185e-06, 6.08832074e-05)
( 9.47820224e-06, 5.96422667e-05)
( 9.10796939e-06, 5.82811029e-05)
( 8.71583508e-06, 5.68025308e-05)
( 8.30242705e-06, 5.52095983e-05)
( 7.86841799e-06, 5.35055801e-05)
( 7.41452440e-06, 5.16939714e-05)
( 6.94150545e-06, 4.97784805e-05)
( 6.45016173e-06, 4.77630213e-05)
( 5.94133383e-06, 4.56517059e-05)
( 5.41590097e-06, 4.34488356e-05)
( 4.87477948e-06, 4.11588929e-05)
( 4.31892121e-06, 3.87865322e-05)
( 3.74931187e-06, 3.63365703e-05)
( 3.16696932e-06, 3.38139772e-05)
( 2.57294174e-06, 3.12238658e-05)
( 1.96830583e-06, 2.85714816e-05)
( 1.35416486e-06, 2.58621926e-05)
( 7.31646663e-07, 2.31014782e-05)
( 1.01901663e-07, 2.02949186e-05)
(-5.33899249e-07, 1.74481833e-05)
(-1.17456683e-06, 1.45670201e-05)
(-1.81889566e-06, 1.16572435e-05)
(-2.46566637e-06, 8.72472306e-06)
(-3.11364786e-06, 5.77537195e-06)
(-3.76159962e-06, 2.81513499e-06)
(-4.40827403e-06,-1.50023092e-07)
(-5.05241867e-06,-3.11412955e-06)
(-5.69277870e-06,-6.07121543e-06)
(-6.32809926e-06,-9.01532748e-06)
(-6.95712777e-06,-1.19405399e-05)
(-7.57861642e-06,-1.48409662e-05)
(-8.19132448e-06,-1.77107707e-05)
(-8.79402077e-06,-2.05441802e-05)
(-9.38548596e-06,-2.33354955e-05)
(-9.96451504e-06,-2.60791026e-05)
(-1.05299196e-05,-2.87694836e-05)
(-1.10805302e-05,-3.14012282e-05)
(-1.16151988e-05,-3.39690436e-05)
(-1.21328007e-05,-3.64677657e-05)
(-1.26322374e-05,-3.88923690e-05)
(-1.31124383e-05,-4.12379763e-05)
(-1.35723629e-05,-4.34998688e-05)
(-1.40110033e-05,-4.56734952e-05)
(-1.44273860e-05,-4.77544804e-05)
(-1.48205742e-05,-4.97386348e-05)
(-1.51896692e-05,-5.16219618e-05)
(-1.55338131e-05,-5.34006664e-05)
(-1.58521900e-05,-5.50711622e-05)
(-1.61440281e-05,-5.66300785e-05)
(-1.64086014e-05,-5.80742674e-05)
(-1.66452312e-05,-5.94008093e-05)
(-1.68532879e-05,-6.06070192e-05)
(-1.70321919e-05,-6.16904520e-05)
(-1.71814157e-05,-6.26489067e-05)
(-1.73004847e-05,-6.34804316e-05)
(-1.73889787e-05,-6.41833275e-05)
(-1.74465326e-05,-6.47561513e-05)
(-1.74728378e-05,-6.51977188e-05)
(-1.74676430e-05,-6.55071070e-05)
(-1.74307548e-05,-6.56836561e-05)
(-1.73620385e-05,-6.57269705e-05)
(-1.72614189e-05,-6.56369198e-05)
(-1.71288804e-05,-6.54136390e-05)
(-1.69644677e-05,-6.50575283e-05)
(-1.67682858e-05,-6.45692523e-05)
(-1.65405001e-05,-6.39497383e-05)
(-1.62813369e-05,-6.32001753e-05)
(-1.59910825e-05,-6.23220110e-05)
(-1.56700839e-05,-6.13169492e-05)
(-1.53187477e-05,-6.01869464e-05)
(-1.49375401e-05,-5.89342081e-05)
(-1.45269861e-05,-5.75611842e-05)
(-1.40876691e-05,-5.60705644e-05)
(-1.36202298e-05,-5.44652732e-05)
(-1.31253655e-05,-5.27484634e-05)
(-1.26038290e-05,-5.09235106e-05)
(-1.20564276e-05,-4.89940064e-05)
(-1.14840215e-05,-4.69637512e-05)
(-1.08875228e-05,-4.48367469e-05)
(-1.02678940e-05,-4.26171890e-05)
(-9.62614620e-06,-4.03094584e-05)
(-8.96333776e-06,-3.79181126e-05)
(-8.28057223e-06,-3.54478771e-05)
(-7.57899664e-06,-3.29036360e-05)
(-6.85979952e-06,-3.02904223e-05)
(-6.12420883e-06,-2.76134079e-05)
(-5.37348980e-06,-2.48778941e-05)
(-4.60894276e-06,-2.20893004e-05)
(-3.83190076e-06,-1.92531542e-05)
(-3.04372726e-06,-1.63750801e-05)
(-2.24581363e-06,-1.34607886e-05)
(-1.43957663e-06,-1.05160651e-05)
(-6.26455845e-07,-7.54675818e-06)
( 1.92088969e-07,-4.55876856e-06)
( 1.01458060e-06,-1.55803719e-06)
( 1.83952711e-06, 1.44946632e-06)
( 2.66542461e-06, 4.45775547e-06)
( 3.49076013e-06, 7.46083863e-06)
( 4.31401445e-06, 1.04527308e-05)
( 5.13366499e-06, 1.34274656e-05)
( 5.94818873e-06, 1.63791066e-05)
( 6.75606515e-06, 1.93017594e-05)
( 7.55577914e-06, 2.21895832e-05)
( 8.34582397e-06, 2.50368021e-05)
( 9.12470419e-06, 2.78377166e-05)
( 9.89093862e-06, 3.05867151e-05)
( 1.06430632e-05, 3.32782845e-05)
( 1.13796340e-05, 3.59070216e-05)
( 1.20992300e-05, 3.84676434e-05)
( 1.28004560e-05, 4.09549976e-05)
( 1.34819452e-05, 4.33640732e-05)
( 1.41423625e-05, 4.56900100e-05)
( 1.47804066e-05, 4.79281084e-05)
( 1.53948131e-05, 5.00738386e-05)
( 1.59843569e-05, 5.21228500e-05)
( 1.65478548e-05, 5.40709794e-05)
( 1.70841679e-05, 5.59142595e-05)
( 1.75922042e-05, 5.76489270e-05)
( 1.80709205e-05, 5.92714297e-05)
( 1.85193252e-05, 6.07784340e-05)
( 1.89364800e-05, 6.21668317e-05)
( 1.93215019e-05, 6.34337455e-05)
( 1.96735655e-05, 6.45765359e-05)
( 1.99919044e-05, 6.55928057e-05)
( 2.02758134e-05, 6.64804051e-05)
( 2.05246497e-05, 6.72374364e-05)
( 2.07378345e-05, 6.78622576e-05)
( 2.09148544e-05, 6.83534858e-05)
( 2.10552628e-05, 6.87100005e-05)
( 2.11586806e-05, 6.89309453e-05)
( 2.12247977e-05, 6.90157305e-05)
( 2.12533734e-05, 6.89640341e-05)
( 2.12442374e-05, 6.87758025e-05)
( 2.11972903e-05, 6.84512513e-05)
( 2.11125039e-05, 6.79908646e-05)
( 2.09899218e-05, 6.73953943e-05)
( 2.08296593e-05, 6.66658595e-05)
( 2.06319034e-05, 6.58035437e-05)
( 2.03969129e-05, 6.48099932e-05)
( 2.01250180e-05, 6.36870141e-05)
( 1.98166197e-05, 6.24366690e-05)
( 1.94721895e-05, 6.10612729e-05)
( 1.90922688e-05, 5.95633894e-05)
( 1.86774675e-05, 5.79458252e-05)
( 1.82284636e-05, 5.62116254e-05)
( 1.77460017e-05, 5.43640674e-05)
( 1.72308921e-05, 5.24066547e-05)
( 1.66840090e-05, 5.03431104e-05)
( 1.61062892e-05, 4.81773697e-05)
( 1.54987302e-05, 4.59135728e-05)
( 1.48623890e-05, 4.35560566e-05)
( 1.41983793e-05, 4.11093466e-05)
( 1.35078703e-05, 3.85781480e-05)
( 1.27920841e-05, 3.59673369e-05)
( 1.20522934e-05, 3.32819504e-05)
( 1.12898194e-05, 3.05271772e-05)
( 1.05060291e-05, 2.77083478e-05)
( 9.70233287e-06, 2.48309233e-05)
( 8.88018170e-06, 2.19004859e-05)
( 8.04106444e-06, 1.89227271e-05)
( 7.18650503e-06, 1.59034370e-05)
( 6.31805951e-06, 1.28484934e-05)
( 5.43731310e-06, 9.76384956e-06)
( 4.54587709e-06, 6.65552317e-06)
( 3.64538579e-06, 3.52958438e-06)
( 2.73749331e-06, 3.92143932e-07)
( 1.82387038e-06,-2.75065877e-06)
( 9.06201132e-07,-5.89266772e-06)
(-1.38202516e-08,-9.02772237e-06)
(-9.34492790e-07,-1.21496697e-05)
(-1.85411204e-06,-1.52523765e-05)
(-2.77097345e-06,-1.83297410e-05)
(-3.68337569e-06,-2.13757054e-05)
(-4.58962399e-06,-2.43842675e-05)
(-5.48803349e-06,-2.73494926e-05)
(-6.37693254e-06,-3.02655252e-05)
(-7.25466602e-06,-3.31266007e-05)
(-8.11959858e-06,-3.59270567e-05)
(-8.97011788e-06,-3.86613443e-05)
(-9.80463777e-06,-4.13240388e-05)
(-1.06216015e-05,-4.39098509e-05)
(-1.14194845e-05,-4.64136372e-05)
(-1.21967981e-05,-4.88304100e-05)
(-1.29520915e-05,-5.11553476e-05)
(-1.36839555e-05,-5.33838038e-05)
(-1.43910248e-05,-5.55113175e-05)
(-1.50719810e-05,-5.75336210e-05)
(-1.57255548e-05,-5.94466490e-05)
(-1.63505290e-05,-6.12465469e-05)
(-1.69457407e-05,-6.29296782e-05)
(-1.75100835e-05,-6.44926319e-05)
(-1.80425099e-05,-6.59322296e-05)
(-1.85420330e-05,-6.72455319e-05)
(-1.90077291e-05,-6.84298443e-05)
(-1.94387388e-05,-6.94827226e-05)
(-1.98342691e-05,-7.04019780e-05)
(-2.01935949e-05,-7.11856820e-05)
(-2.05160604e-05,-7.18321698e-05)
(-2.08010804e-05,-7.23400441e-05)
(-2.10481412e-05,-7.27081781e-05)
(-2.12568021e-05,-7.29357178e-05)
(-2.14266958e-05,-7.30220840e-05)
(-2.15575292e-05,-7.29669736e-05)
(-2.16490841e-05,-7.27703604e-05)
(-2.17012174e-05,-7.24324957e-05)
(-2.17138613e-05,-7.19539072e-05)
(-2.16870239e-05,-7.13353992e-05)
(-2.16207885e-05,-7.05780504e-05)
(-2.15153136e-05,-6.96832126e-05)
(-2.13708328e-05,-6.86525076e-05)
(-2.11876538e-05,-6.74878249e-05)
(-2.09661583e-05,-6.61913177e-05)
(-2.07068008e-05,-6.47653989e-05)
(-2.04101076e-05,-6.32127367e-05)
(-2.00766761e-05,-6.15362495e-05)
(-1.97071732e-05,-5.97391002e-05)
(-1.93023339e-05,-5.78246903e-05)
(-1.88629601e-05,-5.57966532e-05)
(-1.83899188e-05,-5.36588473e-05)
(-1.78841402e-05,-5.14153485e-05)
(-1.73466158e-05,-4.90704423e-05)
(-1.67783968e-05,-4.66286159e-05)
(-1.61805914e-05,-4.40945485e-05)
(-1.55543630e-05,-4.14731034e-05)
(-1.49009274e-05,-3.87693175e-05)
(-1.42215508e-05,-3.59883924e-05)
(-1.35175472e-05,-3.31356835e-05)
(-1.27902754e-05,-3.02166899e-05)
(-1.20411365e-05,-2.72370435e-05)
(-1.12715713e-05,-2.42024983e-05)
(-1.04830570e-05,-2.11189187e-05)
(-9.67710480e-06,-1.79922682e-05)
(-8.85525628e-06,-1.48285979e-05)
(-8.01908080e-06,-1.16340342e-05)
(-7.17017224e-06,-8.41476717e-06)
(-6.31014585e-06,-5.17703823e-06)
(-5.44063508e-06,-1.92712779e-06)
(-4.56328838e-06, 1.32865697e-06)
(-3.67976594e-06, 4.58399454e-06)
(-2.79173647e-06, 7.83256156e-06)
(-1.90087394e-06, 1.10680452e-05)
(-1.00885431e-06, 1.42841558e-05)
(-1.17352277e-07, 1.74746389e-05)
( 7.71961960e-07, 2.06332878e-05)
( 1.65742593e-06, 2.37539560e-05)
( 2.53738809e-06, 2.68305689e-05)
( 3.41021101e-06, 2.98571360e-05)
( 4.27427446e-06, 3.28277627e-05)
( 5.12797859e-06, 3.57366621e-05)
( 5.96974688e-06, 3.85781660e-05)
( 6.79802918e-06, 4.13467365e-05)
( 7.61130464e-06, 4.40369768e-05)
( 8.40808454e-06, 4.66436417e-05)
( 9.18691510e-06, 4.91616484e-05)
( 9.94638022e-06, 5.15860857e-05)
( 1.06851041e-05, 5.39122248e-05)
( 1.14017536e-05, 5.61355277e-05)
( 1.20950412e-05, 5.82516566e-05)
( 1.27637266e-05, 6.02564824e-05)
( 1.34066198e-05, 6.21460927e-05)
( 1.40225826e-05, 6.39167999e-05)
( 1.46105310e-05, 6.55651480e-05)
( 1.51694369e-05, 6.70879196e-05)
( 1.56983302e-05, 6.84821424e-05)
( 1.61963003e-05, 6.97450949e-05)
( 1.66624977e-05, 7.08743116e-05)
( 1.70961354e-05, 7.18675881e-05)
( 1.74964905e-05, 7.27229855e-05)
( 1.78629051e-05, 7.34388337e-05)
( 1.81947874e-05, 7.40137352e-05)
( 1.84916130e-05, 7.44465677e-05)
( 1.87529251e-05, 7.47364860e-05)
( 1.89783357e-05, 7.48829239e-05)
( 1.91675259e-05, 7.48855951e-05)
( 1.93202465e-05, 7.47444941e-05)
( 1.94363178e-05, 7.44598954e-05)
( 1.95156305e-05, 7.40323538e-05)
( 1.95581450e-05, 7.34627026e-05)
( 1.95638915e-05, 7.27520522e-05)
( 1.95329700e-05, 7.19017876e-05)
( 1.94655496e-05, 7.09135659e-05)
( 1.93618680e-05, 6.97893129e-05)
( 1.92222310e-05, 6.85312189e-05)
( 1.90470116e-05, 6.71417348e-05)
( 1.88366492e-05, 6.56235670e-05)
( 1.85916484e-05, 6.39796717e-05)
( 1.83125781e-05, 6.22132494e-05)
( 1.80000699e-05, 6.03277385e-05)
( 1.76548172e-05, 5.83268080e-05)
( 1.72775732e-05, 5.62143510e-05)
( 1.68691497e-05, 5.39944759e-05)
( 1.64304151e-05, 5.16714993e-05)
( 1.59622930e-05, 4.92499367e-05)
( 1.54657597e-05, 4.67344939e-05)
( 1.49418429e-05, 4.41300573e-05)
( 1.43916189e-05, 4.14416848e-05)
( 1.38162112e-05, 3.86745953e-05)
( 1.32167877e-05, 3.58341585e-05)
( 1.25945585e-05, 3.29258844e-05)
( 1.19507735e-05, 2.99554122e-05)
( 1.12867203e-05, 2.69284993e-05)
( 1.06037212e-05, 2.38510101e-05)
( 9.90313070e-06, 2.07289042e-05)
( 9.18633317e-06, 1.75682246e-05)
( 8.45473991e-06, 1.43750861e-05)
( 7.70978653e-06, 1.11556631e-05)
( 6.95293020e-06, 7.91617740e-06)
( 6.18564682e-06, 4.66288614e-06)
( 5.40942826e-06, 1.40206947e-06)
( 4.62577949e-06,-1.85998181e-06)
( 3.83621577e-06,-5.11697848e-06)
( 3.04225976e-06,-8.36264524e-06)
( 2.24543867e-06,-1.15907330e-05)
( 1.44728138e-06,-1.47950310e-05)
( 6.49315618e-07,-1.79693789e-05)
(-1.46934958e-07,-2.11076790e-05)
(-9.39953521e-07,-2.42039078e-05)
(-1.72823296e-06,-2.72521279e-05)
(-2.51027861e-06,-3.02464992e-05)
(-3.28461109e-06,-3.31812908e-05)
(-4.04976895e-06,-3.60508916e-05)
(-4.80431143e-06,-3.88498211e-05)
(-5.54682107e-06,-4.15727403e-05)
(-6.27590632e-06,-4.42144617e-05)
(-6.99020411e-06,-4.67699596e-05)
(-7.68838228e-06,-4.92343791e-05)
(-8.36914209e-06,-5.16030461e-05)
(-9.03122053e-06,-5.38714757e-05)
(-9.67339263e-06,-5.60353811e-05)
(-1.02944737e-05,-5.80906813e-05)
(-1.08933214e-05,-6.00335094e-05)
(-1.14688380e-05,-6.18602193e-05)
(-1.20199721e-05,-6.35673930e-05)
(-1.25457208e-05,-6.51518466e-05)
(-1.30451313e-05,-6.66106366e-05)
(-1.35173026e-05,-6.79410652e-05)
(-1.39613873e-05,-6.91406850e-05)
(-1.43765931e-05,-7.02073038e-05)
(-1.47621840e-05,-7.11389886e-05)
(-1.51174819e-05,-7.19340686e-05)
(-1.54418675e-05,-7.25911387e-05)
(-1.57347818e-05,-7.31090612e-05)
(-1.59957267e-05,-7.34869685e-05)
(-1.62242661e-05,-7.37242637e-05)
(-1.64200266e-05,-7.38206219e-05)
(-1.65826984e-05,-7.37759903e-05)
(-1.67120354e-05,-7.35905878e-05)
(-1.68078559e-05,-7.32649047e-05)
(-1.68700428e-05,-7.27997009e-05)
(-1.68985441e-05,-7.21960041e-05)
(-1.68933726e-05,-7.14551081e-05)
(-1.68546059e-05,-7.05785689e-05)
(-1.67823865e-05,-6.95682023e-05)
(-1.66769212e-05,-6.84260795e-05)
(-1.65384810e-05,-6.71545229e-05)
(-1.63674003e-05,-6.57561013e-05)
(-1.61640767e-05,-6.42336246e-05)
(-1.59289696e-05,-6.25901377e-05)
(-1.56626001e-05,-6.08289151e-05)
(-1.53655493e-05,-5.89534534e-05)
(-1.50384579e-05,-5.69674647e-05)
(-1.46820243e-05,-5.48748691e-05)
(-1.42970041e-05,-5.26797868e-05)
(-1.38842080e-05,-5.03865298e-05)
(-1.34445005e-05,-4.79995934e-05)
(-1.29787986e-05,-4.55236474e-05)
(-1.24880697e-05,-4.29635267e-05)
(-1.19733299e-05,-4.03242217e-05)
(-1.14356421e-05,-3.76108687e-05)
(-1.08761143e-05,-3.48287396e-05)
(-1.02958969e-05,-3.19832318e-05)
(-9.69618113e-06,-2.90798573e-05)
(-9.07819653e-06,-2.61242323e-05)
(-8.44320866e-06,-2.31220661e-05)
(-7.79251671e-06,-2.00791500e-05)
(-7.12745107e-06,-1.70013462e-05)
(-6.44937080e-06,-1.38945761e-05)
(-5.75966099e-06,-1.07648093e-05)
(-5.05973018e-06,-7.61805183e-06)
(-4.35100764e-06,-4.46033466e-06)
(-3.63494061e-06,-1.29770206e-06)
(-2.91299154e-06, 1.86379993e-06)
(-2.18663525e-06, 5.01813512e-06)
(-1.45735609e-06, 8.15928868e-06)
(-7.26645032e-07, 1.12812786e-05)
( 4.00321192e-09, 1.43781673e-05)
( 7.33093129e-07, 1.74440723e-05)
( 1.45913133e-06, 2.04731783e-05)
( 2.18062951e-06, 2.34597474e-05)
( 2.89610736e-06, 2.63981303e-05)
( 3.60409555e-06, 2.92827769e-05)
( 4.30313863e-06, 3.21082469e-05)
( 4.99179795e-06, 3.48692196e-05)
( 5.66865455e-06, 3.75605044e-05)
( 6.33231206e-06, 4.01770500e-05)
( 6.98139950e-06, 4.27139544e-05)
( 7.61457407e-06, 4.51664735e-05)
( 8.23052398e-06, 4.75300302e-05)
( 8.82797105e-06, 4.98002228e-05)
( 9.40567347e-06, 5.19728332e-05)
( 9.96242830e-06, 5.40438344e-05)
( 1.04970741e-05, 5.60093985e-05)
( 1.10084933e-05, 5.78659029e-05)
( 1.14956146e-05, 5.96099377e-05)
( 1.19574153e-05, 6.12383111e-05)
( 1.23929236e-05, 6.27480560e-05)
( 1.28012205e-05, 6.41364345e-05)
( 1.31814421e-05, 6.54009437e-05)
( 1.35327813e-05, 6.65393191e-05)
( 1.38544898e-05, 6.75495395e-05)
( 1.41458797e-05, 6.84298301e-05)
( 1.44063252e-05, 6.91786653e-05)
( 1.46352641e-05, 6.97947719e-05)
( 1.48321990e-05, 7.02771307e-05)
( 1.49966986e-05, 7.06249782e-05)
( 1.51283991e-05, 7.08378078e-05)
( 1.52270048e-05, 7.09153705e-05)
( 1.52922890e-05, 7.08576747e-05)
( 1.53240951e-05, 7.06649865e-05)
( 1.53223366e-05, 7.03378281e-05)
( 1.52869979e-05, 6.98769772e-05)
( 1.52181346e-05, 6.92834648e-05)
( 1.51158735e-05, 6.85585730e-05)
( 1.49804125e-05, 6.77038326e-05)
( 1.48120207e-05, 6.67210193e-05)
( 1.46110380e-05, 6.56121506e-05)
( 1.43778744e-05, 6.43794816e-05)
( 1.41130100e-05, 6.30255002e-05)
( 1.38169935e-05, 6.15529224e-05)
( 1.34904417e-05, 5.99646870e-05)
( 1.31340387e-05, 5.82639493e-05)
( 1.27485341e-05, 5.64540755e-05)
( 1.23347421e-05, 5.45386358e-05)
( 1.18935398e-05, 5.25213973e-05)
( 1.14258658e-05, 5.04063171e-05)
( 1.09327180e-05, 4.81975343e-05)
( 1.04151523e-05, 4.58993620e-05)
( 9.87427980e-06, 4.35162792e-05)
( 9.31126543e-06, 4.10529219e-05)
( 8.72732505e-06, 3.85140743e-05)
( 8.12372327e-06, 3.59046598e-05)
( 7.50177088e-06, 3.32297312e-05)
( 6.86282216e-06, 3.04944614e-05)
( 6.20827211e-06, 2.77041331e-05)
( 5.53955364e-06, 2.48641293e-05)
( 4.85813450e-06, 2.19799223e-05)
( 4.16551428e-06, 1.90570641e-05)
( 3.46322123e-06, 1.61011750e-05)
( 2.75280905e-06, 1.31179335e-05)
( 2.03585355e-06, 1.01130654e-05)
( 1.31394927e-06, 7.09233275e-06)
( 5.88706084e-07, 4.06152310e-06)
(-1.38254320e-07, 1.02643841e-06)
(-8.65301983e-07,-2.00711583e-06)
(-1.59080224e-06,-5.03334171e-06)
(-2.31311932e-06,-8.04645978e-06)
(-3.03061999e-06,-1.10407200e-05)
(-3.74167719e-06,-1.40104127e-05)
(-4.44467370e-06,-1.69498793e-05)
(-5.13800576e-06,-1.98535229e-05)
(-5.82008672e-06,-2.27158190e-05)
(-6.48935070e-06,-2.55313261e-05)
(-7.14425614e-06,-2.82946955e-05)
(-7.78328936e-06,-3.10006817e-05)
(-8.40496811e-06,-3.36441526e-05)
(-9.00784503e-06,-3.62200984e-05)
(-9.59051102e-06,-3.87236419e-05)
(-1.01515986e-05,-4.11500472e-05)
(-1.06897853e-05,-4.34947287e-05)
(-1.12037965e-05,-4.57532599e-05)
(-1.16924089e-05,-4.79213818e-05)
(-1.21544532e-05,-4.99950107e-05)
(-1.25888172e-05,-5.19702459e-05)
(-1.29944486e-05,-5.38433777e-05)
(-1.33703572e-05,-5.56108933e-05)
(-1.37156180e-05,-5.72694847e-05)
(-1.40293731e-05,-5.88160538e-05)
(-1.43108343e-05,-6.02477191e-05)
(-1.45592850e-05,-6.15618207e-05)
(-1.47740818e-05,-6.27559256e-05)
(-1.49546571e-05,-6.38278321e-05)
(-1.51005200e-05,-6.47755739e-05)
(-1.52112577e-05,-6.55974243e-05)
(-1.52865374e-05,-6.62918990e-05)
(-1.53261067e-05,-6.68577591e-05)
(-1.53297949e-05,-6.72940134e-05)
(-1.52975134e-05,-6.75999204e-05)
(-1.52292566e-05,-6.77749896e-05)
(-1.51251020e-05,-6.78189826e-05)
(-1.49852101e-05,-6.77319132e-05)
(-1.48098249e-05,-6.75140479e-05)
(-1.45992733e-05,-6.71659051e-05)
(-1.43539644e-05,-6.66882539e-05)
(-1.40743896e-05,-6.60821131e-05)
(-1.37611209e-05,-6.53487493e-05)
(-1.34148105e-05,-6.44896738e-05)
(-1.30361891e-05,-6.35066405e-05)
(-1.26260650e-05,-6.24016422e-05)
(-1.21853220e-05,-6.11769069e-05)
(-1.17149176e-05,-5.98348934e-05)
(-1.12158817e-05,-5.83782868e-05)
(-1.06893133e-05,-5.68099933e-05)
(-1.01363794e-05,-5.51331345e-05)
(-9.55831141e-06,-5.33510417e-05)
(-8.95640321e-06,-5.14672492e-05)
(-8.33200795e-06,-4.94854879e-05)
(-7.68653517e-06,-4.74096778e-05)
(-7.02144764e-06,-4.52439203e-05)
(-6.33825812e-06,-4.29924911e-05)
(-5.63852588e-06,-4.06598309e-05)
(-4.92385322e-06,-3.82505379e-05)
(-4.19588182e-06,-3.57693579e-05)
(-3.45628892e-06,-3.32211760e-05)
(-2.70678352e-06,-3.06110065e-05)
(-1.94910240e-06,-2.79439837e-05)
(-1.18500605e-06,-2.52253514e-05)
(-4.16274649e-07,-2.24604533e-05)
( 3.55296207e-07,-1.96547223e-05)
( 1.12789965e-06,-1.68136697e-05)
( 1.89972186e-06,-1.39428751e-05)
( 2.66894631e-06,-1.10479748e-05)
( 3.43375814e-06,-8.13465130e-06)
( 4.19234846e-06,-5.20862211e-06)
( 4.94291866e-06,-2.27562835e-06)
( 5.68368476e-06, 6.58576324e-07)
( 6.41288170e-06, 3.58823707e-06)
( 7.12876762e-06, 6.50760914e-06)
( 7.82962803e-06, 9.41096918e-06)
( 8.51378005e-06, 1.22926265e-05)
( 9.17957647e-06, 1.51469345e-05)
( 9.82540979e-06, 1.79683012e-05)
( 1.04497162e-05, 2.07512011e-05)
( 1.10509792e-05, 2.34901857e-05)
( 1.16277340e-05, 2.61798942e-05)
( 1.21785701e-05, 2.88150643e-05)
( 1.27021359e-05, 3.13905427e-05)
( 1.31971412e-05, 3.39012954e-05)
( 1.36623611e-05, 3.63424175e-05)
( 1.40966385e-05, 3.87091431e-05)
( 1.44988874e-05, 4.09968550e-05)
( 1.48680956e-05, 4.32010936e-05)
( 1.52033271e-05, 4.53175663e-05)
( 1.55037247e-05, 4.73421556e-05)
( 1.57685122e-05, 4.92709279e-05)
( 1.59969960e-05, 5.11001410e-05)
( 1.61885678e-05, 5.28262518e-05)
( 1.63427051e-05, 5.44459236e-05)
( 1.64589736e-05, 5.59560326e-05)
( 1.65370278e-05, 5.73536747e-05)
( 1.65766120e-05, 5.86361706e-05)
( 1.65775613e-05, 5.98010723e-05)
( 1.65398021e-05, 6.08461670e-05)
( 1.64633521e-05, 6.17694826e-05)
( 1.63483207e-05, 6.25692912e-05)
( 1.61949088e-05, 6.32441127e-05)
( 1.60034082e-05, 6.37927181e-05)
( 1.57742014e-05, 6.42141318e-05)
( 1.55077603e-05, 6.45076340e-05)
( 1.52046455e-05, 6.46727617e-05)
( 1.48655052e-05, 6.47093101e-05)
( 1.44910730e-05, 6.46173332e-05)
( 1.40821670e-05, 6.43971434e-05)
( 1.36396874e-05, 6.40493110e-05)
( 1.31646147e-05, 6.35746633e-05)
( 1.26580070e-05, 6.29742829e-05)
( 1.21209979e-05, 6.22495054e-05)
( 1.15547938e-05, 6.14019169e-05)
( 1.09606704e-05, 6.04333507e-05)
( 1.03399706e-05, 5.93458837e-05)
( 9.69410048e-06, 5.81418322e-05)
( 9.02452643e-06, 5.68237471e-05)
( 8.33277137e-06, 5.53944085e-05)
( 7.62041118e-06, 5.38568206e-05)
( 6.88907089e-06, 5.22142052e-05)
( 6.14042077e-06, 5.04699948e-05)
( 5.37617231e-06, 4.86278262e-05)
( 4.59807403e-06, 4.66915326e-05)
( 3.80790737e-06, 4.46651358e-05)
( 3.00748229e-06, 4.25528381e-05)
( 2.19863295e-06, 4.03590132e-05)
( 1.38321329e-06, 3.80881976e-05)
( 5.63092514e-07, 3.57450809e-05)
(-2.59849343e-07, 3.33344965e-05)
(-1.08372602e-06, 3.08614110e-05)
(-1.90664950e-06, 2.83309145e-05)
(-2.72673460e-06, 2.57482094e-05)
(-3.54210347e-06, 2.31186003e-05)
(-4.35089011e-06, 2.04474823e-05)
(-5.15124481e-06, 1.77403301e-05)
(-5.94133861e-06, 1.50026868e-05)
(-6.71936759e-06, 1.22401517e-05)
(-7.48355725e-06, 9.45836924e-06)
(-8.23216665e-06, 6.66301696e-06)
(-8.96349254e-06, 3.85979360e-06)
(-9.67587339e-06, 1.05440728e-06)
(-1.03676933e-05,-1.74743647e-06)
(-1.10373857e-05,-4.54004665e-06)
(-1.16834371e-05,-7.31775868e-06)
(-1.23043906e-05,-1.00749463e-05)
(-1.28988491e-05,-1.28060331e-05)
(-1.34654787e-05,-1.55055048e-05)
(-1.40030116e-05,-1.81679200e-05)
(-1.45102488e-05,-2.07879221e-05)
(-1.49860633e-05,-2.33602504e-05)
(-1.54294019e-05,-2.58797511e-05)
(-1.58392881e-05,-2.83413877e-05)
(-1.62148237e-05,-3.07402523e-05)
(-1.65551912e-05,-3.30715751e-05)
(-1.68596550e-05,-3.53307346e-05)
(-1.71275632e-05,-3.75132676e-05)
(-1.73583487e-05,-3.96148776e-05)
(-1.75515302e-05,-4.16314448e-05)
(-1.77067132e-05,-4.35590336e-05)
(-1.78235906e-05,-4.53939015e-05)
(-1.79019428e-05,-4.71325064e-05)
(-1.79416381e-05,-4.87715140e-05)
(-1.79426328e-05,-5.03078045e-05)
(-1.79049705e-05,-5.17384792e-05)
(-1.78287818e-05,-5.30608661e-05)
(-1.77142836e-05,-5.42725254e-05)
(-1.75617784e-05,-5.53712541e-05)
(-1.73716527e-05,-5.63550908e-05)
(-1.71443761e-05,-5.72223191e-05)
(-1.68804994e-05,-5.79714709e-05)
(-1.65806531e-05,-5.86013293e-05)
(-1.62455456e-05,-5.91109306e-05)
(-1.58759606e-05,-5.94995659e-05)
(-1.54727554e-05,-5.97667821e-05)
(-1.50368582e-05,-5.99123826e-05)
(-1.45692654e-05,-5.99364269e-05)
(-1.40710389e-05,-5.98392301e-05)
(-1.35433033e-05,-5.96213616e-05)
(-1.29872429e-05,-5.92836432e-05)
(-1.24040982e-05,-5.88271472e-05)
(-1.17951631e-05,-5.82531929e-05)
(-1.11617809e-05,-5.75633436e-05)
(-1.05053417e-05,-5.67594022e-05)
(-9.82727782e-06,-5.58434071e-05)
(-9.12906088e-06,-5.48176270e-05)
(-8.41219776e-06,-5.36845553e-05)
(-7.67822694e-06,-5.24469041e-05)
(-6.92871465e-06,-5.11075976e-05)
(-6.16525101e-06,-4.96697654e-05)
(-5.38944621e-06,-4.81367348e-05)
(-4.60292657e-06,-4.65120229e-05)
(-3.80733071e-06,-4.47993288e-05)
(-3.00430563e-06,-4.30025242e-05)
(-2.19550291e-06,-4.11256450e-05)
(-1.38257485e-06,-3.91728817e-05)
(-5.67170699e-07,-3.71485696e-05)
( 2.49067044e-07,-3.50571788e-05)
( 1.06450633e-06,-3.29033040e-05)
( 1.87752912e-06,-3.06916539e-05)
( 2.68653495e-06,-2.84270404e-05)
( 3.48994428e-06,-2.61143675e-05)
( 4.28620188e-06,-2.37586202e-05)
( 5.07378002e-06,-2.13648534e-05)
( 5.85118157e-06,-1.89381798e-05)
( 6.61694300e-06,-1.64837590e-05)
( 7.36963718e-06,-1.40067856e-05)
( 8.10787618e-06,-1.15124773e-05)
( 8.83031375e-06,-9.00606360e-06)
( 9.53564781e-06,-6.49277370e-06)
( 1.02226227e-05,-3.97782511e-06)
( 1.08900312e-05,-1.46641197e-06)
( 1.15367166e-05, 1.03630650e-06)
( 1.21615746e-05, 3.52521732e-06)
( 1.27635546e-05, 5.99526504e-06)
( 1.33416613e-05, 8.44146279e-06)
( 1.38949560e-05, 1.08589032e-05)
( 1.44225579e-05, 1.32427688e-05)
( 1.49236444e-05, 1.55883430e-05)
( 1.53974525e-05, 1.78910194e-05)
( 1.58432791e-05, 2.01463124e-05)
( 1.62604812e-05, 2.23498661e-05)
( 1.66484766e-05, 2.44974639e-05)
( 1.70067435e-05, 2.65850369e-05)
( 1.73348204e-05, 2.86086728e-05)
( 1.76323062e-05, 3.05646233e-05)
( 1.78988594e-05, 3.24493123e-05)
( 1.81341975e-05, 3.42593427e-05)
( 1.83380965e-05, 3.59915030e-05)
( 1.85103896e-05, 3.76427738e-05)
( 1.86509666e-05, 3.92103333e-05)
( 1.87597722e-05, 4.06915628e-05)
( 1.88368050e-05, 4.20840510e-05)
( 1.88821162e-05, 4.33855986e-05)
( 1.88958075e-05, 4.45942217e-05)
( 1.88780299e-05, 4.57081551e-05)
( 1.88289816e-05, 4.67258548e-05)
( 1.87489064e-05, 4.76460001e-05)
( 1.86380914e-05, 4.84674950e-05)
( 1.84968653e-05, 4.91894690e-05)
( 1.83255959e-05, 4.98112780e-05)
( 1.81246882e-05, 5.03325032e-05)
( 1.78945821e-05, 5.07529515e-05)
( 1.76357499e-05, 5.10726532e-05)
( 1.73486942e-05, 5.12918607e-05)
( 1.70339456e-05, 5.14110460e-05)
( 1.66920600e-05, 5.14308976e-05)
( 1.63236163e-05, 5.13523175e-05)
( 1.59292143e-05, 5.11764168e-05)
( 1.55094720e-05, 5.09045114e-05)
( 1.50650233e-05, 5.05381171e-05)
( 1.45965154e-05, 5.00789442e-05)
( 1.41046070e-05, 4.95288912e-05)
( 1.35899655e-05, 4.88900392e-05)
( 1.30532649e-05, 4.81646442e-05)
( 1.24951837e-05, 4.73551308e-05)
( 1.19164024e-05, 4.64640839e-05)
( 1.13176016e-05, 4.54942411e-05)
( 1.06994603e-05, 4.44484841e-05)
( 1.00626531e-05, 4.33298303e-05)
( 9.40784915e-06, 4.21414236e-05)
( 8.73570960e-06, 4.08865252e-05)
( 8.04688635e-06, 3.95685040e-05)
( 7.34202014e-06, 3.81908267e-05)
( 6.62173902e-06, 3.67570479e-05)
( 5.88665679e-06, 3.52707998e-05)
( 5.13737160e-06, 3.37357814e-05)
( 4.37446455e-06, 3.21557487e-05)
( 3.59849845e-06, 3.05345030e-05)
( 2.81001657e-06, 2.88758809e-05)
( 2.00954152e-06, 2.71837426e-05)
( 1.19757412e-06, 2.54619615e-05)
( 3.74592406e-07, 2.37144126e-05)
(-4.58949418e-07, 2.19449617e-05)
(-1.30262192e-06, 2.01574542e-05)
(-2.15602140e-06, 1.83557038e-05)
(-3.01877089e-06, 1.65434814e-05)
(-3.89052108e-06, 1.47245044e-05)
(-4.77095140e-06, 1.29024249e-05)
(-5.65977110e-06, 1.10808192e-05)
(-6.55672044e-06, 9.26317641e-06)
(-7.46157206e-06, 7.45288792e-06)
(-8.37413252e-06, 5.65323603e-06)
(-9.29424399e-06, 3.86738318e-06)
(-1.02217863e-05, 2.09836099e-06)
(-1.11566796e-05, 3.49059274e-07)
(-1.20988865e-05,-1.37778509e-06)
(-1.30484164e-05,-3.07959930e-06)
(-1.40053287e-05,-4.75398613e-06)
(-1.49697378e-05,-6.39873556e-06)
(-1.59418192e-05,-8.01183697e-06)
(-1.69218158e-05,-9.59149177e-06)
(-1.79100465e-05,-1.11361268e-05)
(-1.89069161e-05,-1.26444089e-05)
(-1.99129271e-05,-1.41152599e-05)
(-2.09286943e-05,-1.55478745e-05)
(-2.19549625e-05,-1.69417391e-05)
(-2.29926275e-05,-1.82966536e-05)
(-2.40427625e-05,-1.96127566e-05)
(-2.51066498e-05,-2.08905548e-05)
(-2.61858203e-05,-2.21309576e-05)
(-2.72821023e-05,-2.33353197e-05)
(-2.83976822e-05,-2.45054912e-05)
(-2.95351812e-05,-2.56438816e-05)
(-3.06977519e-05,-2.67535378e-05)
(-3.18892016e-05,-2.78382444e-05)
(-3.31141525e-05,-2.89026510e-05)
(-3.43782488e-05,-2.99524381e-05)
(-3.56884321e-05,-3.09945351e-05)
(-3.70533089e-05,-3.20374121e-05)
(-3.84836512e-05,-3.30914752e-05)
(-3.99930883e-05,-3.41696136e-05)
(-4.15990843e-05,-3.52879695e-05)
(-4.33243481e-05,-3.64670499e-05)
(-4.51989224e-05,-3.77333695e-05)
(-4.72633695e-05,-3.91219556e-05)
(-4.95738060e-05,-4.06803002e-05)
(-5.22101915e-05,-4.24748592e-05)
(-5.52906732e-05,-4.46022884e-05)
(-5.89979846e-05,-4.72100951e-05)
(-6.36319340e-05,-5.05376580e-05)
(-6.97249154e-05,-5.50064080e-05)
(-7.83318840e-05,-6.14460214e-05)
(-9.19828556e-05,-7.18367844e-05)
(-1.16625220e-04,-9.08237780e-05)
(-2.56054687e-04,-1.99224296e-04)
(-3.09399759e-08,-1.16125693e-06)
(-4.34087626e-07,-4.54572292e-06)
(-7.80741719e-07,-7.70111724e-06)
(-1.12208085e-06,-1.08347524e-05)
(-1.45884748e-06,-1.39414513e-05)
(-1.79139774e-06,-1.70176529e-05)
(-2.11952654e-06,-2.00584151e-05)
(-2.44282737e-06,-2.30583384e-05)
(-2.76080350e-06,-2.60118569e-05)
(-3.07291739e-06,-2.89133665e-05)
(-3.37861364e-06,-3.17572921e-05)
(-3.67733198e-06,-3.45381271e-05)
(-3.96851480e-06,-3.72504609e-05)
(-4.25161212e-06,-3.98889986e-05)
(-4.52608513e-06,-4.24485778e-05)
(-4.79140873e-06,-4.49241825e-05)
(-5.04707369e-06,-4.73109554e-05)
(-5.29258830e-06,-4.96042095e-05)
(-5.52747988e-06,-5.17994387e-05)
(-5.75129606e-06,-5.38923270e-05)
(-5.96360597e-06,-5.58787586e-05)
(-6.16400123e-06,-5.77548258e-05)
(-6.35209698e-06,-5.95168373e-05)
(-6.52753267e-06,-6.11613262e-05)
(-6.68997290e-06,-6.26850563e-05)
(-6.83910814e-06,-6.40850295e-05)
(-6.97465537e-06,-6.53584914e-05)
(-7.09635868e-06,-6.65029368e-05)
(-7.20398982e-06,-6.75161151e-05)
(-7.29734860e-06,-6.83960347e-05)
(-7.37626338e-06,-6.91409668e-05)
(-7.44059133e-06,-6.97494489e-05)
(-7.49021874e-06,-7.02202882e-05)
(-7.52506125e-06,-7.05525635e-05)
(-7.54506398e-06,-7.07456270e-05)
(-7.55020163e-06,-7.07991061e-05)
(-7.54047852e-06,-7.07129037e-05)
(-7.51592856e-06,-7.04871985e-05)
(-7.47661513e-06,-7.01224450e-05)
(-7.42263098e-06,-6.96193721e-05)
(-7.35409797e-06,-6.89789819e-05)
(-7.27116686e-06,-6.82025478e-05)
(-7.17401692e-06,-6.72916121e-05)
(-7.06285560e-06,-6.62479823e-05)
(-6.93791805e-06,-6.50737284e-05)
(-6.79946666e-06,-6.37711783e-05)
(-6.64779048e-06,-6.23429131e-05)
(-6.48320466e-06,-6.07917623e-05)
(-6.30604975e-06,-5.91207982e-05)
(-6.11669102e-06,-5.73333295e-05)
(-5.91551771e-06,-5.54328949e-05)
(-5.70294224e-06,-5.34232565e-05)
(-5.47939934e-06,-5.13083915e-05)
(-5.24534521e-06,-4.90924852e-05)
(-5.00125653e-06,-4.67799221e-05)
(-4.74762954e-06,-4.43752777e-05)
(-4.48497904e-06,-4.18833089e-05)
(-4.21383732e-06,-3.93089451e-05)
(-3.93475308e-06,-3.66572781e-05)
(-3.64829039e-06,-3.39335524e-05)
(-3.35502750e-06,-3.11431541e-05)
(-3.05555568e-06,-2.82916013e-05)
(-2.75047809e-06,-2.53845321e-05)
(-2.44040851e-06,-2.24276942e-05)
(-2.12597017e-06,-1.94269332e-05)
(-1.80779450e-06,-1.63881812e-05)
(-1.48651984e-06,-1.33174449e-05)
(-1.16279023e-06,-1.02207937e-05)
(-8.37254110e-07,-7.10434796e-06)
(-5.10563024e-07,-3.97426663e-06)
(-1.83370363e-07,-8.36735184e-07)
( 1.43669931e-07, 2.30204660e-06)
( 4.69904652e-07, 5.43587694e-06)
( 7.94682607e-07, 8.55856429e-06)
( 1.11735589e-06, 1.16639396e-05)
( 1.43728116e-06, 1.47458684e-05)
( 1.75382087e-06, 1.77982631e-05)
( 2.06634454e-06, 2.08150950e-05)
( 2.37422996e-06, 2.37904059e-05)
( 2.67686440e-06, 2.67183203e-05)
( 2.97364580e-06, 2.95930567e-05)
( 3.26398397e-06, 3.24089391e-05)
( 3.54730165e-06, 3.51604084e-05)
( 3.82303570e-06, 3.78420330e-05)
( 4.09063813e-06, 4.04485199e-05)
( 4.34957718e-06, 4.29747247e-05)
( 4.59933834e-06, 4.54156624e-05)
( 4.83942532e-06, 4.77665165e-05)
( 5.06936100e-06, 5.00226491e-05)
( 5.28868835e-06, 5.21796097e-05)
( 5.49697127e-06, 5.42331440e-05)
( 5.69379546e-06, 5.61792025e-05)
( 5.87876916e-06, 5.80139484e-05)
( 6.05152392e-06, 5.97337648e-05)
( 6.21171528e-06, 6.13352624e-05)
( 6.35902340e-06, 6.28152858e-05)
( 6.49315368e-06, 6.41709197e-05)
( 6.61383733e-06, 6.53994949e-05)
( 6.72083179e-06, 6.64985933e-05)
( 6.81392127e-06, 6.74660527e-05)
( 6.89291707e-06, 6.82999711e-05)
( 6.95765798e-06, 6.89987104e-05)
( 7.00801051e-06, 6.95608995e-05)
( 7.04386920e-06, 6.99854372e-05)
( 7.06515673e-06, 7.02714942e-05)
( 7.07182410e-06, 7.04185147e-05)
( 7.06385068e-06, 7.04262175e-05)
( 7.04124424e-06, 7.02945965e-05)
( 7.00404091e-06, 7.00239209e-05)
( 6.95230510e-06, 6.96147340e-05)
( 6.88612936e-06, 6.90678531e-05)
( 6.80563419e-06, 6.83843667e-05)
( 6.71096775e-06, 6.75656334e-05)
( 6.60230565e-06, 6.66132785e-05)
( 6.47985050e-06, 6.55291908e-05)
( 6.34383159e-06, 6.43155193e-05)
( 6.19450440e-06, 6.29746685e-05)
( 6.03215008e-06, 6.15092937e-05)
( 5.85707496e-06, 5.99222958e-05)
( 5.66960991e-06, 5.82168156e-05)
( 5.47010972e-06, 5.63962274e-05)
( 5.25895238e-06, 5.44641327e-05)
( 5.03653841e-06, 5.24243524e-05)
( 4.80329005e-06, 5.02809198e-05)
( 4.55965046e-06, 4.80380726e-05)
( 4.30608285e-06, 4.57002441e-05)
( 4.04306963e-06, 4.32720549e-05)
( 3.77111148e-06, 4.07583034e-05)
( 3.49072637e-06, 3.81639566e-05)
( 3.20244859e-06, 3.54941401e-05)
( 2.90682772e-06, 3.27541279e-05)
( 2.60442762e-06, 2.99493325e-05)
( 2.29582530e-06, 2.70852934e-05)
( 1.98160989e-06, 2.41676668e-05)
( 1.66238145e-06, 2.12022141e-05)
( 1.33874988e-06, 1.81947908e-05)
( 1.01133376e-06, 1.51513347e-05)
( 6.80759163e-07, 1.20778543e-05)
( 3.47658448e-07, 8.98041684e-06)
( 1.26691062e-08, 5.86513652e-06)
(-3.23567479e-07, 2.73816229e-06)
(-6.60407243e-07,-3.94334240e-07)
(-9.97204656e-07,-3.52617094e-06)
(-1.33331394e-06,-6.65116737e-06)
(-1.66809033e-06,-9.76315696e-06)
(-2.00089124e-06,-1.28559991e-05)
(-2.33107752e-06,-1.59235915e-05)
(-2.65801469e-06,-1.89598816e-05)
(-2.98107408e-06,-2.19588794e-05)
(-3.29963408e-06,-2.49146684e-05)
(-3.61308132e-06,-2.78214177e-05)
(-3.92081180e-06,-3.06733934e-05)
(-4.22223207e-06,-3.34649699e-05)
(-4.51676038e-06,-3.61906409e-05)
(-4.80382774e-06,-3.88450304e-05)
(-5.08287905e-06,-4.14229029e-05)
(-5.35337415e-06,-4.39191742e-05)
(-5.61478886e-06,-4.63289211e-05)
(-5.86661597e-06,-4.86473912e-05)
(-6.10836625e-06,-5.08700119e-05)
(-6.33956937e-06,-5.29924001e-05)
(-6.55977481e-06,-5.50103701e-05)
(-6.76855275e-06,-5.69199422e-05)
(-6.96549487e-06,-5.87173504e-05)
(-7.15021522e-06,-6.03990499e-05)
(-7.32235089e-06,-6.19617240e-05)
(-7.48156278e-06,-6.34022906e-05)
(-7.62753627e-06,-6.47179081e-05)
(-7.75998182e-06,-6.59059813e-05)
(-7.87863556e-06,-6.69641663e-05)
(-7.98325983e-06,-6.78903751e-05)
(-8.07364369e-06,-6.86827797e-05)
(-8.14960328e-06,-6.93398157e-05)
(-8.21098230e-06,-6.98601854e-05)
(-8.25765228e-06,-7.02428600e-05)
(-8.28951287e-06,-7.04870822e-05)
(-8.30649212e-06,-7.05923674e-05)
(-8.30854660e-06,-7.05585042e-05)
(-8.29566155e-06,-7.03855555e-05)
(-8.26785097e-06,-7.00738580e-05)
(-8.22515759e-06,-6.96240216e-05)
(-8.16765288e-06,-6.90369280e-05)
(-8.09543696e-06,-6.83137291e-05)
(-8.00863841e-06,-6.74558450e-05)
(-7.90741411e-06,-6.64649604e-05)
(-7.79194900e-06,-6.53430224e-05)
(-7.66245572e-06,-6.40922353e-05)
(-7.51917432e-06,-6.27150577e-05)
(-7.36237181e-06,-6.12141962e-05)
(-7.19234167e-06,-5.95926015e-05)
(-7.00940341e-06,-5.78534612e-05)
(-6.81390195e-06,-5.60001946e-05)
(-6.60620703e-06,-5.40364454e-05)
(-6.38671253e-06,-5.19660746e-05)
(-6.15583577e-06,-4.97931531e-05)
(-5.91401676e-06,-4.75219533e-05)
(-5.66171740e-06,-4.51569411e-05)
(-5.39942062e-06,-4.27027669e-05)
(-5.12762952e-06,-4.01642564e-05)
(-4.84686639e-06,-3.75464011e-05)
(-4.55767182e-06,-3.48543487e-05)
(-4.26060363e-06,-3.20933926e-05)
(-3.95623587e-06,-2.92689619e-05)
(-3.64515771e-06,-2.63866102e-05)
(-3.32797238e-06,-2.34520052e-05)
(-3.00529600e-06,-2.04709172e-05)
(-2.67775642e-06,-1.74492079e-05)
(-2.34599205e-06,-1.43928187e-05)
(-2.01065062e-06,-1.13077593e-05)
(-1.67238798e-06,-8.20009538e-06)
(-1.33186680e-06,-5.07593732e-06)
(-9.89755341e-07,-1.94142762e-06)
(-6.46726156e-07, 1.19727094e-06)
(-3.03454774e-07, 4.33398745e-06)
( 3.93815764e-08, 7.46255505e-06)
( 3.81105310e-07, 1.05768230e-05)
( 7.21039780e-07, 1.36706690e-05)
( 1.05851062e-06, 1.67380109e-05)
( 1.39284706e-06, 1.97728188e-05)
( 1.72338323e-06, 2.27691271e-05)
( 2.04945949e-06, 2.57210461e-05)
( 2.37042374e-06, 2.86227735e-05)
( 2.68563268e-06, 3.14686060e-05)
( 2.99445316e-06, 3.42529504e-05)
( 3.29626337e-06, 3.69703346e-05)
( 3.59045413e-06, 3.96154185e-05)
( 3.87643011e-06, 4.21830044e-05)
( 4.15361104e-06, 4.46680474e-05)
( 4.42143289e-06, 4.70656649e-05)
( 4.67934900e-06, 4.93711469e-05)
( 4.92683122e-06, 5.15799646e-05)
( 5.16337100e-06, 5.36877798e-05)
( 5.38848044e-06, 5.56904531e-05)
( 5.60169330e-06, 5.75840524e-05)
( 5.80256598e-06, 5.93648603e-05)
( 5.99067846e-06, 6.10293819e-05)
( 6.16563520e-06, 6.25743509e-05)
( 6.32706596e-06, 6.39967370e-05)
( 6.47462664e-06, 6.52937512e-05)
( 6.60799999e-06, 6.64628514e-05)
( 6.72689632e-06, 6.75017478e-05)
( 6.83105420e-06, 6.84084069e-05)
( 6.92024098e-06, 6.91810559e-05)
( 6.99425336e-06, 6.98181861e-05)
( 7.05291790e-06, 7.03185557e-05)
( 7.09609139e-06, 7.06811925e-05)
( 7.12366128e-06, 7.09053959e-05)
( 7.13554593e-06, 7.09907379e-05)
( 7.13169488e-06, 7.09370645e-05)
( 7.11208906e-06, 7.07444953e-05)
( 7.07674087e-06, 7.04134242e-05)
( 7.02569426e-06, 6.99445179e-05)
( 6.95902474e-06, 6.93387148e-05)
( 6.87683930e-06, 6.85972234e-05)
( 6.77927627e-06, 6.77215197e-05)
( 6.66650517e-06, 6.67133443e-05)
( 6.53872641e-06, 6.55746993e-05)
( 6.39617099e-06, 6.43078440e-05)
( 6.23910014e-06, 6.29152906e-05)
( 6.06780485e-06, 6.13997993e-05)
( 5.88260538e-06, 5.97643730e-05)
( 5.68385069e-06, 5.80122510e-05)
( 5.47191784e-06, 5.61469034e-05)
( 5.24721128e-06, 5.41720232e-05)
( 5.01016213e-06, 5.20915200e-05)
( 4.76122737e-06, 4.99095119e-05)
( 4.50088901e-06, 4.76303174e-05)
( 4.22965318e-06, 4.52584470e-05)
( 3.94804917e-06, 4.27985942e-05)
( 3.65662844e-06, 4.02556263e-05)
( 3.35596356e-06, 3.76345750e-05)
( 3.04664711e-06, 3.49406264e-05)
( 2.72929054e-06, 3.21791104e-05)
( 2.40452302e-06, 2.93554910e-05)
( 2.07299015e-06, 2.64753548e-05)
( 1.73535278e-06, 2.35444002e-05)
( 1.39228567e-06, 2.05684266e-05)
( 1.04447616e-06, 1.75533222e-05)
( 6.92622846e-07, 1.45050532e-05)
( 3.37434193e-07, 1.14296514e-05)
(-2.03728949e-08, 8.33320250e-06)
(-3.80074471e-07, 5.22183440e-06)
(-7.40940999e-07, 2.10170470e-06)
(-1.10223882e-06,-1.02101123e-06)
(-1.46323161e-06,-4.14013252e-06)
(-1.82318187e-06,-7.24948495e-06)
(-2.18135242e-06,-1.03429131e-05)
(-2.53700786e-06,-1.34142927e-05)
(-2.88941610e-06,-1.64575424e-05)
(-3.23784980e-06,-1.94666362e-05)
(-3.58158790e-06,-2.24356147e-05)
(-3.91991706e-06,-2.53585977e-05)
(-4.25213313e-06,-2.82297953e-05)
(-4.57754259e-06,-3.10435193e-05)
(-4.89546399e-06,-3.37941948e-05)
(-5.20522933e-06,-3.64763708e-05)
(-5.50618546e-06,-3.90847315e-05)
(-5.79769543e-06,-4.16141062e-05)
(-6.07913982e-06,-4.40594800e-05)
(-6.34991801e-06,-4.64160037e-05)
(-6.60944945e-06,-4.86790031e-05)
(-6.85717487e-06,-5.08439885e-05)
(-7.09255746e-06,-5.29066634e-05)
(-7.31508401e-06,-5.48629335e-05)
(-7.52426598e-06,-5.67089140e-05)
(-7.71964053e-06,-5.84409381e-05)
(-7.90077153e-06,-6.00555639e-05)
(-8.06725049e-06,-6.15495811e-05)
(-8.21869744e-06,-6.29200177e-05)
(-8.35476172e-06,-6.41641456e-05)
(-8.47512279e-06,-6.52794865e-05)
(-8.57949091e-06,-6.62638162e-05)
(-8.66760778e-06,-6.71151693e-05)
(-8.73924713e-06,-6.78318435e-05)
(-8.79421521e-06,-6.84124024e-05)
(-8.83235127e-06,-6.88556786e-05)
(-8.85352792e-06,-6.91607764e-05)
(-8.85765144e-06,-6.93270729e-05)
(-8.84466206e-06,-6.93542198e-05)
(-8.81453407e-06,-6.92421442e-05)
(-8.76727598e-06,-6.89910482e-05)
(-8.70293054e-06,-6.86014093e-05)
(-8.62157470e-06,-6.80739787e-05)
(-8.52331951e-06,-6.74097804e-05)
(-8.40830994e-06,-6.66101093e-05)
(-8.27672465e-06,-6.56765280e-05)
(-8.12877563e-06,-6.46108645e-05)
(-7.96470790e-06,-6.34152082e-05)
(-7.78479898e-06,-6.20919058e-05)
(-7.58935841e-06,-6.06435570e-05)
(-7.37872715e-06,-5.90730090e-05)
(-7.15327696e-06,-5.73833511e-05)
(-6.91340963e-06,-5.55779087e-05)
(-6.65955627e-06,-5.36602366e-05)
(-6.39217644e-06,-5.16341119e-05)
(-6.11175723e-06,-4.95035269e-05)
(-5.81881237e-06,-4.72726811e-05)
(-5.51388115e-06,-4.49459725e-05)
(-5.19752743e-06,-4.25279895e-05)
(-4.87033848e-06,-4.00235018e-05)
(-4.53292381e-06,-3.74374503e-05)
(-4.18591402e-06,-3.47749383e-05)
(-3.82995947e-06,-3.20412207e-05)
(-3.46572906e-06,-2.92416940e-05)
(-3.09390885e-06,-2.63818854e-05)
(-2.71520072e-06,-2.34674423e-05)
(-2.33032096e-06,-2.05041204e-05)
(-1.93999880e-06,-1.74977730e-05)
(-1.54497504e-06,-1.44543392e-05)
(-1.14600049e-06,-1.13798321e-05)
(-7.43834480e-07,-8.28032699e-06)
(-3.39243365e-07,-5.16194914e-06)
( 6.70010275e-08,-2.03086200e-06)
( 4.74122951e-07, 1.10674523e-06)
( 8.81344293e-07, 4.24466975e-06)
( 1.28788613e-06, 7.37670744e-06)
( 1.69297032e-06, 1.04966652e-05)
( 2.09582101e-06, 1.35983730e-05)
( 2.49566626e-06, 1.66756966e-05)
( 2.89173955e-06, 1.97225489e-05)
( 3.28328135e-06, 2.27329027e-05)
( 3.66954062e-06, 2.57008024e-05)
( 4.04977634e-06, 2.86203755e-05)
( 4.42325898e-06, 3.14858446e-05)
( 4.78927201e-06, 3.42915389e-05)
( 5.14711327e-06, 3.70319049e-05)
( 5.49609645e-06, 3.97015180e-05)
( 5.83555244e-06, 4.22950929e-05)
( 6.16483065e-06, 4.48074940e-05)
( 6.48330038e-06, 4.72337458e-05)
( 6.79035200e-06, 4.95690428e-05)
( 7.08539827e-06, 5.18087588e-05)
( 7.36787545e-06, 5.39484559e-05)
( 7.63724444e-06, 5.59838938e-05)
( 7.89299190e-06, 5.79110378e-05)
( 8.13463123e-06, 5.97260669e-05)
( 8.36170357e-06, 6.14253814e-05)
( 8.57377874e-06, 6.30056099e-05)
( 8.77045604e-06, 6.44636162e-05)
( 8.95136512e-06, 6.57965053e-05)
( 9.11616667e-06, 6.70016290e-05)
( 9.26455313e-06, 6.80765917e-05)
( 9.39624929e-06, 6.90192544e-05)
( 9.51101282e-06, 6.98277396e-05)
( 9.60863480e-06, 7.05004345e-05)
( 9.68894010e-06, 7.10359944e-05)
( 9.75178772e-06, 7.14333455e-05)
( 9.79707112e-06, 7.16916867e-05)
( 9.82471835e-06, 7.18104914e-05)
( 9.83469229e-06, 7.17895084e-05)
( 9.82699062e-06, 7.16287625e-05)
( 9.80164592e-06, 7.13285543e-05)
( 9.75872552e-06, 7.08894599e-05)
( 9.69833141e-06, 7.03123292e-05)
( 9.62060003e-06, 6.95982848e-05)
( 9.52570199e-06, 6.87487193e-05)
( 9.41384173e-06, 6.77652926e-05)
( 9.28525710e-06, 6.66499291e-05)
( 9.14021891e-06, 6.54048131e-05)
( 8.97903037e-06, 6.40323849e-05)
( 8.80202649e-06, 6.25353359e-05)
( 8.60957344e-06, 6.09166034e-05)
( 8.40206779e-06, 5.91793643e-05)
( 8.17993571e-06, 5.73270292e-05)
( 7.94363219e-06, 5.53632356e-05)
( 7.69364008e-06, 5.32918406e-05)
( 7.43046913e-06, 5.11169130e-05)
( 7.15465505e-06, 4.88427257e-05)
( 6.86675836e-06, 4.64737468e-05)
( 6.56736336e-06, 4.40146312e-05)
( 6.25707693e-06, 4.14702107e-05)
( 5.93652735e-06, 3.88454852e-05)
( 5.60636305e-06, 3.61456120e-05)
( 5.26725135e-06, 3.33758964e-05)
( 4.91987714e-06, 3.05417803e-05)
( 4.56494152e-06, 2.76488323e-05)
( 4.20316044e-06, 2.47027359e-05)
( 3.83526327e-06, 2.17092787e-05)
( 3.46199139e-06, 1.86743409e-05)
( 3.08409672e-06, 1.56038834e-05)
( 2.70234026e-06, 1.25039363e-05)
( 2.31749057e-06, 9.38058674e-06)
( 1.93032228e-06, 6.23996699e-06)
( 1.54161459e-06, 3.08824222e-06)
( 1.15214970e-06,-6.84016178e-08)
( 7.62711302e-07,-3.22377010e-06)
( 3.74083073e-07,-6.37167252e-06)
(-1.29529234e-08,-9.50593419e-06)
(-3.97617705e-07,-1.26204086e-05)
(-7.79136936e-07,-1.57089895e-05)
(-1.15674242e-06,-1.87656233e-05)
(-1.52967362e-06,-2.17843204e-05)
(-1.89717914e-06,-2.47591678e-05)
(-2.25851816e-06,-2.76843400e-05)
(-2.61296197e-06,-3.05541111e-05)
(-2.95979531e-06,-3.33628659e-05)
(-3.29831781e-06,-3.61051108e-05)
(-3.62784536e-06,-3.87754848e-05)
(-3.94771146e-06,-4.13687701e-05)
(-4.25726849e-06,-4.38799023e-05)
(-4.55588902e-06,-4.63039804e-05)
(-4.84296704e-06,-4.86362766e-05)
(-5.11791911e-06,-5.08722453e-05)
(-5.38018556e-06,-5.30075321e-05)
(-5.62923156e-06,-5.50379828e-05)
(-5.86454821e-06,-5.69596508e-05)
(-6.08565348e-06,-5.87688057e-05)
(-6.29209325e-06,-6.04619398e-05)
(-6.48344216e-06,-6.20357757e-05)
(-6.65930448e-06,-6.34872721e-05)
(-6.81931488e-06,-6.48136303e-05)
(-6.96313919e-06,-6.60122991e-05)
(-7.09047507e-06,-6.70809805e-05)
(-7.20105262e-06,-6.80176333e-05)
(-7.29463495e-06,-6.88204777e-05)
(-7.37101864e-06,-6.94879988e-05)
(-7.43003422e-06,-7.00189489e-05)
(-7.47154649e-06,-7.04123505e-05)
(-7.49545484e-06,-7.06674980e-05)
(-7.50169350e-06,-7.07839588e-05)
(-7.49023169e-06,-7.07615743e-05)
(-7.46107372e-06,-7.06004601e-05)
(-7.41425906e-06,-7.03010056e-05)
(-7.34986228e-06,-6.98638734e-05)
(-7.26799296e-06,-6.92899976e-05)
(-7.16879555e-06,-6.85805821e-05)
(-7.05244913e-06,-6.77370979e-05)
(-6.91916710e-06,-6.67612806e-05)
(-6.76919687e-06,-6.56551263e-05)
(-6.60281939e-06,-6.44208880e-05)
(-6.42034869e-06,-6.30610710e-05)
(-6.22213133e-06,-6.15784277e-05)
(-6.00854577e-06,-5.99759523e-05)
(-5.78000175e-06,-5.82568748e-05)
(-5.53693949e-06,-5.64246545e-05)
(-5.27982895e-06,-5.44829728e-05)
(-5.00916898e-06,-5.24357266e-05)
(-4.72548639e-06,-5.02870200e-05)
(-4.42933501e-06,-4.80411559e-05)
(-4.12129470e-06,-4.57026284e-05)
(-3.80197025e-06,-4.32761127e-05)
(-3.47199031e-06,-4.07664568e-05)
(-3.13200623e-06,-3.81786713e-05)
(-2.78269081e-06,-3.55179197e-05)
(-2.42473714e-06,-3.27895079e-05)
(-2.05885724e-06,-2.99988742e-05)
(-1.68578079e-06,-2.71515779e-05)
(-1.30625376e-06,-2.42532889e-05)
(-9.21036980e-07,-2.13097760e-05)
(-5.30904781e-07,-1.83268956e-05)
(-1.36643494e-07,-1.53105804e-05)
( 2.60949995e-07,-1.22668274e-05)
( 6.61069778e-07,-9.20168587e-06)
( 1.06290242e-06,-6.12124590e-06)
( 1.46562849e-06,-3.03162597e-06)
( 1.86842417e-06, 6.10389824e-08)
( 2.27046276e-06, 3.15060972e-06)
( 2.67091628e-06, 6.23095477e-06)
( 3.06895706e-06, 9.29596260e-06)
( 3.46375933e-06, 1.23395536e-05)
( 3.85450078e-06, 1.53556921e-05)
( 4.24036419e-06, 1.83383983e-05)
( 4.62053897e-06, 2.12817600e-05)
( 4.99422277e-06, 2.41799444e-05)
( 5.36062302e-06, 2.70272091e-05)
( 5.71895848e-06, 2.98179143e-05)
( 6.06846079e-06, 3.25465331e-05)
( 6.40837598e-06, 3.52076626e-05)
( 6.73796595e-06, 3.77960347e-05)
( 7.05650995e-06, 4.03065265e-05)
( 7.36330602e-06, 4.27341699e-05)
( 7.65767239e-06, 4.50741621e-05)
( 7.93894886e-06, 4.73218744e-05)
( 8.20649814e-06, 4.94728616e-05)
( 8.45970716e-06, 5.15228707e-05)
( 8.69798832e-06, 5.34678492e-05)
( 8.92078072e-06, 5.53039532e-05)
( 9.12755130e-06, 5.70275548e-05)
( 9.31779600e-06, 5.86352491e-05)
( 9.49104083e-06, 6.01238613e-05)
( 9.64684285e-06, 6.14904525e-05)
( 9.78479118e-06, 6.27323255e-05)
( 9.90450788e-06, 6.38470306e-05)
( 1.00056488e-05, 6.48323695e-05)
( 1.00879044e-05, 6.56864006e-05)
( 1.01510005e-05, 6.64074418e-05)
( 1.01946987e-05, 6.69940747e-05)
( 1.02187974e-05, 6.74451467e-05)
( 1.02231319e-05, 6.77597736e-05)
( 1.02075753e-05, 6.79373411e-05)
( 1.01720383e-05, 6.79775061e-05)
( 1.01164702e-05, 6.78801974e-05)
( 1.00408587e-05, 6.76456156e-05)
( 9.94523011e-06, 6.72742331e-05)
( 9.82964961e-06, 6.67667927e-05)
( 9.69422119e-06, 6.61243061e-05)
( 9.53908762e-06, 6.53480525e-05)
( 9.36443035e-06, 6.44395752e-05)
( 9.17046927e-06, 6.34006794e-05)
( 8.95746248e-06, 6.22334280e-05)
( 8.72570594e-06, 6.09401376e-05)
( 8.47553304e-06, 5.95233744e-05)
( 8.20731415e-06, 5.79859485e-05)
( 7.92145600e-06, 5.63309089e-05)
( 7.61840108e-06, 5.45615371e-05)
( 7.29862694e-06, 5.26813409e-05)
( 6.96264539e-06, 5.06940472e-05)
( 6.61100166e-06, 4.86035951e-05)
( 6.24427351e-06, 4.64141275e-05)
( 5.86307020e-06, 4.41299838e-05)
( 5.46803149e-06, 4.17556905e-05)
( 5.05982650e-06, 3.92959528e-05)
( 4.63915256e-06, 3.67556453e-05)
( 4.20673395e-06, 3.41398022e-05)
( 3.76332066e-06, 3.14536076e-05)
( 3.30968697e-06, 2.87023852e-05)
( 2.84663014e-06, 2.58915879e-05)
( 2.37496889e-06, 2.30267868e-05)
( 1.89554193e-06, 2.01136609e-05)
( 1.40920644e-06, 1.71579852e-05)
( 9.16836441e-07, 1.41656195e-05)
( 4.19321200e-07, 1.11424975e-05)
(-8.24364344e-08, 8.09461422e-06)
(-5.87521739e-07, 5.02801486e-06)
(-1.09500983e-06, 1.94878261e-06)
(-1.60396743e-06,-1.13697318e-06)
(-2.11345464e-06,-4.22312908e-06)
(-2.62252672e-06,-7.30355961e-06)
(-3.13023593e-06,-1.03721493e-05)
(-3.63563337e-06,-1.34228047e-05)
(-4.13777077e-06,-1.64494663e-05)
(-4.63570240e-06,-1.94461206e-05)
(-5.12848687e-06,-2.24068119e-05)
(-5.61518899e-06,-2.53256538e-05)
(-6.09488164e-06,-2.81968413e-05)
(-6.56664760e-06,-3.10146616e-05)
(-7.02958133e-06,-3.37735057e-05)
(-7.48279085e-06,-3.64678794e-05)
(-7.92539948e-06,-3.90924143e-05)
(-8.35654765e-06,-4.16418779e-05)
(-8.77539457e-06,-4.41111842e-05)
(-9.18112005e-06,-4.64954040e-05)
(-9.57292608e-06,-4.87897741e-05)
(-9.95003852e-06,-5.09897069e-05)
(-1.03117087e-05,-5.30907997e-05)
(-1.06572149e-05,-5.50888429e-05)
(-1.09858641e-05,-5.69798287e-05)
(-1.12969931e-05,-5.87599590e-05)
(-1.15899702e-05,-6.04256525e-05)
(-1.18641963e-05,-6.19735524e-05)
(-1.21191065e-05,-6.34005326e-05)
(-1.23541710e-05,-6.47037040e-05)
(-1.25688966e-05,-6.58804203e-05)
(-1.27628274e-05,-6.69282831e-05)
(-1.29355461e-05,-6.78451468e-05)
(-1.30866750e-05,-6.86291230e-05)
(-1.32158765e-05,-6.92785840e-05)
(-1.33228544e-05,-6.97921661e-05)
(-1.34073543e-05,-7.01687725e-05)
(-1.34691640e-05,-7.04075753e-05)
(-1.35081148e-05,-7.05080177e-05)
(-1.35240811e-05,-7.04698143e-05)
(-1.35169815e-05,-7.02929525e-05)
(-1.34867785e-05,-6.99776923e-05)
(-1.34334792e-05,-6.95245658e-05)
(-1.33571351e-05,-6.89343762e-05)
(-1.32578423e-05,-6.82081966e-05)
(-1.31357413e-05,-6.73473674e-05)
(-1.29910168e-05,-6.63534945e-05)
(-1.28238978e-05,-6.52284455e-05)
(-1.26346569e-05,-6.39743464e-05)
(-1.24236101e-05,-6.25935776e-05)
(-1.21911161e-05,-6.10887692e-05)
(-1.19375758e-05,-5.94627956e-05)
(-1.16634317e-05,-5.77187706e-05)
(-1.13691669e-05,-5.58600406e-05)
(-1.10553046e-05,-5.38901785e-05)
(-1.07224068e-05,-5.18129769e-05)
(-1.03710733e-05,-4.96324401e-05)
(-1.00019409e-05,-4.73527771e-05)
(-9.61568199e-06,-4.49783926e-05)
(-9.21300321e-06,-4.25138789e-05)
(-8.79464431e-06,-3.99640068e-05)
(-8.36137667e-06,-3.73337164e-05)
(-7.91400179e-06,-3.46281070e-05)
(-7.45334980e-06,-3.18524277e-05)
(-6.98027784e-06,-2.90120667e-05)
(-6.49566841e-06,-2.61125410e-05)
(-6.00042764e-06,-2.31594855e-05)
(-5.49548350e-06,-2.01586420e-05)
(-4.98178405e-06,-1.71158478e-05)
(-4.46029550e-06,-1.40370246e-05)
(-3.93200034e-06,-1.09281664e-05)
(-3.39789541e-06,-7.79532821e-06)
(-2.85898987e-06,-4.64461390e-06)
(-2.31630325e-06,-1.48216426e-06)
(-1.77086337e-06, 1.68585499e-06)
(-1.22370432e-06, 4.85326536e-06)
(-6.75864357e-07, 8.01388772e-06)
(-1.28383836e-07, 1.11615545e-05)
( 4.17696889e-07, 1.42901215e-05)
( 9.61339578e-07, 1.73934806e-05)
( 1.50151018e-06, 2.04655712e-05)
( 2.03718094e-06, 2.35003922e-05)
( 2.56733250e-06, 2.64920143e-05)
( 3.09095596e-06, 2.94345909e-05)
( 3.60705492e-06, 3.23223703e-05)
( 4.11464753e-06, 3.51497067e-05)
( 4.61276849e-06, 3.79110715e-05)
( 5.10047106e-06, 4.06010637e-05)
( 5.57682892e-06, 4.32144214e-05)
( 6.04093818e-06, 4.57460313e-05)
( 6.49191914e-06, 4.81909395e-05)
( 6.92891817e-06, 5.05443607e-05)
( 7.35110945e-06, 5.28016880e-05)
( 7.75769667e-06, 5.49585018e-05)
( 8.14791467e-06, 5.70105789e-05)
( 8.52103107e-06, 5.89539003e-05)
( 8.87634772e-06, 6.07846595e-05)
( 9.21320223e-06, 6.24992698e-05)
( 9.53096930e-06, 6.40943718e-05)
( 9.82906200e-06, 6.55668395e-05)
( 1.01069331e-05, 6.69137869e-05)
( 1.03640761e-05, 6.81325736e-05)
( 1.06000263e-05, 6.92208099e-05)
( 1.08143619e-05, 7.01763618e-05)
( 1.10067048e-05, 7.09973549e-05)
( 1.11767213e-05, 7.16821785e-05)
( 1.13241231e-05, 7.22294884e-05)
( 1.14486676e-05, 7.26382101e-05)
( 1.15501584e-05, 7.29075403e-05)
( 1.16284463e-05, 7.30369491e-05)
( 1.16834288e-05, 7.30261807e-05)
( 1.17150510e-05, 7.28752542e-05)
( 1.17233052e-05, 7.25844633e-05)
( 1.17082314e-05, 7.21543758e-05)
( 1.16699170e-05, 7.15858329e-05)
( 1.16084967e-05, 7.08799471e-05)
( 1.15241521e-05, 7.00381000e-05)
( 1.14171115e-05, 6.90619401e-05)
( 1.12876496e-05, 6.79533790e-05)
( 1.11360863e-05, 6.67145881e-05)
( 1.09627869e-05, 6.53479938e-05)
( 1.07681608e-05, 6.38562735e-05)
( 1.05526609e-05, 6.22423494e-05)
( 1.03167823e-05, 6.05093835e-05)
( 1.00610620e-05, 5.86607711e-05)
( 9.78607719e-06, 5.67001339e-05)
( 9.49244418e-06, 5.46313132e-05)
( 9.18081733e-06, 5.24583621e-05)
( 8.85188755e-06, 5.01855376e-05)
( 8.50638095e-06, 4.78172922e-05)
( 8.14505726e-06, 4.53582650e-05)
( 7.76870836e-06, 4.28132726e-05)
( 7.37815660e-06, 4.01872997e-05)
( 6.97425310e-06, 3.74854892e-05)
( 6.55787601e-06, 3.47131317e-05)
( 6.12992871e-06, 3.18756556e-05)
( 5.69133790e-06, 2.89786160e-05)
( 5.24305175e-06, 2.60276840e-05)
( 4.78603787e-06, 2.30286350e-05)
( 4.32128139e-06, 1.99873379e-05)
( 3.84978285e-06, 1.69097429e-05)
( 3.37255620e-06, 1.38018704e-05)
( 2.89062663e-06, 1.06697985e-05)
( 2.40502855e-06, 7.51965118e-06)
( 1.91680334e-06, 4.35758631e-06)
( 1.42699731e-06, 1.18978336e-06)
( 9.36659430e-07,-1.97756878e-06)
( 4.46839258e-07,-5.13828405e-06)
(-4.14152943e-08,-8.28619146e-06)
(-5.27060100e-07,-1.14151473e-05)
(-1.00905698e-06,-1.45190471e-05)
(-1.48637584e-06,-1.75918382e-05)
(-1.95799681e-06,-2.06275311e-05)
(-2.42291236e-06,-2.36202115e-05)
(-2.88012935e-06,-2.65640523e-05)
(-3.32867112e-06,-2.94533248e-05)
(-3.76757948e-06,-3.22824100e-05)
(-4.19591670e-06,-3.50458097e-05)
(-4.61276744e-06,-3.77381576e-05)
(-5.01724068e-06,-4.03542297e-05)
(-5.40847149e-06,-4.28889546e-05)
(-5.78562289e-06,-4.53374234e-05)
(-6.14788754e-06,-4.76948996e-05)
(-6.49448942e-06,-4.99568284e-05)
(-6.82468542e-06,-5.21188455e-05)
(-7.13776693e-06,-5.41767859e-05)
(-7.43306122e-06,-5.61266918e-05)
(-7.70993293e-06,-5.79648207e-05)
(-7.96778531e-06,-5.96876526e-05)
(-8.20606151e-06,-6.12918970e-05)
(-8.42424572e-06,-6.27744989e-05)
(-8.62186422e-06,-6.41326455e-05)
(-8.79848641e-06,-6.53637712e-05)
(-8.95372568e-06,-6.64655626e-05)
(-9.08724025e-06,-6.74359633e-05)
(-9.19873385e-06,-6.82731777e-05)
(-9.28795638e-06,-6.89756741e-05)
(-9.35470442e-06,-6.95421885e-05)
(-9.39882172e-06,-6.99717262e-05)
(-9.42019947e-06,-7.02635640e-05)
(-9.41877660e-06,-7.04172514e-05)
(-9.39453993e-06,-7.04326117e-05)
(-9.34752420e-06,-7.03097417e-05)
(-9.27781205e-06,-7.00490120e-05)
(-9.18553387e-06,-6.96510657e-05)
(-9.07086759e-06,-6.91168169e-05)
(-8.93403831e-06,-6.84474494e-05)
(-8.77531791e-06,-6.76444136e-05)
(-8.59502454e-06,-6.67094238e-05)
(-8.39352196e-06,-6.56444544e-05)
(-8.17121891e-06,-6.44517364e-05)
(-7.92856823e-06,-6.31337521e-05)
(-7.66606608e-06,-6.16932308e-05)
(-7.38425088e-06,-6.01331426e-05)
(-7.08370234e-06,-5.84566928e-05)
(-6.76504024e-06,-5.66673154e-05)
(-6.42892330e-06,-5.47686659e-05)
(-6.07604784e-06,-5.27646140e-05)
(-5.70714643e-06,-5.06592361e-05)
(-5.32298642e-06,-4.84568066e-05)
(-4.92436849e-06,-4.61617896e-05)
(-4.51212502e-06,-4.37788300e-05)
(-4.08711847e-06,-4.13127440e-05)
(-3.65023970e-06,-3.87685093e-05)
(-3.20240617e-06,-3.61512555e-05)
(-2.74456019e-06,-3.34662534e-05)
(-2.27766698e-06,-3.07189048e-05)
(-1.80271286e-06,-2.79147314e-05)
(-1.32070321e-06,-2.50593638e-05)
(-8.32660551e-07,-2.21585305e-05)
(-3.39622475e-07,-1.92180461e-05)
( 1.57360377e-07,-1.62437998e-05)
( 6.57226418e-07,-1.32417437e-05)
( 1.15890520e-06,-1.02178809e-05)
( 1.66131957e-06,-7.17825346e-06)
( 2.16338775e-06,-4.12893045e-06)
( 2.66402558e-06,-1.07599574e-06)
( 3.16214857e-06, 1.97446404e-06)
( 3.65667412e-06, 5.01637162e-06)
( 4.14652371e-06, 8.04367122e-06)
( 4.63062496e-06, 1.10503406e-05)
( 5.10791385e-06, 1.40304029e-05)
( 5.57733684e-06, 1.69779387e-05)
( 6.03785296e-06, 1.98870978e-05)
( 6.48843591e-06, 2.27521104e-05)
( 6.92807615e-06, 2.55672991e-05)
( 7.35578289e-06, 2.83270898e-05)
( 7.77058615e-06, 3.10260230e-05)
( 8.17153869e-06, 3.36587642e-05)
( 8.55771795e-06, 3.62201148e-05)
( 8.92822793e-06, 3.87050223e-05)
( 9.28220103e-06, 4.11085902e-05)
( 9.61879984e-06, 4.34260876e-05)
( 9.93721884e-06, 4.56529588e-05)
( 1.02366861e-05, 4.77848318e-05)
( 1.05164649e-05, 4.98175275e-05)
( 1.07758553e-05, 5.17470673e-05)
( 1.10141955e-05, 5.35696812e-05)
( 1.12308632e-05, 5.52818154e-05)
( 1.14252775e-05, 5.68801389e-05)
( 1.15968994e-05, 5.83615498e-05)
( 1.17452332e-05, 5.97231822e-05)
( 1.18698281e-05, 6.09624107e-05)
( 1.19702786e-05, 6.20768564e-05)
( 1.20462257e-05, 6.30643908e-05)
( 1.20973578e-05, 6.39231404e-05)
( 1.21234115e-05, 6.46514898e-05)
( 1.21241719e-05, 6.52480853e-05)
( 1.20994738e-05, 6.57118371e-05)
( 1.20492017e-05, 6.60419212e-05)
( 1.19732903e-05, 6.62377814e-05)
( 1.18717251e-05, 6.62991296e-05)
( 1.17445422e-05, 6.62259467e-05)
( 1.15918287e-05, 6.60184823e-05)
( 1.14137226e-05, 6.56772542e-05)
( 1.12104128e-05, 6.52030469e-05)
( 1.09821390e-05, 6.45969103e-05)
( 1.07291911e-05, 6.38601570e-05)
( 1.04519093e-05, 6.29943600e-05)
( 1.01506833e-05, 6.20013491e-05)
( 9.82595185e-06, 6.08832074e-05)
( 9.47820225e-06, 5.96422667e-05)
( 9.10796939e-06, 5.82811029e-05)
( 8.71583508e-06, 5.68025308e-05)
( 8.30242706e-06, 5.52095983e-05)
( 7.86841799e-06, 5.35055801e-05)
( 7.41452440e-06, 5.16939714e-05)
( 6.94150545e-06, 4.97784805e-05)
( 6.45016173e-06, 4.77630213e-05)
( 5.94133383e-06, 4.56517059e-05)
( 5.41590097e-06, 4.34488356e-05)
( 4.87477948e-06, 4.11588929e-05)
( 4.31892121e-06, 3.87865322e-05)
( 3.74931187e-06, 3.63365703e-05)
( 3.16696932e-06, 3.38139772e-05)
( 2.57294174e-06, 3.12238658e-05)
( 1.96830583e-06, 2.85714816e-05)
( 1.35416486e-06, 2.58621926e-05)
( 7.31646663e-07, 2.31014782e-05)
( 1.01901663e-07, 2.02949186e-05)
(-5.33899249e-07, 1.74481833e-05)
(-1.17456683e-06, 1.45670201e-05)
(-1.81889566e-06, 1.16572435e-05)
(-2.46566637e-06, 8.72472305e-06)
(-3.11364786e-06, 5.77537195e-06)
(-3.76159962e-06, 2.81513499e-06)
(-4.40827403e-06,-1.50023092e-07)
(-5.05241867e-06,-3.11412955e-06)
(-5.69277870e-06,-6.07121543e-06)
(-6.32809926e-06,-9.01532748e-06)
(-6.95712777e-06,-1.19405399e-05)
(-7.57861642e-06,-1.48409662e-05)
(-8.19132448e-06,-1.77107707e-05)
(-8.79402077e-06,-2.05441802e-05)
(-9.38548596e-06,-2.33354955e-05)
(-9.96451504e-06,-2.60791026e-05)
(-1.05299196e-05,-2.87694836e-05)
(-1.10805302e-05,-3.14012282e-05)
(-1.16151988e-05,-3.39690436e-05)
(-1.21328007e-05,-3.64677657e-05)
(-1.26322374e-05,-3.88923690e-05)
(-1.31124383e-05,-4.12379763e-05)
(-1.35723629e-05,-4.34998688e-05)
(-1.40110033e-05,-4.56734952e-05)
(-1.44273860e-05,-4.77544804e-05)
(-1.48205742e-05,-4.97386348e-05)
(-1.51896692e-05,-5.16219618e-05)
(-1.55338131e-05,-5.34006664e-05)
(-1.58521900e-05,-5.50711622e-05)
(-1.61440281e-05,-5.66300785e-05)
(-1.64086014e-05,-5.80742674e-05)
(-1.66452312e-05,-5.94008093e-05)
(-1.68532879e-05,-6.06070192e-05)
(-1.70321919e-05,-6.16904520e-05)
(-1.71814157e-05,-6.26489067e-05)
(-1.73004847e-05,-6.34804316e-05)
(-1.73889787e-05,-6.41833275e-05)
(-1.74465326e-05,-6.47561513e-05)
(-1.74728378e-05,-6.51977188e-05)
(-1.74676430e-05,-6.55071070e-05)
(-1.74307548e-05,-6.56836561e-05)
(-1.73620385e-05,-6.57269705e-05)
(-1.72614189e-05,-6.56369198e-05)
(-1.71288804e-05,-6.54136390e-05)
(-1.69644677e-05,-6.50575283e-05)
(-1.67682858e-05,-6.45692523e-05)
(-1.65405001e-05,-6.39497383e-05)
(-1.62813369e-05,-6.32001753e-05)
(-1.59910825e-05,-6.23220110e-05)
(-1.56700839e-05,-6.13169492e-05)
(-1.53187477e-05,-6.01869464e-05)
(-1.49375401e-05,-5.89342081e-05)
(-1.45269861e-05,-5.75611842e-05)
(-1.40876691e-05,-5.60705644e-05)
(-1.36202298e-05,-5.44652732e-05)
(-1.31253655e-05,-5.27484634e-05)
(-1.26038290e-05,-5.09235106e-05)
(-1.20564276e-05,-4.89940064e-05)
(-1.14840215e-05,-4.69637512e-05)
(-1.08875228e-05,-4.48367469e-05)
(-1.02678940e-05,-4.26171890e-05)
(-9.62614620e-06,-4.03094584e-05)
(-8.96333776e-06,-3.79181126e-05)
(-8.28057223e-06,-3.54478771e-05)
(-7.57899664e-06,-3.29036360e-05)
(-6.85979952e-06,-3.02904223e-05)
(-6.12420883e-06,-2.76134079e-05)
(-5.37348980e-06,-2.48778941e-05)
(-4.60894276e-06,-2.20893004e-05)
(-3.83190076e-06,-1.92531542e-05)
(-3.04372726e-06,-1.63750801e-05)
(-2.24581363e-06,-1.34607886e-05)
(-1.43957663e-06,-1.05160651e-05)
(-6.26455845e-07,-7.54675818e-06)
( 1.92088970e-07,-4.55876856e-06)
( 1.01458061e-06,-1.55803719e-06)
( 1.83952711e-06, 1.44946632e-06)
( 2.66542461e-06, 4.45775547e-06)
( 3.49076013e-06, 7.46083863e-06)
( 4.31401445e-06, 1.04527308e-05)
( 5.13366499e-06, 1.34274656e-05)
( 5.94818873e-06, 1.63791066e-05)
( 6.75606515e-06, 1.93017594e-05)
( 7.55577914e-06, 2.21895832e-05)
( 8.34582397e-06, 2.50368021e-05)
( 9.12470419e-06, 2.78377166e-05)
( 9.89093862e-06, 3.05867151e-05)
( 1.06430632e-05, 3.32782845e-05)
( 1.13796340e-05, 3.59070216e-05)
( 1.20992300e-05, 3.84676434e-05)
( 1.28004560e-05, 4.09549976e-05)
( 1.34819452e-05, 4.33640732e-05)
( 1.41423625e-05, 4.56900100e-05)
( 1.47804066e-05, 4.79281084e-05)
( 1.53948131e-05, 5.00738386e-05)
( 1.59843569e-05, 5.21228500e-05)
( 1.65478548e-05, 5.40709794e-05)
( 1.70841679e-05, 5.59142595e-05)
( 1.75922042e-05, 5.76489270e-05)
( 1.80709205e-05, 5.92714297e-05)
( 1.85193252e-05, 6.07784340e-05)
( 1.89364800e-05, 6.21668317e-05)
( 1.93215019e-05, 6.34337455e-05)
( 1.96735655e-05, 6.45765359e-05)
( 1.99919044e-05, 6.55928057e-05)
( 2.02758134e-05, 6.64804051e-05)
( 2.05246497e-05, 6.72374364e-05)
( 2.07378345e-05, 6.78622576e-05)
( 2.09148544e-05, 6.83534858e-05)
( 2.10552628e-05, 6.87100005e-05)
( 2.11586806e-05, 6.89309453e-05)
( 2.12247977e-05, 6.90157305e-05)
( 2.12533734e-05, 6.89640341e-05)
( 2.12442374e-05, 6.87758025e-05)
( 2.11972903e-05, 6.84512513e-05)
( 2.11125039e-05, 6.79908646e-05)
( 2.09899218e-05, 6.73953943e-05)
( 2.08296593e-05, 6.66658595e-05)
( 2.06319034e-05, 6.58035437e-05)
( 2.03969129e-05, 6.48099932e-05)
( 2.01250180e-05, 6.36870141e-05)
( 1.98166197e-05, 6.24366690e-05)
( 1.94721895e-05, 6.10612729e-05)
( 1.90922688e-05, 5.95633894e-05)
( 1.86774675e-05, 5.79458252e-05)
( 1.82284636e-05, 5.62116254e-05)
( 1.77460017e-05, 5.43640674e-05)
( 1.72308921e-05, 5.24066547e-05)
( 1.66840090e-05, 5.03431104e-05)
( 1.61062892e-05, 4.81773697e-05)
( 1.54987302e-05, 4.59135728e-05)
( 1.48623890e-05, 4.35560566e-05)
( 1.41983793e-05, 4.11093466e-05)
( 1.35078703e-05, 3.85781480e-05)
( 1.27920841e-05, 3.59673369e-05)
( 1.20522934e-05, 3.32819504e-05)
( 1.12898194e-05, 3.05271772e-05)
( 1.05060291e-05, 2.77083478e-05)
( 9.70233287e-06, 2.48309233e-05)
( 8.88018170e-06, 2.19004859e-05)
( 8.04106444e-06, 1.89227271e-05)
( 7.18650502e-06, 1.59034370e-05)
( 6.31805951e-06, 1.28484934e-05)
( 5.43731310e-06, 9.76384956e-06)
( 4.54587709e-06, 6.65552317e-06)
( 3.64538579e-06, 3.52958438e-06)
( 2.73749331e-06, 3.92143932e-07)
( 1.82387038e-06,-2.75065877e-06)
( 9.06201132e-07,-5.89266772e-06)
(-1.38202517e-08,-9.02772237e-06)
(-9.34492790e-07,-1.21496697e-05)
(-1.85411204e-06,-1.52523765e-05)
(-2.77097345e-06,-1.83297410e-05)
(-3.68337569e-06,-2.13757054e-05)
(-4.58962399e-06,-2.43842675e-05)
(-5.48803349e-06,-2.73494926e-05)
(-6.37693254e-06,-3.02655252e-05)
(-7.25466602e-06,-3.31266007e-05)
(-8.11959858e-06,-3.59270567e-05)
(-8.97011788e-06,-3.86613443e-05)
(-9.80463777e-06,-4.13240388e-05)
(-1.06216015e-05,-4.39098509e-05)
(-1.14194845e-05,-4.64136372e-05)
(-1.21967981e-05,-4.88304100e-05)
(-1.29520915e-05,-5.11553476e-05)
(-1.36839555e-05,-5.33838038e-05)
(-1.43910248e-05,-5.55113175e-05)
(-1.50719810e-05,-5.75336210e-05)
(-1.57255548e-05,-5.94466490e-05)
(-1.63505290e-05,-6.12465469e-05)
(-1.69457407e-05,-6.29296782e-05)
(-1.75100835e-05,-6.44926319e-05)
(-1.80425099e-05,-6.59322296e-05)
(-1.85420330e-05,-6.72455319e-05)
(-1.90077291e-05,-6.84298443e-05)
(-1.94387388e-05,-6.94827226e-05)
(-1.98342691e-05,-7.04019780e-05)
(-2.01935949e-05,-7.11856820e-05)
(-2.05160604e-05,-7.18321698e-05)
(-2.08010804e-05,-7.23400441e-05)
(-2.10481412e-05,-7.27081781e-05)
(-2.12568021e-05,-7.29357178e-05)
(-2.14266958e-05,-7.30220840e-05)
(-2.15575292e-05,-7.29669736e-05)
(-2.16490841e-05,-7.27703604e-05)
(-2.17012174e-05,-7.24324957e-05)
(-2.17138613e-05,-7.19539072e-05)
(-2.16870239e-05,-7.13353992e-05)
(-2.16207885e-05,-7.05780504e-05)
(-2.15153136e-05,-6.96832126e-05)
(-2.13708328e-05,-6.86525076e-05)
(-2.11876538e-05,-6.74878249e-05)
(-2.09661583e-05,-6.61913177e-05)
(-2.07068008e-05,-6.47653989e-05)
(-2.04101076e-05,-6.32127367e-05)
(-2.00766761e-05,-6.15362495e-05)
(-1.97071732e-05,-5.97391002e-05)
(-1.93023339e-05,-5.78246903e-05)
(-1.88629601e-05,-5.57966532e-05)
(-1.83899188e-05,-5.36588473e-05)
(-1.78841402e-05,-5.14153485e-05)
(-1.73466158e-05,-4.90704424e-05)
(-1.67783968e-05,-4.66286159e-05)
(-1.61805914e-05,-4.40945485e-05)
(-1.55543630e-05,-4.14731034e-05)
(-1.49009274e-05,-3.87693175e-05)
(-1.42215508e-05,-3.59883924e-05)
(-1.35175472e-05,-3.31356835e-05)
(-1.27902754e-05,-3.02166899e-05)
(-1.20411365e-05,-2.72370435e-05)
(-1.12715713e-05,-2.42024983e-05)
(-1.04830570e-05,-2.11189187e-05)
(-9.67710480e-06,-1.79922682e-05)
(-8.85525628e-06,-1.48285979e-05)
(-8.01908080e-06,-1.16340342e-05)
(-7.17017224e-06,-8.41476717e-06)
(-6.31014585e-06,-5.17703823e-06)
(-5.44063508e-06,-1.92712779e-06)
(-4.56328838e-06, 1.32865696e-06)
(-3.67976594e-06, 4.58399454e-06)
(-2.79173647e-06, 7.83256156e-06)
(-1.90087394e-06, 1.10680452e-05)
(-1.00885431e-06, 1.42841558e-05)
(-1.17352277e-07, 1.74746389e-05)
( 7.71961960e-07, 2.06332878e-05)
( 1.65742593e-06, 2.37539560e-05)
( 2.53738809e-06, 2.68305689e-05)
( 3.41021101e-06, 2.98571360e-05)
( 4.27427446e-06, 3.28277627e-05)
( 5.12797859e-06, 3.57366621e-05)
( 5.96974688e-06, 3.85781660e-05)
( 6.79802918e-06, 4.13467365e-05)
( 7.61130464e-06, 4.40369768e-05)
( 8.40808453e-06, 4.66436417e-05)
( 9.18691510e-06, 4.91616484e-05)
( 9.94638022e-06, 5.15860857e-05)
( 1.06851041e-05, 5.39122248e-05)
( 1.14017536e-05, 5.61355277e-05)
( 1.20950412e-05, 5.82516566e-05)
( 1.27637266e-05, 6.02564824e-05)
( 1.34066198e-05, 6.21460927e-05)
( 1.40225826e-05, 6.39167999e-05)
( 1.46105310e-05, 6.55651480e-05)
( 1.51694369e-05, 6.70879196e-05)
( 1.56983302e-05, 6.84821424e-05)
( 1.61963003e-05, 6.97450949e-05)
( 1.66624977e-05, 7.08743116e-05)
( 1.70961354e-05, 7.18675881e-05)
( 1.74964905e-05, 7.27229855e-05)
( 1.78629051e-05, 7.34388337e-05)
( 1.81947874e-05, 7.40137352e-05)
( 1.84916130e-05, 7.44465677e-05)
( 1.87529251e-05, 7.47364860e-05)
( 1.89783357e-05, 7.48829239e-05)
( 1.91675259e-05, 7.48855951e-05)
( 1.93202465e-05, 7.47444941e-05)
( 1.94363178e-05, 7.44598954e-05)
( 1.95156305e-05, 7.40323538e-05)
( 1.95581450e-05, 7.34627026e-05)
( 1.95638915e-05, 7.27520522e-05)
( 1.95329700e-05, 7.19017876e-05)
( 1.94655496e-05, 7.09135659e-05)
( 1.93618680e-05, 6.97893129e-05)
( 1.92222310e-05, 6.85312189e-05)
( 1.90470116e-05, 6.71417348e-05)
( 1.88366492e-05, 6.56235670e-05)
( 1.85916484e-05, 6.39796717e-05)
( 1.83125781e-05, 6.22132494e-05)
( 1.80000699e-05, 6.03277385e-05)
( 1.76548172e-05, 5.83268080e-05)
( 1.72775732e-05, 5.62143510e-05)
( 1.68691497e-05, 5.39944759e-05)
( 1.64304151e-05, 5.16714993e-05)
( 1.59622930e-05, 4.92499367e-05)
( 1.54657597e-05, 4.67344939e-05)
( 1.49418429e-05, 4.41300573e-05)
( 1.43916189e-05, 4.14416848e-05)
( 1.38162112e-05, 3.86745953e-05)
( 1.32167877e-05, 3.58341585e-05)
( 1.25945585e-05, 3.29258844e-05)
( 1.19507735e-05, 2.99554122e-05)
( 1.12867203e-05, 2.69284993e-05)
( 1.06037212e-05, 2.38510101e-05)
( 9.90313070e-06, 2.07289042e-05)
( 9.18633317e-06, 1.75682246e-05)
( 8.45473991e-06, 1.43750861e-05)
( 7.70978653e-06, 1.11556631e-05)
( 6.95293020e-06, 7.91617740e-06)
( 6.18564682e-06, 4.66288614e-06)
( 5.40942826e-06, 1.40206947e-06)
( 4.62577949e-06,-1.85998181e-06)
( 3.83621577e-06,-5.11697848e-06)
( 3.04225976e-06,-8.36264524e-06)
( 2.24543867e-06,-1.15907330e-05)
( 1.44728138e-06,-1.47950310e-05)
( 6.49315618e-07,-1.79693789e-05)
(-1.46934957e-07,-2.11076790e-05)
(-9.39953521e-07,-2.42039078e-05)
(-1.72823296e-06,-2.72521279e-05)
(-2.51027861e-06,-3.02464992e-05)
(-3.28461109e-06,-3.31812908e-05)
(-4.04976895e-06,-3.60508916e-05)
(-4.80431143e-06,-3.88498211e-05)
(-5.54682107e-06,-4.15727403e-05)
(-6.27590632e-06,-4.42144617e-05)
(-6.99020411e-06,-4.67699596e-05)
(-7.68838228e-06,-4.92343791e-05)
(-8.36914209e-06,-5.16030461e-05)
(-9.03122053e-06,-5.38714757e-05)
(-9.67339263e-06,-5.60353811e-05)
(-1.02944737e-05,-5.80906813e-05)
(-1.08933214e-05,-6.00335094e-05)
(-1.14688380e-05,-6.18602193e-05)
(-1.20199721e-05,-6.35673930e-05)
(-1.25457208e-05,-6.51518466e-05)
(-1.30451313e-05,-6.66106366e-05)
(-1.35173026e-05,-6.79410652e-05)
(-1.39613873e-05,-6.91406850e-05)
(-1.43765931e-05,-7.02073038e-05)
(-1.47621840e-05,-7.11389886e-05)
(-1.51174819e-05,-7.19340686e-05)
(-1.54418675e-05,-7.25911387e-05)
(-1.57347818e-05,-7.31090612e-05)
(-1.59957267e-05,-7.34869685e-05)
(-1.62242661e-05,-7.37242637e-05)
(-1.64200266e-05,-7.38206219e-05)
(-1.65826984e-05,-7.37759903e-05)
(-1.67120354e-05,-7.35905878e-05)
(-1.68078559e-05,-7.32649047e-05)
(-1.68700428e-05,-7.27997009e-05)
(-1.68985441e-05,-7.21960041e-05)
(-1.68933726e-05,-7.14551081e-05)
(-1.68546059e-05,-7.05785689e-05)
(-1.67823865e-05,-6.95682023e-05)
(-1.66769212e-05,-6.84260795e-05)
(-1.65384810e-05,-6.71545229e-05)
(-1.63674003e-05,-6.57561013e-05)
(-1.61640767e-05,-6.42336246e-05)
(-1.59289696e-05,-6.25901377e-05)
(-1.56626001e-05,-6.08289151e-05)
(-1.53655493e-05,-5.89534534e-05)
(-1.50384579e-05,-5.69674647e-05)
(-1.46820243e-05,-5.48748691e-05)
(-1.42970041e-05,-5.26797868e-05)
(-1.38842080e-05,-5.03865298e-05)
(-1.34445005e-05,-4.79995934e-05)
(-1.29787986e-05,-4.55236474e-05)
(-1.24880697e-05,-4.29635267e-05)
(-1.19733299e-05,-4.03242217e-05)
(-1.14356421e-05,-3.76108687e-05)
(-1.08761143e-05,-3.48287396e-05)
(-1.02958969e-05,-3.19832318e-05)
(-9.69618113e-06,-2.90798573e-05)
(-9.07819653e-06,-2.61242323e-05)
(-8.44320866e-06,-2.31220661e-05)
(-7.79251671e-06,-2.00791500e-05)
(-7.12745107e-06,-1.70013462e-05)
(-6.44937080e-06,-1.38945761e-05)
(-5.75966099e-06,-1.07648093e-05)
(-5.05973018e-06,-7.61805183e-06)
(-4.35100764e-06,-4.46033465e-06)
(-3.63494061e-06,-1.29770206e-06)
(-2.91299154e-06, 1.86379993e-06)
(-2.18663525e-06, 5.01813512e-06)
(-1.45735609e-06, 8.15928868e-06)
(-7.26645032e-07, 1.12812786e-05)
( 4.00321214e-09, 1.43781673e-05)
( 7.33093129e-07, 1.74440723e-05)
( 1.45913133e-06, 2.04731783e-05)
( 2.18062951e-06, 2.34597474e-05)
( 2.89610736e-06, 2.63981303e-05)
( 3.60409555e-06, 2.92827769e-05)
( 4.30313863e-06, 3.21082469e-05)
( 4.99179795e-06, 3.48692196e-05)
( 5.66865455e-06, 3.75605044e-05)
( 6.33231206e-06, 4.01770500e-05)
( 6.98139950e-06, 4.27139544e-05)
( 7.61457407e-06, 4.51664735e-05)
( 8.23052398e-06, 4.75300302e-05)
( 8.82797105e-06, 4.98002228e-05)
( 9.40567347e-06, 5.19728332e-05)
( 9.96242830e-06, 5.40438344e-05)
( 1.04970741e-05, 5.60093985e-05)
( 1.10084933e-05, 5.78659029e-05)
( 1.14956146e-05, 5.96099377e-05)
( 1.19574153e-05, 6.12383111e-05)
( 1.23929236e-05, 6.27480560e-05)
( 1.28012205e-05, 6.41364345e-05)
( 1.31814421e-05, 6.54009437e-05)
( 1.35327813e-05, 6.65393191e-05)
( 1.38544898e-05, 6.75495395e-05)
( 1.41458797e-05, 6.84298301e-05)
( 1.44063252e-05, 6.91786653e-05)
( 1.46352641e-05, 6.97947719e-05)
( 1.48321990e-05, 7.02771307e-05)
( 1.49966986e-05, 7.06249782e-05)
( 1.51283991e-05, 7.08378078e-05)
( 1.52270048e-05, 7.09153705e-05)
( 1.52922890e-05, 7.08576747e-05)
( 1.53240951e-05, 7.06649865e-05)
( 1.53223366e-05, 7.03378281e-05)
( 1.52869979e-05, 6.98769772e-05)
( 1.52181346e-05, 6.92834648e-05)
( 1.51158735e-05, 6.85585730e-05)
( 1.49804125e-05, 6.77038326e-05)
( 1.48120207e-05, 6.67210193e-05)
( 1.46110380e-05, 6.56121506e-05)
( 1.43778744e-05, 6.43794816e-05)
( 1.41130100e-05, 6.30255002e-05)
( 1.38169935e-05, 6.15529224e-05)
( 1.34904417e-05, 5.99646870e-05)
( 1.31340387e-05, 5.82639493e-05)
( 1.27485341e-05, 5.64540755e-05)
( 1.23347421e-05, 5.45386358e-05)
( 1.18935398e-05, 5.25213973e-05)
( 1.14258658e-05, 5.04063171e-05)
( 1.09327180e-05, 4.81975343e-05)
( 1.04151523e-05, 4.58993620e-05)
( 9.87427980e-06, 4.35162792e-05)
( 9.31126543e-06, 4.10529219e-05)
( 8.72732505e-06, 3.85140743e-05)
( 8.12372327e-06, 3.59046598e-05)
( 7.50177088e-06, 3.32297312e-05)
( 6.86282216e-06, 3.04944614e-05)
( 6.20827211e-06, 2.77041331e-05)
( 5.53955364e-06, 2.48641293e-05)
( 4.85813450e-06, 2.19799223e-05)
( 4.16551428e-06, 1.90570641e-05)
( 3.46322123e-06, 1.61011750e-05)
( 2.75280905e-06, 1.31179335e-05)
( 2.03585354e-06, 1.01130654e-05)
( 1.31394927e-06, 7.09233275e-06)
( 5.88706083e-07, 4.06152310e-06)
(-1.38254320e-07, 1.02643841e-06)
(-8.65301983e-07,-2.00711583e-06)
(-1.59080224e-06,-5.03334171e-06)
(-2.31311932e-06,-8.04645978e-06)
(-3.03061999e-06,-1.10407200e-05)
(-3.74167719e-06,-1.40104127e-05)
(-4.44467370e-06,-1.69498793e-05)
(-5.13800576e-06,-1.98535229e-05)
(-5.82008672e-06,-2.27158190e-05)
(-6.48935070e-06,-2.55313261e-05)
(-7.14425614e-06,-2.82946955e-05)
(-7.78328936e-06,-3.10006817e-05)
(-8.40496811e-06,-3.36441526e-05)
(-9.00784503e-06,-3.62200984e-05)
(-9.59051102e-06,-3.87236419e-05)
(-1.01515986e-05,-4.11500472e-05)
(-1.06897853e-05,-4.34947287e-05)
(-1.12037965e-05,-4.57532599e-05)
(-1.16924089e-05,-4.79213818e-05)
(-1.21544532e-05,-4.99950107e-05)
(-1.25888172e-05,-5.19702459e-05)
(-1.29944486e-05,-5.38433777e-05)
(-1.33703572e-05,-5.56108933e-05)
(-1.37156180e-05,-5.72694847e-05)
(-1.40293731e-05,-5.88160538e-05)
(-1.43108343e-05,-6.02477191e-05)
(-1.45592850e-05,-6.15618207e-05)
(-1.47740818e-05,-6.27559256e-05)
(-1.49546571e-05,-6.38278321e-05)
(-1.51005200e-05,-6.47755739e-05)
(-1.52112577e-05,-6.55974243e-05)
(-1.52865374e-05,-6.62918990e-05)
(-1.53261067e-05,-6.68577591e-05)
(-1.53297949e-05,-6.72940134e-05)
(-1.52975134e-05,-6.75999204e-05)
(-1.52292566e-05,-6.77749896e-05)
(-1.51251020e-05,-6.78189826e-05)
(-1.49852101e-05,-6.77319132e-05)
(-1.48098249e-05,-6.75140479e-05)
(-1.45992733e-05,-6.71659051e-05)
(-1.43539644e-05,-6.66882539e-05)
(-1.40743896e-05,-6.60821131e-05)
(-1.37611209e-05,-6.53487493e-05)
(-1.34148105e-05,-6.44896738e-05)
(-1.30361891e-05,-6.35066405e-05)
(-1.26260650e-05,-6.24016422e-05)
(-1.21853220e-05,-6.11769069e-05)
(-1.17149176e-05,-5.98348934e-05)
(-1.12158817e-05,-5.83782868e-05)
(-1.06893133e-05,-5.68099933e-05)
(-1.01363794e-05,-5.51331345e-05)
(-9.55831141e-06,-5.33510417e-05)
(-8.95640321e-06,-5.14672492e-05)
(-8.33200795e-06,-4.94854879e-05)
(-7.68653517e-06,-4.74096778e-05)
(-7.02144764e-06,-4.52439203e-05)
(-6.33825812e-06,-4.29924911e-05)
(-5.63852588e-06,-4.06598309e-05)
(-4.92385322e-06,-3.82505379e-05)
(-4.19588182e-06,-3.57693579e-05)
(-3.45628892e-06,-3.32211760e-05)
(-2.70678352e-06,-3.06110065e-05)
(-1.94910240e-06,-2.79439837e-05)
(-1.18500605e-06,-2.52253514e-05)
(-4.16274649e-07,-2.24604533e-05)
( 3.55296207e-07,-1.96547223e-05)
( 1.12789965e-06,-1.68136697e-05)
( 1.89972186e-06,-1.39428751e-05)
( 2.66894631e-06,-1.10479748e-05)
( 3.43375815e-06,-8.13465130e-06)
( 4.19234846e-06,-5.20862211e-06)
( 4.94291866e-06,-2.27562835e-06)
( 5.68368476e-06, 6.58576324e-07)
( 6.41288170e-06, 3.58823707e-06)
( 7.12876762e-06, 6.50760914e-06)
( 7.82962803e-06, 9.41096918e-06)
( 8.51378005e-06, 1.22926265e-05)
( 9.17957647e-06, 1.51469345e-05)
( 9.82540978e-06, 1.79683012e-05)
( 1.04497162e-05, 2.07512011e-05)
( 1.10509792e-05, 2.34901857e-05)
( 1.16277340e-05, 2.61798942e-05)
( 1.21785701e-05, 2.88150643e-05)
( 1.27021359e-05, 3.13905427e-05)
( 1.31971412e-05, 3.39012954e-05)
( 1.36623611e-05, 3.63424175e-05)
( 1.40966385e-05, 3.87091431e-05)
( 1.44988874e-05, 4.09968550e-05)
( 1.48680956e-05, 4.32010936e-05)
( 1.52033271e-05, 4.53175663e-05)
( 1.55037247e-05, 4.73421556e-05)
( 1.57685122e-05, 4.92709279e-05)
( 1.59969960e-05, 5.11001410e-05)
( 1.61885678e-05, 5.28262518e-05)
( 1.63427051e-05, 5.44459236e-05)
( 1.64589736e-05, 5.59560326e-05)
( 1.65370278e-05, 5.73536747e-05)
( 1.65766120e-05, 5.86361706e-05)
( 1.65775613e-05, 5.98010723e-05)
( 1.65398021e-05, 6.08461670e-05)
( 1.64633521e-05, 6.17694826e-05)
( 1.63483207e-05, 6.25692912e-05)
( 1.61949088e-05, 6.32441127e-05)
( 1.60034082e-05, 6.37927181e-05)
( 1.57742014e-05, 6.42141318e-05)
( 1.55077603e-05, 6.45076340e-05)
( 1.52046455e-05, 6.46727617e-05)
( 1.48655052e-05, 6.47093101e-05)
( 1.44910730e-05, 6.46173332e-05)
( 1.40821670e-05, 6.43971434e-05)
( 1.36396874e-05, 6.40493110e-05)
( 1.31646147e-05, 6.35746633e-05)
( 1.26580070e-05, 6.29742829e-05)
( 1.21209979e-05, 6.22495054e-05)
( 1.15547938e-05, 6.14019169e-05)
( 1.09606704e-05, 6.04333507e-05)
( 1.03399706e-05, 5.93458837e-05)
( 9.69410048e-06, 5.81418322e-05)
( 9.02452643e-06, 5.68237471e-05)
( 8.33277137e-06, 5.53944085e-05)
( 7.62041118e-06, 5.38568206e-05)
( 6.88907089e-06, 5.22142052e-05)
( 6.14042077e-06, 5.04699948e-05)
( 5.37617231e-06, 4.86278262e-05)
( 4.59807404e-06, 4.66915326e-05)
( 3.80790737e-06, 4.46651358e-05)
( 3.00748229e-06, 4.25528381e-05)
( 2.19863295e-06, 4.03590132e-05)
( 1.38321329e-06, 3.80881976e-05)
( 5.63092514e-07, 3.57450809e-05)
(-2.59849343e-07, 3.33344965e-05)
(-1.08372602e-06, 3.08614110e-05)
(-1.90664950e-06, 2.83309145e-05)
(-2.72673460e-06, 2.57482094e-05)
(-3.54210347e-06, 2.31186003e-05)
(-4.35089011e-06, 2.04474823e-05)
(-5.15124481e-06, 1.77403301e-05)
(-5.94133861e-06, 1.50026868e-05)
(-6.71936759e-06, 1.22401517e-05)
(-7.48355725e-06, 9.45836925e-06)
(-8.23216665e-06, 6.66301696e-06)
(-8.96349254e-06, 3.85979360e-06)
(-9.67587339e-06, 1.05440728e-06)
(-1.03676933e-05,-1.74743647e-06)
(-1.10373857e-05,-4.54004665e-06)
(-1.16834371e-05,-7.31775868e-06)
(-1.23043906e-05,-1.00749463e-05)
(-1.28988491e-05,-1.28060331e-05)
(-1.34654787e-05,-1.55055048e-05)
(-1.40030116e-05,-1.81679200e-05)
(-1.45102488e-05,-2.07879221e-05)
(-1.49860633e-05,-2.33602504e-05)
(-1.54294019e-05,-2.58797511e-05)
(-1.58392881e-05,-2.83413877e-05)
(-1.62148237e-05,-3.07402523e-05)
(-1.65551912e-05,-3.30715751e-05)
(-1.68596550e-05,-3.53307346e-05)
(-1.71275632e-05,-3.75132676e-05)
(-1.73583487e-05,-3.96148776e-05)
(-1.75515302e-05,-4.16314448e-05)
(-1.77067132e-05,-4.35590336e-05)
(-1.78235906e-05,-4.53939015e-05)
(-1.79019428e-05,-4.71325064e-05)
(-1.79416381e-05,-4.87715140e-05)
(-1.79426328e-05,-5.03078045e-05)
(-1.79049705e-05,-5.17384792e-05)
(-1.78287818e-05,-5.30608661e-05)
(-1.77142836e-05,-5.42725254e-05)
(-1.75617784e-05,-5.53712541e-05)
(-1.73716527e-05,-5.63550908e-05)
(-1.71443761e-05,-5.72223191e-05)
(-1.68804994e-05,-5.79714709e-05)
(-1.65806531e-05,-5.86013293e-05)
(-1.62455456e-05,-5.91109306e-05)
(-1.58759606e-05,-5.94995659e-05)
(-1.54727554e-05,-5.97667821e-05)
(-1.50368582e-05,-5.99123826e-05)
(-1.45692654e-05,-5.99364269e-05)
(-1.40710389e-05,-5.98392301e-05)
(-1.35433033e-05,-5.96213616e-05)
(-1.29872429e-05,-5.92836432e-05)
(-1.24040982e-05,-5.88271472e-05)
(-1.17951631e-05,-5.82531929e-05)
(-1.11617809e-05,-5.75633436e-05)
(-1.05053417e-05,-5.67594022e-05)
(-9.82727782e-06,-5.58434071e-05)
(-9.12906088e-06,-5.48176270e-05)
(-8.41219776e-06,-5.36845553e-05)
(-7.67822694e-06,-5.24469041e-05)
(-6.92871465e-06,-5.11075976e-05)
(-6.16525101e-06,-4.96697654e-05)
(-5.38944621e-06,-4.81367348e-05)
(-4.60292657e-06,-4.65120229e-05)
(-3.80733071e-06,-4.47993288e-05)
(-3.00430563e-06,-4.30025242e-05)
(-2.19550291e-06,-4.11256450e-05)
(-1.38257485e-06,-3.91728817e-05)
(-5.67170699e-07,-3.71485696e-05)
( 2.49067043e-07,-3.50571788e-05)
( 1.06450633e-06,-3.29033040e-05)
( 1.87752912e-06,-3.06916539e-05)
( 2.68653495e-06,-2.84270404e-05)
( 3.48994428e-06,-2.61143675e-05)
( 4.28620188e-06,-2.37586202e-05)
( 5.07378002e-06,-2.13648534e-05)
( 5.85118157e-06,-1.89381798e-05)
( 6.61694299e-06,-1.64837590e-05)
( 7.36963718e-06,-1.40067856e-05)
( 8.10787618e-06,-1.15124773e-05)
( 8.83031375e-06,-9.00606360e-06)
( 9.53564781e-06,-6.49277370e-06)
( 1.02226227e-05,-3.97782511e-06)
( 1.08900312e-05,-1.46641197e-06)
( 1.15367166e-05, 1.03630650e-06)
( 1.21615746e-05, 3.52521732e-06)
( 1.27635546e-05, 5.99526504e-06)
( 1.33416613e-05, 8.44146279e-06)
( 1.38949560e-05, 1.08589032e-05)
( 1.44225579e-05, 1.32427688e-05)
( 1.49236444e-05, 1.55883430e-05)
( 1.53974525e-05, 1.78910194e-05)
( 1.58432791e-05, 2.01463124e-05)
( 1.62604812e-05, 2.23498661e-05)
( 1.66484766e-05, 2.44974639e-05)
( 1.70067435e-05, 2.65850369e-05)
( 1.73348204e-05, 2.86086728e-05)
( 1.76323062e-05, 3.05646233e-05)
( 1.78988594e-05, 3.24493123e-05)
( 1.81341975e-05, 3.42593427e-05)
( 1.83380965e-05, 3.59915030e-05)
( 1.85103896e-05, 3.76427738e-05)
( 1.86509666e-05, 3.92103333e-05)
( 1.87597722e-05, 4.06915628e-05)
( 1.88368050e-05, 4.20840510e-05)
( 1.88821162e-05, 4.33855986e-05)
( 1.88958075e-05, 4.45942217e-05)
( 1.88780299e-05, 4.57081551e-05)
( 1.88289816e-05, 4.67258548e-05)
( 1.87489064e-05, 4.76460001e-05)
( 1.86380914e-05, 4.84674950e-05)
( 1.84968653e-05, 4.91894690e-05)
( 1.83255959e-05, 4.98112780e-05)
( 1.81246882e-05, 5.03325032e-05)
( 1.78945821e-05, 5.07529515e-05)
( 1.76357499e-05, 5.10726532e-05)
( 1.73486942e-05, 5.12918607e-05)
( 1.70339456e-05, 5.14110460e-05)
( 1.66920600e-05, 5.14308976e-05)
( 1.63236163e-05, 5.13523175e-05)
( 1.59292143e-05, 5.11764168e-05)
( 1.55094720e-05, 5.09045114e-05)
( 1.50650233e-05, 5.05381171e-05)
( 1.45965154e-05, 5.00789442e-05)
( 1.41046070e-05, 4.95288912e-05)
( 1.35899655e-05, 4.88900392e-05)
( 1.30532649e-05, 4.81646442e-05)
( 1.24951837e-05, 4.73551308e-05)
( 1.19164024e-05, 4.64640839e-05)
( 1.13176016e-05, 4.54942411e-05)
( 1.06994603e-05, 4.44484841e-05)
( 1.00626531e-05, 4.33298303e-05)
( 9.40784915e-06, 4.21414236e-05)
( 8.73570960e-06, 4.08865252e-05)
( 8.04688635e-06, 3.95685040e-05)
( 7.34202014e-06, 3.81908267e-05)
( 6.62173902e-06, 3.67570479e-05)
( 5.88665680e-06, 3.52707998e-05)
( 5.13737160e-06, 3.37357814e-05)
( 4.37446455e-06, 3.21557487e-05)
( 3.59849845e-06, 3.05345030e-05)
( 2.81001657e-06, 2.88758809e-05)
( 2.00954152e-06, 2.71837426e-05)
( 1.19757412e-06, 2.54619615e-05)
( 3.74592406e-07, 2.37144126e-05)
(-4.58949418e-07, 2.19449617e-05)
(-1.30262192e-06, 2.01574542e-05)
(-2.15602140e-06, 1.83557038e-05)
(-3.01877089e-06, 1.65434814e-05)
(-3.89052108e-06, 1.47245044e-05)
(-4.77095140e-06, 1.29024249e-05)
(-5.65977110e-06, 1.10808192e-05)
(-6.55672044e-06, 9.26317641e-06)
(-7.46157206e-06, 7.45288792e-06)
(-8.37413252e-06, 5.65323603e-06)
(-9.29424399e-06, 3.86738318e-06)
(-1.02217863e-05, 2.09836099e-06)
(-1.11566796e-05, 3.49059274e-07)
(-1.20988865e-05,-1.37778509e-06)
(-1.30484164e-05,-3.07959930e-06)
(-1.40053287e-05,-4.75398613e-06)
(-1.49697378e-05,-6.39873556e-06)
(-1.59418192e-05,-8.01183697e-06)
(-1.69218158e-05,-9.59149177e-06)
(-1.79100465e-05,-1.11361268e-05)
(-1.89069161e-05,-1.26444089e-05)
(-1.99129271e-05,-1.41152599e-05)
(-2.09286943e-05,-1.55478745e-05)
(-2.19549625e-05,-1.69417391e-05)
(-2.29926275e-05,-1.82966536e-05)
(-2.40427625e-05,-1.96127566e-05)
(-2.51066498e-05,-2.08905548e-05)
(-2.61858203e-05,-2.21309576e-05)
(-2.72821023e-05,-2.33353197e-05)
(-2.83976822e-05,-2.45054912e-05)
(-2.95351812e-05,-2.56438816e-05)
(-3.06977519e-05,-2.67535378e-05)
(-3.18892016e-05,-2.78382444e-05)
(-3.31141525e-05,-2.89026510e-05)
(-3.43782488e-05,-2.99524381e-05)
(-3.56884321e-05,-3.09945351e-05)
(-3.70533089e-05,-3.20374121e-05)
(-3.84836512e-05,-3.30914752e-05)
(-3.99930883e-05,-3.41696136e-05)
(-4.15990843e-05,-3.52879695e-05)
(-4.33243481e-05,-3.64670499e-05)
(-4.51989224e-05,-3.77333695e-05)
(-4.72633695e-05,-3.91219556e-05)
(-4.95738060e-05,-4.06803002e-05)
(-5.22101915e-05,-4.24748592e-05)
(-5.52906732e-05,-4.46022884e-05)
(-5.89979846e-05,-4.72100951e-05)
(-6.36319340e-05,-5.05376580e-05)
(-6.97249154e-05,-5.50064080e-05)
(-7.83318840e-05,-6.14460214e-05)
(-9.19828556e-05,-7.18367844e-05)
(-1.16625220e-04,-9.08237780e-05)
(-2.56054687e-04,-1.99224296e-04)
