% ======================================================
% L-Bracket Method of Moments Solution
% ======================================================
% Frequency: 9.400 GHz
% Wavelength: 0.031893 m
% Segments: N=3136 (1568 horiz + 1568 vert)
% Transmitter: (25.0000, 25.0000) m
%
% Solver: SSOR with hierarchical omega
% omega = 0.1020
% iterations = 379
% convergence = 9.73e-10
% time = 252.29 seconds
% ======================================================
% Format: (real, imaginary) current coefficients
% ======================================================
(-5.50559006e-07, 1.08040549e-06)
(-1.98729015e-06, 4.19506800e-06)
(-3.34243600e-06, 7.10200952e-06)
(-4.68981695e-06, 9.98914448e-06)
(-6.02649427e-06, 1.28515373e-05)
(-7.35054345e-06, 1.56858261e-05)
(-8.65965736e-06, 1.84874137e-05)
(-9.95141774e-06, 2.12513032e-05)
(-1.12233717e-05, 2.39723526e-05)
(-1.24730702e-05, 2.66453898e-05)
(-1.36980877e-05, 2.92652730e-05)
(-1.48960351e-05, 3.18269258e-05)
(-1.60645685e-05, 3.43253621e-05)
(-1.72013968e-05, 3.67557038e-05)
(-1.83042876e-05, 3.91131962e-05)
(-1.93710730e-05, 4.13932206e-05)
(-2.03996540e-05, 4.35913056e-05)
(-2.13880060e-05, 4.57031373e-05)
(-2.23341821e-05, 4.77245695e-05)
(-2.32363184e-05, 4.96516320e-05)
(-2.40926368e-05, 5.14805396e-05)
(-2.49014493e-05, 5.32076995e-05)
(-2.56611615e-05, 5.48297193e-05)
(-2.63702752e-05, 5.63434132e-05)
(-2.70273923e-05, 5.77458092e-05)
(-2.76312171e-05, 5.90341548e-05)
(-2.81805589e-05, 6.02059225e-05)
(-2.86743347e-05, 6.12588148e-05)
(-2.91115711e-05, 6.21907693e-05)
(-2.94914065e-05, 6.29999622e-05)
(-2.98130925e-05, 6.36848123e-05)
(-3.00759959e-05, 6.42439842e-05)
(-3.02795995e-05, 6.46763906e-05)
(-3.04235033e-05, 6.49811949e-05)
(-3.05074254e-05, 6.51578125e-05)
(-3.05312026e-05, 6.52059121e-05)
(-3.04947905e-05, 6.51254164e-05)
(-3.03982638e-05, 6.49165020e-05)
(-3.02418160e-05, 6.45795996e-05)
(-3.00257594e-05, 6.41153922e-05)
(-2.97505240e-05, 6.35248148e-05)
(-2.94166567e-05, 6.28090517e-05)
(-2.90248208e-05, 6.19695344e-05)
(-2.85757940e-05, 6.10079389e-05)
(-2.80704672e-05, 5.99261822e-05)
(-2.75098426e-05, 5.87264186e-05)
(-2.68950318e-05, 5.74110353e-05)
(-2.62272536e-05, 5.59826476e-05)
(-2.55078317e-05, 5.44440938e-05)
(-2.47381917e-05, 5.27984298e-05)
(-2.39198585e-05, 5.10489224e-05)
(-2.30544536e-05, 4.91990435e-05)
(-2.21436911e-05, 4.72524628e-05)
(-2.11893752e-05, 4.52130406e-05)
(-2.01933957e-05, 4.30848203e-05)
(-1.91577252e-05, 4.08720202e-05)
(-1.80844144e-05, 3.85790251e-05)
(-1.69755884e-05, 3.62103778e-05)
(-1.58334424e-05, 3.37707701e-05)
(-1.46602375e-05, 3.12650334e-05)
(-1.34582958e-05, 2.86981290e-05)
(-1.22299963e-05, 2.60751385e-05)
(-1.09777699e-05, 2.34012539e-05)
(-9.70409432e-06, 2.06817669e-05)
(-8.41148986e-06, 1.79220586e-05)
(-7.10251379e-06, 1.51275891e-05)
(-5.77975553e-06, 1.23038865e-05)
(-4.44583147e-06, 9.45653570e-06)
(-3.10337978e-06, 6.59116801e-06)
(-1.75505516e-06, 3.71344947e-06)
(-4.03523594e-07, 8.29069915e-07)
( 9.48542950e-07,-2.05626834e-06)
( 2.29847183e-06,-4.93686173e-06)
( 3.64359501e-06,-7.80701671e-06)
( 4.98125437e-06,-1.06610610e-05)
( 6.30880697e-06,-1.34933547e-05)
( 7.62363028e-06,-1.62983015e-05)
( 8.92312741e-06,-1.90703598e-05)
( 1.02047322e-05,-2.18040533e-05)
( 1.14659144e-05,-2.44939822e-05)
( 1.27041845e-05,-2.71348337e-05)
( 1.39170990e-05,-2.97213922e-05)
( 1.51022648e-05,-3.22485500e-05)
( 1.62573443e-05,-3.47113171e-05)
( 1.73800598e-05,-3.71048309e-05)
( 1.84681983e-05,-3.94243662e-05)
( 1.95196154e-05,-4.16653441e-05)
( 2.05322400e-05,-4.38233412e-05)
( 2.15040782e-05,-4.58940982e-05)
( 2.24332172e-05,-4.78735282e-05)
( 2.33178292e-05,-4.97577252e-05)
( 2.41561748e-05,-5.15429709e-05)
( 2.49466066e-05,-5.32257429e-05)
( 2.56875726e-05,-5.48027211e-05)
( 2.63776187e-05,-5.62707943e-05)
( 2.70153923e-05,-5.76270664e-05)
( 2.75996444e-05,-5.88688618e-05)
( 2.81292323e-05,-5.99937312e-05)
( 2.86031216e-05,-6.09994557e-05)
( 2.90203886e-05,-6.18840517e-05)
( 2.93802220e-05,-6.26457744e-05)
( 2.96819241e-05,-6.32831213e-05)
( 2.99249126e-05,-6.37948355e-05)
( 3.01087216e-05,-6.41799074e-05)
( 3.02330024e-05,-6.44375772e-05)
( 3.02975242e-05,-6.45673364e-05)
( 3.03021747e-05,-6.45689285e-05)
( 3.02469601e-05,-6.44423493e-05)
( 3.01320049e-05,-6.41878476e-05)
( 2.99575520e-05,-6.38059238e-05)
( 2.97239620e-05,-6.32973296e-05)
( 2.94317124e-05,-6.26630660e-05)
( 2.90813969e-05,-6.19043815e-05)
( 2.86737236e-05,-6.10227697e-05)
( 2.82095142e-05,-6.00199662e-05)
( 2.76897020e-05,-5.88979451e-05)
( 2.71153302e-05,-5.76589152e-05)
( 2.64875496e-05,-5.63053156e-05)
( 2.58076164e-05,-5.48398110e-05)
( 2.50768897e-05,-5.32652862e-05)
( 2.42968287e-05,-5.15848404e-05)
( 2.34689900e-05,-4.98017813e-05)
( 2.25950241e-05,-4.79196186e-05)
( 2.16766724e-05,-4.59420566e-05)
( 2.07157638e-05,-4.38729877e-05)
( 1.97142108e-05,-4.17164838e-05)
( 1.86740056e-05,-3.94767889e-05)
( 1.75972167e-05,-3.71583108e-05)
( 1.64859842e-05,-3.47656119e-05)
( 1.53425157e-05,-3.23034006e-05)
( 1.41690821e-05,-2.97765221e-05)
( 1.29680129e-05,-2.71899485e-05)
( 1.17416916e-05,-2.45487693e-05)
( 1.04925510e-05,-2.18581813e-05)
( 9.22306835e-06,-1.91234784e-05)
( 7.93576059e-06,-1.63500413e-05)
( 6.63317907e-06,-1.35433266e-05)
( 5.31790470e-06,-1.07088564e-05)
( 3.99254278e-06,-7.85220716e-06)
( 2.65971787e-06,-4.97899907e-06)
( 1.32206855e-06,-2.09488473e-06)
(-1.77577582e-08, 7.94461856e-07)
(-1.35711005e-06, 3.68335645e-06)
(-2.69333897e-06, 6.56611573e-06)
(-4.02380204e-06, 9.43706847e-06)
(-5.34586888e-06, 1.22905667e-05)
(-6.65692641e-06, 1.51209967e-05)
(-7.95438397e-06, 1.79227903e-05)
(-9.23567849e-06, 2.06904355e-05)
(-1.04982795e-05, 2.34184873e-05)
(-1.17396940e-05, 2.61015788e-05)
(-1.29574718e-05, 2.87344312e-05)
(-1.41492096e-05, 3.13118648e-05)
(-1.53125565e-05, 3.38288083e-05)
(-1.64452181e-05, 3.62803098e-05)
(-1.75449612e-05, 3.86615456e-05)
(-1.86096181e-05, 4.09678303e-05)
(-1.96370911e-05, 4.31946257e-05)
(-2.06253563e-05, 4.53375498e-05)
(-2.15724675e-05, 4.73923854e-05)
(-2.24765605e-05, 4.93550884e-05)
(-2.33358563e-05, 5.12217958e-05)
(-2.41486648e-05, 5.29888331e-05)
(-2.49133878e-05, 5.46527219e-05)
(-2.56285226e-05, 5.62101861e-05)
(-2.62926646e-05, 5.76581592e-05)
(-2.69045099e-05, 5.89937894e-05)
(-2.74628583e-05, 6.02144462e-05)
(-2.79666151e-05, 6.13177245e-05)
(-2.84147936e-05, 6.23014504e-05)
(-2.88065168e-05, 6.31636846e-05)
(-2.91410193e-05, 6.39027267e-05)
(-2.94176485e-05, 6.45171187e-05)
(-2.96358659e-05, 6.50056472e-05)
(-2.97952483e-05, 6.53673467e-05)
(-2.98954884e-05, 6.56015005e-05)
(-2.99363955e-05, 6.57076433e-05)
(-2.99178956e-05, 6.56855609e-05)
(-2.98400317e-05, 6.55352918e-05)
(-2.97029639e-05, 6.52571262e-05)
(-2.95069684e-05, 6.48516059e-05)
(-2.92524374e-05, 6.43195235e-05)
(-2.89398781e-05, 6.36619201e-05)
(-2.85699120e-05, 6.28800843e-05)
(-2.81432730e-05, 6.19755486e-05)
(-2.76608064e-05, 6.09500874e-05)
(-2.71234671e-05, 5.98057128e-05)
(-2.65323175e-05, 5.85446712e-05)
(-2.58885256e-05, 5.71694386e-05)
(-2.51933625e-05, 5.56827157e-05)
(-2.44481999e-05, 5.40874230e-05)
(-2.36545075e-05, 5.23866947e-05)
(-2.28138498e-05, 5.05838729e-05)
(-2.19278833e-05, 4.86825006e-05)
(-2.09983528e-05, 4.66863154e-05)
(-2.00270884e-05, 4.45992414e-05)
(-1.90160015e-05, 4.24253824e-05)
(-1.79670813e-05, 4.01690131e-05)
(-1.68823905e-05, 3.78345710e-05)
(-1.57640616e-05, 3.54266480e-05)
(-1.46142925e-05, 3.29499807e-05)
(-1.34353421e-05, 3.04094419e-05)
(-1.22295257e-05, 2.78100305e-05)
(-1.09992111e-05, 2.51568618e-05)
(-9.74681309e-06, 2.24551575e-05)
(-8.47478907e-06, 1.97102356e-05)
(-7.18563426e-06, 1.69274998e-05)
(-5.88187667e-06, 1.41124286e-05)
(-4.56607215e-06, 1.12705653e-05)
(-3.24079936e-06, 8.40750628e-06)
(-1.90865465e-06, 5.52889048e-06)
(-5.72247028e-07, 2.64038818e-06)
( 7.65807035e-07,-2.52310140e-07)
( 2.10288873e-06,-3.14350501e-06)
( 3.43638204e-06,-6.02749919e-06)
( 4.76367891e-06,-8.89860884e-06)
( 6.08218437e-06,-1.17511748e-05)
( 7.38932156e-06,-1.45795736e-05)
( 8.68253691e-06,-1.73782286e-05)
( 9.95930504e-06,-2.01416212e-05)
( 1.12171338e-05,-2.28643013e-05)
( 1.24535689e-05,-2.55408984e-05)
( 1.36661994e-05,-2.81661319e-05)
( 1.48526614e-05,-3.07348219e-05)
( 1.60106436e-05,-3.32418991e-05)
( 1.71378913e-05,-3.56824149e-05)
( 1.82322110e-05,-3.80515511e-05)
( 1.92914748e-05,-4.03446299e-05)
( 2.03136241e-05,-4.25571223e-05)
( 2.12966742e-05,-4.46846579e-05)
( 2.22387178e-05,-4.67230330e-05)
( 2.31379289e-05,-4.86682190e-05)
( 2.39925662e-05,-5.05163708e-05)
( 2.48009766e-05,-5.22638339e-05)
( 2.55615985e-05,-5.39071520e-05)
( 2.62729647e-05,-5.54430736e-05)
( 2.69337053e-05,-5.68685586e-05)
( 2.75425504e-05,-5.81807845e-05)
( 2.80983325e-05,-5.93771518e-05)
( 2.85999888e-05,-6.04552891e-05)
( 2.90465632e-05,-6.14130583e-05)
( 2.94372083e-05,-6.22485582e-05)
( 2.97711869e-05,-6.29601290e-05)
( 3.00478734e-05,-6.35463552e-05)
( 3.02667551e-05,-6.40060685e-05)
( 3.04274332e-05,-6.43383503e-05)
( 3.05296232e-05,-6.45425336e-05)
( 3.05731561e-05,-6.46182042e-05)
( 3.05579781e-05,-6.45652018e-05)
( 3.04841507e-05,-6.43836203e-05)
( 3.03518511e-05,-6.40738075e-05)
( 3.01613712e-05,-6.36363648e-05)
( 2.99131174e-05,-6.30721458e-05)
( 2.96076094e-05,-6.23822551e-05)
( 2.92454796e-05,-6.15680456e-05)
( 2.88274714e-05,-6.06311162e-05)
( 2.83544382e-05,-5.95733090e-05)
( 2.78273411e-05,-5.83967052e-05)
( 2.72472474e-05,-5.71036213e-05)
( 2.66153284e-05,-5.56966047e-05)
( 2.59328570e-05,-5.41784285e-05)
( 2.52012052e-05,-5.25520863e-05)
( 2.44218415e-05,-5.08207862e-05)
( 2.35963277e-05,-4.89879445e-05)
( 2.27263160e-05,-4.70571792e-05)
( 2.18135459e-05,-4.50323026e-05)
( 2.08598405e-05,-4.29173142e-05)
( 1.98671028e-05,-4.07163926e-05)
( 1.88373122e-05,-3.84338871e-05)
( 1.77725207e-05,-3.60743097e-05)
( 1.66748484e-05,-3.36423256e-05)
( 1.55464795e-05,-3.11427447e-05)
( 1.43896583e-05,-2.85805113e-05)
( 1.32066843e-05,-2.59606952e-05)
( 1.19999081e-05,-2.32884811e-05)
( 1.07717262e-05,-2.05691586e-05)
( 9.52457692e-06,-1.78081118e-05)
( 8.26093512e-06,-1.50108088e-05)
( 6.98330752e-06,-1.21827904e-05)
( 5.69422771e-06,-9.32965968e-06)
( 4.39625116e-06,-6.45707086e-06)
( 3.09195019e-06,-3.57071785e-06)
( 1.78390887e-06,-6.76323220e-07)
( 4.74717960e-07, 2.22037317e-06)
(-8.33030226e-07, 5.11362554e-06)
(-2.13674691e-06, 7.99769356e-06)
(-3.43385196e-06, 1.08668537e-05)
(-4.72177897e-06, 1.37154105e-05)
(-5.99798034e-06, 1.65377079e-05)
(-7.25993226e-06, 1.93281407e-05)
(-8.50513973e-06, 2.20811652e-05)
(-9.73114143e-06, 2.47913104e-05)
(-1.09355146e-05, 2.74531889e-05)
(-1.21158798e-05, 3.00615077e-05)
(-1.32699057e-05, 3.26110784e-05)
(-1.43953133e-05, 3.50968276e-05)
(-1.54898812e-05, 3.75138073e-05)
(-1.65514489e-05, 3.98572041e-05)
(-1.75779221e-05, 4.21223494e-05)
(-1.85672761e-05, 4.43047281e-05)
(-1.95175602e-05, 4.63999883e-05)
(-2.04269014e-05, 4.84039491e-05)
(-2.12935079e-05, 5.03126095e-05)
(-2.21156731e-05, 5.21221563e-05)
(-2.28917785e-05, 5.38289715e-05)
(-2.36202971e-05, 5.54296396e-05)
(-2.42997964e-05, 5.69209544e-05)
(-2.49289413e-05, 5.82999255e-05)
(-2.55064965e-05, 5.95637841e-05)
(-2.60313292e-05, 6.07099886e-05)
(-2.65024110e-05, 6.17362297e-05)
(-2.69188203e-05, 6.26404350e-05)
(-2.72797440e-05, 6.34207732e-05)
(-2.75844787e-05, 6.40756577e-05)
(-2.78324329e-05, 6.46037496e-05)
(-2.80231272e-05, 6.50039610e-05)
(-2.81561962e-05, 6.52754565e-05)
(-2.82313883e-05, 6.54176553e-05)
(-2.82485670e-05, 6.54302324e-05)
(-2.82077104e-05, 6.53131190e-05)
(-2.81089121e-05, 6.50665029e-05)
(-2.79523801e-05, 6.46908283e-05)
(-2.77384372e-05, 6.41867947e-05)
(-2.74675196e-05, 6.35553554e-05)
(-2.71401767e-05, 6.27977163e-05)
(-2.67570695e-05, 6.19153328e-05)
(-2.63189697e-05, 6.09099074e-05)
(-2.58267578e-05, 5.97833863e-05)
(-2.52814216e-05, 5.85379554e-05)
(-2.46840541e-05, 5.71760362e-05)
(-2.40358513e-05, 5.57002810e-05)
(-2.33381102e-05, 5.41135674e-05)
(-2.25922257e-05, 5.24189930e-05)
(-2.17996880e-05, 5.06198692e-05)
(-2.09620799e-05, 4.87197143e-05)
(-2.00810734e-05, 4.67222472e-05)
(-1.91584263e-05, 4.46313793e-05)
(-1.81959792e-05, 4.24512075e-05)
(-1.71956511e-05, 4.01860055e-05)
(-1.61594364e-05, 3.78402158e-05)
(-1.50894002e-05, 3.54184405e-05)
(-1.39876748e-05, 3.29254326e-05)
(-1.28564551e-05, 3.03660862e-05)
(-1.16979945e-05, 2.77454271e-05)
(-1.05146000e-05, 2.50686029e-05)
(-9.30862823e-06, 2.23408724e-05)
(-8.08248035e-06, 1.95675957e-05)
(-6.83859737e-06, 1.67542231e-05)
(-5.57945538e-06, 1.39062848e-05)
(-4.30756058e-06, 1.10293796e-05)
(-3.02544433e-06, 8.12916381e-06)
(-1.73565811e-06, 5.21134029e-06)
(-4.40768500e-07, 2.28164697e-06)
( 8.56647963e-07,-6.54154493e-07)
( 2.15400987e-06,-3.59029007e-06)
( 3.44873603e-06,-6.52098484e-06)
( 4.73825067e-06,-9.44047441e-06)
( 6.01998845e-06,-1.23430163e-05)
( 7.29139962e-06,-1.52229015e-05)
( 8.54995502e-06,-1.80744653e-05)
( 9.79315116e-06,-2.08920992e-05)
( 1.10185151e-05,-2.36702613e-05)
( 1.22236095e-05,-2.64034879e-05)
( 1.34060371e-05,-2.90864039e-05)
( 1.45634460e-05,-3.17137335e-05)
( 1.56935340e-05,-3.42803107e-05)
( 1.67940530e-05,-3.67810897e-05)
( 1.78628138e-05,-3.92111546e-05)
( 1.88976902e-05,-4.15657292e-05)
( 1.98966234e-05,-4.38401864e-05)
( 2.08576259e-05,-4.60300577e-05)
( 2.17787855e-05,-4.81310415e-05)
( 2.26582689e-05,-5.01390119e-05)
( 2.34943259e-05,-5.20500270e-05)
( 2.42852920e-05,-5.38603362e-05)
( 2.50295924e-05,-5.55663881e-05)
( 2.57257448e-05,-5.71648374e-05)
( 2.63723623e-05,-5.86525511e-05)
( 2.69681563e-05,-6.00266154e-05)
( 2.75119387e-05,-6.12843406e-05)
( 2.80026247e-05,-6.24232672e-05)
( 2.84392346e-05,-6.34411701e-05)
( 2.88208957e-05,-6.43360635e-05)
( 2.91468441e-05,-6.51062043e-05)
( 2.94164265e-05,-6.57500960e-05)
( 2.96291006e-05,-6.62664913e-05)
( 2.97844372e-05,-6.66543946e-05)
( 2.98821202e-05,-6.69130640e-05)
( 2.99219475e-05,-6.70420126e-05)
( 2.99038316e-05,-6.70410099e-05)
( 2.98277993e-05,-6.69100814e-05)
( 2.96939918e-05,-6.66495092e-05)
( 2.95026644e-05,-6.62598311e-05)
( 2.92541859e-05,-6.57418398e-05)
( 2.89490379e-05,-6.50965807e-05)
( 2.85878138e-05,-6.43253505e-05)
( 2.81712175e-05,-6.34296940e-05)
( 2.77000618e-05,-6.24114014e-05)
( 2.71752672e-05,-6.12725046e-05)
( 2.65978596e-05,-6.00152731e-05)
( 2.59689684e-05,-5.86422096e-05)
( 2.52898241e-05,-5.71560448e-05)
( 2.45617561e-05,-5.55597321e-05)
( 2.37861896e-05,-5.38564419e-05)
( 2.29646430e-05,-5.20495548e-05)
( 2.20987247e-05,-5.01426557e-05)
( 2.11901301e-05,-4.81395256e-05)
( 2.02406379e-05,-4.60441352e-05)
( 1.92521066e-05,-4.38606361e-05)
( 1.82264708e-05,-4.15933533e-05)
( 1.71657375e-05,-3.92467760e-05)
( 1.60719817e-05,-3.68255493e-05)
( 1.49473425e-05,-3.43344645e-05)
( 1.37940189e-05,-3.17784500e-05)
( 1.26142650e-05,-2.91625610e-05)
( 1.14103860e-05,-2.64919702e-05)
( 1.01847331e-05,-2.37719572e-05)
( 8.93969921e-06,-2.10078978e-05)
( 7.67771395e-06,-1.82052539e-05)
( 6.40123885e-06,-1.53695624e-05)
( 5.11276246e-06,-1.25064241e-05)
( 3.81479536e-06,-9.62149321e-06)
( 2.50986520e-06,-6.72046544e-06)
( 1.20051163e-06,-3.80906729e-06)
(-1.10718732e-07,-8.93044532e-07)
(-1.42127735e-06, 2.02184910e-06)
(-2.72861884e-06, 4.92986326e-06)
(-4.03020605e-06, 7.82526233e-06)
(-5.32351503e-06, 1.07023368e-05)
(-6.60604012e-06, 1.35554144e-05)
(-7.87529879e-06, 1.63788713e-05)
(-9.12883669e-06, 1.91671435e-05)
(-1.03642324e-05, 2.19147373e-05)
(-1.15791022e-05, 2.46162405e-05)
(-1.27711048e-05, 2.72663328e-05)
(-1.39379462e-05, 2.98597967e-05)
(-1.50773836e-05, 3.23915271e-05)
(-1.61872304e-05, 3.48565420e-05)
(-1.72653603e-05, 3.72499920e-05)
(-1.83097114e-05, 3.95671698e-05)
(-1.93182901e-05, 4.18035196e-05)
(-2.02891754e-05, 4.39546460e-05)
(-2.12205224e-05, 4.60163226e-05)
(-2.21105657e-05, 4.79845005e-05)
(-2.29576234e-05, 4.98553158e-05)
(-2.37600996e-05, 5.16250978e-05)
(-2.45164883e-05, 5.32903757e-05)
(-2.52253754e-05, 5.48478857e-05)
(-2.58854425e-05, 5.62945773e-05)
(-2.64954683e-05, 5.76276194e-05)
(-2.70543318e-05, 5.88444056e-05)
(-2.75610140e-05, 5.99425596e-05)
(-2.80145998e-05, 6.09199396e-05)
(-2.84142800e-05, 6.17746428e-05)
(-2.87593525e-05, 6.25050086e-05)
(-2.90492236e-05, 6.31096226e-05)
(-2.92834094e-05, 6.35873187e-05)
(-2.94615363e-05, 6.39371816e-05)
(-2.95833417e-05, 6.41585487e-05)
(-2.96486745e-05, 6.42510114e-05)
(-2.96574950e-05, 6.42144154e-05)
(-2.96098754e-05, 6.40488618e-05)
(-2.95059991e-05, 6.37547061e-05)
(-2.93461601e-05, 6.33325579e-05)
(-2.91307627e-05, 6.27832797e-05)
(-2.88603205e-05, 6.21079850e-05)
(-2.85354548e-05, 6.13080364e-05)
(-2.81568940e-05, 6.03850422e-05)
(-2.77254712e-05, 5.93408543e-05)
(-2.72421232e-05, 5.81775636e-05)
(-2.67078879e-05, 5.68974964e-05)
(-2.61239026e-05, 5.55032095e-05)
(-2.54914012e-05, 5.39974855e-05)
(-2.48117121e-05, 5.23833271e-05)
(-2.40862550e-05, 5.06639512e-05)
(-2.33165382e-05, 4.88427826e-05)
(-2.25041556e-05, 4.69234472e-05)
(-2.16507833e-05, 4.49097651e-05)
(-2.07581760e-05, 4.28057429e-05)
(-1.98281639e-05, 4.06155657e-05)
(-1.88626484e-05, 3.83435892e-05)
(-1.78635987e-05, 3.59943307e-05)
(-1.68330477e-05, 3.35724608e-05)
(-1.57730877e-05, 3.10827937e-05)
(-1.46858663e-05, 2.85302779e-05)
(-1.35735822e-05, 2.59199867e-05)
(-1.24384806e-05, 2.32571079e-05)
(-1.12828486e-05, 2.05469338e-05)
(-1.01090111e-05, 1.77948507e-05)
(-8.91932537e-06, 1.50063285e-05)
(-7.71617709e-06, 1.21869096e-05)
(-6.50197511e-06, 9.34219848e-06)
(-5.27914680e-06, 6.47785027e-06)
(-4.05013320e-06, 3.59955988e-06)
(-2.81738420e-06, 7.13050682e-07)
(-1.58335357e-06,-2.17593664e-06)
(-3.50494207e-07,-5.06165544e-06)
( 8.78746814e-07,-7.93836439e-06)
( 2.10193304e-06,-1.08003387e-05)
( 3.31664348e-06,-1.36418816e-05)
( 4.52047736e-06,-1.64573352e-05)
( 5.71105890e-06,-1.92410919e-05)
( 6.88604193e-06,-2.19876053e-05)
( 8.04311457e-06,-2.46914010e-05)
( 9.18000373e-06,-2.73470877e-05)
( 1.02944796e-05,-2.99493674e-05)
( 1.13843599e-05,-3.24930464e-05)
( 1.24475143e-05,-3.49730448e-05)
( 1.34818686e-05,-3.73844070e-05)
( 1.44854085e-05,-3.97223113e-05)
( 1.54561839e-05,-4.19820797e-05)
( 1.63923123e-05,-4.41591866e-05)
( 1.72919827e-05,-4.62492681e-05)
( 1.81534592e-05,-4.82481305e-05)
( 1.89750839e-05,-5.01517587e-05)
( 1.97552806e-05,-5.19563239e-05)
( 2.04925575e-05,-5.36581914e-05)
( 2.11855100e-05,-5.52539278e-05)
( 2.18328238e-05,-5.67403075e-05)
( 2.24332770e-05,-5.81143194e-05)
( 2.29857424e-05,-5.93731730e-05)
( 2.34891899e-05,-6.05143035e-05)
( 2.39426884e-05,-6.15353771e-05)
( 2.43454070e-05,-6.24342959e-05)
( 2.46966172e-05,-6.32092018e-05)
( 2.49956941e-05,-6.38584805e-05)
( 2.52421169e-05,-6.43807643e-05)
( 2.54354708e-05,-6.47749354e-05)
( 2.55754469e-05,-6.50401278e-05)
( 2.56618430e-05,-6.51757293e-05)
( 2.56945639e-05,-6.51813828e-05)
( 2.56736213e-05,-6.50569869e-05)
( 2.55991341e-05,-6.48026963e-05)
( 2.54713273e-05,-6.44189218e-05)
( 2.52905323e-05,-6.39063292e-05)
( 2.50571855e-05,-6.32658384e-05)
( 2.47718275e-05,-6.24986215e-05)
( 2.44351020e-05,-6.16061009e-05)
( 2.40477544e-05,-6.05899460e-05)
( 2.36106302e-05,-5.94520709e-05)
( 2.31246731e-05,-5.81946298e-05)
( 2.25909235e-05,-5.68200137e-05)
( 2.20105157e-05,-5.53308451e-05)
( 2.13846760e-05,-5.37299737e-05)
( 2.07147199e-05,-5.20204700e-05)
( 2.00020499e-05,-5.02056203e-05)
( 1.92481522e-05,-4.82889195e-05)
( 1.84545936e-05,-4.62740649e-05)
( 1.76230190e-05,-4.41649489e-05)
( 1.67551472e-05,-4.19656514e-05)
( 1.58527681e-05,-3.96804316e-05)
( 1.49177390e-05,-3.73137203e-05)
( 1.39519805e-05,-3.48701108e-05)
( 1.29574730e-05,-3.23543502e-05)
( 1.19362529e-05,-2.97713299e-05)
( 1.08904080e-05,-2.71260763e-05)
( 9.82207381e-06,-2.44237410e-05)
( 8.73342906e-06,-2.16695905e-05)
( 7.62669151e-06,-1.88689962e-05)
( 6.50411346e-06,-1.60274238e-05)
( 5.36797733e-06,-1.31504222e-05)
( 4.22059111e-06,-1.02436135e-05)
( 3.06428382e-06,-7.31268123e-06)
( 1.90140091e-06,-4.36335952e-06)
( 7.34299608e-07,-1.40142187e-06)
(-4.34655716e-07, 1.56733023e-06)
(-1.60309820e-06, 4.53707868e-06)
(-2.76866316e-06, 7.50200016e-06)
(-3.92899274e-06, 1.04562776e-05)
(-5.08174056e-06, 1.33941116e-05)
(-6.22457627e-06, 1.63097318e-05)
(-7.35519021e-06, 1.91974084e-05)
(-8.47129785e-06, 2.20514631e-05)
(-9.57064433e-06, 2.48662807e-05)
(-1.06510088e-05, 2.76363197e-05)
(-1.17102090e-05, 3.03561237e-05)
(-1.27461051e-05, 3.30203319e-05)
(-1.37566042e-05, 3.56236897e-05)
(-1.47396644e-05, 3.81610590e-05)
(-1.56932988e-05, 4.06274287e-05)
(-1.66155791e-05, 4.30179243e-05)
(-1.75046396e-05, 4.53278175e-05)
(-1.83586810e-05, 4.75525357e-05)
(-1.91759734e-05, 4.96876713e-05)
(-1.99548601e-05, 5.17289899e-05)
(-2.06937607e-05, 5.36724392e-05)
(-2.13911742e-05, 5.55141568e-05)
(-2.20456816e-05, 5.72504780e-05)
(-2.26559491e-05, 5.88779430e-05)
(-2.32207305e-05, 6.03933039e-05)
(-2.37388694e-05, 6.17935311e-05)
(-2.42093020e-05, 6.30758195e-05)
(-2.46310584e-05, 6.42375939e-05)
(-2.50032650e-05, 6.52765143e-05)
(-2.53251462e-05, 6.61904808e-05)
(-2.55960254e-05, 6.69776374e-05)
(-2.58153270e-05, 6.76363762e-05)
(-2.59825767e-05, 6.81653404e-05)
(-2.60974031e-05, 6.85634273e-05)
(-2.61595382e-05, 6.88297901e-05)
(-2.61688175e-05, 6.89638405e-05)
(-2.61251809e-05, 6.89652491e-05)
(-2.60286723e-05, 6.88339469e-05)
(-2.58794400e-05, 6.85701250e-05)
(-2.56777358e-05, 6.81742345e-05)
(-2.54239149e-05, 6.76469859e-05)
(-2.51184350e-05, 6.69893476e-05)
(-2.47618556e-05, 6.62025443e-05)
(-2.43548367e-05, 6.52880542e-05)
(-2.38981373e-05, 6.42476069e-05)
(-2.33926145e-05, 6.30831797e-05)
(-2.28392212e-05, 6.17969935e-05)
(-2.22390047e-05, 6.03915093e-05)
(-2.15931041e-05, 5.88694227e-05)
(-2.09027487e-05, 5.72336590e-05)
(-2.01692551e-05, 5.54873676e-05)
(-1.93940249e-05, 5.36339156e-05)
(-1.85785417e-05, 5.16768816e-05)
(-1.77243685e-05, 4.96200482e-05)
(-1.68331444e-05, 4.74673953e-05)
(-1.59065816e-05, 4.52230916e-05)
(-1.49464618e-05, 4.28914869e-05)
(-1.39546328e-05, 4.04771036e-05)
(-1.29330053e-05, 3.79846275e-05)
(-1.18835484e-05, 3.54188989e-05)
(-1.08082864e-05, 3.27849030e-05)
(-9.70929461e-06, 3.00877599e-05)
(-8.58869520e-06, 2.73327151e-05)
(-7.44865328e-06, 2.45251285e-05)
(-6.29137252e-06, 2.16704644e-05)
(-5.11909091e-06, 1.87742802e-05)
(-3.93407635e-06, 1.58422162e-05)
(-2.73862229e-06, 1.28799837e-05)
(-1.53504321e-06, 9.89335414e-06)
(-3.25670132e-07, 6.88814784e-06)
( 8.87153963e-07, 3.87022219e-06)
( 2.10107865e-06, 8.45460270e-07)
( 3.31375070e-06,-2.18024078e-06)
( 4.52281860e-06,-5.20098144e-06)
( 5.72593721e-06,-8.21087144e-06)
( 6.92077229e-06,-1.12040414e-05)
( 8.10500507e-06,-1.41746545e-05)
( 9.27633675e-06,-1.71169180e-05)
( 1.04324930e-05,-2.00250945e-05)
( 1.15712284e-05,-2.28935136e-05)
( 1.26903308e-05,-2.57165830e-05)
( 1.37876256e-05,-2.84887994e-05)
( 1.48609801e-05,-3.12047597e-05)
( 1.59083076e-05,-3.38591716e-05)
( 1.69275713e-05,-3.64468637e-05)
( 1.79167887e-05,-3.89627966e-05)
( 1.88740348e-05,-4.14020718e-05)
( 1.97974465e-05,-4.37599423e-05)
( 2.06852261e-05,-4.60318217e-05)
( 2.15356443e-05,-4.82132930e-05)
( 2.23470443e-05,-5.03001179e-05)
( 2.31178443e-05,-5.22882447e-05)
( 2.38465415e-05,-5.41738167e-05)
( 2.45317138e-05,-5.59531797e-05)
( 2.51720238e-05,-5.76228890e-05)
( 2.57662207e-05,-5.91797168e-05)
( 2.63131426e-05,-6.06206581e-05)
( 2.68117195e-05,-6.19429368e-05)
( 2.72609746e-05,-6.31440112e-05)
( 2.76600266e-05,-6.42215793e-05)
( 2.80080915e-05,-6.51735827e-05)
( 2.83044836e-05,-6.59982115e-05)
( 2.85486176e-05,-6.66939073e-05)
( 2.87400089e-05,-6.72593663e-05)
( 2.88782753e-05,-6.76935424e-05)
( 2.89631371e-05,-6.79956484e-05)
( 2.89944180e-05,-6.81651585e-05)
( 2.89720454e-05,-6.82018085e-05)
( 2.88960504e-05,-6.81055969e-05)
( 2.87665676e-05,-6.78767846e-05)
( 2.85838354e-05,-6.75158942e-05)
( 2.83481945e-05,-6.70237094e-05)
( 2.80600885e-05,-6.64012730e-05)
( 2.77200618e-05,-6.56498849e-05)
( 2.73287592e-05,-6.47710998e-05)
( 2.68869245e-05,-6.37667236e-05)
( 2.63953989e-05,-6.26388100e-05)
( 2.58551194e-05,-6.13896565e-05)
( 2.52671170e-05,-6.00217997e-05)
( 2.46325144e-05,-5.85380101e-05)
( 2.39525243e-05,-5.69412868e-05)
( 2.32284462e-05,-5.52348514e-05)
( 2.24616647e-05,-5.34221414e-05)
( 2.16536461e-05,-5.15068037e-05)
( 2.08059358e-05,-4.94926868e-05)
( 1.99201551e-05,-4.73838337e-05)
( 1.89979982e-05,-4.51844733e-05)
( 1.80412288e-05,-4.28990125e-05)
( 1.70516762e-05,-4.05320268e-05)
( 1.60312324e-05,-3.80882516e-05)
( 1.49818478e-05,-3.55725726e-05)
( 1.39055274e-05,-3.29900162e-05)
( 1.28043273e-05,-3.03457391e-05)
( 1.16803500e-05,-2.76450186e-05)
( 1.05357408e-05,-2.48932414e-05)
( 9.37268311e-06,-2.20958934e-05)
( 8.19339457e-06,-1.92585487e-05)
( 7.00012236e-06,-1.63868581e-05)
( 5.79513888e-06,-1.34865383e-05)
( 4.58073732e-06,-1.05633602e-05)
( 3.35922706e-06,-7.62313780e-06)
( 2.13292917e-06,-4.67171603e-06)
( 9.04171831e-07,-1.71495963e-06)
(-3.24714235e-07, 1.24125873e-06)
(-1.55140038e-06, 4.19107013e-06)
(-2.77356455e-06, 7.12862102e-06)
(-3.98889592e-06, 1.00480849e-05)
(-5.19509936e-06, 1.29436740e-05)
(-6.38989996e-06, 1.58096504e-05)
(-7.57104751e-06, 1.86403380e-05)
(-8.73632090e-06, 2.14301333e-05)
(-9.88353242e-06, 2.41735170e-05)
(-1.10105321e-05, 2.68650642e-05)
(-1.21152119e-05, 2.94994562e-05)
(-1.31955097e-05, 3.20714901e-05)
(-1.42494136e-05, 3.45760896e-05)
(-1.52749655e-05, 3.70083151e-05)
(-1.62702650e-05, 3.93633732e-05)
(-1.72334734e-05, 4.16366263e-05)
(-1.81628168e-05, 4.38236020e-05)
(-1.90565896e-05, 4.59200017e-05)
(-1.99131583e-05, 4.79217090e-05)
(-2.07309639e-05, 4.98247981e-05)
(-2.15085254e-05, 5.16255415e-05)
(-2.22444425e-05, 5.33204172e-05)
(-2.29373980e-05, 5.49061156e-05)
(-2.35861608e-05, 5.63795463e-05)
(-2.41895878e-05, 5.77378439e-05)
(-2.47466263e-05, 5.89783738e-05)
(-2.52563156e-05, 6.00987373e-05)
(-2.57177894e-05, 6.10967761e-05)
(-2.61302767e-05, 6.19705768e-05)
(-2.64931036e-05, 6.27184745e-05)
(-2.68056943e-05, 6.33390562e-05)
(-2.70675723e-05, 6.38311630e-05)
(-2.72783609e-05, 6.41938929e-05)
(-2.74377841e-05, 6.44266022e-05)
(-2.75456669e-05, 6.45289069e-05)
(-2.76019351e-05, 6.45006831e-05)
(-2.76066158e-05, 6.43420674e-05)
(-2.75598372e-05, 6.40534562e-05)
(-2.74618276e-05, 6.36355054e-05)
(-2.73129152e-05, 6.30891283e-05)
(-2.71135274e-05, 6.24154945e-05)
(-2.68641894e-05, 6.16160267e-05)
(-2.65655231e-05, 6.06923981e-05)
(-2.62182459e-05, 5.96465293e-05)
(-2.58231689e-05, 5.84805840e-05)
(-2.53811950e-05, 5.71969646e-05)
(-2.48933172e-05, 5.57983076e-05)
(-2.43606162e-05, 5.42874782e-05)
(-2.37842583e-05, 5.26675644e-05)
(-2.31654927e-05, 5.09418711e-05)
(-2.25056489e-05, 4.91139129e-05)
(-2.18061341e-05, 4.71874076e-05)
(-2.10684299e-05, 4.51662686e-05)
(-2.02940892e-05, 4.30545969e-05)
(-1.94847332e-05, 4.08566731e-05)
(-1.86420481e-05, 3.85769486e-05)
(-1.77677810e-05, 3.62200368e-05)
(-1.68637368e-05, 3.37907043e-05)
(-1.59317745e-05, 3.12938607e-05)
(-1.49738028e-05, 2.87345491e-05)
(-1.39917768e-05, 2.61179362e-05)
(-1.29876937e-05, 2.34493020e-05)
(-1.19635886e-05, 2.07340289e-05)
(-1.09215306e-05, 1.79775914e-05)
(-9.86361818e-06, 1.51855451e-05)
(-8.79197547e-06, 1.23635154e-05)
(-7.70874742e-06, 9.51718661e-06)
(-6.61609572e-06, 6.65229070e-06)
(-5.51619434e-06, 3.77459560e-06)
(-4.41122515e-06, 8.89893966e-07)
(-3.30337349e-06,-1.99600838e-06)
(-2.19482384e-06,-4.87730398e-06)
(-1.08775536e-06,-7.74819526e-06)
( 1.56624445e-08,-1.06029060e-05)
( 1.11327406e-06,-1.34356929e-05)
( 2.20294226e-06,-1.62408568e-05)
( 3.28255237e-06,-1.90127542e-05)
( 4.35001647e-06,-2.17458081e-05)
( 5.40327748e-06,-2.44345194e-05)
( 6.44031328e-06,-2.70734777e-05)
( 7.45914066e-06,-2.96573719e-05)
( 8.45781919e-06,-3.21810009e-05)
( 9.43445505e-06,-3.46392837e-05)
( 1.03872047e-05,-3.70272695e-05)
( 1.13142785e-05,-3.93401477e-05)
( 1.22139440e-05,-4.15732572e-05)
( 1.30845296e-05,-4.37220958e-05)
( 1.39244274e-05,-4.57823289e-05)
( 1.47320964e-05,-4.77497983e-05)
( 1.55060656e-05,-4.96205302e-05)
( 1.62449365e-05,-5.13907434e-05)
( 1.69473858e-05,-5.30568563e-05)
( 1.76121679e-05,-5.46154947e-05)
( 1.82381171e-05,-5.60634976e-05)
( 1.88241501e-05,-5.73979242e-05)
( 1.93692672e-05,-5.86160593e-05)
( 1.98725548e-05,-5.97154191e-05)
( 2.03331865e-05,-6.06937555e-05)
( 2.07504248e-05,-6.15490611e-05)
( 2.11236224e-05,-6.22795732e-05)
( 2.14522228e-05,-6.28837767e-05)
( 2.17357615e-05,-6.33604080e-05)
( 2.19738667e-05,-6.37084567e-05)
( 2.21662595e-05,-6.39271683e-05)
( 2.23127544e-05,-6.40160452e-05)
( 2.24132592e-05,-6.39748482e-05)
( 2.24677753e-05,-6.38035965e-05)
( 2.24763969e-05,-6.35025683e-05)
( 2.24393106e-05,-6.30722996e-05)
( 2.23567952e-05,-6.25135839e-05)
( 2.22292204e-05,-6.18274702e-05)
( 2.20570458e-05,-6.10152613e-05)
( 2.18408198e-05,-6.00785108e-05)
( 2.15811782e-05,-5.90190209e-05)
( 2.12788427e-05,-5.78388380e-05)
( 2.09346190e-05,-5.65402495e-05)
( 2.05493948e-05,-5.51257789e-05)
( 2.01241382e-05,-5.35981810e-05)
( 1.96598951e-05,-5.19604366e-05)
( 1.91577867e-05,-5.02157467e-05)
( 1.86190076e-05,-4.83675260e-05)
( 1.80448225e-05,-4.64193968e-05)
( 1.74365635e-05,-4.43751813e-05)
( 1.67956277e-05,-4.22388946e-05)
( 1.61234736e-05,-4.00147366e-05)
( 1.54216180e-05,-3.77070839e-05)
( 1.46916331e-05,-3.53204814e-05)
( 1.39351428e-05,-3.28596331e-05)
( 1.31538191e-05,-3.03293931e-05)
( 1.23493793e-05,-2.77347561e-05)
( 1.15235812e-05,-2.50808476e-05)
( 1.06782205e-05,-2.23729138e-05)
( 9.81512652e-06,-1.96163116e-05)
( 8.93615822e-06,-1.68164977e-05)
( 8.04320068e-06,-1.39790183e-05)
( 7.13816103e-06,-1.11094979e-05)
( 6.22296451e-06,-8.21362856e-06)
( 5.29955050e-06,-5.29715855e-06)
( 4.36986857e-06,-2.36588118e-06)
( 3.43587443e-06, 5.74376642e-07)
( 2.49952598e-06, 3.51776580e-06)
( 1.56277933e-06, 6.45842649e-06)
( 6.27584802e-07, 9.39049971e-06)
(-3.04117000e-07, 1.23081388e-05)
(-1.23039910e-06, 1.52055210e-05)
(-2.14935202e-06, 1.80768586e-05)
(-3.05908761e-06, 2.09164109e-05)
(-3.95774283e-06, 2.37184951e-05)
(-4.84348341e-06, 2.64774975e-05)
(-5.71450755e-06, 2.91878848e-05)
(-6.56904944e-06, 3.18442148e-05)
(-7.40538273e-06, 3.44411474e-05)
(-8.22182396e-06, 3.69734551e-05)
(-9.01673580e-06, 3.94360329e-05)
(-9.78853026e-06, 4.18239093e-05)
(-1.05356718e-05, 4.41322553e-05)
(-1.12566801e-05, 4.63563944e-05)
(-1.19501334e-05, 4.84918121e-05)
(-1.26146704e-05, 5.05341643e-05)
(-1.32489937e-05, 5.24792865e-05)
(-1.38518718e-05, 5.43232019e-05)
(-1.44221413e-05, 5.60621294e-05)
(-1.49587094e-05, 5.76924910e-05)
(-1.54605557e-05, 5.92109194e-05)
(-1.59267342e-05, 6.06142644e-05)
(-1.63563748e-05, 6.18995995e-05)
(-1.67486850e-05, 6.30642275e-05)
(-1.71029516e-05, 6.41056865e-05)
(-1.74185411e-05, 6.50217547e-05)
(-1.76949018e-05, 6.58104546e-05)
(-1.79315639e-05, 6.64700580e-05)
(-1.81281405e-05, 6.69990885e-05)
(-1.82843284e-05, 6.73963256e-05)
(-1.83999081e-05, 6.76608066e-05)
(-1.84747444e-05, 6.77918295e-05)
(-1.85087862e-05, 6.77889537e-05)
(-1.85020664e-05, 6.76520019e-05)
(-1.84547019e-05, 6.73810604e-05)
(-1.83668929e-05, 6.69764789e-05)
(-1.82389223e-05, 6.64388708e-05)
(-1.80711552e-05, 6.57691113e-05)
(-1.78640375e-05, 6.49683370e-05)
(-1.76180953e-05, 6.40379429e-05)
(-1.73339335e-05, 6.29795809e-05)
(-1.70122342e-05, 6.17951558e-05)
(-1.66537554e-05, 6.04868230e-05)
(-1.62593292e-05, 5.90569833e-05)
(-1.58298600e-05, 5.75082794e-05)
(-1.53663226e-05, 5.58435905e-05)
(-1.48697599e-05, 5.40660272e-05)
(-1.43412808e-05, 5.21789253e-05)
(-1.37820577e-05, 5.01858396e-05)
(-1.31933245e-05, 4.80905375e-05)
(-1.25763732e-05, 4.58969913e-05)
(-1.19325518e-05, 4.36093712e-05)
(-1.12632613e-05, 4.12320368e-05)
(-1.05699530e-05, 3.87695291e-05)
(-9.85412490e-06, 3.62265617e-05)
(-9.11731931e-06, 3.36080120e-05)
(-8.36111928e-06, 3.09189112e-05)
(-7.58714546e-06, 2.81644352e-05)
(-6.79705277e-06, 2.53498944e-05)
(-5.99252708e-06, 2.24807233e-05)
(-5.17528169e-06, 1.95624703e-05)
(-4.34705395e-06, 1.66007868e-05)
(-3.50960170e-06, 1.36014160e-05)
(-2.66469969e-06, 1.05701820e-05)
(-1.81413607e-06, 7.51297873e-06)
(-9.59708756e-07, 4.43575779e-06)
(-1.03221811e-07, 1.34451744e-06)
( 7.53518147e-07,-1.75470939e-06)
( 1.60870557e-06,-4.85586677e-06)
( 2.46053961e-06,-7.95288771e-06)
( 3.30722765e-06,-1.10397060e-05)
( 4.14698897e-06,-1.41102680e-05)
( 4.97805819e-06,-1.71585447e-05)
( 5.79868886e-06,-2.01785437e-05)
( 6.60715689e-06,-2.31643203e-05)
( 7.40176398e-06,-2.61099903e-05)
( 8.18084096e-06,-2.90097405e-05)
( 8.94275116e-06,-3.18578411e-05)
( 9.68589355e-06,-3.46486565e-05)
( 1.04087060e-05,-3.73766564e-05)
( 1.11096683e-05,-4.00364272e-05)
( 1.17873053e-05,-4.26226825e-05)
( 1.24401894e-05,-4.51302735e-05)
( 1.30669441e-05,-4.75541995e-05)
( 1.36662459e-05,-4.98896176e-05)
( 1.42368276e-05,-5.21318526e-05)
( 1.47774803e-05,-5.42764065e-05)
( 1.52870560e-05,-5.63189669e-05)
( 1.57644700e-05,-5.82554165e-05)
( 1.62087026e-05,-6.00818407e-05)
( 1.66188016e-05,-6.17945359e-05)
( 1.69938840e-05,-6.33900168e-05)
( 1.73331375e-05,-6.48650237e-05)
( 1.76358224e-05,-6.62165288e-05)
( 1.79012732e-05,-6.74417428e-05)
( 1.81288994e-05,-6.85381204e-05)
( 1.83181871e-05,-6.95033653e-05)
( 1.84686999e-05,-7.03354358e-05)
( 1.85800798e-05,-7.10325479e-05)
( 1.86520478e-05,-7.15931803e-05)
( 1.86844048e-05,-7.20160768e-05)
( 1.86770315e-05,-7.23002492e-05)
( 1.86298890e-05,-7.24449799e-05)
( 1.85430191e-05,-7.24498231e-05)
( 1.84165438e-05,-7.23146065e-05)
( 1.82506651e-05,-7.20394312e-05)
( 1.80456652e-05,-7.16246725e-05)
( 1.78019055e-05,-7.10709789e-05)
( 1.75198258e-05,-7.03792713e-05)
( 1.71999439e-05,-6.95507418e-05)
( 1.68428546e-05,-6.85868508e-05)
( 1.64492281e-05,-6.74893253e-05)
( 1.60198093e-05,-6.62601551e-05)
( 1.55554158e-05,-6.49015894e-05)
( 1.50569371e-05,-6.34161327e-05)
( 1.45253320e-05,-6.18065401e-05)
( 1.39616277e-05,-6.00758117e-05)
( 1.33669169e-05,-5.82271877e-05)
( 1.27423565e-05,-5.62641415e-05)
( 1.20891650e-05,-5.41903735e-05)
( 1.14086199e-05,-5.20098040e-05)
( 1.07020559e-05,-4.97265654e-05)
( 9.97086181e-06,-4.73449947e-05)
( 9.21647791e-06,-4.48696248e-05)
( 8.44039338e-06,-4.23051758e-05)
( 7.64414328e-06,-3.96565460e-05)
( 6.82930557e-06,-3.69288024e-05)
( 5.99749810e-06,-3.41271708e-05)
( 5.15037540e-06,-3.12570255e-05)
( 4.28962552e-06,-2.83238793e-05)
( 3.41696669e-06,-2.53333723e-05)
( 2.53414401e-06,-2.22912611e-05)
( 1.64292601e-06,-1.92034076e-05)
( 7.45101207e-07,-1.60757673e-05)
(-1.57525419e-07,-1.29143782e-05)
(-1.06313594e-06,-9.72534835e-06)
(-1.96990309e-06,-6.51484420e-06)
(-2.87599381e-06,-3.28907849e-06)
(-3.77957292e-06,-5.42980542e-08)
(-4.67880669e-06, 3.18322851e-06)
(-5.57186651e-06, 6.41722312e-06)
(-6.45693248e-06, 9.64141054e-06)
(-7.33219705e-06, 1.28495308e-05)
(-8.19586860e-06, 1.60353513e-05)
(-9.04617501e-06, 1.91926796e-05)
(-9.88136720e-06, 2.23153750e-05)
(-1.06997226e-05, 2.53973611e-05)
(-1.14995488e-05, 2.84326374e-05)
(-1.22791865e-05, 3.14152919e-05)
(-1.30370134e-05, 3.43395116e-05)
(-1.37714472e-05, 3.71995953e-05)
(-1.44809486e-05, 3.99899638e-05)
(-1.51640250e-05, 4.27051715e-05)
(-1.58192329e-05, 4.53399172e-05)
(-1.64451815e-05, 4.78890542e-05)
(-1.70405348e-05, 5.03476010e-05)
(-1.76040152e-05, 5.27107506e-05)
(-1.81344053e-05, 5.49738806e-05)
(-1.86305512e-05, 5.71325621e-05)
(-1.90913645e-05, 5.91825684e-05)
(-1.95158244e-05, 6.11198834e-05)
(-1.99029805e-05, 6.29407099e-05)
(-2.02519542e-05, 6.46414768e-05)
(-2.05619409e-05, 6.62188462e-05)
(-2.08322117e-05, 6.76697202e-05)
(-2.10621151e-05, 6.89912470e-05)
(-2.12510781e-05, 7.01808265e-05)
(-2.13986080e-05, 7.12361156e-05)
(-2.15042932e-05, 7.21550327e-05)
(-2.15678044e-05, 7.29357622e-05)
(-2.15888951e-05, 7.35767575e-05)
(-2.15674027e-05, 7.40767447e-05)
(-2.15032486e-05, 7.44347248e-05)
(-2.13964391e-05, 7.46499759e-05)
(-2.12470647e-05, 7.47220544e-05)
(-2.10553009e-05, 7.46507961e-05)
(-2.08214078e-05, 7.44363166e-05)
(-2.05457296e-05, 7.40790108e-05)
(-2.02286941e-05, 7.35795525e-05)
(-1.98708122e-05, 7.29388927e-05)
(-1.94726771e-05, 7.21582582e-05)
(-1.90349631e-05, 7.12391485e-05)
(-1.85584246e-05, 7.01833337e-05)
(-1.80438945e-05, 6.89928503e-05)
(-1.74922832e-05, 6.76699975e-05)
(-1.69045763e-05, 6.62173326e-05)
(-1.62818336e-05, 6.46376660e-05)
(-1.56251863e-05, 6.29340555e-05)
(-1.49358356e-05, 6.11098004e-05)
(-1.42150499e-05, 5.91684349e-05)
(-1.34641629e-05, 5.71137213e-05)
(-1.26845708e-05, 5.49496422e-05)
(-1.18777295e-05, 5.26803930e-05)
(-1.10451524e-05, 5.03103733e-05)
(-1.01884069e-05, 4.78441785e-05)
(-9.30911149e-06, 4.52865906e-05)
(-8.40893299e-06, 4.26425686e-05)
(-7.48958298e-06, 3.99172389e-05)
(-6.55281456e-06, 3.71158852e-05)
(-5.60041899e-06, 3.42439379e-05)
(-4.63422212e-06, 3.13069637e-05)
(-3.65608088e-06, 2.83106543e-05)
(-2.66787958e-06, 2.52608151e-05)
(-1.67152624e-06, 2.21633543e-05)
(-6.68948797e-07, 1.90242709e-05)
( 3.37908679e-07, 1.58496426e-05)
( 1.34708986e-06, 1.26456144e-05)
( 2.35663003e-06, 9.41838640e-06)
( 3.36456000e-06, 6.17420126e-06)
( 4.36891003e-06, 2.91933228e-06)
( 5.36771375e-06,-3.39929062e-07)
( 6.35901213e-06,-3.59728538e-06)
( 7.34085736e-06,-6.84644579e-06)
( 8.31131679e-06,-1.00811382e-05)
( 9.26847683e-06,-1.32951216e-05)
( 1.02104467e-05,-1.64821983e-05)
( 1.11353625e-05,-1.96362259e-05)
( 1.20413907e-05,-2.27511297e-05)
( 1.29267318e-05,-2.58209138e-05)
( 1.37896244e-05,-2.88396736e-05)
( 1.46283484e-05,-3.18016068e-05)
( 1.54412286e-05,-3.47010250e-05)
( 1.62266382e-05,-3.75323644e-05)
( 1.69830018e-05,-4.02901967e-05)
( 1.77087992e-05,-4.29692401e-05)
( 1.84025679e-05,-4.55643687e-05)
( 1.90629065e-05,-4.80706230e-05)
( 1.96884774e-05,-5.04832195e-05)
( 2.02780095e-05,-5.27975595e-05)
( 2.08303012e-05,-5.50092381e-05)
( 2.13442223e-05,-5.71140530e-05)
( 2.18187167e-05,-5.91080119e-05)
( 2.22528046e-05,-6.09873409e-05)
( 2.26455844e-05,-6.27484910e-05)
( 2.29962346e-05,-6.43881451e-05)
( 2.33040155e-05,-6.59032245e-05)
( 2.35682711e-05,-6.72908942e-05)
( 2.37884297e-05,-6.85485687e-05)
( 2.39640060e-05,-6.96739167e-05)
( 2.40946015e-05,-7.06648650e-05)
( 2.41799056e-05,-7.15196029e-05)
( 2.42196963e-05,-7.22365853e-05)
( 2.42138408e-05,-7.28145351e-05)
( 2.41622953e-05,-7.32524460e-05)
( 2.40651060e-05,-7.35495837e-05)
( 2.39224080e-05,-7.37054873e-05)
( 2.37344262e-05,-7.37199702e-05)
( 2.35014739e-05,-7.35931194e-05)
( 2.32239528e-05,-7.33252959e-05)
( 2.29023519e-05,-7.29171333e-05)
( 2.25372469e-05,-7.23695364e-05)
( 2.21292988e-05,-7.16836790e-05)
( 2.16792524e-05,-7.08610015e-05)
( 2.11879353e-05,-6.99032078e-05)
( 2.06562561e-05,-6.88122616e-05)
( 2.00852023e-05,-6.75903825e-05)
( 1.94758386e-05,-6.62400412e-05)
( 1.88293048e-05,-6.47639546e-05)
( 1.81468133e-05,-6.31650802e-05)
( 1.74296468e-05,-6.14466100e-05)
( 1.66791557e-05,-5.96119641e-05)
( 1.58967555e-05,-5.76647839e-05)
( 1.50839239e-05,-5.56089249e-05)
( 1.42421975e-05,-5.34484484e-05)
( 1.33731692e-05,-5.11876142e-05)
( 1.24784849e-05,-4.88308715e-05)
( 1.15598399e-05,-4.63828503e-05)
( 1.06189758e-05,-4.38483522e-05)
( 9.65767682e-06,-4.12323411e-05)
( 8.67776634e-06,-3.85399330e-05)
( 7.68110321e-06,-3.57763862e-05)
( 6.66957800e-06,-3.29470909e-05)
( 5.64510925e-06,-3.00575587e-05)
( 4.60963960e-06,-2.71134114e-05)
( 3.56513195e-06,-2.41203707e-05)
( 2.51356552e-06,-2.10842465e-05)
( 1.45693189e-06,-1.80109255e-05)
( 3.97231096e-07,-1.49063601e-05)
(-6.63532402e-07,-1.17765568e-05)
(-1.72335366e-06,-8.62756411e-06)
(-2.78023124e-06,-5.46546128e-06)
(-3.83217115e-06,-2.29634632e-06)
(-4.87719076e-06, 8.73675774e-07)
(-5.91332275e-06, 4.03850476e-06)
(-6.93861893e-06, 7.19205696e-06)
(-7.95115406e-06, 1.03282769e-05)
(-8.94902963e-06, 1.34411491e-05)
(-9.93037752e-06, 1.65247094e-05)
(-1.08933637e-05, 1.95730566e-05)
(-1.18361916e-05, 2.25803636e-05)
(-1.27571058e-05, 2.55408886e-05)
(-1.36543954e-05, 2.84489861e-05)
(-1.45263970e-05, 3.12991177e-05)
(-1.53714980e-05, 3.40858623e-05)
(-1.61881400e-05, 3.68039269e-05)
(-1.69748212e-05, 3.94481561e-05)
(-1.77300995e-05, 4.20135424e-05)
(-1.84525952e-05, 4.44952353e-05)
(-1.91409935e-05, 4.68885504e-05)
(-1.97940469e-05, 4.91889785e-05)
(-2.04105772e-05, 5.13921937e-05)
(-2.09894784e-05, 5.34940621e-05)
(-2.15297176e-05, 5.54906488e-05)
(-2.20303378e-05, 5.73782256e-05)
(-2.24904589e-05, 5.91532780e-05)
(-2.29092795e-05, 6.08125115e-05)
(-2.32860779e-05, 6.23528580e-05)
(-2.36202138e-05, 6.37714809e-05)
(-2.39111290e-05, 6.50657808e-05)
(-2.41583480e-05, 6.62334001e-05)
(-2.43614791e-05, 6.72722271e-05)
(-2.45202145e-05, 6.81803998e-05)
(-2.46343309e-05, 6.89563095e-05)
(-2.47036896e-05, 6.95986033e-05)
(-2.47282364e-05, 7.01061865e-05)
(-2.47080013e-05, 7.04782245e-05)
(-2.46430986e-05, 7.07141441e-05)
(-2.45337257e-05, 7.08136344e-05)
(-2.43801632e-05, 7.07766469e-05)
(-2.41827733e-05, 7.06033956e-05)
(-2.39419993e-05, 7.02943563e-05)
(-2.36583643e-05, 6.98502652e-05)
(-2.33324699e-05, 6.92721175e-05)
(-2.29649947e-05, 6.85611651e-05)
(-2.25566928e-05, 6.77189139e-05)
(-2.21083919e-05, 6.67471210e-05)
(-2.16209916e-05, 6.56477908e-05)
(-2.10954614e-05, 6.44231709e-05)
(-2.05328383e-05, 6.30757479e-05)
(-1.99342249e-05, 6.16082420e-05)
(-1.93007869e-05, 6.00236022e-05)
(-1.86337504e-05, 5.83249996e-05)
(-1.79343997e-05, 5.65158220e-05)
(-1.72040745e-05, 5.45996668e-05)
(-1.64441669e-05, 5.25803338e-05)
(-1.56561189e-05, 5.04618182e-05)
(-1.48414193e-05, 4.82483025e-05)
(-1.40016006e-05, 4.59441484e-05)
(-1.31382360e-05, 4.35538883e-05)
(-1.22529366e-05, 4.10822167e-05)
(-1.13473476e-05, 3.85339806e-05)
(-1.04231456e-05, 3.59141709e-05)
(-9.48203505e-06, 3.32279119e-05)
(-8.52574513e-06, 3.04804518e-05)
(-7.55602633e-06, 2.76771530e-05)
(-6.57464711e-06, 2.48234807e-05)
(-5.58339064e-06, 2.19249934e-05)
(-4.58405134e-06, 1.89873316e-05)
(-3.57843160e-06, 1.60162073e-05)
(-2.56833842e-06, 1.30173926e-05)
(-1.55558009e-06, 9.99670893e-06)
(-5.41962856e-07, 6.96001595e-06)
( 4.70712312e-07, 3.91319995e-06)
( 1.48065299e-06, 8.62162826e-07)
( 2.48607852e-06,-2.18718934e-06)
( 3.48522312e-06,-5.22895760e-06)
( 4.47633903e-06,-8.25726141e-06)
( 5.45769955e-06,-1.12662500e-05)
( 6.42760204e-06,-1.42501133e-05)
( 7.38437082e-06,-1.72030936e-05)
( 8.32636002e-06,-2.01194961e-05)
( 9.25195638e-06,-2.29936998e-05)
( 1.01595819e-05,-2.58201688e-05)
( 1.10476966e-05,-2.85934623e-05)
( 1.19148007e-05,-3.13082453e-05)
( 1.27594373e-05,-3.39592988e-05)
( 1.35801949e-05,-3.65415299e-05)
( 1.43757091e-05,-3.90499811e-05)
( 1.51446653e-05,-4.14798406e-05)
( 1.58858001e-05,-4.38264507e-05)
( 1.65979039e-05,-4.60853171e-05)
( 1.72798223e-05,-4.82521177e-05)
( 1.79304576e-05,-5.03227105e-05)
( 1.85487709e-05,-5.22931419e-05)
( 1.91337833e-05,-5.41596539e-05)
( 1.96845771e-05,-5.59186917e-05)
( 2.02002972e-05,-5.75669103e-05)
( 2.06801525e-05,-5.91011811e-05)
( 2.11234161e-05,-6.05185977e-05)
( 2.15294269e-05,-6.18164816e-05)
( 2.18975903e-05,-6.29923875e-05)
( 2.22273783e-05,-6.40441078e-05)
( 2.25183306e-05,-6.49696769e-05)
( 2.27700546e-05,-6.57673752e-05)
( 2.29822261e-05,-6.64357321e-05)
( 2.31545889e-05,-6.69735292e-05)
( 2.32869554e-05,-6.73798025e-05)
( 2.33792063e-05,-6.76538441e-05)
( 2.34312902e-05,-6.77952040e-05)
( 2.34432237e-05,-6.78036907e-05)
( 2.34150910e-05,-6.76793717e-05)
( 2.33470430e-05,-6.74225734e-05)
( 2.32392970e-05,-6.70338805e-05)
( 2.30921360e-05,-6.65141349e-05)
( 2.29059079e-05,-6.58644340e-05)
( 2.26810242e-05,-6.50861290e-05)
( 2.24179598e-05,-6.41808218e-05)
( 2.21172510e-05,-6.31503622e-05)
( 2.17794951e-05,-6.19968446e-05)
( 2.14053484e-05,-6.07226035e-05)
( 2.09955257e-05,-5.93302093e-05)
( 2.05507981e-05,-5.78224634e-05)
( 2.00719919e-05,-5.62023926e-05)
( 1.95599869e-05,-5.44732432e-05)
( 1.90157148e-05,-5.26384754e-05)
( 1.84401574e-05,-5.07017555e-05)
( 1.78343451e-05,-4.86669497e-05)
( 1.71993545e-05,-4.65381164e-05)
( 1.65363071e-05,-4.43194980e-05)
( 1.58463670e-05,-4.20155130e-05)
( 1.51307389e-05,-3.96307472e-05)
( 1.43906662e-05,-3.71699450e-05)
( 1.36274289e-05,-3.46379999e-05)
( 1.28423412e-05,-3.20399451e-05)
( 1.20367498e-05,-2.93809437e-05)
( 1.12120311e-05,-2.66662783e-05)
( 1.03695894e-05,-2.39013412e-05)
( 9.51085460e-06,-2.10916234e-05)
( 8.63727962e-06,-1.82427038e-05)
( 7.75033837e-06,-1.53602385e-05)
( 6.85152330e-06,-1.24499498e-05)
( 5.94234305e-06,-9.51761429e-06)
( 5.02432011e-06,-6.56905215e-06)
( 4.09898845e-06,-3.61011532e-06)
( 3.16789112e-06,-6.46675995e-07)
( 2.23257788e-06, 2.31538496e-06)
( 1.29460282e-06, 5.27018966e-06)
( 3.55521980e-07, 8.21187490e-06)
(-5.83109022e-07, 1.11346037e-05)
(-1.51973738e-06, 1.40325771e-05)
(-2.45281542e-06, 1.69000453e-05)
(-3.38080300e-06, 1.97313198e-05)
(-4.30216978e-06, 2.25207839e-05)
(-5.21539756e-06, 2.52629047e-05)
(-6.11898260e-06, 2.79522436e-05)
(-7.01143783e-06, 3.05834675e-05)
(-7.89129514e-06, 3.31513595e-05)
(-8.75710755e-06, 3.56508293e-05)
(-9.60745147e-06, 3.80769233e-05)
(-1.04409287e-05, 4.04248348e-05)
(-1.12561688e-05, 4.26899137e-05)
(-1.20518309e-05, 4.48676759e-05)
(-1.28266059e-05, 4.69538119e-05)
(-1.35792183e-05, 4.89441965e-05)
(-1.43084285e-05, 5.08348963e-05)
(-1.50130342e-05, 5.26221780e-05)
(-1.56918727e-05, 5.43025163e-05)
(-1.63438226e-05, 5.58726005e-05)
(-1.69678052e-05, 5.73293420e-05)
(-1.75627868e-05, 5.86698800e-05)
(-1.81277799e-05, 5.98915879e-05)
(-1.86618447e-05, 6.09920782e-05)
(-1.91640911e-05, 6.19692079e-05)
(-1.96336797e-05, 6.28210829e-05)
(-2.00698234e-05, 6.35460616e-05)
(-2.04717887e-05, 6.41427588e-05)
(-2.08388967e-05, 6.46100483e-05)
(-2.11705248e-05, 6.49470655e-05)
(-2.14661072e-05, 6.51532092e-05)
(-2.17251364e-05, 6.52281430e-05)
(-2.19471639e-05, 6.51717960e-05)
(-2.21318010e-05, 6.49843631e-05)
(-2.22787198e-05, 6.46663049e-05)
(-2.23876538e-05, 6.42183468e-05)
(-2.24583986e-05, 6.36414772e-05)
(-2.24908121e-05, 6.29369463e-05)
(-2.24848154e-05, 6.21062633e-05)
(-2.24403928e-05, 6.11511933e-05)
(-2.23575922e-05, 6.00737540e-05)
(-2.22365252e-05, 5.88762116e-05)
(-2.20773674e-05, 5.75610763e-05)
(-2.18803578e-05, 5.61310970e-05)
(-2.16457993e-05, 5.45892562e-05)
(-2.13740584e-05, 5.29387635e-05)
(-2.10655642e-05, 5.11830493e-05)
(-2.07208088e-05, 4.93257579e-05)
(-2.03403465e-05, 4.73707397e-05)
(-1.99247928e-05, 4.53220438e-05)
(-1.94748244e-05, 4.31839095e-05)
(-1.89911775e-05, 4.09607574e-05)
(-1.84746477e-05, 3.86571808e-05)
(-1.79260884e-05, 3.62779356e-05)
(-1.73464097e-05, 3.38279312e-05)
(-1.67365777e-05, 3.13122199e-05)
(-1.60976123e-05, 2.87359867e-05)
(-1.54305866e-05, 2.61045385e-05)
(-1.47366246e-05, 2.34232930e-05)
(-1.40169003e-05, 2.06977679e-05)
(-1.32726352e-05, 1.79335688e-05)
(-1.25050972e-05, 1.51363782e-05)
(-1.17155980e-05, 1.23119434e-05)
(-1.09054916e-05, 9.46606467e-06)
(-1.00761718e-05, 6.60458292e-06)
(-9.22907042e-06, 3.73336786e-06)
(-8.36565447e-06, 8.58305644e-07)
(-7.48742420e-06,-2.01471339e-06)
(-6.59591050e-06,-4.87980703e-06)
(-5.69267237e-06,-7.73111340e-06)
(-4.77929430e-06,-1.05628033e-05)
(-3.85738364e-06,-1.33690921e-05)
(-2.92856781e-06,-1.61442524e-05)
(-1.99449156e-06,-1.88826254e-05)
(-1.05681402e-06,-2.15786329e-05)
(-1.17205889e-07,-2.42267891e-05)
( 8.22653620e-07,-2.68217120e-05)
( 1.76107972e-06,-2.93581347e-05)
( 2.69638515e-06,-3.18309162e-05)
( 3.62688320e-06,-3.42350525e-05)
( 4.55089085e-06,-3.65656865e-05)
( 5.46673190e-06,-3.88181188e-05)
( 6.37274010e-06,-4.09878170e-05)
( 7.26726232e-06,-4.30704254e-05)
( 8.14866170e-06,-4.50617740e-05)
( 9.01532082e-06,-4.69578873e-05)
( 9.86564482e-06,-4.87549921e-05)
( 1.06980646e-05,-5.04495261e-05)
( 1.15110398e-05,-5.20381444e-05)
( 1.23030621e-05,-5.35177272e-05)
( 1.30726581e-05,-5.48853856e-05)
( 1.38183923e-05,-5.61384679e-05)
( 1.45388703e-05,-5.72745648e-05)
( 1.52327413e-05,-5.82915144e-05)
( 1.58987015e-05,-5.91874066e-05)
( 1.65354964e-05,-5.99605866e-05)
( 1.71419236e-05,-6.06096586e-05)
( 1.77168357e-05,-6.11334880e-05)
( 1.82591424e-05,-6.15312042e-05)
( 1.87678132e-05,-6.18022012e-05)
( 1.92418798e-05,-6.19461395e-05)
( 1.96804382e-05,-6.19629459e-05)
( 2.00826506e-05,-6.18528138e-05)
( 2.04477479e-05,-6.16162019e-05)
( 2.07750312e-05,-6.12538333e-05)
( 2.10638734e-05,-6.07666934e-05)
( 2.13137213e-05,-6.01560274e-05)
( 2.15240966e-05,-5.94233376e-05)
( 2.16945973e-05,-5.85703792e-05)
( 2.18248990e-05,-5.75991567e-05)
( 2.19147559e-05,-5.65119191e-05)
( 2.19640015e-05,-5.53111544e-05)
( 2.19725491e-05,-5.39995843e-05)
( 2.19403929e-05,-5.25801577e-05)
( 2.18676077e-05,-5.10560438e-05)
( 2.17543494e-05,-4.94306257e-05)
( 2.16008550e-05,-4.77074917e-05)
( 2.14074423e-05,-4.58904281e-05)
( 2.11745094e-05,-4.39834101e-05)
( 2.09025346e-05,-4.19905931e-05)
( 2.05920751e-05,-3.99163037e-05)
( 2.02437666e-05,-3.77650294e-05)
( 1.98583218e-05,-3.55414093e-05)
( 1.94365295e-05,-3.32502234e-05)
( 1.89792529e-05,-3.08963819e-05)
( 1.84874280e-05,-2.84849148e-05)
( 1.79620620e-05,-2.60209604e-05)
( 1.74042312e-05,-2.35097541e-05)
( 1.68150786e-05,-2.09566168e-05)
( 1.61958122e-05,-1.83669436e-05)
( 1.55477020e-05,-1.57461915e-05)
( 1.48720776e-05,-1.30998676e-05)
( 1.41703254e-05,-1.04335174e-05)
( 1.34438859e-05,-7.75271237e-06)
( 1.26942500e-05,-5.06303806e-06)
( 1.19229567e-05,-2.37008193e-06)
( 1.11315891e-05, 3.20578708e-07)
( 1.03217712e-05, 3.00338865e-06)
( 9.49516423e-06, 5.67282678e-06)
( 8.65346334e-06, 8.32341786e-06)
( 7.79839341e-06, 1.09497442e-05)
( 6.93170543e-06, 1.35464573e-05)
( 6.05517255e-06, 1.61082889e-05)
( 5.17058605e-06, 1.86300624e-05)
( 4.27975132e-06, 2.11067037e-05)
( 3.38448372e-06, 2.35332514e-05)
( 2.48660444e-06, 2.59048679e-05)
( 1.58793633e-06, 2.82168486e-05)
( 6.90299679e-07, 3.04646321e-05)
(-2.04491977e-07, 3.26438094e-05)
(-1.09463609e-06, 3.47501328e-05)
(-1.97834531e-06, 3.67795244e-05)
(-2.85385161e-06, 3.87280846e-05)
(-3.71941052e-06, 4.05920992e-05)
(-4.57330516e-06, 4.23680472e-05)
(-5.41385034e-06, 4.40526076e-05)
(-6.23939649e-06, 4.56426652e-05)
(-7.04833364e-06, 4.71353169e-05)
(-7.83909519e-06, 4.85278771e-05)
(-8.61016165e-06, 4.98178820e-05)
(-9.36006426e-06, 5.10030946e-05)
(-1.00873885e-05, 5.20815078e-05)
(-1.07907774e-05, 5.30513480e-05)
(-1.14689350e-05, 5.39110779e-05)
(-1.21206289e-05, 5.46593981e-05)
(-1.27446940e-05, 5.52952493e-05)
(-1.33400345e-05, 5.58178130e-05)
(-1.39056268e-05, 5.62265119e-05)
(-1.44405222e-05, 5.65210103e-05)
(-1.49438486e-05, 5.67012129e-05)
(-1.54148127e-05, 5.67672638e-05)
(-1.58527021e-05, 5.67195453e-05)
(-1.62568865e-05, 5.65586749e-05)
(-1.66268194e-05, 5.62855030e-05)
(-1.69620391e-05, 5.59011096e-05)
(-1.72621698e-05, 5.54068004e-05)
(-1.75269220e-05, 5.48041024e-05)
(-1.77560935e-05, 5.40947595e-05)
(-1.79495692e-05, 5.32807269e-05)
(-1.81073212e-05, 5.23641657e-05)
(-1.82294090e-05, 5.13474367e-05)
(-1.83159782e-05, 5.02330935e-05)
(-1.83672608e-05, 4.90238763e-05)
(-1.83835733e-05, 4.77227036e-05)
(-1.83653163e-05, 4.63326655e-05)
(-1.83129724e-05, 4.48570150e-05)
(-1.82271053e-05, 4.32991596e-05)
(-1.81083571e-05, 4.16626532e-05)
(-1.79574469e-05, 3.99511865e-05)
(-1.77751678e-05, 3.81685783e-05)
(-1.75623849e-05, 3.63187658e-05)
(-1.73200324e-05, 3.44057950e-05)
(-1.70491103e-05, 3.24338108e-05)
(-1.67506815e-05, 3.04070472e-05)
(-1.64258685e-05, 2.83298171e-05)
(-1.60758497e-05, 2.62065020e-05)
(-1.57018556e-05, 2.40415419e-05)
(-1.53051650e-05, 2.18394247e-05)
(-1.48871010e-05, 1.96046758e-05)
(-1.44490268e-05, 1.73418481e-05)
(-1.39923412e-05, 1.50555111e-05)
(-1.35184743e-05, 1.27502408e-05)
(-1.30288827e-05, 1.04306096e-05)
(-1.25250453e-05, 8.10117601e-06)
(-1.20084580e-05, 5.76647444e-06)
(-1.14806290e-05, 3.43100554e-06)
(-1.09430743e-05, 1.09922642e-06)
(-1.03973119e-05,-1.22445895e-06)
(-9.84485786e-06,-3.53570900e-06)
(-9.28722028e-06,-5.83025368e-06)
(-8.72589491e-06,-8.10390328e-06)
(-8.16235984e-06,-1.03525569e-05)
(-7.59807057e-06,-1.25722110e-05)
(-7.03445496e-06,-1.47589668e-05)
(-6.47290833e-06,-1.69090385e-05)
(-5.91478852e-06,-1.90187602e-05)
(-5.36141108e-06,-2.10845926e-05)
(-4.81404450e-06,-2.31031300e-05)
(-4.27390556e-06,-2.50711063e-05)
(-3.74215478e-06,-2.69854002e-05)
(-3.21989195e-06,-2.88430412e-05)
(-2.70815184e-06,-3.06412141e-05)
(-2.20789999e-06,-3.23772634e-05)
(-1.72002868e-06,-3.40486975e-05)
(-1.24535307e-06,-3.56531920e-05)
(-7.84607433e-07,-3.71885930e-05)
(-3.38441633e-07,-3.86529193e-05)
( 9.25822646e-08,-4.00443653e-05)
( 5.07993192e-07,-4.13613018e-05)
( 9.07414093e-07,-4.26022778e-05)
( 1.29056475e-06,-4.37660209e-05)
( 1.65726442e-06,-4.48514379e-05)
( 2.00743432e-06,-4.58576143e-05)
( 2.34109983e-06,-4.67838136e-05)
( 2.65839265e-06,-4.76294764e-05)
( 2.95955268e-06,-4.83942188e-05)
( 3.24492977e-06,-4.90778300e-05)
( 3.51498531e-06,-4.96802703e-05)
( 3.77029370e-06,-5.02016679e-05)
( 4.01154365e-06,-5.06423155e-05)
( 4.23953946e-06,-5.10026669e-05)
( 4.45520213e-06,-5.12833322e-05)
( 4.65957046e-06,-5.14850738e-05)
( 4.85380221e-06,-5.16088013e-05)
( 5.03917519e-06,-5.16555660e-05)
( 5.21708850e-06,-5.16265552e-05)
( 5.38906390e-06,-5.15230861e-05)
( 5.55674740e-06,-5.13465996e-05)
( 5.72191116e-06,-5.10986533e-05)
( 5.88645576e-06,-5.07809143e-05)
( 6.05241304e-06,-5.03951521e-05)
( 6.22194956e-06,-4.99432305e-05)
( 6.39737091e-06,-4.94270995e-05)
( 6.58112703e-06,-4.88487870e-05)
( 6.77581884e-06,-4.82103900e-05)
( 6.98420641e-06,-4.75140653e-05)
( 7.20921907e-06,-4.67620201e-05)
( 7.45396795e-06,-4.59565021e-05)
( 7.72176135e-06,-4.50997891e-05)
( 8.01612386e-06,-4.41941779e-05)
( 8.34081983e-06,-4.32419734e-05)
( 8.69988248e-06,-4.22454757e-05)
( 9.09765001e-06,-4.12069678e-05)
( 9.53881033e-06,-4.01287014e-05)
( 1.00284570e-05,-3.90128819e-05)
( 1.05721592e-05,-3.78616515e-05)
( 1.11760501e-05,-3.66770711e-05)
( 1.18469383e-05,-3.54610991e-05)
( 1.25924511e-05,-3.42155675e-05)
( 1.34212183e-05,-3.29421534e-05)
( 1.43431118e-05,-3.16423461e-05)
( 1.53695609e-05,-3.03174056e-05)
( 1.65139732e-05,-2.89683124e-05)
( 1.77923031e-05,-2.75957026e-05)
( 1.92238358e-05,-2.61997843e-05)
( 2.08322858e-05,-2.47802259e-05)
( 2.26473730e-05,-2.33360035e-05)
( 2.47071412e-05,-2.18651863e-05)
( 2.70614702e-05,-2.03646251e-05)
( 2.97775852e-05,-1.88294841e-05)
( 3.29490610e-05,-1.72525086e-05)
( 3.67112913e-05,-1.56228196e-05)
( 4.12697442e-05,-1.39238127e-05)
( 4.69557292e-05,-1.21292069e-05)
( 5.43482166e-05,-1.01948501e-05)
( 6.45774741e-05,-8.03937710e-06)
( 8.03140839e-05,-5.48554365e-06)
( 1.07798844e-04,-2.13208855e-06)
( 2.53271927e-04, 7.47436243e-06)
(-5.50566210e-07, 1.08041220e-06)
(-1.98728637e-06, 4.19506468e-06)
(-3.34243790e-06, 7.10201104e-06)
(-4.68981593e-06, 9.98914380e-06)
(-6.02649475e-06, 1.28515376e-05)
(-7.35054322e-06, 1.56858261e-05)
(-8.65965744e-06, 1.84874137e-05)
(-9.95141771e-06, 2.12513033e-05)
(-1.12233717e-05, 2.39723526e-05)
(-1.24730702e-05, 2.66453898e-05)
(-1.36980877e-05, 2.92652730e-05)
(-1.48960351e-05, 3.18269258e-05)
(-1.60645685e-05, 3.43253621e-05)
(-1.72013968e-05, 3.67557038e-05)
(-1.83042876e-05, 3.91131962e-05)
(-1.93710730e-05, 4.13932206e-05)
(-2.03996540e-05, 4.35913056e-05)
(-2.13880060e-05, 4.57031373e-05)
(-2.23341821e-05, 4.77245695e-05)
(-2.32363184e-05, 4.96516320e-05)
(-2.40926368e-05, 5.14805396e-05)
(-2.49014493e-05, 5.32076995e-05)
(-2.56611615e-05, 5.48297193e-05)
(-2.63702752e-05, 5.63434132e-05)
(-2.70273923e-05, 5.77458092e-05)
(-2.76312171e-05, 5.90341548e-05)
(-2.81805589e-05, 6.02059224e-05)
(-2.86743347e-05, 6.12588148e-05)
(-2.91115711e-05, 6.21907693e-05)
(-2.94914065e-05, 6.29999622e-05)
(-2.98130926e-05, 6.36848123e-05)
(-3.00759959e-05, 6.42439842e-05)
(-3.02795995e-05, 6.46763906e-05)
(-3.04235033e-05, 6.49811949e-05)
(-3.05074254e-05, 6.51578125e-05)
(-3.05312026e-05, 6.52059121e-05)
(-3.04947905e-05, 6.51254164e-05)
(-3.03982638e-05, 6.49165020e-05)
(-3.02418160e-05, 6.45795996e-05)
(-3.00257594e-05, 6.41153922e-05)
(-2.97505240e-05, 6.35248148e-05)
(-2.94166567e-05, 6.28090517e-05)
(-2.90248208e-05, 6.19695344e-05)
(-2.85757940e-05, 6.10079389e-05)
(-2.80704672e-05, 5.99261822e-05)
(-2.75098426e-05, 5.87264186e-05)
(-2.68950318e-05, 5.74110353e-05)
(-2.62272536e-05, 5.59826476e-05)
(-2.55078317e-05, 5.44440939e-05)
(-2.47381917e-05, 5.27984298e-05)
(-2.39198585e-05, 5.10489224e-05)
(-2.30544536e-05, 4.91990435e-05)
(-2.21436911e-05, 4.72524628e-05)
(-2.11893752e-05, 4.52130406e-05)
(-2.01933957e-05, 4.30848203e-05)
(-1.91577252e-05, 4.08720202e-05)
(-1.80844144e-05, 3.85790251e-05)
(-1.69755884e-05, 3.62103778e-05)
(-1.58334424e-05, 3.37707701e-05)
(-1.46602375e-05, 3.12650334e-05)
(-1.34582958e-05, 2.86981290e-05)
(-1.22299963e-05, 2.60751385e-05)
(-1.09777699e-05, 2.34012539e-05)
(-9.70409432e-06, 2.06817669e-05)
(-8.41148986e-06, 1.79220586e-05)
(-7.10251379e-06, 1.51275891e-05)
(-5.77975553e-06, 1.23038865e-05)
(-4.44583147e-06, 9.45653570e-06)
(-3.10337978e-06, 6.59116801e-06)
(-1.75505516e-06, 3.71344947e-06)
(-4.03523594e-07, 8.29069916e-07)
( 9.48542951e-07,-2.05626834e-06)
( 2.29847183e-06,-4.93686173e-06)
( 3.64359501e-06,-7.80701671e-06)
( 4.98125437e-06,-1.06610610e-05)
( 6.30880697e-06,-1.34933547e-05)
( 7.62363028e-06,-1.62983015e-05)
( 8.92312741e-06,-1.90703598e-05)
( 1.02047322e-05,-2.18040533e-05)
( 1.14659144e-05,-2.44939822e-05)
( 1.27041845e-05,-2.71348337e-05)
( 1.39170990e-05,-2.97213922e-05)
( 1.51022648e-05,-3.22485500e-05)
( 1.62573443e-05,-3.47113171e-05)
( 1.73800598e-05,-3.71048309e-05)
( 1.84681983e-05,-3.94243662e-05)
( 1.95196154e-05,-4.16653441e-05)
( 2.05322400e-05,-4.38233412e-05)
( 2.15040782e-05,-4.58940982e-05)
( 2.24332172e-05,-4.78735282e-05)
( 2.33178292e-05,-4.97577252e-05)
( 2.41561748e-05,-5.15429709e-05)
( 2.49466066e-05,-5.32257429e-05)
( 2.56875726e-05,-5.48027211e-05)
( 2.63776187e-05,-5.62707943e-05)
( 2.70153923e-05,-5.76270664e-05)
( 2.75996444e-05,-5.88688618e-05)
( 2.81292323e-05,-5.99937312e-05)
( 2.86031216e-05,-6.09994557e-05)
( 2.90203886e-05,-6.18840517e-05)
( 2.93802220e-05,-6.26457744e-05)
( 2.96819241e-05,-6.32831213e-05)
( 2.99249126e-05,-6.37948355e-05)
( 3.01087216e-05,-6.41799074e-05)
( 3.02330024e-05,-6.44375772e-05)
( 3.02975242e-05,-6.45673364e-05)
( 3.03021747e-05,-6.45689285e-05)
( 3.02469601e-05,-6.44423493e-05)
( 3.01320049e-05,-6.41878476e-05)
( 2.99575520e-05,-6.38059238e-05)
( 2.97239620e-05,-6.32973296e-05)
( 2.94317124e-05,-6.26630660e-05)
( 2.90813969e-05,-6.19043815e-05)
( 2.86737236e-05,-6.10227697e-05)
( 2.82095142e-05,-6.00199662e-05)
( 2.76897020e-05,-5.88979451e-05)
( 2.71153302e-05,-5.76589152e-05)
( 2.64875496e-05,-5.63053156e-05)
( 2.58076164e-05,-5.48398110e-05)
( 2.50768897e-05,-5.32652862e-05)
( 2.42968287e-05,-5.15848404e-05)
( 2.34689900e-05,-4.98017813e-05)
( 2.25950241e-05,-4.79196186e-05)
( 2.16766724e-05,-4.59420566e-05)
( 2.07157638e-05,-4.38729877e-05)
( 1.97142108e-05,-4.17164838e-05)
( 1.86740056e-05,-3.94767889e-05)
( 1.75972167e-05,-3.71583108e-05)
( 1.64859842e-05,-3.47656119e-05)
( 1.53425157e-05,-3.23034006e-05)
( 1.41690821e-05,-2.97765221e-05)
( 1.29680129e-05,-2.71899485e-05)
( 1.17416916e-05,-2.45487693e-05)
( 1.04925510e-05,-2.18581813e-05)
( 9.22306835e-06,-1.91234784e-05)
( 7.93576059e-06,-1.63500413e-05)
( 6.63317907e-06,-1.35433266e-05)
( 5.31790470e-06,-1.07088564e-05)
( 3.99254278e-06,-7.85220716e-06)
( 2.65971787e-06,-4.97899907e-06)
( 1.32206855e-06,-2.09488473e-06)
(-1.77577590e-08, 7.94461857e-07)
(-1.35711005e-06, 3.68335645e-06)
(-2.69333897e-06, 6.56611573e-06)
(-4.02380204e-06, 9.43706847e-06)
(-5.34586888e-06, 1.22905667e-05)
(-6.65692641e-06, 1.51209967e-05)
(-7.95438397e-06, 1.79227903e-05)
(-9.23567849e-06, 2.06904355e-05)
(-1.04982795e-05, 2.34184873e-05)
(-1.17396940e-05, 2.61015788e-05)
(-1.29574718e-05, 2.87344312e-05)
(-1.41492096e-05, 3.13118648e-05)
(-1.53125565e-05, 3.38288083e-05)
(-1.64452181e-05, 3.62803098e-05)
(-1.75449612e-05, 3.86615456e-05)
(-1.86096181e-05, 4.09678303e-05)
(-1.96370911e-05, 4.31946257e-05)
(-2.06253563e-05, 4.53375498e-05)
(-2.15724675e-05, 4.73923854e-05)
(-2.24765605e-05, 4.93550884e-05)
(-2.33358563e-05, 5.12217958e-05)
(-2.41486648e-05, 5.29888331e-05)
(-2.49133878e-05, 5.46527219e-05)
(-2.56285226e-05, 5.62101861e-05)
(-2.62926646e-05, 5.76581592e-05)
(-2.69045099e-05, 5.89937894e-05)
(-2.74628583e-05, 6.02144462e-05)
(-2.79666151e-05, 6.13177245e-05)
(-2.84147936e-05, 6.23014504e-05)
(-2.88065168e-05, 6.31636846e-05)
(-2.91410193e-05, 6.39027267e-05)
(-2.94176485e-05, 6.45171187e-05)
(-2.96358659e-05, 6.50056472e-05)
(-2.97952483e-05, 6.53673467e-05)
(-2.98954884e-05, 6.56015005e-05)
(-2.99363955e-05, 6.57076433e-05)
(-2.99178956e-05, 6.56855609e-05)
(-2.98400317e-05, 6.55352918e-05)
(-2.97029639e-05, 6.52571262e-05)
(-2.95069684e-05, 6.48516059e-05)
(-2.92524374e-05, 6.43195235e-05)
(-2.89398781e-05, 6.36619201e-05)
(-2.85699120e-05, 6.28800843e-05)
(-2.81432730e-05, 6.19755486e-05)
(-2.76608064e-05, 6.09500874e-05)
(-2.71234671e-05, 5.98057128e-05)
(-2.65323175e-05, 5.85446712e-05)
(-2.58885256e-05, 5.71694386e-05)
(-2.51933625e-05, 5.56827157e-05)
(-2.44481999e-05, 5.40874230e-05)
(-2.36545075e-05, 5.23866947e-05)
(-2.28138498e-05, 5.05838729e-05)
(-2.19278833e-05, 4.86825006e-05)
(-2.09983528e-05, 4.66863154e-05)
(-2.00270884e-05, 4.45992414e-05)
(-1.90160015e-05, 4.24253824e-05)
(-1.79670813e-05, 4.01690131e-05)
(-1.68823905e-05, 3.78345710e-05)
(-1.57640616e-05, 3.54266480e-05)
(-1.46142925e-05, 3.29499807e-05)
(-1.34353421e-05, 3.04094419e-05)
(-1.22295257e-05, 2.78100305e-05)
(-1.09992111e-05, 2.51568618e-05)
(-9.74681309e-06, 2.24551575e-05)
(-8.47478907e-06, 1.97102356e-05)
(-7.18563426e-06, 1.69274998e-05)
(-5.88187667e-06, 1.41124286e-05)
(-4.56607215e-06, 1.12705653e-05)
(-3.24079936e-06, 8.40750628e-06)
(-1.90865465e-06, 5.52889048e-06)
(-5.72247028e-07, 2.64038818e-06)
( 7.65807035e-07,-2.52310140e-07)
( 2.10288873e-06,-3.14350502e-06)
( 3.43638204e-06,-6.02749919e-06)
( 4.76367891e-06,-8.89860884e-06)
( 6.08218437e-06,-1.17511748e-05)
( 7.38932156e-06,-1.45795736e-05)
( 8.68253691e-06,-1.73782286e-05)
( 9.95930504e-06,-2.01416212e-05)
( 1.12171338e-05,-2.28643013e-05)
( 1.24535689e-05,-2.55408984e-05)
( 1.36661994e-05,-2.81661319e-05)
( 1.48526614e-05,-3.07348219e-05)
( 1.60106436e-05,-3.32418991e-05)
( 1.71378913e-05,-3.56824149e-05)
( 1.82322110e-05,-3.80515511e-05)
( 1.92914748e-05,-4.03446299e-05)
( 2.03136241e-05,-4.25571223e-05)
( 2.12966742e-05,-4.46846579e-05)
( 2.22387178e-05,-4.67230330e-05)
( 2.31379289e-05,-4.86682190e-05)
( 2.39925662e-05,-5.05163708e-05)
( 2.48009766e-05,-5.22638339e-05)
( 2.55615985e-05,-5.39071520e-05)
( 2.62729647e-05,-5.54430736e-05)
( 2.69337053e-05,-5.68685586e-05)
( 2.75425504e-05,-5.81807845e-05)
( 2.80983325e-05,-5.93771518e-05)
( 2.85999888e-05,-6.04552891e-05)
( 2.90465632e-05,-6.14130583e-05)
( 2.94372083e-05,-6.22485582e-05)
( 2.97711869e-05,-6.29601290e-05)
( 3.00478734e-05,-6.35463552e-05)
( 3.02667551e-05,-6.40060685e-05)
( 3.04274332e-05,-6.43383503e-05)
( 3.05296232e-05,-6.45425336e-05)
( 3.05731561e-05,-6.46182042e-05)
( 3.05579781e-05,-6.45652018e-05)
( 3.04841507e-05,-6.43836203e-05)
( 3.03518511e-05,-6.40738075e-05)
( 3.01613712e-05,-6.36363648e-05)
( 2.99131174e-05,-6.30721458e-05)
( 2.96076094e-05,-6.23822551e-05)
( 2.92454796e-05,-6.15680456e-05)
( 2.88274714e-05,-6.06311162e-05)
( 2.83544382e-05,-5.95733090e-05)
( 2.78273411e-05,-5.83967052e-05)
( 2.72472474e-05,-5.71036213e-05)
( 2.66153284e-05,-5.56966047e-05)
( 2.59328570e-05,-5.41784285e-05)
( 2.52012052e-05,-5.25520863e-05)
( 2.44218415e-05,-5.08207862e-05)
( 2.35963277e-05,-4.89879445e-05)
( 2.27263160e-05,-4.70571792e-05)
( 2.18135459e-05,-4.50323026e-05)
( 2.08598405e-05,-4.29173142e-05)
( 1.98671028e-05,-4.07163926e-05)
( 1.88373122e-05,-3.84338871e-05)
( 1.77725207e-05,-3.60743097e-05)
( 1.66748484e-05,-3.36423256e-05)
( 1.55464795e-05,-3.11427447e-05)
( 1.43896583e-05,-2.85805113e-05)
( 1.32066843e-05,-2.59606952e-05)
( 1.19999081e-05,-2.32884811e-05)
( 1.07717262e-05,-2.05691586e-05)
( 9.52457692e-06,-1.78081118e-05)
( 8.26093512e-06,-1.50108088e-05)
( 6.98330752e-06,-1.21827904e-05)
( 5.69422771e-06,-9.32965968e-06)
( 4.39625116e-06,-6.45707086e-06)
( 3.09195019e-06,-3.57071785e-06)
( 1.78390887e-06,-6.76323220e-07)
( 4.74717961e-07, 2.22037317e-06)
(-8.33030225e-07, 5.11362554e-06)
(-2.13674691e-06, 7.99769356e-06)
(-3.43385196e-06, 1.08668537e-05)
(-4.72177897e-06, 1.37154105e-05)
(-5.99798034e-06, 1.65377079e-05)
(-7.25993226e-06, 1.93281407e-05)
(-8.50513973e-06, 2.20811652e-05)
(-9.73114143e-06, 2.47913104e-05)
(-1.09355146e-05, 2.74531889e-05)
(-1.21158798e-05, 3.00615077e-05)
(-1.32699057e-05, 3.26110784e-05)
(-1.43953133e-05, 3.50968276e-05)
(-1.54898812e-05, 3.75138073e-05)
(-1.65514489e-05, 3.98572041e-05)
(-1.75779221e-05, 4.21223494e-05)
(-1.85672761e-05, 4.43047281e-05)
(-1.95175602e-05, 4.63999883e-05)
(-2.04269014e-05, 4.84039491e-05)
(-2.12935079e-05, 5.03126095e-05)
(-2.21156731e-05, 5.21221563e-05)
(-2.28917785e-05, 5.38289715e-05)
(-2.36202971e-05, 5.54296396e-05)
(-2.42997964e-05, 5.69209544e-05)
(-2.49289413e-05, 5.82999255e-05)
(-2.55064965e-05, 5.95637841e-05)
(-2.60313292e-05, 6.07099886e-05)
(-2.65024110e-05, 6.17362297e-05)
(-2.69188203e-05, 6.26404350e-05)
(-2.72797440e-05, 6.34207732e-05)
(-2.75844787e-05, 6.40756577e-05)
(-2.78324329e-05, 6.46037496e-05)
(-2.80231272e-05, 6.50039610e-05)
(-2.81561962e-05, 6.52754565e-05)
(-2.82313883e-05, 6.54176553e-05)
(-2.82485670e-05, 6.54302324e-05)
(-2.82077104e-05, 6.53131190e-05)
(-2.81089121e-05, 6.50665029e-05)
(-2.79523801e-05, 6.46908283e-05)
(-2.77384372e-05, 6.41867947e-05)
(-2.74675196e-05, 6.35553554e-05)
(-2.71401767e-05, 6.27977163e-05)
(-2.67570695e-05, 6.19153328e-05)
(-2.63189697e-05, 6.09099074e-05)
(-2.58267578e-05, 5.97833863e-05)
(-2.52814216e-05, 5.85379554e-05)
(-2.46840541e-05, 5.71760362e-05)
(-2.40358513e-05, 5.57002810e-05)
(-2.33381102e-05, 5.41135674e-05)
(-2.25922257e-05, 5.24189930e-05)
(-2.17996880e-05, 5.06198692e-05)
(-2.09620799e-05, 4.87197143e-05)
(-2.00810734e-05, 4.67222472e-05)
(-1.91584263e-05, 4.46313793e-05)
(-1.81959792e-05, 4.24512075e-05)
(-1.71956511e-05, 4.01860055e-05)
(-1.61594364e-05, 3.78402158e-05)
(-1.50894002e-05, 3.54184405e-05)
(-1.39876748e-05, 3.29254326e-05)
(-1.28564551e-05, 3.03660862e-05)
(-1.16979945e-05, 2.77454271e-05)
(-1.05146000e-05, 2.50686029e-05)
(-9.30862823e-06, 2.23408724e-05)
(-8.08248035e-06, 1.95675957e-05)
(-6.83859737e-06, 1.67542231e-05)
(-5.57945538e-06, 1.39062848e-05)
(-4.30756058e-06, 1.10293796e-05)
(-3.02544433e-06, 8.12916381e-06)
(-1.73565811e-06, 5.21134029e-06)
(-4.40768500e-07, 2.28164697e-06)
( 8.56647963e-07,-6.54154493e-07)
( 2.15400987e-06,-3.59029007e-06)
( 3.44873603e-06,-6.52098484e-06)
( 4.73825067e-06,-9.44047441e-06)
( 6.01998845e-06,-1.23430163e-05)
( 7.29139962e-06,-1.52229015e-05)
( 8.54995502e-06,-1.80744653e-05)
( 9.79315116e-06,-2.08920992e-05)
( 1.10185151e-05,-2.36702613e-05)
( 1.22236095e-05,-2.64034879e-05)
( 1.34060371e-05,-2.90864039e-05)
( 1.45634460e-05,-3.17137335e-05)
( 1.56935340e-05,-3.42803107e-05)
( 1.67940530e-05,-3.67810897e-05)
( 1.78628138e-05,-3.92111546e-05)
( 1.88976902e-05,-4.15657292e-05)
( 1.98966234e-05,-4.38401864e-05)
( 2.08576259e-05,-4.60300577e-05)
( 2.17787855e-05,-4.81310415e-05)
( 2.26582689e-05,-5.01390119e-05)
( 2.34943259e-05,-5.20500270e-05)
( 2.42852920e-05,-5.38603362e-05)
( 2.50295924e-05,-5.55663881e-05)
( 2.57257448e-05,-5.71648374e-05)
( 2.63723623e-05,-5.86525511e-05)
( 2.69681563e-05,-6.00266154e-05)
( 2.75119387e-05,-6.12843406e-05)
( 2.80026247e-05,-6.24232672e-05)
( 2.84392346e-05,-6.34411701e-05)
( 2.88208957e-05,-6.43360635e-05)
( 2.91468441e-05,-6.51062043e-05)
( 2.94164265e-05,-6.57500960e-05)
( 2.96291006e-05,-6.62664913e-05)
( 2.97844372e-05,-6.66543946e-05)
( 2.98821202e-05,-6.69130640e-05)
( 2.99219475e-05,-6.70420126e-05)
( 2.99038316e-05,-6.70410099e-05)
( 2.98277993e-05,-6.69100814e-05)
( 2.96939918e-05,-6.66495092e-05)
( 2.95026644e-05,-6.62598311e-05)
( 2.92541859e-05,-6.57418398e-05)
( 2.89490379e-05,-6.50965807e-05)
( 2.85878138e-05,-6.43253505e-05)
( 2.81712175e-05,-6.34296940e-05)
( 2.77000618e-05,-6.24114014e-05)
( 2.71752672e-05,-6.12725046e-05)
( 2.65978596e-05,-6.00152731e-05)
( 2.59689684e-05,-5.86422096e-05)
( 2.52898241e-05,-5.71560448e-05)
( 2.45617561e-05,-5.55597321e-05)
( 2.37861896e-05,-5.38564419e-05)
( 2.29646430e-05,-5.20495548e-05)
( 2.20987247e-05,-5.01426557e-05)
( 2.11901301e-05,-4.81395256e-05)
( 2.02406379e-05,-4.60441352e-05)
( 1.92521066e-05,-4.38606361e-05)
( 1.82264708e-05,-4.15933533e-05)
( 1.71657375e-05,-3.92467760e-05)
( 1.60719817e-05,-3.68255493e-05)
( 1.49473425e-05,-3.43344645e-05)
( 1.37940189e-05,-3.17784500e-05)
( 1.26142650e-05,-2.91625610e-05)
( 1.14103860e-05,-2.64919702e-05)
( 1.01847331e-05,-2.37719572e-05)
( 8.93969921e-06,-2.10078978e-05)
( 7.67771395e-06,-1.82052539e-05)
( 6.40123885e-06,-1.53695624e-05)
( 5.11276246e-06,-1.25064241e-05)
( 3.81479536e-06,-9.62149321e-06)
( 2.50986520e-06,-6.72046544e-06)
( 1.20051163e-06,-3.80906729e-06)
(-1.10718732e-07,-8.93044533e-07)
(-1.42127735e-06, 2.02184910e-06)
(-2.72861884e-06, 4.92986326e-06)
(-4.03020605e-06, 7.82526233e-06)
(-5.32351503e-06, 1.07023368e-05)
(-6.60604012e-06, 1.35554144e-05)
(-7.87529879e-06, 1.63788713e-05)
(-9.12883669e-06, 1.91671435e-05)
(-1.03642324e-05, 2.19147373e-05)
(-1.15791022e-05, 2.46162405e-05)
(-1.27711048e-05, 2.72663328e-05)
(-1.39379462e-05, 2.98597967e-05)
(-1.50773836e-05, 3.23915271e-05)
(-1.61872304e-05, 3.48565420e-05)
(-1.72653603e-05, 3.72499920e-05)
(-1.83097114e-05, 3.95671698e-05)
(-1.93182901e-05, 4.18035196e-05)
(-2.02891754e-05, 4.39546460e-05)
(-2.12205224e-05, 4.60163226e-05)
(-2.21105657e-05, 4.79845005e-05)
(-2.29576234e-05, 4.98553158e-05)
(-2.37600996e-05, 5.16250978e-05)
(-2.45164883e-05, 5.32903757e-05)
(-2.52253754e-05, 5.48478857e-05)
(-2.58854425e-05, 5.62945773e-05)
(-2.64954683e-05, 5.76276194e-05)
(-2.70543318e-05, 5.88444056e-05)
(-2.75610140e-05, 5.99425596e-05)
(-2.80145998e-05, 6.09199396e-05)
(-2.84142800e-05, 6.17746428e-05)
(-2.87593525e-05, 6.25050086e-05)
(-2.90492236e-05, 6.31096226e-05)
(-2.92834094e-05, 6.35873187e-05)
(-2.94615363e-05, 6.39371816e-05)
(-2.95833417e-05, 6.41585487e-05)
(-2.96486745e-05, 6.42510114e-05)
(-2.96574950e-05, 6.42144154e-05)
(-2.96098754e-05, 6.40488618e-05)
(-2.95059991e-05, 6.37547061e-05)
(-2.93461601e-05, 6.33325579e-05)
(-2.91307627e-05, 6.27832797e-05)
(-2.88603205e-05, 6.21079850e-05)
(-2.85354548e-05, 6.13080364e-05)
(-2.81568940e-05, 6.03850422e-05)
(-2.77254712e-05, 5.93408543e-05)
(-2.72421232e-05, 5.81775636e-05)
(-2.67078879e-05, 5.68974964e-05)
(-2.61239026e-05, 5.55032095e-05)
(-2.54914012e-05, 5.39974855e-05)
(-2.48117121e-05, 5.23833271e-05)
(-2.40862550e-05, 5.06639512e-05)
(-2.33165382e-05, 4.88427826e-05)
(-2.25041556e-05, 4.69234472e-05)
(-2.16507833e-05, 4.49097651e-05)
(-2.07581760e-05, 4.28057429e-05)
(-1.98281639e-05, 4.06155657e-05)
(-1.88626484e-05, 3.83435892e-05)
(-1.78635987e-05, 3.59943307e-05)
(-1.68330477e-05, 3.35724608e-05)
(-1.57730877e-05, 3.10827937e-05)
(-1.46858663e-05, 2.85302779e-05)
(-1.35735822e-05, 2.59199867e-05)
(-1.24384806e-05, 2.32571079e-05)
(-1.12828486e-05, 2.05469338e-05)
(-1.01090111e-05, 1.77948507e-05)
(-8.91932537e-06, 1.50063285e-05)
(-7.71617709e-06, 1.21869096e-05)
(-6.50197511e-06, 9.34219848e-06)
(-5.27914680e-06, 6.47785027e-06)
(-4.05013320e-06, 3.59955988e-06)
(-2.81738420e-06, 7.13050682e-07)
(-1.58335357e-06,-2.17593664e-06)
(-3.50494207e-07,-5.06165544e-06)
( 8.78746814e-07,-7.93836439e-06)
( 2.10193304e-06,-1.08003387e-05)
( 3.31664348e-06,-1.36418816e-05)
( 4.52047736e-06,-1.64573352e-05)
( 5.71105890e-06,-1.92410919e-05)
( 6.88604193e-06,-2.19876053e-05)
( 8.04311457e-06,-2.46914010e-05)
( 9.18000373e-06,-2.73470877e-05)
( 1.02944796e-05,-2.99493674e-05)
( 1.13843599e-05,-3.24930464e-05)
( 1.24475143e-05,-3.49730448e-05)
( 1.34818686e-05,-3.73844070e-05)
( 1.44854085e-05,-3.97223113e-05)
( 1.54561839e-05,-4.19820797e-05)
( 1.63923123e-05,-4.41591866e-05)
( 1.72919827e-05,-4.62492681e-05)
( 1.81534592e-05,-4.82481305e-05)
( 1.89750839e-05,-5.01517587e-05)
( 1.97552806e-05,-5.19563239e-05)
( 2.04925575e-05,-5.36581914e-05)
( 2.11855100e-05,-5.52539278e-05)
( 2.18328238e-05,-5.67403075e-05)
( 2.24332770e-05,-5.81143194e-05)
( 2.29857424e-05,-5.93731730e-05)
( 2.34891899e-05,-6.05143035e-05)
( 2.39426884e-05,-6.15353771e-05)
( 2.43454070e-05,-6.24342959e-05)
( 2.46966172e-05,-6.32092018e-05)
( 2.49956941e-05,-6.38584805e-05)
( 2.52421169e-05,-6.43807643e-05)
( 2.54354708e-05,-6.47749354e-05)
( 2.55754469e-05,-6.50401278e-05)
( 2.56618430e-05,-6.51757293e-05)
( 2.56945639e-05,-6.51813828e-05)
( 2.56736213e-05,-6.50569869e-05)
( 2.55991341e-05,-6.48026963e-05)
( 2.54713273e-05,-6.44189218e-05)
( 2.52905323e-05,-6.39063292e-05)
( 2.50571855e-05,-6.32658384e-05)
( 2.47718275e-05,-6.24986215e-05)
( 2.44351020e-05,-6.16061009e-05)
( 2.40477544e-05,-6.05899460e-05)
( 2.36106302e-05,-5.94520709e-05)
( 2.31246731e-05,-5.81946298e-05)
( 2.25909235e-05,-5.68200137e-05)
( 2.20105157e-05,-5.53308451e-05)
( 2.13846760e-05,-5.37299737e-05)
( 2.07147199e-05,-5.20204700e-05)
( 2.00020499e-05,-5.02056203e-05)
( 1.92481522e-05,-4.82889195e-05)
( 1.84545936e-05,-4.62740649e-05)
( 1.76230190e-05,-4.41649489e-05)
( 1.67551472e-05,-4.19656514e-05)
( 1.58527681e-05,-3.96804316e-05)
( 1.49177390e-05,-3.73137203e-05)
( 1.39519805e-05,-3.48701108e-05)
( 1.29574730e-05,-3.23543502e-05)
( 1.19362529e-05,-2.97713299e-05)
( 1.08904080e-05,-2.71260763e-05)
( 9.82207381e-06,-2.44237410e-05)
( 8.73342906e-06,-2.16695905e-05)
( 7.62669151e-06,-1.88689962e-05)
( 6.50411346e-06,-1.60274238e-05)
( 5.36797733e-06,-1.31504222e-05)
( 4.22059111e-06,-1.02436135e-05)
( 3.06428382e-06,-7.31268123e-06)
( 1.90140091e-06,-4.36335952e-06)
( 7.34299608e-07,-1.40142187e-06)
(-4.34655716e-07, 1.56733023e-06)
(-1.60309820e-06, 4.53707868e-06)
(-2.76866316e-06, 7.50200016e-06)
(-3.92899274e-06, 1.04562776e-05)
(-5.08174056e-06, 1.33941116e-05)
(-6.22457627e-06, 1.63097318e-05)
(-7.35519021e-06, 1.91974084e-05)
(-8.47129785e-06, 2.20514631e-05)
(-9.57064433e-06, 2.48662807e-05)
(-1.06510088e-05, 2.76363197e-05)
(-1.17102090e-05, 3.03561237e-05)
(-1.27461051e-05, 3.30203319e-05)
(-1.37566042e-05, 3.56236897e-05)
(-1.47396644e-05, 3.81610590e-05)
(-1.56932988e-05, 4.06274287e-05)
(-1.66155791e-05, 4.30179243e-05)
(-1.75046396e-05, 4.53278175e-05)
(-1.83586810e-05, 4.75525357e-05)
(-1.91759734e-05, 4.96876713e-05)
(-1.99548601e-05, 5.17289899e-05)
(-2.06937607e-05, 5.36724392e-05)
(-2.13911742e-05, 5.55141568e-05)
(-2.20456816e-05, 5.72504780e-05)
(-2.26559491e-05, 5.88779430e-05)
(-2.32207305e-05, 6.03933039e-05)
(-2.37388694e-05, 6.17935311e-05)
(-2.42093020e-05, 6.30758195e-05)
(-2.46310584e-05, 6.42375939e-05)
(-2.50032650e-05, 6.52765143e-05)
(-2.53251462e-05, 6.61904808e-05)
(-2.55960254e-05, 6.69776374e-05)
(-2.58153270e-05, 6.76363762e-05)
(-2.59825767e-05, 6.81653404e-05)
(-2.60974031e-05, 6.85634273e-05)
(-2.61595382e-05, 6.88297901e-05)
(-2.61688175e-05, 6.89638405e-05)
(-2.61251809e-05, 6.89652491e-05)
(-2.60286723e-05, 6.88339469e-05)
(-2.58794400e-05, 6.85701249e-05)
(-2.56777358e-05, 6.81742345e-05)
(-2.54239149e-05, 6.76469859e-05)
(-2.51184350e-05, 6.69893476e-05)
(-2.47618556e-05, 6.62025443e-05)
(-2.43548367e-05, 6.52880542e-05)
(-2.38981373e-05, 6.42476069e-05)
(-2.33926145e-05, 6.30831797e-05)
(-2.28392212e-05, 6.17969935e-05)
(-2.22390047e-05, 6.03915093e-05)
(-2.15931041e-05, 5.88694227e-05)
(-2.09027487e-05, 5.72336590e-05)
(-2.01692551e-05, 5.54873676e-05)
(-1.93940249e-05, 5.36339156e-05)
(-1.85785417e-05, 5.16768816e-05)
(-1.77243685e-05, 4.96200482e-05)
(-1.68331444e-05, 4.74673953e-05)
(-1.59065816e-05, 4.52230916e-05)
(-1.49464618e-05, 4.28914869e-05)
(-1.39546328e-05, 4.04771036e-05)
(-1.29330053e-05, 3.79846275e-05)
(-1.18835484e-05, 3.54188989e-05)
(-1.08082864e-05, 3.27849030e-05)
(-9.70929461e-06, 3.00877599e-05)
(-8.58869520e-06, 2.73327151e-05)
(-7.44865328e-06, 2.45251285e-05)
(-6.29137252e-06, 2.16704644e-05)
(-5.11909091e-06, 1.87742802e-05)
(-3.93407635e-06, 1.58422162e-05)
(-2.73862229e-06, 1.28799837e-05)
(-1.53504322e-06, 9.89335414e-06)
(-3.25670133e-07, 6.88814784e-06)
( 8.87153963e-07, 3.87022219e-06)
( 2.10107865e-06, 8.45460270e-07)
( 3.31375069e-06,-2.18024078e-06)
( 4.52281860e-06,-5.20098144e-06)
( 5.72593721e-06,-8.21087144e-06)
( 6.92077229e-06,-1.12040414e-05)
( 8.10500507e-06,-1.41746545e-05)
( 9.27633675e-06,-1.71169180e-05)
( 1.04324930e-05,-2.00250945e-05)
( 1.15712284e-05,-2.28935136e-05)
( 1.26903308e-05,-2.57165830e-05)
( 1.37876256e-05,-2.84887994e-05)
( 1.48609801e-05,-3.12047597e-05)
( 1.59083076e-05,-3.38591716e-05)
( 1.69275713e-05,-3.64468637e-05)
( 1.79167887e-05,-3.89627966e-05)
( 1.88740348e-05,-4.14020718e-05)
( 1.97974465e-05,-4.37599423e-05)
( 2.06852261e-05,-4.60318217e-05)
( 2.15356443e-05,-4.82132930e-05)
( 2.23470443e-05,-5.03001179e-05)
( 2.31178443e-05,-5.22882447e-05)
( 2.38465415e-05,-5.41738167e-05)
( 2.45317138e-05,-5.59531797e-05)
( 2.51720238e-05,-5.76228890e-05)
( 2.57662207e-05,-5.91797168e-05)
( 2.63131426e-05,-6.06206581e-05)
( 2.68117195e-05,-6.19429368e-05)
( 2.72609746e-05,-6.31440112e-05)
( 2.76600266e-05,-6.42215793e-05)
( 2.80080915e-05,-6.51735827e-05)
( 2.83044836e-05,-6.59982115e-05)
( 2.85486176e-05,-6.66939073e-05)
( 2.87400089e-05,-6.72593663e-05)
( 2.88782753e-05,-6.76935424e-05)
( 2.89631371e-05,-6.79956484e-05)
( 2.89944180e-05,-6.81651585e-05)
( 2.89720454e-05,-6.82018085e-05)
( 2.88960504e-05,-6.81055969e-05)
( 2.87665676e-05,-6.78767846e-05)
( 2.85838354e-05,-6.75158942e-05)
( 2.83481945e-05,-6.70237094e-05)
( 2.80600885e-05,-6.64012730e-05)
( 2.77200618e-05,-6.56498849e-05)
( 2.73287592e-05,-6.47710998e-05)
( 2.68869245e-05,-6.37667236e-05)
( 2.63953989e-05,-6.26388100e-05)
( 2.58551194e-05,-6.13896565e-05)
( 2.52671170e-05,-6.00217997e-05)
( 2.46325144e-05,-5.85380101e-05)
( 2.39525243e-05,-5.69412868e-05)
( 2.32284462e-05,-5.52348514e-05)
( 2.24616647e-05,-5.34221414e-05)
( 2.16536461e-05,-5.15068037e-05)
( 2.08059358e-05,-4.94926868e-05)
( 1.99201551e-05,-4.73838337e-05)
( 1.89979982e-05,-4.51844733e-05)
( 1.80412288e-05,-4.28990125e-05)
( 1.70516762e-05,-4.05320268e-05)
( 1.60312324e-05,-3.80882516e-05)
( 1.49818478e-05,-3.55725726e-05)
( 1.39055274e-05,-3.29900162e-05)
( 1.28043273e-05,-3.03457391e-05)
( 1.16803500e-05,-2.76450186e-05)
( 1.05357408e-05,-2.48932414e-05)
( 9.37268311e-06,-2.20958934e-05)
( 8.19339457e-06,-1.92585487e-05)
( 7.00012236e-06,-1.63868581e-05)
( 5.79513888e-06,-1.34865383e-05)
( 4.58073732e-06,-1.05633602e-05)
( 3.35922706e-06,-7.62313780e-06)
( 2.13292917e-06,-4.67171603e-06)
( 9.04171831e-07,-1.71495963e-06)
(-3.24714235e-07, 1.24125873e-06)
(-1.55140038e-06, 4.19107013e-06)
(-2.77356455e-06, 7.12862102e-06)
(-3.98889592e-06, 1.00480849e-05)
(-5.19509936e-06, 1.29436740e-05)
(-6.38989996e-06, 1.58096504e-05)
(-7.57104751e-06, 1.86403380e-05)
(-8.73632090e-06, 2.14301333e-05)
(-9.88353242e-06, 2.41735170e-05)
(-1.10105321e-05, 2.68650642e-05)
(-1.21152119e-05, 2.94994562e-05)
(-1.31955097e-05, 3.20714901e-05)
(-1.42494136e-05, 3.45760896e-05)
(-1.52749655e-05, 3.70083151e-05)
(-1.62702650e-05, 3.93633732e-05)
(-1.72334734e-05, 4.16366263e-05)
(-1.81628168e-05, 4.38236020e-05)
(-1.90565896e-05, 4.59200017e-05)
(-1.99131583e-05, 4.79217090e-05)
(-2.07309639e-05, 4.98247981e-05)
(-2.15085254e-05, 5.16255415e-05)
(-2.22444425e-05, 5.33204172e-05)
(-2.29373980e-05, 5.49061156e-05)
(-2.35861608e-05, 5.63795463e-05)
(-2.41895878e-05, 5.77378439e-05)
(-2.47466263e-05, 5.89783738e-05)
(-2.52563156e-05, 6.00987373e-05)
(-2.57177894e-05, 6.10967761e-05)
(-2.61302767e-05, 6.19705768e-05)
(-2.64931036e-05, 6.27184745e-05)
(-2.68056943e-05, 6.33390562e-05)
(-2.70675723e-05, 6.38311630e-05)
(-2.72783609e-05, 6.41938929e-05)
(-2.74377841e-05, 6.44266022e-05)
(-2.75456669e-05, 6.45289069e-05)
(-2.76019351e-05, 6.45006831e-05)
(-2.76066158e-05, 6.43420674e-05)
(-2.75598372e-05, 6.40534562e-05)
(-2.74618276e-05, 6.36355054e-05)
(-2.73129152e-05, 6.30891283e-05)
(-2.71135274e-05, 6.24154945e-05)
(-2.68641894e-05, 6.16160267e-05)
(-2.65655231e-05, 6.06923981e-05)
(-2.62182459e-05, 5.96465293e-05)
(-2.58231689e-05, 5.84805840e-05)
(-2.53811950e-05, 5.71969646e-05)
(-2.48933172e-05, 5.57983076e-05)
(-2.43606162e-05, 5.42874782e-05)
(-2.37842583e-05, 5.26675644e-05)
(-2.31654927e-05, 5.09418711e-05)
(-2.25056489e-05, 4.91139129e-05)
(-2.18061341e-05, 4.71874076e-05)
(-2.10684299e-05, 4.51662686e-05)
(-2.02940892e-05, 4.30545969e-05)
(-1.94847332e-05, 4.08566731e-05)
(-1.86420481e-05, 3.85769486e-05)
(-1.77677810e-05, 3.62200368e-05)
(-1.68637368e-05, 3.37907043e-05)
(-1.59317745e-05, 3.12938607e-05)
(-1.49738028e-05, 2.87345491e-05)
(-1.39917768e-05, 2.61179362e-05)
(-1.29876937e-05, 2.34493020e-05)
(-1.19635886e-05, 2.07340289e-05)
(-1.09215306e-05, 1.79775914e-05)
(-9.86361818e-06, 1.51855451e-05)
(-8.79197547e-06, 1.23635154e-05)
(-7.70874742e-06, 9.51718661e-06)
(-6.61609572e-06, 6.65229070e-06)
(-5.51619434e-06, 3.77459560e-06)
(-4.41122515e-06, 8.89893966e-07)
(-3.30337349e-06,-1.99600838e-06)
(-2.19482384e-06,-4.87730398e-06)
(-1.08775536e-06,-7.74819526e-06)
( 1.56624448e-08,-1.06029060e-05)
( 1.11327406e-06,-1.34356929e-05)
( 2.20294226e-06,-1.62408568e-05)
( 3.28255237e-06,-1.90127542e-05)
( 4.35001647e-06,-2.17458081e-05)
( 5.40327748e-06,-2.44345194e-05)
( 6.44031328e-06,-2.70734777e-05)
( 7.45914066e-06,-2.96573719e-05)
( 8.45781919e-06,-3.21810009e-05)
( 9.43445506e-06,-3.46392837e-05)
( 1.03872047e-05,-3.70272695e-05)
( 1.13142785e-05,-3.93401477e-05)
( 1.22139440e-05,-4.15732572e-05)
( 1.30845296e-05,-4.37220958e-05)
( 1.39244274e-05,-4.57823289e-05)
( 1.47320964e-05,-4.77497983e-05)
( 1.55060656e-05,-4.96205302e-05)
( 1.62449365e-05,-5.13907434e-05)
( 1.69473858e-05,-5.30568563e-05)
( 1.76121679e-05,-5.46154947e-05)
( 1.82381171e-05,-5.60634976e-05)
( 1.88241501e-05,-5.73979242e-05)
( 1.93692672e-05,-5.86160593e-05)
( 1.98725548e-05,-5.97154191e-05)
( 2.03331865e-05,-6.06937555e-05)
( 2.07504248e-05,-6.15490611e-05)
( 2.11236224e-05,-6.22795732e-05)
( 2.14522228e-05,-6.28837767e-05)
( 2.17357615e-05,-6.33604080e-05)
( 2.19738667e-05,-6.37084567e-05)
( 2.21662595e-05,-6.39271683e-05)
( 2.23127544e-05,-6.40160452e-05)
( 2.24132592e-05,-6.39748482e-05)
( 2.24677753e-05,-6.38035965e-05)
( 2.24763969e-05,-6.35025683e-05)
( 2.24393106e-05,-6.30722996e-05)
( 2.23567952e-05,-6.25135839e-05)
( 2.22292204e-05,-6.18274702e-05)
( 2.20570458e-05,-6.10152613e-05)
( 2.18408198e-05,-6.00785108e-05)
( 2.15811782e-05,-5.90190209e-05)
( 2.12788427e-05,-5.78388380e-05)
( 2.09346190e-05,-5.65402495e-05)
( 2.05493948e-05,-5.51257789e-05)
( 2.01241382e-05,-5.35981810e-05)
( 1.96598951e-05,-5.19604366e-05)
( 1.91577867e-05,-5.02157467e-05)
( 1.86190076e-05,-4.83675260e-05)
( 1.80448225e-05,-4.64193968e-05)
( 1.74365635e-05,-4.43751813e-05)
( 1.67956277e-05,-4.22388946e-05)
( 1.61234736e-05,-4.00147366e-05)
( 1.54216180e-05,-3.77070839e-05)
( 1.46916331e-05,-3.53204814e-05)
( 1.39351428e-05,-3.28596331e-05)
( 1.31538191e-05,-3.03293931e-05)
( 1.23493793e-05,-2.77347561e-05)
( 1.15235812e-05,-2.50808476e-05)
( 1.06782205e-05,-2.23729138e-05)
( 9.81512652e-06,-1.96163116e-05)
( 8.93615822e-06,-1.68164977e-05)
( 8.04320068e-06,-1.39790183e-05)
( 7.13816103e-06,-1.11094979e-05)
( 6.22296451e-06,-8.21362856e-06)
( 5.29955050e-06,-5.29715855e-06)
( 4.36986857e-06,-2.36588118e-06)
( 3.43587443e-06, 5.74376642e-07)
( 2.49952598e-06, 3.51776580e-06)
( 1.56277933e-06, 6.45842649e-06)
( 6.27584802e-07, 9.39049971e-06)
(-3.04117000e-07, 1.23081388e-05)
(-1.23039910e-06, 1.52055210e-05)
(-2.14935202e-06, 1.80768586e-05)
(-3.05908761e-06, 2.09164109e-05)
(-3.95774283e-06, 2.37184951e-05)
(-4.84348341e-06, 2.64774975e-05)
(-5.71450755e-06, 2.91878848e-05)
(-6.56904944e-06, 3.18442148e-05)
(-7.40538273e-06, 3.44411474e-05)
(-8.22182396e-06, 3.69734551e-05)
(-9.01673580e-06, 3.94360329e-05)
(-9.78853026e-06, 4.18239093e-05)
(-1.05356718e-05, 4.41322553e-05)
(-1.12566801e-05, 4.63563944e-05)
(-1.19501334e-05, 4.84918121e-05)
(-1.26146704e-05, 5.05341643e-05)
(-1.32489937e-05, 5.24792865e-05)
(-1.38518718e-05, 5.43232019e-05)
(-1.44221413e-05, 5.60621294e-05)
(-1.49587094e-05, 5.76924910e-05)
(-1.54605557e-05, 5.92109194e-05)
(-1.59267342e-05, 6.06142644e-05)
(-1.63563748e-05, 6.18995995e-05)
(-1.67486850e-05, 6.30642275e-05)
(-1.71029516e-05, 6.41056865e-05)
(-1.74185411e-05, 6.50217547e-05)
(-1.76949018e-05, 6.58104546e-05)
(-1.79315639e-05, 6.64700580e-05)
(-1.81281405e-05, 6.69990885e-05)
(-1.82843284e-05, 6.73963256e-05)
(-1.83999081e-05, 6.76608066e-05)
(-1.84747444e-05, 6.77918295e-05)
(-1.85087862e-05, 6.77889537e-05)
(-1.85020664e-05, 6.76520019e-05)
(-1.84547019e-05, 6.73810604e-05)
(-1.83668929e-05, 6.69764789e-05)
(-1.82389223e-05, 6.64388708e-05)
(-1.80711552e-05, 6.57691113e-05)
(-1.78640375e-05, 6.49683370e-05)
(-1.76180953e-05, 6.40379429e-05)
(-1.73339335e-05, 6.29795809e-05)
(-1.70122342e-05, 6.17951558e-05)
(-1.66537554e-05, 6.04868230e-05)
(-1.62593292e-05, 5.90569833e-05)
(-1.58298600e-05, 5.75082794e-05)
(-1.53663226e-05, 5.58435905e-05)
(-1.48697599e-05, 5.40660272e-05)
(-1.43412808e-05, 5.21789253e-05)
(-1.37820577e-05, 5.01858396e-05)
(-1.31933245e-05, 4.80905375e-05)
(-1.25763732e-05, 4.58969913e-05)
(-1.19325518e-05, 4.36093712e-05)
(-1.12632613e-05, 4.12320368e-05)
(-1.05699530e-05, 3.87695291e-05)
(-9.85412490e-06, 3.62265617e-05)
(-9.11731931e-06, 3.36080120e-05)
(-8.36111928e-06, 3.09189112e-05)
(-7.58714546e-06, 2.81644352e-05)
(-6.79705277e-06, 2.53498944e-05)
(-5.99252708e-06, 2.24807233e-05)
(-5.17528169e-06, 1.95624703e-05)
(-4.34705395e-06, 1.66007868e-05)
(-3.50960170e-06, 1.36014160e-05)
(-2.66469969e-06, 1.05701820e-05)
(-1.81413607e-06, 7.51297873e-06)
(-9.59708756e-07, 4.43575779e-06)
(-1.03221811e-07, 1.34451744e-06)
( 7.53518147e-07,-1.75470939e-06)
( 1.60870557e-06,-4.85586678e-06)
( 2.46053961e-06,-7.95288771e-06)
( 3.30722765e-06,-1.10397060e-05)
( 4.14698897e-06,-1.41102680e-05)
( 4.97805819e-06,-1.71585447e-05)
( 5.79868886e-06,-2.01785437e-05)
( 6.60715689e-06,-2.31643203e-05)
( 7.40176398e-06,-2.61099903e-05)
( 8.18084096e-06,-2.90097405e-05)
( 8.94275116e-06,-3.18578411e-05)
( 9.68589355e-06,-3.46486565e-05)
( 1.04087060e-05,-3.73766564e-05)
( 1.11096683e-05,-4.00364272e-05)
( 1.17873053e-05,-4.26226825e-05)
( 1.24401894e-05,-4.51302735e-05)
( 1.30669441e-05,-4.75541995e-05)
( 1.36662459e-05,-4.98896176e-05)
( 1.42368276e-05,-5.21318526e-05)
( 1.47774803e-05,-5.42764065e-05)
( 1.52870560e-05,-5.63189669e-05)
( 1.57644700e-05,-5.82554165e-05)
( 1.62087026e-05,-6.00818407e-05)
( 1.66188016e-05,-6.17945359e-05)
( 1.69938840e-05,-6.33900168e-05)
( 1.73331375e-05,-6.48650237e-05)
( 1.76358224e-05,-6.62165288e-05)
( 1.79012732e-05,-6.74417428e-05)
( 1.81288994e-05,-6.85381204e-05)
( 1.83181871e-05,-6.95033653e-05)
( 1.84686999e-05,-7.03354358e-05)
( 1.85800798e-05,-7.10325479e-05)
( 1.86520478e-05,-7.15931803e-05)
( 1.86844048e-05,-7.20160768e-05)
( 1.86770315e-05,-7.23002492e-05)
( 1.86298890e-05,-7.24449799e-05)
( 1.85430191e-05,-7.24498231e-05)
( 1.84165438e-05,-7.23146065e-05)
( 1.82506651e-05,-7.20394312e-05)
( 1.80456652e-05,-7.16246725e-05)
( 1.78019055e-05,-7.10709789e-05)
( 1.75198258e-05,-7.03792713e-05)
( 1.71999439e-05,-6.95507418e-05)
( 1.68428546e-05,-6.85868508e-05)
( 1.64492281e-05,-6.74893253e-05)
( 1.60198093e-05,-6.62601551e-05)
( 1.55554158e-05,-6.49015894e-05)
( 1.50569371e-05,-6.34161327e-05)
( 1.45253320e-05,-6.18065401e-05)
( 1.39616277e-05,-6.00758117e-05)
( 1.33669169e-05,-5.82271877e-05)
( 1.27423565e-05,-5.62641415e-05)
( 1.20891650e-05,-5.41903735e-05)
( 1.14086199e-05,-5.20098040e-05)
( 1.07020559e-05,-4.97265654e-05)
( 9.97086181e-06,-4.73449947e-05)
( 9.21647791e-06,-4.48696248e-05)
( 8.44039338e-06,-4.23051758e-05)
( 7.64414328e-06,-3.96565460e-05)
( 6.82930557e-06,-3.69288024e-05)
( 5.99749810e-06,-3.41271708e-05)
( 5.15037540e-06,-3.12570255e-05)
( 4.28962552e-06,-2.83238793e-05)
( 3.41696669e-06,-2.53333723e-05)
( 2.53414401e-06,-2.22912611e-05)
( 1.64292601e-06,-1.92034076e-05)
( 7.45101207e-07,-1.60757673e-05)
(-1.57525418e-07,-1.29143782e-05)
(-1.06313594e-06,-9.72534835e-06)
(-1.96990309e-06,-6.51484420e-06)
(-2.87599381e-06,-3.28907849e-06)
(-3.77957292e-06,-5.42980542e-08)
(-4.67880669e-06, 3.18322851e-06)
(-5.57186651e-06, 6.41722312e-06)
(-6.45693248e-06, 9.64141054e-06)
(-7.33219705e-06, 1.28495308e-05)
(-8.19586860e-06, 1.60353513e-05)
(-9.04617501e-06, 1.91926796e-05)
(-9.88136720e-06, 2.23153750e-05)
(-1.06997226e-05, 2.53973611e-05)
(-1.14995488e-05, 2.84326374e-05)
(-1.22791865e-05, 3.14152919e-05)
(-1.30370134e-05, 3.43395116e-05)
(-1.37714472e-05, 3.71995953e-05)
(-1.44809486e-05, 3.99899638e-05)
(-1.51640250e-05, 4.27051715e-05)
(-1.58192329e-05, 4.53399172e-05)
(-1.64451815e-05, 4.78890542e-05)
(-1.70405348e-05, 5.03476010e-05)
(-1.76040152e-05, 5.27107506e-05)
(-1.81344053e-05, 5.49738806e-05)
(-1.86305512e-05, 5.71325621e-05)
(-1.90913645e-05, 5.91825684e-05)
(-1.95158244e-05, 6.11198834e-05)
(-1.99029805e-05, 6.29407099e-05)
(-2.02519542e-05, 6.46414768e-05)
(-2.05619409e-05, 6.62188462e-05)
(-2.08322117e-05, 6.76697202e-05)
(-2.10621151e-05, 6.89912470e-05)
(-2.12510781e-05, 7.01808265e-05)
(-2.13986080e-05, 7.12361156e-05)
(-2.15042932e-05, 7.21550327e-05)
(-2.15678044e-05, 7.29357622e-05)
(-2.15888951e-05, 7.35767575e-05)
(-2.15674027e-05, 7.40767447e-05)
(-2.15032486e-05, 7.44347248e-05)
(-2.13964391e-05, 7.46499759e-05)
(-2.12470647e-05, 7.47220544e-05)
(-2.10553009e-05, 7.46507961e-05)
(-2.08214078e-05, 7.44363166e-05)
(-2.05457296e-05, 7.40790108e-05)
(-2.02286941e-05, 7.35795525e-05)
(-1.98708122e-05, 7.29388927e-05)
(-1.94726771e-05, 7.21582582e-05)
(-1.90349631e-05, 7.12391485e-05)
(-1.85584246e-05, 7.01833337e-05)
(-1.80438945e-05, 6.89928503e-05)
(-1.74922832e-05, 6.76699975e-05)
(-1.69045763e-05, 6.62173326e-05)
(-1.62818336e-05, 6.46376660e-05)
(-1.56251863e-05, 6.29340555e-05)
(-1.49358356e-05, 6.11098004e-05)
(-1.42150499e-05, 5.91684349e-05)
(-1.34641629e-05, 5.71137213e-05)
(-1.26845708e-05, 5.49496422e-05)
(-1.18777295e-05, 5.26803930e-05)
(-1.10451524e-05, 5.03103733e-05)
(-1.01884069e-05, 4.78441785e-05)
(-9.30911149e-06, 4.52865906e-05)
(-8.40893299e-06, 4.26425686e-05)
(-7.48958298e-06, 3.99172389e-05)
(-6.55281456e-06, 3.71158852e-05)
(-5.60041899e-06, 3.42439379e-05)
(-4.63422212e-06, 3.13069637e-05)
(-3.65608088e-06, 2.83106543e-05)
(-2.66787958e-06, 2.52608151e-05)
(-1.67152624e-06, 2.21633544e-05)
(-6.68948797e-07, 1.90242709e-05)
( 3.37908679e-07, 1.58496426e-05)
( 1.34708986e-06, 1.26456144e-05)
( 2.35663003e-06, 9.41838640e-06)
( 3.36456000e-06, 6.17420126e-06)
( 4.36891003e-06, 2.91933228e-06)
( 5.36771375e-06,-3.39929061e-07)
( 6.35901213e-06,-3.59728538e-06)
( 7.34085736e-06,-6.84644579e-06)
( 8.31131679e-06,-1.00811382e-05)
( 9.26847683e-06,-1.32951216e-05)
( 1.02104467e-05,-1.64821983e-05)
( 1.11353625e-05,-1.96362259e-05)
( 1.20413907e-05,-2.27511297e-05)
( 1.29267318e-05,-2.58209138e-05)
( 1.37896244e-05,-2.88396736e-05)
( 1.46283484e-05,-3.18016068e-05)
( 1.54412286e-05,-3.47010250e-05)
( 1.62266382e-05,-3.75323644e-05)
( 1.69830018e-05,-4.02901967e-05)
( 1.77087992e-05,-4.29692401e-05)
( 1.84025679e-05,-4.55643687e-05)
( 1.90629065e-05,-4.80706230e-05)
( 1.96884774e-05,-5.04832195e-05)
( 2.02780095e-05,-5.27975595e-05)
( 2.08303012e-05,-5.50092381e-05)
( 2.13442223e-05,-5.71140530e-05)
( 2.18187167e-05,-5.91080119e-05)
( 2.22528046e-05,-6.09873409e-05)
( 2.26455844e-05,-6.27484910e-05)
( 2.29962346e-05,-6.43881451e-05)
( 2.33040155e-05,-6.59032245e-05)
( 2.35682711e-05,-6.72908942e-05)
( 2.37884297e-05,-6.85485687e-05)
( 2.39640060e-05,-6.96739167e-05)
( 2.40946015e-05,-7.06648650e-05)
( 2.41799056e-05,-7.15196029e-05)
( 2.42196963e-05,-7.22365853e-05)
( 2.42138408e-05,-7.28145351e-05)
( 2.41622953e-05,-7.32524460e-05)
( 2.40651060e-05,-7.35495837e-05)
( 2.39224080e-05,-7.37054873e-05)
( 2.37344262e-05,-7.37199702e-05)
( 2.35014739e-05,-7.35931194e-05)
( 2.32239528e-05,-7.33252959e-05)
( 2.29023519e-05,-7.29171333e-05)
( 2.25372469e-05,-7.23695364e-05)
( 2.21292988e-05,-7.16836790e-05)
( 2.16792524e-05,-7.08610015e-05)
( 2.11879353e-05,-6.99032078e-05)
( 2.06562561e-05,-6.88122616e-05)
( 2.00852023e-05,-6.75903825e-05)
( 1.94758386e-05,-6.62400412e-05)
( 1.88293048e-05,-6.47639546e-05)
( 1.81468133e-05,-6.31650802e-05)
( 1.74296468e-05,-6.14466100e-05)
( 1.66791557e-05,-5.96119641e-05)
( 1.58967555e-05,-5.76647839e-05)
( 1.50839239e-05,-5.56089249e-05)
( 1.42421975e-05,-5.34484484e-05)
( 1.33731692e-05,-5.11876142e-05)
( 1.24784849e-05,-4.88308715e-05)
( 1.15598399e-05,-4.63828503e-05)
( 1.06189758e-05,-4.38483522e-05)
( 9.65767682e-06,-4.12323411e-05)
( 8.67776634e-06,-3.85399330e-05)
( 7.68110321e-06,-3.57763862e-05)
( 6.66957800e-06,-3.29470909e-05)
( 5.64510925e-06,-3.00575587e-05)
( 4.60963960e-06,-2.71134114e-05)
( 3.56513195e-06,-2.41203707e-05)
( 2.51356552e-06,-2.10842465e-05)
( 1.45693189e-06,-1.80109255e-05)
( 3.97231096e-07,-1.49063601e-05)
(-6.63532403e-07,-1.17765568e-05)
(-1.72335366e-06,-8.62756411e-06)
(-2.78023124e-06,-5.46546128e-06)
(-3.83217115e-06,-2.29634632e-06)
(-4.87719076e-06, 8.73675774e-07)
(-5.91332275e-06, 4.03850476e-06)
(-6.93861893e-06, 7.19205696e-06)
(-7.95115406e-06, 1.03282769e-05)
(-8.94902963e-06, 1.34411491e-05)
(-9.93037752e-06, 1.65247094e-05)
(-1.08933637e-05, 1.95730566e-05)
(-1.18361916e-05, 2.25803636e-05)
(-1.27571058e-05, 2.55408886e-05)
(-1.36543954e-05, 2.84489861e-05)
(-1.45263970e-05, 3.12991177e-05)
(-1.53714980e-05, 3.40858623e-05)
(-1.61881400e-05, 3.68039269e-05)
(-1.69748212e-05, 3.94481561e-05)
(-1.77300995e-05, 4.20135424e-05)
(-1.84525952e-05, 4.44952353e-05)
(-1.91409935e-05, 4.68885504e-05)
(-1.97940469e-05, 4.91889785e-05)
(-2.04105772e-05, 5.13921937e-05)
(-2.09894784e-05, 5.34940621e-05)
(-2.15297176e-05, 5.54906488e-05)
(-2.20303378e-05, 5.73782256e-05)
(-2.24904589e-05, 5.91532780e-05)
(-2.29092795e-05, 6.08125115e-05)
(-2.32860779e-05, 6.23528580e-05)
(-2.36202138e-05, 6.37714809e-05)
(-2.39111290e-05, 6.50657808e-05)
(-2.41583480e-05, 6.62334001e-05)
(-2.43614791e-05, 6.72722271e-05)
(-2.45202145e-05, 6.81803998e-05)
(-2.46343309e-05, 6.89563095e-05)
(-2.47036896e-05, 6.95986033e-05)
(-2.47282364e-05, 7.01061865e-05)
(-2.47080013e-05, 7.04782245e-05)
(-2.46430986e-05, 7.07141441e-05)
(-2.45337257e-05, 7.08136344e-05)
(-2.43801632e-05, 7.07766469e-05)
(-2.41827733e-05, 7.06033956e-05)
(-2.39419993e-05, 7.02943563e-05)
(-2.36583643e-05, 6.98502652e-05)
(-2.33324699e-05, 6.92721175e-05)
(-2.29649947e-05, 6.85611651e-05)
(-2.25566928e-05, 6.77189139e-05)
(-2.21083919e-05, 6.67471210e-05)
(-2.16209916e-05, 6.56477908e-05)
(-2.10954614e-05, 6.44231709e-05)
(-2.05328383e-05, 6.30757479e-05)
(-1.99342249e-05, 6.16082420e-05)
(-1.93007869e-05, 6.00236022e-05)
(-1.86337504e-05, 5.83249996e-05)
(-1.79343997e-05, 5.65158220e-05)
(-1.72040745e-05, 5.45996668e-05)
(-1.64441669e-05, 5.25803338e-05)
(-1.56561189e-05, 5.04618182e-05)
(-1.48414193e-05, 4.82483025e-05)
(-1.40016006e-05, 4.59441484e-05)
(-1.31382360e-05, 4.35538883e-05)
(-1.22529366e-05, 4.10822167e-05)
(-1.13473476e-05, 3.85339806e-05)
(-1.04231456e-05, 3.59141709e-05)
(-9.48203505e-06, 3.32279119e-05)
(-8.52574513e-06, 3.04804518e-05)
(-7.55602633e-06, 2.76771530e-05)
(-6.57464711e-06, 2.48234807e-05)
(-5.58339064e-06, 2.19249934e-05)
(-4.58405134e-06, 1.89873316e-05)
(-3.57843160e-06, 1.60162073e-05)
(-2.56833842e-06, 1.30173926e-05)
(-1.55558008e-06, 9.99670893e-06)
(-5.41962855e-07, 6.96001594e-06)
( 4.70712312e-07, 3.91319995e-06)
( 1.48065299e-06, 8.62162826e-07)
( 2.48607852e-06,-2.18718934e-06)
( 3.48522312e-06,-5.22895760e-06)
( 4.47633903e-06,-8.25726141e-06)
( 5.45769955e-06,-1.12662500e-05)
( 6.42760204e-06,-1.42501133e-05)
( 7.38437082e-06,-1.72030936e-05)
( 8.32636002e-06,-2.01194961e-05)
( 9.25195638e-06,-2.29936998e-05)
( 1.01595819e-05,-2.58201688e-05)
( 1.10476966e-05,-2.85934623e-05)
( 1.19148007e-05,-3.13082453e-05)
( 1.27594373e-05,-3.39592988e-05)
( 1.35801949e-05,-3.65415299e-05)
( 1.43757091e-05,-3.90499811e-05)
( 1.51446653e-05,-4.14798406e-05)
( 1.58858001e-05,-4.38264507e-05)
( 1.65979039e-05,-4.60853171e-05)
( 1.72798223e-05,-4.82521177e-05)
( 1.79304576e-05,-5.03227105e-05)
( 1.85487709e-05,-5.22931419e-05)
( 1.91337833e-05,-5.41596539e-05)
( 1.96845771e-05,-5.59186917e-05)
( 2.02002972e-05,-5.75669103e-05)
( 2.06801525e-05,-5.91011811e-05)
( 2.11234161e-05,-6.05185977e-05)
( 2.15294269e-05,-6.18164816e-05)
( 2.18975903e-05,-6.29923875e-05)
( 2.22273783e-05,-6.40441078e-05)
( 2.25183306e-05,-6.49696769e-05)
( 2.27700546e-05,-6.57673752e-05)
( 2.29822261e-05,-6.64357321e-05)
( 2.31545889e-05,-6.69735292e-05)
( 2.32869554e-05,-6.73798025e-05)
( 2.33792063e-05,-6.76538441e-05)
( 2.34312902e-05,-6.77952040e-05)
( 2.34432237e-05,-6.78036907e-05)
( 2.34150910e-05,-6.76793717e-05)
( 2.33470430e-05,-6.74225734e-05)
( 2.32392970e-05,-6.70338805e-05)
( 2.30921360e-05,-6.65141349e-05)
( 2.29059079e-05,-6.58644340e-05)
( 2.26810242e-05,-6.50861290e-05)
( 2.24179598e-05,-6.41808218e-05)
( 2.21172510e-05,-6.31503622e-05)
( 2.17794951e-05,-6.19968446e-05)
( 2.14053484e-05,-6.07226035e-05)
( 2.09955257e-05,-5.93302093e-05)
( 2.05507981e-05,-5.78224634e-05)
( 2.00719919e-05,-5.62023926e-05)
( 1.95599869e-05,-5.44732432e-05)
( 1.90157148e-05,-5.26384754e-05)
( 1.84401574e-05,-5.07017555e-05)
( 1.78343451e-05,-4.86669497e-05)
( 1.71993545e-05,-4.65381164e-05)
( 1.65363071e-05,-4.43194980e-05)
( 1.58463670e-05,-4.20155130e-05)
( 1.51307389e-05,-3.96307472e-05)
( 1.43906662e-05,-3.71699450e-05)
( 1.36274289e-05,-3.46379999e-05)
( 1.28423412e-05,-3.20399451e-05)
( 1.20367498e-05,-2.93809437e-05)
( 1.12120311e-05,-2.66662783e-05)
( 1.03695894e-05,-2.39013412e-05)
( 9.51085460e-06,-2.10916234e-05)
( 8.63727962e-06,-1.82427038e-05)
( 7.75033837e-06,-1.53602385e-05)
( 6.85152330e-06,-1.24499498e-05)
( 5.94234305e-06,-9.51761429e-06)
( 5.02432011e-06,-6.56905215e-06)
( 4.09898845e-06,-3.61011532e-06)
( 3.16789112e-06,-6.46675995e-07)
( 2.23257788e-06, 2.31538496e-06)
( 1.29460282e-06, 5.27018966e-06)
( 3.55521980e-07, 8.21187490e-06)
(-5.83109022e-07, 1.11346037e-05)
(-1.51973738e-06, 1.40325771e-05)
(-2.45281542e-06, 1.69000453e-05)
(-3.38080300e-06, 1.97313198e-05)
(-4.30216978e-06, 2.25207839e-05)
(-5.21539756e-06, 2.52629047e-05)
(-6.11898260e-06, 2.79522436e-05)
(-7.01143783e-06, 3.05834675e-05)
(-7.89129514e-06, 3.31513595e-05)
(-8.75710755e-06, 3.56508293e-05)
(-9.60745147e-06, 3.80769233e-05)
(-1.04409287e-05, 4.04248348e-05)
(-1.12561688e-05, 4.26899137e-05)
(-1.20518309e-05, 4.48676759e-05)
(-1.28266059e-05, 4.69538119e-05)
(-1.35792183e-05, 4.89441965e-05)
(-1.43084285e-05, 5.08348963e-05)
(-1.50130342e-05, 5.26221780e-05)
(-1.56918727e-05, 5.43025163e-05)
(-1.63438226e-05, 5.58726005e-05)
(-1.69678052e-05, 5.73293420e-05)
(-1.75627868e-05, 5.86698800e-05)
(-1.81277799e-05, 5.98915879e-05)
(-1.86618447e-05, 6.09920782e-05)
(-1.91640911e-05, 6.19692079e-05)
(-1.96336797e-05, 6.28210829e-05)
(-2.00698234e-05, 6.35460616e-05)
(-2.04717887e-05, 6.41427588e-05)
(-2.08388967e-05, 6.46100483e-05)
(-2.11705248e-05, 6.49470655e-05)
(-2.14661072e-05, 6.51532092e-05)
(-2.17251364e-05, 6.52281430e-05)
(-2.19471639e-05, 6.51717960e-05)
(-2.21318010e-05, 6.49843631e-05)
(-2.22787198e-05, 6.46663049e-05)
(-2.23876538e-05, 6.42183468e-05)
(-2.24583986e-05, 6.36414772e-05)
(-2.24908121e-05, 6.29369463e-05)
(-2.24848154e-05, 6.21062633e-05)
(-2.24403928e-05, 6.11511933e-05)
(-2.23575922e-05, 6.00737540e-05)
(-2.22365252e-05, 5.88762116e-05)
(-2.20773674e-05, 5.75610763e-05)
(-2.18803578e-05, 5.61310970e-05)
(-2.16457993e-05, 5.45892562e-05)
(-2.13740584e-05, 5.29387635e-05)
(-2.10655642e-05, 5.11830493e-05)
(-2.07208088e-05, 4.93257579e-05)
(-2.03403465e-05, 4.73707397e-05)
(-1.99247928e-05, 4.53220438e-05)
(-1.94748244e-05, 4.31839095e-05)
(-1.89911775e-05, 4.09607574e-05)
(-1.84746477e-05, 3.86571808e-05)
(-1.79260884e-05, 3.62779356e-05)
(-1.73464097e-05, 3.38279312e-05)
(-1.67365777e-05, 3.13122199e-05)
(-1.60976123e-05, 2.87359867e-05)
(-1.54305866e-05, 2.61045385e-05)
(-1.47366246e-05, 2.34232930e-05)
(-1.40169003e-05, 2.06977679e-05)
(-1.32726352e-05, 1.79335688e-05)
(-1.25050972e-05, 1.51363782e-05)
(-1.17155980e-05, 1.23119434e-05)
(-1.09054916e-05, 9.46606467e-06)
(-1.00761718e-05, 6.60458292e-06)
(-9.22907042e-06, 3.73336786e-06)
(-8.36565447e-06, 8.58305644e-07)
(-7.48742420e-06,-2.01471339e-06)
(-6.59591050e-06,-4.87980703e-06)
(-5.69267237e-06,-7.73111340e-06)
(-4.77929430e-06,-1.05628033e-05)
(-3.85738364e-06,-1.33690921e-05)
(-2.92856781e-06,-1.61442524e-05)
(-1.99449156e-06,-1.88826254e-05)
(-1.05681402e-06,-2.15786328e-05)
(-1.17205889e-07,-2.42267891e-05)
( 8.22653619e-07,-2.68217120e-05)
( 1.76107972e-06,-2.93581347e-05)
( 2.69638515e-06,-3.18309162e-05)
( 3.62688320e-06,-3.42350525e-05)
( 4.55089085e-06,-3.65656865e-05)
( 5.46673190e-06,-3.88181188e-05)
( 6.37274010e-06,-4.09878170e-05)
( 7.26726232e-06,-4.30704254e-05)
( 8.14866170e-06,-4.50617740e-05)
( 9.01532082e-06,-4.69578873e-05)
( 9.86564482e-06,-4.87549921e-05)
( 1.06980646e-05,-5.04495261e-05)
( 1.15110398e-05,-5.20381444e-05)
( 1.23030621e-05,-5.35177272e-05)
( 1.30726581e-05,-5.48853856e-05)
( 1.38183923e-05,-5.61384679e-05)
( 1.45388703e-05,-5.72745648e-05)
( 1.52327413e-05,-5.82915144e-05)
( 1.58987015e-05,-5.91874066e-05)
( 1.65354964e-05,-5.99605866e-05)
( 1.71419236e-05,-6.06096586e-05)
( 1.77168357e-05,-6.11334880e-05)
( 1.82591424e-05,-6.15312042e-05)
( 1.87678132e-05,-6.18022012e-05)
( 1.92418798e-05,-6.19461395e-05)
( 1.96804382e-05,-6.19629459e-05)
( 2.00826506e-05,-6.18528138e-05)
( 2.04477479e-05,-6.16162019e-05)
( 2.07750312e-05,-6.12538333e-05)
( 2.10638734e-05,-6.07666934e-05)
( 2.13137213e-05,-6.01560274e-05)
( 2.15240966e-05,-5.94233376e-05)
( 2.16945973e-05,-5.85703792e-05)
( 2.18248990e-05,-5.75991567e-05)
( 2.19147559e-05,-5.65119191e-05)
( 2.19640015e-05,-5.53111544e-05)
( 2.19725491e-05,-5.39995843e-05)
( 2.19403929e-05,-5.25801577e-05)
( 2.18676077e-05,-5.10560438e-05)
( 2.17543494e-05,-4.94306257e-05)
( 2.16008550e-05,-4.77074917e-05)
( 2.14074423e-05,-4.58904281e-05)
( 2.11745094e-05,-4.39834101e-05)
( 2.09025346e-05,-4.19905931e-05)
( 2.05920751e-05,-3.99163037e-05)
( 2.02437666e-05,-3.77650294e-05)
( 1.98583218e-05,-3.55414094e-05)
( 1.94365295e-05,-3.32502234e-05)
( 1.89792529e-05,-3.08963819e-05)
( 1.84874280e-05,-2.84849148e-05)
( 1.79620620e-05,-2.60209604e-05)
( 1.74042312e-05,-2.35097541e-05)
( 1.68150786e-05,-2.09566168e-05)
( 1.61958122e-05,-1.83669436e-05)
( 1.55477020e-05,-1.57461915e-05)
( 1.48720776e-05,-1.30998676e-05)
( 1.41703254e-05,-1.04335174e-05)
( 1.34438859e-05,-7.75271237e-06)
( 1.26942500e-05,-5.06303806e-06)
( 1.19229567e-05,-2.37008193e-06)
( 1.11315891e-05, 3.20578708e-07)
( 1.03217712e-05, 3.00338865e-06)
( 9.49516423e-06, 5.67282678e-06)
( 8.65346334e-06, 8.32341786e-06)
( 7.79839341e-06, 1.09497442e-05)
( 6.93170543e-06, 1.35464573e-05)
( 6.05517255e-06, 1.61082889e-05)
( 5.17058605e-06, 1.86300624e-05)
( 4.27975132e-06, 2.11067037e-05)
( 3.38448372e-06, 2.35332514e-05)
( 2.48660444e-06, 2.59048679e-05)
( 1.58793633e-06, 2.82168486e-05)
( 6.90299679e-07, 3.04646321e-05)
(-2.04491977e-07, 3.26438094e-05)
(-1.09463609e-06, 3.47501328e-05)
(-1.97834531e-06, 3.67795244e-05)
(-2.85385161e-06, 3.87280846e-05)
(-3.71941052e-06, 4.05920992e-05)
(-4.57330516e-06, 4.23680472e-05)
(-5.41385034e-06, 4.40526076e-05)
(-6.23939649e-06, 4.56426652e-05)
(-7.04833364e-06, 4.71353169e-05)
(-7.83909519e-06, 4.85278771e-05)
(-8.61016165e-06, 4.98178820e-05)
(-9.36006426e-06, 5.10030946e-05)
(-1.00873885e-05, 5.20815078e-05)
(-1.07907774e-05, 5.30513480e-05)
(-1.14689350e-05, 5.39110779e-05)
(-1.21206289e-05, 5.46593981e-05)
(-1.27446940e-05, 5.52952493e-05)
(-1.33400345e-05, 5.58178130e-05)
(-1.39056268e-05, 5.62265119e-05)
(-1.44405222e-05, 5.65210103e-05)
(-1.49438486e-05, 5.67012129e-05)
(-1.54148127e-05, 5.67672638e-05)
(-1.58527021e-05, 5.67195453e-05)
(-1.62568865e-05, 5.65586749e-05)
(-1.66268194e-05, 5.62855030e-05)
(-1.69620391e-05, 5.59011096e-05)
(-1.72621698e-05, 5.54068004e-05)
(-1.75269220e-05, 5.48041024e-05)
(-1.77560935e-05, 5.40947595e-05)
(-1.79495692e-05, 5.32807269e-05)
(-1.81073212e-05, 5.23641657e-05)
(-1.82294090e-05, 5.13474367e-05)
(-1.83159782e-05, 5.02330935e-05)
(-1.83672608e-05, 4.90238763e-05)
(-1.83835733e-05, 4.77227036e-05)
(-1.83653163e-05, 4.63326655e-05)
(-1.83129724e-05, 4.48570150e-05)
(-1.82271053e-05, 4.32991596e-05)
(-1.81083571e-05, 4.16626532e-05)
(-1.79574469e-05, 3.99511865e-05)
(-1.77751678e-05, 3.81685783e-05)
(-1.75623849e-05, 3.63187658e-05)
(-1.73200324e-05, 3.44057950e-05)
(-1.70491103e-05, 3.24338108e-05)
(-1.67506815e-05, 3.04070472e-05)
(-1.64258685e-05, 2.83298171e-05)
(-1.60758497e-05, 2.62065020e-05)
(-1.57018556e-05, 2.40415419e-05)
(-1.53051650e-05, 2.18394247e-05)
(-1.48871010e-05, 1.96046758e-05)
(-1.44490268e-05, 1.73418481e-05)
(-1.39923412e-05, 1.50555111e-05)
(-1.35184743e-05, 1.27502408e-05)
(-1.30288827e-05, 1.04306096e-05)
(-1.25250453e-05, 8.10117601e-06)
(-1.20084580e-05, 5.76647444e-06)
(-1.14806290e-05, 3.43100554e-06)
(-1.09430743e-05, 1.09922642e-06)
(-1.03973119e-05,-1.22445895e-06)
(-9.84485786e-06,-3.53570900e-06)
(-9.28722028e-06,-5.83025368e-06)
(-8.72589491e-06,-8.10390328e-06)
(-8.16235984e-06,-1.03525569e-05)
(-7.59807057e-06,-1.25722110e-05)
(-7.03445496e-06,-1.47589668e-05)
(-6.47290833e-06,-1.69090385e-05)
(-5.91478852e-06,-1.90187602e-05)
(-5.36141108e-06,-2.10845926e-05)
(-4.81404450e-06,-2.31031300e-05)
(-4.27390556e-06,-2.50711063e-05)
(-3.74215478e-06,-2.69854002e-05)
(-3.21989195e-06,-2.88430412e-05)
(-2.70815184e-06,-3.06412141e-05)
(-2.20789999e-06,-3.23772634e-05)
(-1.72002868e-06,-3.40486975e-05)
(-1.24535307e-06,-3.56531920e-05)
(-7.84607433e-07,-3.71885930e-05)
(-3.38441633e-07,-3.86529193e-05)
( 9.25822647e-08,-4.00443653e-05)
( 5.07993192e-07,-4.13613018e-05)
( 9.07414093e-07,-4.26022778e-05)
( 1.29056475e-06,-4.37660209e-05)
( 1.65726442e-06,-4.48514379e-05)
( 2.00743432e-06,-4.58576143e-05)
( 2.34109983e-06,-4.67838136e-05)
( 2.65839265e-06,-4.76294764e-05)
( 2.95955268e-06,-4.83942188e-05)
( 3.24492977e-06,-4.90778300e-05)
( 3.51498531e-06,-4.96802703e-05)
( 3.77029370e-06,-5.02016679e-05)
( 4.01154365e-06,-5.06423155e-05)
( 4.23953946e-06,-5.10026669e-05)
( 4.45520213e-06,-5.12833322e-05)
( 4.65957046e-06,-5.14850738e-05)
( 4.85380221e-06,-5.16088013e-05)
( 5.03917519e-06,-5.16555660e-05)
( 5.21708850e-06,-5.16265552e-05)
( 5.38906390e-06,-5.15230861e-05)
( 5.55674740e-06,-5.13465996e-05)
( 5.72191116e-06,-5.10986533e-05)
( 5.88645576e-06,-5.07809143e-05)
( 6.05241304e-06,-5.03951521e-05)
( 6.22194956e-06,-4.99432305e-05)
( 6.39737091e-06,-4.94270995e-05)
( 6.58112703e-06,-4.88487870e-05)
( 6.77581884e-06,-4.82103900e-05)
( 6.98420641e-06,-4.75140653e-05)
( 7.20921907e-06,-4.67620201e-05)
( 7.45396794e-06,-4.59565021e-05)
( 7.72176135e-06,-4.50997891e-05)
( 8.01612386e-06,-4.41941779e-05)
( 8.34081983e-06,-4.32419734e-05)
( 8.69988248e-06,-4.22454757e-05)
( 9.09765001e-06,-4.12069678e-05)
( 9.53881033e-06,-4.01287014e-05)
( 1.00284570e-05,-3.90128819e-05)
( 1.05721592e-05,-3.78616515e-05)
( 1.11760501e-05,-3.66770711e-05)
( 1.18469383e-05,-3.54610991e-05)
( 1.25924511e-05,-3.42155675e-05)
( 1.34212183e-05,-3.29421534e-05)
( 1.43431118e-05,-3.16423461e-05)
( 1.53695609e-05,-3.03174056e-05)
( 1.65139732e-05,-2.89683124e-05)
( 1.77923031e-05,-2.75957026e-05)
( 1.92238358e-05,-2.61997843e-05)
( 2.08322858e-05,-2.47802259e-05)
( 2.26473730e-05,-2.33360035e-05)
( 2.47071412e-05,-2.18651863e-05)
( 2.70614702e-05,-2.03646251e-05)
( 2.97775852e-05,-1.88294841e-05)
( 3.29490610e-05,-1.72525086e-05)
( 3.67112913e-05,-1.56228196e-05)
( 4.12697442e-05,-1.39238127e-05)
( 4.69557292e-05,-1.21292069e-05)
( 5.43482166e-05,-1.01948501e-05)
( 6.45774741e-05,-8.03937710e-06)
( 8.03140839e-05,-5.48554365e-06)
( 1.07798844e-04,-2.13208855e-06)
( 2.53271927e-04, 7.47436244e-06)
