% ======================================================
% L-Bracket Method of Moments Solution
% ======================================================
% Frequency: 9.700 GHz
% Wavelength: 0.030907 m
% Segments: N=3236 (1618 horiz + 1618 vert)
% Transmitter: (25.0000, 25.0000) m
%
% Solver: SSOR with hierarchical omega
% omega = 0.1060
% iterations = 359
% convergence = 9.94e-10
% time = 269.47 seconds
% ======================================================
% Format: (real, imaginary) current coefficients
% ======================================================
( 1.11588355e-06,-3.13237757e-07)
( 4.24403178e-06,-1.61249503e-06)
( 7.17201821e-06,-2.78779220e-06)
( 1.00809850e-05,-3.95141607e-06)
( 1.29655911e-05,-5.10305702e-06)
( 1.58222444e-05,-6.24231458e-06)
( 1.86462214e-05,-7.36776715e-06)
( 2.14324394e-05,-8.47763480e-06)
( 2.41756879e-05,-9.56998714e-06)
( 2.68707361e-05,-1.06428333e-05)
( 2.95123881e-05,-1.16941669e-05)
( 3.20955167e-05,-1.27219915e-05)
( 3.46150865e-05,-1.37243361e-05)
( 3.70661718e-05,-1.46992662e-05)
( 3.94439708e-05,-1.56448921e-05)
( 4.17438186e-05,-1.65593753e-05)
( 4.39611981e-05,-1.74409341e-05)
( 4.60917506e-05,-1.82878485e-05)
( 4.81312852e-05,-1.90984646e-05)
( 5.00757879e-05,-1.98711980e-05)
( 5.19214304e-05,-2.06045383e-05)
( 5.36645774e-05,-2.12970517e-05)
( 5.53017947e-05,-2.19473845e-05)
( 5.68298560e-05,-2.25542658e-05)
( 5.82457493e-05,-2.31165104e-05)
( 5.95466833e-05,-2.36330210e-05)
( 6.07300929e-05,-2.41027907e-05)
( 6.17936443e-05,-2.45249050e-05)
( 6.27352398e-05,-2.48985434e-05)
( 6.35530222e-05,-2.52229816e-05)
( 6.42453780e-05,-2.54975925e-05)
( 6.48109412e-05,-2.57218477e-05)
( 6.52485957e-05,-2.58953185e-05)
( 6.55574778e-05,-2.60176766e-05)
( 6.57369777e-05,-2.60886952e-05)
( 6.57867408e-05,-2.61082489e-05)
( 6.57066687e-05,-2.60763142e-05)
( 6.54969189e-05,-2.59929697e-05)
( 6.51579051e-05,-2.58583956e-05)
( 6.46902959e-05,-2.56728736e-05)
( 6.40950139e-05,-2.54367861e-05)
( 6.33732336e-05,-2.51506156e-05)
( 6.25263793e-05,-2.48149437e-05)
( 6.15561221e-05,-2.44304499e-05)
( 6.04643768e-05,-2.39979100e-05)
( 5.92532982e-05,-2.35181951e-05)
( 5.79252765e-05,-2.29922693e-05)
( 5.64829329e-05,-2.24211879e-05)
( 5.49291143e-05,-2.18060955e-05)
( 5.32668880e-05,-2.11482236e-05)
( 5.14995349e-05,-2.04488881e-05)
( 4.96305440e-05,-1.97094865e-05)
( 4.76636046e-05,-1.89314955e-05)
( 4.56025996e-05,-1.81164677e-05)
( 4.34515979e-05,-1.72660288e-05)
( 4.12148457e-05,-1.63818739e-05)
( 3.88967590e-05,-1.54657647e-05)
( 3.65019139e-05,-1.45195257e-05)
( 3.40350387e-05,-1.35450405e-05)
( 3.15010035e-05,-1.25442481e-05)
( 2.89048111e-05,-1.15191391e-05)
( 2.62515872e-05,-1.04717519e-05)
( 2.35465701e-05,-9.40416835e-06)
( 2.07951002e-05,-8.31850967e-06)
( 1.80026098e-05,-7.21693247e-06)
( 1.51746120e-05,-6.10162427e-06)
( 1.23166901e-05,-4.97479922e-06)
( 9.43448647e-06,-3.83869373e-06)
( 6.53369130e-06,-2.69556203e-06)
( 3.62003148e-06,-1.54767171e-06)
( 6.99259213e-07,-3.97299224e-07)
(-2.22285933e-06, 7.53274578e-07)
(-5.14055541e-06, 1.90176899e-06)
(-8.04806913e-06, 3.04590792e-06)
(-1.09396608e-05, 4.18342444e-06)
(-1.38096223e-05, 5.31206517e-06)
(-1.66522885e-05, 6.42959482e-06)
(-1.94620480e-05, 7.53380051e-06)
(-2.22333548e-05, 8.62249617e-06)
(-2.49607390e-05, 9.69352685e-06)
(-2.76388174e-05, 1.07447729e-05)
(-3.02623047e-05, 1.17741543e-05)
(-3.28260234e-05, 1.27796345e-05)
(-3.53249141e-05, 1.37592247e-05)
(-3.77540459e-05, 1.47109873e-05)
(-4.01086257e-05, 1.56330404e-05)
(-4.23840081e-05, 1.65235609e-05)
(-4.45757039e-05, 1.73807883e-05)
(-4.66793899e-05, 1.82030280e-05)
(-4.86909167e-05, 1.89886548e-05)
(-5.06063171e-05, 1.97361162e-05)
(-5.24218141e-05, 2.04439349e-05)
(-5.41338282e-05, 2.11107123e-05)
(-5.57389846e-05, 2.17351307e-05)
(-5.72341197e-05, 2.23159564e-05)
(-5.86162876e-05, 2.28520416e-05)
(-5.98827654e-05, 2.33423269e-05)
(-6.10310592e-05, 2.37858434e-05)
(-6.20589089e-05, 2.41817142e-05)
(-6.29642921e-05, 2.45291567e-05)
(-6.37454289e-05, 2.48274835e-05)
(-6.44007847e-05, 2.50761043e-05)
(-6.49290737e-05, 2.52745265e-05)
(-6.53292613e-05, 2.54223564e-05)
(-6.56005660e-05, 2.55193000e-05)
(-6.57424610e-05, 2.55651635e-05)
(-6.57546754e-05, 2.55598534e-05)
(-6.56371945e-05, 2.55033772e-05)
(-6.53902600e-05, 2.53958427e-05)
(-6.50143693e-05, 2.52374583e-05)
(-6.45102747e-05, 2.50285324e-05)
(-6.38789817e-05, 2.47694725e-05)
(-6.31217473e-05, 2.44607849e-05)
(-6.22400772e-05, 2.41030731e-05)
(-6.12357229e-05, 2.36970371e-05)
(-6.01106784e-05, 2.32434717e-05)
(-5.88671759e-05, 2.27432650e-05)
(-5.75076818e-05, 2.21973966e-05)
(-5.60348914e-05, 2.16069358e-05)
(-5.44517237e-05, 2.09730395e-05)
(-5.27613159e-05, 2.02969495e-05)
(-5.09670168e-05, 1.95799906e-05)
(-4.90723803e-05, 1.88235676e-05)
(-4.70811582e-05, 1.80291630e-05)
(-4.49972934e-05, 1.71983333e-05)
(-4.28249112e-05, 1.63327068e-05)
(-4.05683118e-05, 1.54339798e-05)
(-3.82319614e-05, 1.45039137e-05)
(-3.58204838e-05, 1.35443310e-05)
(-3.33386506e-05, 1.25571124e-05)
(-3.07913724e-05, 1.15441926e-05)
(-2.81836887e-05, 1.05075566e-05)
(-2.55207582e-05, 9.44923610e-06)
(-2.28078482e-05, 8.37130518e-06)
(-2.00503247e-05, 7.27587643e-06)
(-1.72536414e-05, 6.16509675e-06)
(-1.44233289e-05, 5.04114317e-06)
(-1.15649841e-05, 3.90621860e-06)
(-8.68425884e-06, 2.76254753e-06)
(-5.78684891e-06, 1.61237164e-06)
(-2.87848263e-06, 4.57945486e-07)
( 3.50903383e-08,-6.98467953e-07)
( 2.94811043e-06,-1.85460167e-06)
( 5.85481951e-06,-3.00818908e-06)
( 8.74947226e-06,-4.15696840e-06)
( 1.16263475e-05,-5.29868711e-06)
( 1.44797597e-05,-6.43110634e-06)
( 1.73040697e-05,-7.55200521e-06)
( 2.00936964e-05,-8.65918520e-06)
( 2.28431275e-05,-9.75047442e-06)
( 2.55469304e-05,-1.08237318e-05)
( 2.81997630e-05,-1.18768515e-05)
( 3.07963841e-05,-1.29077666e-05)
( 3.33316639e-05,-1.39144536e-05)
( 3.58005940e-05,-1.48949359e-05)
( 3.81982973e-05,-1.58472881e-05)
( 4.05200378e-05,-1.67696396e-05)
( 4.27612295e-05,-1.76601780e-05)
( 4.49174460e-05,-1.85171529e-05)
( 4.69844288e-05,-1.93388796e-05)
( 4.89580958e-05,-2.01237416e-05)
( 5.08345494e-05,-2.08701945e-05)
( 5.26100842e-05,-2.15767687e-05)
( 5.42811942e-05,-2.22420724e-05)
( 5.58445797e-05,-2.28647940e-05)
( 5.72971539e-05,-2.34437052e-05)
( 5.86360489e-05,-2.39776631e-05)
( 5.98586212e-05,-2.44656122e-05)
( 6.09624572e-05,-2.49065871e-05)
( 6.19453776e-05,-2.52997138e-05)
( 6.28054421e-05,-2.56442117e-05)
( 6.35409526e-05,-2.59393953e-05)
( 6.41504572e-05,-2.61846752e-05)
( 6.46327524e-05,-2.63795595e-05)
( 6.49868860e-05,-2.65236546e-05)
( 6.52121585e-05,-2.66166663e-05)
( 6.53081249e-05,-2.66584002e-05)
( 6.52745950e-05,-2.66487619e-05)
( 6.51116343e-05,-2.65877578e-05)
( 6.48195635e-05,-2.64754943e-05)
( 6.43989577e-05,-2.63121786e-05)
( 6.38506459e-05,-2.60981173e-05)
( 6.31757086e-05,-2.58337167e-05)
( 6.23754759e-05,-2.55194815e-05)
( 6.14515251e-05,-2.51560140e-05)
( 6.04056771e-05,-2.47440132e-05)
( 5.92399933e-05,-2.42842729e-05)
( 5.79567709e-05,-2.37776809e-05)
( 5.65585389e-05,-2.32252168e-05)
( 5.50480527e-05,-2.26279502e-05)
( 5.34282890e-05,-2.19870387e-05)
( 5.17024395e-05,-2.13037259e-05)
( 4.98739049e-05,-2.05793385e-05)
( 4.79462878e-05,-1.98152844e-05)
( 4.59233862e-05,-1.90130494e-05)
( 4.38091853e-05,-1.81741945e-05)
( 4.16078501e-05,-1.73003532e-05)
( 3.93237168e-05,-1.63932278e-05)
( 3.69612847e-05,-1.54545867e-05)
( 3.45252066e-05,-1.44862605e-05)
( 3.20202806e-05,-1.34901386e-05)
( 2.94514396e-05,-1.24681658e-05)
( 2.68237422e-05,-1.14223379e-05)
( 2.41423626e-05,-1.03546987e-05)
( 2.14125802e-05,-9.26733518e-06)
( 1.86397693e-05,-8.16237400e-06)
( 1.58293887e-05,-7.04197711e-06)
( 1.29869705e-05,-5.90833765e-06)
( 1.01181095e-05,-4.76367561e-06)
( 7.22845202e-06,-3.61023356e-06)
( 4.32368502e-06,-2.45027223e-06)
( 1.40952452e-06,-1.28606612e-06)
(-1.50829543e-06,-1.19899036e-07)
(-4.42403412e-06, 1.04594032e-06)
(-7.33195549e-06, 2.20916292e-06)
(-1.02263394e-05, 3.36748379e-06)
(-1.31014930e-05, 4.51862656e-06)
(-1.59517619e-05, 5.66032791e-06)
(-1.87715410e-05, 6.79034197e-06)
(-2.15552862e-05, 7.90644482e-06)
(-2.42975247e-05, 9.00643876e-06)
(-2.69928661e-05, 1.00881567e-05)
(-2.96360128e-05, 1.11494665e-05)
(-3.22217706e-05, 1.21882749e-05)
(-3.47450590e-05, 1.32025319e-05)
(-3.72009209e-05, 1.41902350e-05)
(-3.95845325e-05, 1.51494326e-05)
(-4.18912129e-05, 1.60782282e-05)
(-4.41164333e-05, 1.69747843e-05)
(-4.62558255e-05, 1.78373258e-05)
(-4.83051911e-05, 1.86641436e-05)
(-5.02605093e-05, 1.94535981e-05)
(-5.21179452e-05, 2.02041223e-05)
(-5.38738568e-05, 2.09142251e-05)
(-5.55248027e-05, 2.15824940e-05)
(-5.70675484e-05, 2.22075985e-05)
(-5.84990730e-05, 2.27882922e-05)
(-5.98165751e-05, 2.33234156e-05)
(-6.10174779e-05, 2.38118982e-05)
(-6.20994348e-05, 2.42527611e-05)
(-6.30603336e-05, 2.46451188e-05)
(-6.38983011e-05, 2.49881806e-05)
(-6.46117059e-05, 2.52812530e-05)
(-6.51991628e-05, 2.55237405e-05)
(-6.56595343e-05, 2.57151472e-05)
(-6.59919338e-05, 2.58550777e-05)
(-6.61957267e-05, 2.59432381e-05)
(-6.62705317e-05, 2.59794364e-05)
(-6.62162220e-05, 2.59635832e-05)
(-6.60329250e-05, 2.58956920e-05)
(-6.57210222e-05, 2.57758791e-05)
(-6.52811486e-05, 2.56043633e-05)
(-6.47141911e-05, 2.53814660e-05)
(-6.40212870e-05, 2.51076104e-05)
(-6.32038216e-05, 2.47833206e-05)
(-6.22634258e-05, 2.44092209e-05)
(-6.12019721e-05, 2.39860345e-05)
(-6.00215718e-05, 2.35145823e-05)
(-5.87245702e-05, 2.29957813e-05)
(-5.73135423e-05, 2.24306426e-05)
(-5.57912873e-05, 2.18202701e-05)
(-5.41608237e-05, 2.11658577e-05)
(-5.24253827e-05, 2.04686875e-05)
(-5.05884024e-05, 1.97301271e-05)
(-4.86535205e-05, 1.89516273e-05)
(-4.66245676e-05, 1.81347187e-05)
(-4.45055590e-05, 1.72810092e-05)
(-4.23006876e-05, 1.63921811e-05)
(-4.00143149e-05, 1.54699870e-05)
(-3.76509629e-05, 1.45162474e-05)
(-3.52153050e-05, 1.35328463e-05)
(-3.27121566e-05, 1.25217281e-05)
(-3.01464660e-05, 1.14848935e-05)
(-2.75233041e-05, 1.04243958e-05)
(-2.48478552e-05, 9.34233670e-06)
(-2.21254059e-05, 8.24086217e-06)
(-1.93613353e-05, 7.12215839e-06)
(-1.65611042e-05, 5.98844737e-06)
(-1.37302441e-05, 4.84198258e-06)
(-1.08743469e-05, 3.68504449e-06)
(-7.99905315e-06, 2.51993611e-06)
(-5.11004147e-06, 1.34897843e-06)
(-2.21301714e-06, 1.74505841e-07)
( 6.86299137e-07,-1.00113851e-06)
( 3.58218246e-06,-2.17560734e-06)
( 6.46891505e-06,-3.34655385e-06)
( 9.34079749e-06,-4.51163646e-06)
( 1.21921600e-05,-5.66852338e-06)
( 1.50173736e-05,-6.81489729e-06)
( 1.78108612e-05,-7.94845994e-06)
( 2.05671085e-05,-9.06693672e-06)
( 2.32806750e-05,-1.01680812e-05)
( 2.59462047e-05,-1.12496796e-05)
( 2.85584366e-05,-1.23095553e-05)
( 3.11122152e-05,-1.33455731e-05)
( 3.36025004e-05,-1.43556434e-05)
( 3.60243778e-05,-1.53377266e-05)
( 3.83730679e-05,-1.62898370e-05)
( 4.06439362e-05,-1.72100471e-05)
( 4.28325017e-05,-1.80964911e-05)
( 4.49344460e-05,-1.89473687e-05)
( 4.69456220e-05,-1.97609490e-05)
( 4.88620617e-05,-2.05355739e-05)
( 5.06799844e-05,-2.12696612e-05)
( 5.23958038e-05,-2.19617082e-05)
( 5.40061354e-05,-2.26102943e-05)
( 5.55078031e-05,-2.32140842e-05)
( 5.68978452e-05,-2.37718308e-05)
( 5.81735207e-05,-2.42823771e-05)
( 5.93323143e-05,-2.47446592e-05)
( 6.03719417e-05,-2.51577083e-05)
( 6.12903537e-05,-2.55206523e-05)
( 6.20857409e-05,-2.58327184e-05)
( 6.27565365e-05,-2.60932338e-05)
( 6.33014200e-05,-2.63016279e-05)
( 6.37193195e-05,-2.64574330e-05)
( 6.40094142e-05,-2.65602856e-05)
( 6.41711354e-05,-2.66099269e-05)
( 6.42041681e-05,-2.66062036e-05)
( 6.41084517e-05,-2.65490683e-05)
( 6.38841797e-05,-2.64385795e-05)
( 6.35317999e-05,-2.62749016e-05)
( 6.30520129e-05,-2.60583049e-05)
( 6.24457712e-05,-2.57891647e-05)
( 6.17142773e-05,-2.54679609e-05)
( 6.08589809e-05,-2.50952770e-05)
( 5.98815768e-05,-2.46717992e-05)
( 5.87840008e-05,-2.41983148e-05)
( 5.75684264e-05,-2.36757107e-05)
( 5.62372604e-05,-2.31049722e-05)
( 5.47931380e-05,-2.24871804e-05)
( 5.32389178e-05,-2.18235105e-05)
( 5.15776761e-05,-2.11152296e-05)
( 4.98127010e-05,-2.03636938e-05)
( 4.79474855e-05,-1.95703461e-05)
( 4.59857211e-05,-1.87367131e-05)
( 4.39312903e-05,-1.78644023e-05)
( 4.17882589e-05,-1.69550987e-05)
( 3.95608681e-05,-1.60105619e-05)
( 3.72535261e-05,-1.50326219e-05)
( 3.48707993e-05,-1.40231765e-05)
( 3.24174036e-05,-1.29841867e-05)
( 2.98981946e-05,-1.19176730e-05)
( 2.73181585e-05,-1.08257120e-05)
( 2.46824021e-05,-9.71043131e-06)
( 2.19961426e-05,-8.57400626e-06)
( 1.92646975e-05,-7.41865500e-06)
( 1.64934740e-05,-6.24663436e-06)
( 1.36879581e-05,-5.06023530e-06)
( 1.08537044e-05,-3.86177838e-06)
( 7.99632437e-06,-2.65360914e-06)
( 5.12147594e-06,-1.43809349e-06)
( 2.23485186e-06,-2.17612945e-07)
(-6.57831332e-07, 1.00544005e-06)
(-3.55084463e-06, 2.22866693e-06)
(-6.43845790e-06, 3.44966771e-06)
(-9.31495118e-06, 4.66604583e-06)
(-1.21746260e-05, 5.87541288e-06)
(-1.50118166e-05, 7.07539336e-06)
(-1.78209011e-05, 8.26362942e-06)
(-2.05963128e-05, 9.43778554e-06)
(-2.33325510e-05, 1.05955532e-05)
(-2.60241917e-05, 1.17346554e-05)
(-2.86658990e-05, 1.28528514e-05)
(-3.12524346e-05, 1.39479409e-05)
(-3.37786692e-05, 1.50177686e-05)
(-3.62395921e-05, 1.60602285e-05)
(-3.86303209e-05, 1.70732682e-05)
(-4.09461117e-05, 1.80548924e-05)
(-4.31823683e-05, 1.90031679e-05)
(-4.53346510e-05, 1.99162264e-05)
(-4.73986857e-05, 2.07922691e-05)
(-4.93703723e-05, 2.16295695e-05)
(-5.12457926e-05, 2.24264777e-05)
(-5.30212183e-05, 2.31814227e-05)
(-5.46931184e-05, 2.38929166e-05)
(-5.62581660e-05, 2.45595565e-05)
(-5.77132449e-05, 2.51800282e-05)
(-5.90554559e-05, 2.57531083e-05)
(-6.02821225e-05, 2.62776668e-05)
(-6.13907960e-05, 2.67526694e-05)
(-6.23792608e-05, 2.71771793e-05)
(-6.32455381e-05, 2.75503596e-05)
(-6.39878907e-05, 2.78714742e-05)
(-6.46048256e-05, 2.81398902e-05)
(-6.50950975e-05, 2.83550783e-05)
(-6.54577109e-05, 2.85166144e-05)
(-6.56919225e-05, 2.86241802e-05)
(-6.57972423e-05, 2.86775639e-05)
(-6.57734345e-05, 2.86766607e-05)
(-6.56205187e-05, 2.86214730e-05)
(-6.53387688e-05, 2.85121102e-05)
(-6.49287133e-05, 2.83487887e-05)
(-6.43911338e-05, 2.81318314e-05)
(-6.37270637e-05, 2.78616670e-05)
(-6.29377860e-05, 2.75388293e-05)
(-6.20248310e-05, 2.71639561e-05)
(-6.09899727e-05, 2.67377878e-05)
(-5.98352262e-05, 2.62611659e-05)
(-5.85628428e-05, 2.57350317e-05)
(-5.71753061e-05, 2.51604240e-05)
(-5.56753269e-05, 2.45384774e-05)
(-5.40658379e-05, 2.38704196e-05)
(-5.23499878e-05, 2.31575695e-05)
(-5.05311351e-05, 2.24013341e-05)
(-4.86128416e-05, 2.16032062e-05)
(-4.65988650e-05, 2.07647609e-05)
(-4.44931520e-05, 1.98876529e-05)
(-4.22998300e-05, 1.89736129e-05)
(-4.00231989e-05, 1.80244446e-05)
(-3.76677232e-05, 1.70420207e-05)
(-3.52380224e-05, 1.60282792e-05)
(-3.27388623e-05, 1.49852201e-05)
(-3.01751457e-05, 1.39149008e-05)
(-2.75519022e-05, 1.28194322e-05)
(-2.48742785e-05, 1.17009748e-05)
(-2.21475284e-05, 1.05617341e-05)
(-1.93770021e-05, 9.40395651e-06)
(-1.65681359e-05, 8.22992452e-06)
(-1.37264409e-05, 7.04195262e-06)
(-1.08574929e-05, 5.84238244e-06)
(-7.96692071e-06, 4.63357825e-06)
(-5.06039529e-06, 3.41792221e-06)
(-2.14361847e-06, 2.19780973e-06)
( 7.77688319e-07, 9.75644688e-07)
( 3.69779536e-06,-2.46165298e-07)
( 6.61097599e-06,-1.46521363e-06)
( 9.51151792e-06,-2.67909946e-06)
( 1.23937346e-05,-3.88543246e-06)
( 1.52519762e-05,-5.08183753e-06)
( 1.80806413e-05,-6.26595945e-06)
( 2.08741873e-05,-7.43546759e-06)
( 2.36271420e-05,-8.58806045e-06)
( 2.63341139e-05,-9.72147023e-06)
( 2.89898032e-05,-1.08334673e-05)
( 3.15890122e-05,-1.19218645e-05)
( 3.41266554e-05,-1.29845216e-05)
( 3.65977697e-05,-1.40193495e-05)
( 3.89975241e-05,-1.50243142e-05)
( 4.13212294e-05,-1.59974410e-05)
( 4.35643473e-05,-1.69368182e-05)
( 4.57224991e-05,-1.78406009e-05)
( 4.77914751e-05,-1.87070150e-05)
( 4.97672421e-05,-1.95343599e-05)
( 5.16459517e-05,-2.03210127e-05)
( 5.34239478e-05,-2.10654309e-05)
( 5.50977740e-05,-2.17661556e-05)
( 5.66641799e-05,-2.24218142e-05)
( 5.81201281e-05,-2.30311234e-05)
( 5.94627997e-05,-2.35928914e-05)
( 6.06896001e-05,-2.41060205e-05)
( 6.17981639e-05,-2.45695093e-05)
( 6.27863597e-05,-2.49824542e-05)
( 6.36522939e-05,-2.53440518e-05)
( 6.43943150e-05,-2.56536002e-05)
( 6.50110162e-05,-2.59105002e-05)
( 6.55012387e-05,-2.61142568e-05)
( 6.58640732e-05,-2.62644801e-05)
( 6.60988624e-05,-2.63608860e-05)
( 6.62052017e-05,-2.64032967e-05)
( 6.61829402e-05,-2.63916413e-05)
( 6.60321810e-05,-2.63259558e-05)
( 6.57532804e-05,-2.62063830e-05)
( 6.53468480e-05,-2.60331723e-05)
( 6.48137445e-05,-2.58066792e-05)
( 6.41550807e-05,-2.55273647e-05)
( 6.33722148e-05,-2.51957943e-05)
( 6.24667495e-05,-2.48126369e-05)
( 6.14405294e-05,-2.43786637e-05)
( 6.02956367e-05,-2.38947464e-05)
( 5.90343871e-05,-2.33618558e-05)
( 5.76593254e-05,-2.27810598e-05)
( 5.61732202e-05,-2.21535212e-05)
( 5.45790584e-05,-2.14804957e-05)
( 5.28800392e-05,-2.07633293e-05)
( 5.10795676e-05,-2.00034556e-05)
( 4.91812481e-05,-1.92023932e-05)
( 4.71888768e-05,-1.83617429e-05)
( 4.51064342e-05,-1.74831838e-05)
( 4.29380774e-05,-1.65684712e-05)
( 4.06881316e-05,-1.56194323e-05)
( 3.83610813e-05,-1.46379628e-05)
( 3.59615620e-05,-1.36260236e-05)
( 3.34943504e-05,-1.25856365e-05)
( 3.09643551e-05,-1.15188807e-05)
( 2.83766068e-05,-1.04278883e-05)
( 2.57362486e-05,-9.31484067e-06)
( 2.30485251e-05,-8.18196359e-06)
( 2.03187729e-05,-7.03152342e-06)
( 1.75524094e-05,-5.86582247e-06)
( 1.47549219e-05,-4.68719450e-06)
( 1.19318575e-05,-3.49800025e-06)
( 9.08881137e-06,-2.30062275e-06)
( 6.23141588e-06,-1.09746270e-06)
( 3.36532960e-06, 1.09066179e-07)
( 4.96225963e-07, 1.31654192e-06)
(-2.37021796e-06, 2.52253902e-06)
(-5.22833267e-06, 3.72463316e-06)
(-8.07246745e-06, 4.92040598e-06)
(-1.08970015e-05, 6.10744981e-06)
(-1.36963552e-05, 7.28337236e-06)
(-1.64650009e-05, 8.44580142e-06)
(-1.91974740e-05, 9.59238953e-06)
(-2.18883837e-05, 1.07208186e-05)
(-2.45324236e-05, 1.18288043e-05)
(-2.71243822e-05, 1.29141008e-05)
(-2.96591533e-05, 1.39745050e-05)
(-3.21317458e-05, 1.50078611e-05)
(-3.45372936e-05, 1.60120645e-05)
(-3.68710654e-05, 1.69850662e-05)
(-3.91284739e-05, 1.79248767e-05)
(-4.13050845e-05, 1.88295702e-05)
(-4.33966247e-05, 1.96972880e-05)
(-4.53989917e-05, 2.05262427e-05)
(-4.73082612e-05, 2.13147211e-05)
(-4.91206946e-05, 2.20610884e-05)
(-5.08327464e-05, 2.27637907e-05)
(-5.24410713e-05, 2.34213586e-05)
(-5.39425308e-05, 2.40324100e-05)
(-5.53341990e-05, 2.45956528e-05)
(-5.66133688e-05, 2.51098877e-05)
(-5.77775567e-05, 2.55740104e-05)
(-5.88245078e-05, 2.59870139e-05)
(-5.97522005e-05, 2.63479909e-05)
(-6.05588500e-05, 2.66561351e-05)
(-6.12429119e-05, 2.69107433e-05)
(-6.18030851e-05, 2.71112167e-05)
(-6.22383147e-05, 2.72570624e-05)
(-6.25477933e-05, 2.73478939e-05)
(-6.27309633e-05, 2.73834328e-05)
(-6.27875172e-05, 2.73635087e-05)
(-6.27173986e-05, 2.72880603e-05)
(-6.25208023e-05, 2.71571349e-05)
(-6.21981733e-05, 2.69708894e-05)
(-6.17502065e-05, 2.67295889e-05)
(-6.11778447e-05, 2.64336076e-05)
(-6.04822771e-05, 2.60834272e-05)
(-5.96649367e-05, 2.56796365e-05)
(-5.87274973e-05, 2.52229305e-05)
(-5.76718702e-05, 2.47141088e-05)
(-5.65002006e-05, 2.41540746e-05)
(-5.52148628e-05, 2.35438326e-05)
(-5.38184560e-05, 2.28844875e-05)
(-5.23137986e-05, 2.21772419e-05)
(-5.07039231e-05, 2.14233942e-05)
(-4.89920695e-05, 2.06243357e-05)
(-4.71816792e-05, 1.97815485e-05)
(-4.52763883e-05, 1.88966027e-05)
(-4.32800199e-05, 1.79711532e-05)
(-4.11965768e-05, 1.70069367e-05)
(-3.90302337e-05, 1.60057684e-05)
(-3.67853285e-05, 1.49695386e-05)
(-3.44663541e-05, 1.39002092e-05)
(-3.20779493e-05, 1.27998097e-05)
(-2.96248896e-05, 1.16704337e-05)
(-2.71120779e-05, 1.05142344e-05)
(-2.45445346e-05, 9.33342099e-06)
(-2.19273878e-05, 8.13025426e-06)
(-1.92658630e-05, 6.90704208e-06)
(-1.65652732e-05, 5.66613512e-06)
(-1.38310079e-05, 4.40992229e-06)
(-1.10685225e-05, 3.14082615e-06)
(-8.28332804e-06, 1.86129818e-06)
(-5.48097962e-06, 5.73814111e-07)
(-2.66706597e-06,-7.19130949e-07)
( 1.52801842e-07,-2.01502731e-06)
( 2.97300140e-06,-3.31135560e-06)
( 5.78791002e-06,-4.60559164e-06)
( 8.59191590e-06,-5.89521142e-06)
( 1.13794291e-05,-7.17769594e-06)
( 1.41448926e-05,-8.45053624e-06)
( 1.68827932e-05,-9.71123822e-06)
( 1.95876726e-05,-1.09573276e-05)
( 2.22541377e-05,-1.21863547e-05)
( 2.48768718e-05,-1.33958994e-05)
( 2.74506446e-05,-1.45835758e-05)
( 2.99703227e-05,-1.57470368e-05)
( 3.24308797e-05,-1.68839792e-05)
( 3.48274059e-05,-1.79921476e-05)
( 3.71551184e-05,-1.90693394e-05)
( 3.94093700e-05,-2.01134091e-05)
( 4.15856587e-05,-2.11222724e-05)
( 4.36796364e-05,-2.20939104e-05)
( 4.56871176e-05,-2.30263737e-05)
( 4.76040872e-05,-2.39177864e-05)
( 4.94267092e-05,-2.47663497e-05)
( 5.11513332e-05,-2.55703456e-05)
( 5.27745026e-05,-2.63281404e-05)
( 5.42929607e-05,-2.70381880e-05)
( 5.57036573e-05,-2.76990331e-05)
( 5.70037549e-05,-2.83093138e-05)
( 5.81906340e-05,-2.88677652e-05)
( 5.92618983e-05,-2.93732213e-05)
( 6.02153796e-05,-2.98246175e-05)
( 6.10491418e-05,-3.02209932e-05)
( 6.17614849e-05,-3.05614936e-05)
( 6.23509483e-05,-3.08453714e-05)
( 6.28163135e-05,-3.10719886e-05)
( 6.31566070e-05,-3.12408178e-05)
( 6.33711014e-05,-3.13514436e-05)
( 6.34593177e-05,-3.14035631e-05)
( 6.34210256e-05,-3.13969872e-05)
( 6.32562442e-05,-3.13316408e-05)
( 6.29652421e-05,-3.12075631e-05)
( 6.25485368e-05,-3.10249078e-05)
( 6.20068934e-05,-3.07839428e-05)
( 6.13413235e-05,-3.04850500e-05)
( 6.05530830e-05,-3.01287248e-05)
( 5.96436699e-05,-2.97155747e-05)
( 5.86148210e-05,-2.92463189e-05)
( 5.74685086e-05,-2.87217868e-05)
( 5.62069370e-05,-2.81429165e-05)
( 5.48325376e-05,-2.75107529e-05)
( 5.33479646e-05,-2.68264461e-05)
( 5.17560896e-05,-2.60912493e-05)
( 5.00599961e-05,-2.53065160e-05)
( 4.82629732e-05,-2.44736980e-05)
( 4.63685094e-05,-2.35943424e-05)
( 4.43802857e-05,-2.26700886e-05)
( 4.23021685e-05,-2.17026653e-05)
( 4.01382017e-05,-2.06938874e-05)
( 3.78925990e-05,-1.96456521e-05)
( 3.55697358e-05,-1.85599357e-05)
( 3.31741402e-05,-1.74387892e-05)
( 3.07104846e-05,-1.62843353e-05)
( 2.81835760e-05,-1.50987632e-05)
( 2.55983473e-05,-1.38843253e-05)
( 2.29598468e-05,-1.26433321e-05)
( 2.02732289e-05,-1.13781483e-05)
( 1.75437440e-05,-1.00911877e-05)
( 1.47767275e-05,-8.78490892e-06)
( 1.19775905e-05,-7.46181025e-06)
( 9.15180796e-06,-6.12442497e-06)
( 6.30490888e-06,-4.77531630e-06)
( 3.44246501e-06,-3.41707243e-06)
( 5.70080036e-07,-2.05230134e-06)
(-2.30662142e-06,-6.83625764e-07)
(-5.18200485e-06, 6.86322027e-07)
(-8.05043688e-06, 2.05490541e-06)
(-1.09062964e-05, 3.41948863e-06)
(-1.37439854e-05, 4.77744197e-06)
(-1.65579403e-05, 6.12614702e-06)
(-1.93426426e-05, 7.46300181e-06)
(-2.20926297e-05, 8.78542601e-06)
(-2.48025058e-05, 1.00908660e-05)
(-2.74669523e-05, 1.13768001e-05)
(-3.00807386e-05, 1.26407434e-05)
(-3.26387318e-05, 1.38802528e-05)
(-3.51359073e-05, 1.50929318e-05)
(-3.75673586e-05, 1.62764356e-05)
(-3.99283064e-05, 1.74284753e-05)
(-4.22141089e-05, 1.85468229e-05)
(-4.44202702e-05, 1.96293155e-05)
(-4.65424493e-05, 2.06738598e-05)
(-4.85764689e-05, 2.16784362e-05)
(-5.05183235e-05, 2.26411031e-05)
(-5.23641868e-05, 2.35600002e-05)
(-5.41104202e-05, 2.44333530e-05)
(-5.57535790e-05, 2.52594761e-05)
(-5.72904197e-05, 2.60367762e-05)
(-5.87179064e-05, 2.67637559e-05)
(-6.00332166e-05, 2.74390166e-05)
(-6.12337467e-05, 2.80612610e-05)
(-6.23171174e-05, 2.86292963e-05)
(-6.32811782e-05, 2.91420360e-05)
(-6.41240118e-05, 2.95985026e-05)
(-6.48439377e-05, 2.99978296e-05)
(-6.54395156e-05, 3.03392628e-05)
(-6.59095484e-05, 3.06221624e-05)
(-6.62530842e-05, 3.08460042e-05)
(-6.64694188e-05, 3.10103804e-05)
(-6.65580964e-05, 3.11150008e-05)
(-6.65189111e-05, 3.11596934e-05)
(-6.63519069e-05, 3.11444046e-05)
(-6.60573781e-05, 3.10691995e-05)
(-6.56358683e-05, 3.09342618e-05)
(-6.50881694e-05, 3.07398935e-05)
(-6.44153206e-05, 3.04865143e-05)
(-6.36186056e-05, 3.01746607e-05)
(-6.26995507e-05, 2.98049854e-05)
(-6.16599214e-05, 2.93782553e-05)
(-6.05017195e-05, 2.88953508e-05)
(-5.92271785e-05, 2.83572636e-05)
(-5.78387597e-05, 2.77650947e-05)
(-5.63391473e-05, 2.71200525e-05)
(-5.47312429e-05, 2.64234505e-05)
(-5.30181603e-05, 2.56767041e-05)
(-5.12032188e-05, 2.48813286e-05)
(-4.92899371e-05, 2.40389355e-05)
(-4.72820264e-05, 2.31512297e-05)
(-4.51833828e-05, 2.22200061e-05)
(-4.29980799e-05, 2.12471456e-05)
(-4.07303607e-05, 2.02346121e-05)
(-3.83846296e-05, 1.91844478e-05)
(-3.59654429e-05, 1.80987697e-05)
(-3.34775010e-05, 1.69797651e-05)
(-3.09256382e-05, 1.58296870e-05)
(-2.83148135e-05, 1.46508503e-05)
(-2.56501012e-05, 1.34456265e-05)
(-2.29366805e-05, 1.22164391e-05)
(-2.01798252e-05, 1.09657591e-05)
(-1.73848940e-05, 9.69609954e-06)
(-1.45573192e-05, 8.41001083e-06)
(-1.17025965e-05, 7.11007546e-06)
(-8.82627400e-06, 5.79890289e-06)
(-5.93394121e-06, 4.47912430e-06)
(-3.03121825e-06, 3.15338731e-06)
(-1.23744688e-07, 1.82435063e-06)
( 2.78283160e-06, 4.94678819e-07)
( 5.68286548e-06,-8.32963186e-07)
( 8.57072570e-06,-2.15591533e-06)
( 1.14408060e-05,-3.47152783e-06)
( 1.42875360e-05,-4.77716647e-06)
( 1.71053924e-05,-6.07021791e-06)
( 1.98889098e-05,-7.34809492e-06)
( 2.26326912e-05,-8.60824161e-06)
( 2.53314189e-05,-9.84813851e-06)
( 2.79798648e-05,-1.10653077e-05)
( 3.05729010e-05,-1.22573177e-05)
( 3.31055094e-05,-1.34217885e-05)
( 3.55727919e-05,-1.45563962e-05)
( 3.79699800e-05,-1.56588777e-05)
( 4.02924440e-05,-1.67270352e-05)
( 4.25357025e-05,-1.77587410e-05)
( 4.46954307e-05,-1.87519411e-05)
( 4.67674692e-05,-1.97046598e-05)
( 4.87478322e-05,-2.06150038e-05)
( 5.06327152e-05,-2.14811655e-05)
( 5.24185024e-05,-2.23014269e-05)
( 5.41017740e-05,-2.30741632e-05)
( 5.56793129e-05,-2.37978457e-05)
( 5.71481106e-05,-2.44710452e-05)
( 5.85053737e-05,-2.50924347e-05)
( 5.97485288e-05,-2.56607921e-05)
( 6.08752280e-05,-2.61750027e-05)
( 6.18833531e-05,-2.66340613e-05)
( 6.27710198e-05,-2.70370744e-05)
( 6.35365816e-05,-2.73832616e-05)
( 6.41786326e-05,-2.76719579e-05)
( 6.46960106e-05,-2.79026143e-05)
( 6.50877989e-05,-2.80747991e-05)
( 6.53533286e-05,-2.81881990e-05)
( 6.54921791e-05,-2.82426195e-05)
( 6.55041795e-05,-2.82379853e-05)
( 6.53894086e-05,-2.81743407e-05)
( 6.51481944e-05,-2.80518489e-05)
( 6.47811140e-05,-2.78707924e-05)
( 6.42889917e-05,-2.76315720e-05)
( 6.36728977e-05,-2.73347059e-05)
( 6.29341457e-05,-2.69808292e-05)
( 6.20742901e-05,-2.65706918e-05)
( 6.10951234e-05,-2.61051576e-05)
( 5.99986716e-05,-2.55852026e-05)
( 5.87871911e-05,-2.50119126e-05)
( 5.74631634e-05,-2.43864813e-05)
( 5.60292904e-05,-2.37102081e-05)
( 5.44884889e-05,-2.29844950e-05)
( 5.28438848e-05,-2.22108441e-05)
( 5.10988066e-05,-2.13908547e-05)
( 4.92567790e-05,-2.05262196e-05)
( 4.73215155e-05,-1.96187223e-05)
( 4.52969114e-05,-1.86702330e-05)
( 4.31870355e-05,-1.76827052e-05)
( 4.09961221e-05,-1.66581713e-05)
( 3.87285627e-05,-1.55987391e-05)
( 3.63888971e-05,-1.45065872e-05)
( 3.39818043e-05,-1.33839606e-05)
( 3.15120931e-05,-1.22331667e-05)
( 2.89846926e-05,-1.10565699e-05)
( 2.64046423e-05,-9.85658767e-06)
( 2.37770818e-05,-8.63568513e-06)
( 2.11072412e-05,-7.39637041e-06)
( 1.84004299e-05,-6.14118958e-06)
( 1.56620265e-05,-4.87272150e-06)
( 1.28974680e-05,-3.59357274e-06)
( 1.01122387e-05,-2.30637232e-06)
( 7.31185959e-06,-1.01376647e-06)
( 4.50187731e-06, 2.81586642e-07)
( 1.68785297e-06, 1.57702226e-06)
(-1.12464879e-06, 2.86987432e-06)
(-3.93007092e-06, 4.15748082e-06)
(-6.72287496e-06, 5.43718911e-06)
(-9.49755206e-06, 6.70636120e-06)
(-1.22486339e-05, 7.96237904e-06)
(-1.49707036e-05, 9.20264975e-06)
(-1.76584064e-05, 1.04246108e-05)
(-2.03064602e-05, 1.16257352e-05)
(-2.29096663e-05, 1.28035364e-05)
(-2.54629191e-05, 1.39555733e-05)
(-2.79612170e-05, 1.50794554e-05)
(-3.03996718e-05, 1.61728472e-05)
(-3.27735181e-05, 1.72334732e-05)
(-3.50781235e-05, 1.82591221e-05)
(-3.73089968e-05, 1.92476516e-05)
(-3.94617977e-05, 2.01969927e-05)
(-4.15323446e-05, 2.11051532e-05)
(-4.35166233e-05, 2.19702228e-05)
(-4.54107949e-05, 2.27903760e-05)
(-4.72112029e-05, 2.35638762e-05)
(-4.89143807e-05, 2.42890791e-05)
(-5.05170583e-05, 2.49644361e-05)
(-5.20161685e-05, 2.55884974e-05)
(-5.34088534e-05, 2.61599149e-05)
(-5.46924691e-05, 2.66774449e-05)
(-5.58645916e-05, 2.71399508e-05)
(-5.69230211e-05, 2.75464054e-05)
(-5.78657860e-05, 2.78958928e-05)
(-5.86911474e-05, 2.81876106e-05)
(-5.93976014e-05, 2.84208713e-05)
(-5.99838829e-05, 2.85951040e-05)
(-6.04489673e-05, 2.87098554e-05)
(-6.07920725e-05, 2.87647909e-05)
(-6.10126604e-05, 2.87596955e-05)
(-6.11104377e-05, 2.86944741e-05)
(-6.10853564e-05, 2.85691519e-05)
(-6.09376137e-05, 2.83838743e-05)
(-6.06676511e-05, 2.81389070e-05)
(-6.02761539e-05, 2.78346356e-05)
(-5.97640491e-05, 2.74715645e-05)
(-5.91325037e-05, 2.70503167e-05)
(-5.83829221e-05, 2.65716319e-05)
(-5.75169433e-05, 2.60363659e-05)
(-5.65364370e-05, 2.54454886e-05)
(-5.54435000e-05, 2.48000824e-05)
(-5.42404520e-05, 2.41013400e-05)
(-5.29298305e-05, 2.33505626e-05)
(-5.15143856e-05, 2.25491567e-05)
(-4.99970746e-05, 2.16986323e-05)
(-4.83810557e-05, 2.08005995e-05)
(-4.66696816e-05, 1.98567657e-05)
(-4.48664927e-05, 1.88689321e-05)
(-4.29752098e-05, 1.78389908e-05)
(-4.09997268e-05, 1.67689206e-05)
(-3.89441025e-05, 1.56607835e-05)
(-3.68125524e-05, 1.45167208e-05)
(-3.46094405e-05, 1.33389491e-05)
(-3.23392700e-05, 1.21297556e-05)
(-3.00066746e-05, 1.08914943e-05)
(-2.76164089e-05, 9.62658108e-06)
(-2.51733391e-05, 8.33748914e-06)
(-2.26824328e-05, 7.02674433e-06)
(-2.01487495e-05, 5.69692019e-06)
(-1.75774299e-05, 4.35063302e-06)
(-1.49736862e-05, 2.99053682e-06)
(-1.23427909e-05, 1.61931814e-06)
(-9.69006712e-06, 2.39690889e-07)
(-7.02087715e-06,-1.14560893e-06)
(-4.34061216e-06,-2.53382855e-06)
(-1.65468130e-06,-3.92220375e-06)
( 1.03149907e-06,-5.30796430e-06)
( 3.71251624e-06,-6.68833931e-06)
( 6.38297187e-06,-8.06056265e-06)
( 9.03749284e-06,-9.42187837e-06)
( 1.16707418e-05,-1.07695461e-05)
( 1.42774281e-05,-1.21008464e-05)
( 1.68523178e-05,-1.34130861e-05)
( 1.93902446e-05,-1.47036037e-05)
( 2.18861197e-05,-1.59697743e-05)
( 2.43349422e-05,-1.72090153e-05)
( 2.67318086e-05,-1.84187911e-05)
( 2.90719232e-05,-1.95966182e-05)
( 3.13506068e-05,-2.07400701e-05)
( 3.35633064e-05,-2.18467824e-05)
( 3.57056041e-05,-2.29144573e-05)
( 3.77732258e-05,-2.39408681e-05)
( 3.97620498e-05,-2.49238638e-05)
( 4.16681146e-05,-2.58613737e-05)
( 4.34876269e-05,-2.67514111e-05)
( 4.52169689e-05,-2.75920774e-05)
( 4.68527056e-05,-2.83815666e-05)
( 4.83915916e-05,-2.91181680e-05)
( 4.98305769e-05,-2.98002705e-05)
( 5.11668135e-05,-3.04263657e-05)
( 5.23976608e-05,-3.09950510e-05)
( 5.35206903e-05,-3.15050324e-05)
( 5.45336908e-05,-3.19551277e-05)
( 5.54346726e-05,-3.23442684e-05)
( 5.62218711e-05,-3.26715027e-05)
( 5.68937506e-05,-3.29359970e-05)
( 5.74490067e-05,-3.31370383e-05)
( 5.78865691e-05,-3.32740352e-05)
( 5.82056038e-05,-3.33465201e-05)
( 5.84055140e-05,-3.33541498e-05)
( 5.84859419e-05,-3.32967065e-05)
( 5.84467687e-05,-3.31740990e-05)
( 5.82881152e-05,-3.29863624e-05)
( 5.80103411e-05,-3.27336590e-05)
( 5.76140442e-05,-3.24162779e-05)
( 5.71000594e-05,-3.20346346e-05)
( 5.64694565e-05,-3.15892712e-05)
( 5.57235382e-05,-3.10808547e-05)
( 5.48638377e-05,-3.05101768e-05)
( 5.38921149e-05,-2.98781520e-05)
( 5.28103533e-05,-2.91858166e-05)
( 5.16207559e-05,-2.84343269e-05)
( 5.03257406e-05,-2.76249569e-05)
( 4.89279354e-05,-2.67590967e-05)
( 4.74301731e-05,-2.58382496e-05)
( 4.58354855e-05,-2.48640295e-05)
( 4.41470977e-05,-2.38381584e-05)
( 4.23684210e-05,-2.27624628e-05)
( 4.05030466e-05,-2.16388710e-05)
( 3.85547381e-05,-2.04694092e-05)
( 3.65274243e-05,-1.92561979e-05)
( 3.44251910e-05,-1.80014480e-05)
( 3.22522730e-05,-1.67074571e-05)
( 3.00130458e-05,-1.53766045e-05)
( 2.77120168e-05,-1.40113477e-05)
( 2.53538161e-05,-1.26142172e-05)
( 2.29431876e-05,-1.11878119e-05)
( 2.04849795e-05,-9.73479438e-06)
( 1.79841346e-05,-8.25788592e-06)
( 1.54456806e-05,-6.75986119e-06)
( 1.28747198e-05,-5.24354313e-06)
( 1.02764195e-05,-3.71179759e-06)
( 7.65600144e-06,-2.16752787e-06)
( 5.01873134e-06,-6.13669208e-07)
( 2.36990877e-06, 9.46816842e-07)
(-2.85143541e-07, 2.51094807e-06)
(-2.94109017e-06, 4.07572736e-06)
(-5.59259359e-06, 5.63814841e-06)
(-8.23432472e-06, 7.19520159e-06)
(-1.08609735e-05, 8.74387973e-06)
(-1.34672592e-05, 1.02811840e-05)
(-1.60479413e-05, 1.18041296e-05)
(-1.85978293e-05, 1.33097517e-05)
(-2.11117934e-05, 1.47951115e-05)
(-2.35847745e-05, 1.62573013e-05)
(-2.60117940e-05, 1.76934510e-05)
(-2.83879642e-05, 1.91007330e-05)
(-3.07084971e-05, 2.04763686e-05)
(-3.29687148e-05, 2.18176328e-05)
(-3.51640580e-05, 2.31218601e-05)
(-3.72900954e-05, 2.43864497e-05)
(-3.93425324e-05, 2.56088708e-05)
(-4.13172196e-05, 2.67866676e-05)
(-4.32101608e-05, 2.79174641e-05)
(-4.50175212e-05, 2.89989693e-05)
(-4.67356349e-05, 3.00289815e-05)
(-4.83610119e-05, 3.10053930e-05)
(-4.98903453e-05, 3.19261943e-05)
(-5.13205181e-05, 3.27894782e-05)
(-5.26486085e-05, 3.35934439e-05)
(-5.38718968e-05, 3.43364007e-05)
(-5.49878699e-05, 3.50167715e-05)
(-5.59942268e-05, 3.56330963e-05)
(-5.68888830e-05, 3.61840350e-05)
(-5.76699748e-05, 3.66683705e-05)
(-5.83358629e-05, 3.70850115e-05)
(-5.88851356e-05, 3.74329945e-05)
(-5.93166119e-05, 3.77114865e-05)
(-5.96293437e-05, 3.79197863e-05)
(-5.98226180e-05, 3.80573269e-05)
(-5.98959579e-05, 3.81236762e-05)
(-5.98491239e-05, 3.81185386e-05)
(-5.96821148e-05, 3.80417559e-05)
(-5.93951671e-05, 3.78933075e-05)
(-5.89887550e-05, 3.76733112e-05)
(-5.84635895e-05, 3.73820231e-05)
(-5.78206173e-05, 3.70198374e-05)
(-5.70610187e-05, 3.65872860e-05)
(-5.61862055e-05, 3.60850377e-05)
(-5.51978182e-05, 3.55138970e-05)
(-5.40977232e-05, 3.48748034e-05)
(-5.28880089e-05, 3.41688293e-05)
(-5.15709820e-05, 3.33971784e-05)
(-5.01491627e-05, 3.25611837e-05)
(-4.86252800e-05, 3.16623049e-05)
(-4.70022666e-05, 3.07021264e-05)
(-4.52832530e-05, 2.96823536e-05)
(-4.34715616e-05, 2.86048106e-05)
(-4.15707002e-05, 2.74714365e-05)
(-3.95843553e-05, 2.62842820e-05)
(-3.75163846e-05, 2.50455054e-05)
(-3.53708101e-05, 2.37573688e-05)
(-3.31518098e-05, 2.24222339e-05)
(-3.08637096e-05, 2.10425574e-05)
(-2.85109754e-05, 1.96208867e-05)
(-2.60982037e-05, 1.81598545e-05)
(-2.36301131e-05, 1.66621745e-05)
(-2.11115350e-05, 1.51306359e-05)
(-1.85474041e-05, 1.35680981e-05)
(-1.59427490e-05, 1.19774853e-05)
(-1.33026819e-05, 1.03617808e-05)
(-1.06323893e-05, 8.72402146e-06)
(-7.93712112e-06, 7.06729158e-06)
(-5.22218108e-06, 5.39471721e-06)
(-2.49291589e-06, 3.70945997e-06)
( 2.45295051e-07, 2.01471095e-06)
( 2.98705021e-06, 3.13684519e-07)
( 5.72693655e-06,-1.39038793e-06)
( 8.45954011e-06,-3.09426428e-06)
( 1.11794567e-05,-4.79469803e-06)
( 1.38813024e-05,-6.48844462e-06)
( 1.65597242e-05,-8.17226780e-06)
( 1.92094108e-05,-9.84294600e-06)
( 2.18251026e-05,-1.14972786e-05)
( 2.44016024e-05,-1.31320924e-05)
( 2.69337853e-05,-1.47442475e-05)
( 2.94166096e-05,-1.63306440e-05)
( 3.18451256e-05,-1.78882278e-05)
( 3.42144865e-05,-1.94139966e-05)
( 3.65199574e-05,-2.09050062e-05)
( 3.87569246e-05,-2.23583759e-05)
( 4.09209052e-05,-2.37712946e-05)
( 4.30075557e-05,-2.51410262e-05)
( 4.50126807e-05,-2.64649152e-05)
( 4.69322412e-05,-2.77403917e-05)
( 4.87623627e-05,-2.89649769e-05)
( 5.04993432e-05,-3.01362880e-05)
( 5.21396601e-05,-3.12520427e-05)
( 5.36799776e-05,-3.23100641e-05)
( 5.51171536e-05,-3.33082849e-05)
( 5.64482454e-05,-3.42447517e-05)
( 5.76705162e-05,-3.51176289e-05)
( 5.87814405e-05,-3.59252022e-05)
( 5.97787092e-05,-3.66658825e-05)
( 6.06602342e-05,-3.73382088e-05)
( 6.14241530e-05,-3.79408513e-05)
( 6.20688322e-05,-3.84726141e-05)
( 6.25928711e-05,-3.89324376e-05)
( 6.29951047e-05,-3.93194009e-05)
( 6.32746060e-05,-3.96327234e-05)
( 6.34306881e-05,-3.98717668e-05)
( 6.34629060e-05,-4.00360360e-05)
( 6.33710572e-05,-4.01251806e-05)
( 6.31551828e-05,-4.01389955e-05)
( 6.28155672e-05,-4.00774212e-05)
( 6.23527381e-05,-3.99405445e-05)
( 6.17674654e-05,-3.97285978e-05)
( 6.10607602e-05,-3.94419592e-05)
( 6.02338726e-05,-3.90811517e-05)
( 5.92882898e-05,-3.86468420e-05)
( 5.82257335e-05,-3.81398396e-05)
( 5.70481560e-05,-3.75610950e-05)
( 5.57577376e-05,-3.69116982e-05)
( 5.43568816e-05,-3.61928761e-05)
( 5.28482101e-05,-3.54059907e-05)
( 5.12345594e-05,-3.45525360e-05)
( 4.95189738e-05,-3.36341355e-05)
( 4.77047008e-05,-3.26525387e-05)
( 4.57951839e-05,-3.16096177e-05)
( 4.37940567e-05,-3.05073640e-05)
( 4.17051355e-05,-2.93478840e-05)
( 3.95324122e-05,-2.81333953e-05)
( 3.72800465e-05,-2.68662220e-05)
( 3.49523580e-05,-2.55487904e-05)
( 3.25538175e-05,-2.41836244e-05)
( 3.00890386e-05,-2.27733400e-05)
( 2.75627687e-05,-2.13206406e-05)
( 2.49798799e-05,-1.98283116e-05)
( 2.23453591e-05,-1.82992148e-05)
( 1.96642988e-05,-1.67362829e-05)
( 1.69418869e-05,-1.51425135e-05)
( 1.41833965e-05,-1.35209635e-05)
( 1.13941757e-05,-1.18747431e-05)
( 8.57963727e-06,-1.02070092e-05)
( 5.74524782e-06,-8.52095991e-06)
( 2.89651721e-06,-6.81982752e-06)
( 3.89877114e-08,-5.10687270e-06)
(-2.82177685e-06,-3.38537783e-06)
(-5.68020205e-06,-1.65864059e-06)
(-8.53071380e-06, 7.00324694e-08)
(-1.13677493e-05, 1.79733250e-06)
(-1.41857681e-05, 3.51995477e-06)
(-1.69792629e-05, 5.23460521e-06)
(-1.97427704e-05, 6.93800682e-06)
(-2.24708822e-05, 8.62690612e-06)
(-2.51582553e-05, 1.02980795e-05)
(-2.77996228e-05, 1.19483396e-05)
(-3.03898044e-05, 1.35745414e-05)
(-3.29237165e-05, 1.51735884e-05)
(-3.53963821e-05, 1.67424388e-05)
(-3.78029411e-05, 1.82781113e-05)
(-4.01386596e-05, 1.97776907e-05)
(-4.23989393e-05, 2.12383341e-05)
(-4.45793269e-05, 2.26572759e-05)
(-4.66755227e-05, 2.40318334e-05)
(-4.86833892e-05, 2.53594120e-05)
(-5.05989593e-05, 2.66375099e-05)
(-5.24184445e-05, 2.78637235e-05)
(-5.41382419e-05, 2.90357513e-05)
(-5.57549419e-05, 3.01513992e-05)
(-5.72653348e-05, 3.12085836e-05)
(-5.86664172e-05, 3.22053365e-05)
(-5.99553979e-05, 3.31398082e-05)
(-6.11297039e-05, 3.40102717e-05)
(-6.21869852e-05, 3.48151254e-05)
(-6.31251194e-05, 3.55528961e-05)
(-6.39422166e-05, 3.62222421e-05)
(-6.46366225e-05, 3.68219553e-05)
(-6.52069221e-05, 3.73509639e-05)
(-6.56519427e-05, 3.78083335e-05)
(-6.59707561e-05, 3.81932698e-05)
(-6.61626803e-05, 3.85051193e-05)
(-6.62272815e-05, 3.87433704e-05)
(-6.61643745e-05, 3.89076547e-05)
(-6.59740235e-05, 3.89977471e-05)
(-6.56565417e-05, 3.90135663e-05)
(-6.52124911e-05, 3.89551748e-05)
(-6.46426813e-05, 3.88227782e-05)
(-6.39481677e-05, 3.86167253e-05)
(-6.31302502e-05, 3.83375065e-05)
(-6.21904698e-05, 3.79857534e-05)
(-6.11306062e-05, 3.75622366e-05)
(-5.99526744e-05, 3.70678646e-05)
(-5.86589200e-05, 3.65036818e-05)
(-5.72518160e-05, 3.58708659e-05)
(-5.57340569e-05, 3.51707257e-05)
(-5.41085539e-05, 3.44046985e-05)
(-5.23784292e-05, 3.35743468e-05)
(-5.05470098e-05, 3.26813552e-05)
(-4.86178208e-05, 3.17275272e-05)
(-4.65945788e-05, 3.07147811e-05)
(-4.44811843e-05, 2.96451464e-05)
(-4.22817142e-05, 2.85207598e-05)
(-4.00004136e-05, 2.73438605e-05)
(-3.76416877e-05, 2.61167860e-05)
(-3.52100928e-05, 2.48419672e-05)
(-3.27103276e-05, 2.35219240e-05)
(-3.01472237e-05, 2.21592596e-05)
(-2.75257364e-05, 2.07566560e-05)
(-2.48509345e-05, 1.93168683e-05)
(-2.21279907e-05, 1.78427192e-05)
(-1.93621713e-05, 1.63370936e-05)
(-1.65588258e-05, 1.48029331e-05)
(-1.37233760e-05, 1.32432297e-05)
(-1.08613062e-05, 1.16610204e-05)
(-7.97815144e-06, 1.00593812e-05)
(-5.07948726e-06, 8.44142070e-06)
(-2.17091839e-06, 6.81027455e-06)
( 7.41932124e-07, 5.16909908e-06)
( 3.65343404e-06, 3.52106519e-06)
( 6.55796097e-06, 1.86935227e-06)
( 9.44990145e-06, 2.17142001e-07)
( 1.23236699e-05,-1.43238777e-06)
( 1.51737178e-05,-3.07606915e-06)
( 1.79945442e-05,-4.71075031e-06)
( 2.07807068e-05,-6.33330152e-06)
( 2.35268326e-05,-7.94062112e-06)
( 2.62276283e-05,-9.52964153e-06)
( 2.88778906e-05,-1.10973350e-05)
( 3.14725168e-05,-1.26407195e-05)
( 3.40065140e-05,-1.41568642e-05)
( 3.64750095e-05,-1.56428954e-05)
( 3.88732602e-05,-1.70960013e-05)
( 4.11966615e-05,-1.85134382e-05)
( 4.34407564e-05,-1.98925348e-05)
( 4.56012445e-05,-2.12306978e-05)
( 4.76739896e-05,-2.25254167e-05)
( 4.96550286e-05,-2.37742682e-05)
( 5.15405783e-05,-2.49749209e-05)
( 5.33270432e-05,-2.61251398e-05)
( 5.50110224e-05,-2.72227900e-05)
( 5.65893158e-05,-2.82658413e-05)
( 5.80589306e-05,-2.92523712e-05)
( 5.94170866e-05,-3.01805691e-05)
( 6.06612220e-05,-3.10487391e-05)
( 6.17889977e-05,-3.18553034e-05)
( 6.27983019e-05,-3.25988050e-05)
( 6.36872541e-05,-3.32779103e-05)
( 6.44542087e-05,-3.38914116e-05)
( 6.50977576e-05,-3.44382293e-05)
( 6.56167332e-05,-3.49174135e-05)
( 6.60102101e-05,-3.53281459e-05)
( 6.62775069e-05,-3.56697409e-05)
( 6.64181871e-05,-3.59416472e-05)
( 6.64320600e-05,-3.61434483e-05)
( 6.63191806e-05,-3.62748631e-05)
( 6.60798494e-05,-3.63357465e-05)
( 6.57146111e-05,-3.63260894e-05)
( 6.52242542e-05,-3.62460186e-05)
( 6.46098082e-05,-3.60957961e-05)
( 6.38725420e-05,-3.58758189e-05)
( 6.30139609e-05,-3.55866175e-05)
( 6.20358034e-05,-3.52288555e-05)
( 6.09400377e-05,-3.48033275e-05)
( 5.97288573e-05,-3.43109575e-05)
( 5.84046769e-05,-3.37527974e-05)
( 5.69701270e-05,-3.31300246e-05)
( 5.54280489e-05,-3.24439395e-05)
( 5.37814885e-05,-3.16959630e-05)
( 5.20336906e-05,-3.08876338e-05)
( 5.01880919e-05,-3.00206051e-05)
( 4.82483144e-05,-2.90966413e-05)
( 4.62181579e-05,-2.81176149e-05)
( 4.41015926e-05,-2.70855025e-05)
( 4.19027510e-05,-2.60023808e-05)
( 3.96259197e-05,-2.48704231e-05)
( 3.72755309e-05,-2.36918943e-05)
( 3.48561537e-05,-2.24691471e-05)
( 3.23724848e-05,-2.12046173e-05)
( 2.98293394e-05,-1.99008189e-05)
( 2.72316418e-05,-1.85603394e-05)
( 2.45844155e-05,-1.71858345e-05)
( 2.18927734e-05,-1.57800236e-05)
( 1.91619078e-05,-1.43456840e-05)
( 1.63970802e-05,-1.28856455e-05)
( 1.36036111e-05,-1.14027855e-05)
( 1.07868695e-05,-9.90002293e-06)
( 7.95226277e-06,-8.38031299e-06)
( 5.10522555e-06,-6.84664122e-06)
( 2.25120979e-06,-5.30201792e-06)
(-6.04326088e-07,-3.74947234e-06)
(-3.45592766e-06,-2.19204685e-06)
(-6.29815501e-06,-6.32791125e-07)
(-9.12559325e-06, 9.25243723e-07)
(-1.19328629e-05, 2.47901098e-06)
(-1.47146300e-05, 4.02547415e-06)
(-1.74656167e-05, 5.56161285e-06)
(-2.01806110e-05, 7.08442852e-06)
(-2.28544769e-05, 8.59095021e-06)
(-2.54821639e-05, 1.00782403e-05)
(-2.80587167e-05, 1.15434001e-05)
(-3.05792849e-05, 1.29835754e-05)
(-3.30391313e-05, 1.43959620e-05)
(-3.54336418e-05, 1.57778113e-05)
(-3.77583334e-05, 1.71264349e-05)
(-4.00088628e-05, 1.84392108e-05)
(-4.21810345e-05, 1.97135875e-05)
(-4.42708084e-05, 2.09470895e-05)
(-4.62743078e-05, 2.21373219e-05)
(-4.81878258e-05, 2.32819750e-05)
(-5.00078328e-05, 2.43788287e-05)
(-5.17309824e-05, 2.54257572e-05)
(-5.33541181e-05, 2.64207326e-05)
(-5.48742783e-05, 2.73618292e-05)
(-5.62887021e-05, 2.82472270e-05)
(-5.75948343e-05, 2.90752156e-05)
(-5.87903295e-05, 2.98441972e-05)
(-5.98730566e-05, 3.05526899e-05)
(-6.08411023e-05, 3.11993308e-05)
(-6.16927743e-05, 3.17828783e-05)
(-6.24266046e-05, 3.23022149e-05)
(-6.30413512e-05, 3.27563493e-05)
(-6.35360007e-05, 3.31444183e-05)
(-6.39097695e-05, 3.34656889e-05)
(-6.41621049e-05, 3.37195595e-05)
(-6.42926861e-05, 3.39055612e-05)
(-6.43014239e-05, 3.40233588e-05)
(-6.41884607e-05, 3.40727517e-05)
(-6.39541699e-05, 3.40536743e-05)
(-6.35991547e-05, 3.39661962e-05)
(-6.31242466e-05, 3.38105222e-05)
(-6.25305035e-05, 3.35869919e-05)
(-6.18192071e-05, 3.32960795e-05)
(-6.09918601e-05, 3.29383926e-05)
(-6.00501834e-05, 3.25146714e-05)
(-5.89961117e-05, 3.20257872e-05)
(-5.78317904e-05, 3.14727408e-05)
(-5.65595702e-05, 3.08566610e-05)
(-5.51820031e-05, 3.01788021e-05)
(-5.37018369e-05, 2.94405417e-05)
(-5.21220096e-05, 2.86433784e-05)
(-5.04456437e-05, 2.77889284e-05)
(-4.86760398e-05, 2.68789232e-05)
(-4.68166704e-05, 2.59152054e-05)
(-4.48711727e-05, 2.48997262e-05)
(-4.28433416e-05, 2.38345409e-05)
(-4.07371224e-05, 2.27218052e-05)
(-3.85566028e-05, 2.15637712e-05)
(-3.63060053e-05, 2.03627829e-05)
(-3.39896791e-05, 1.91212717e-05)
(-3.16120911e-05, 1.78417518e-05)
(-2.91778179e-05, 1.65268151e-05)
(-2.66915369e-05, 1.51791262e-05)
(-2.41580170e-05, 1.38014174e-05)
(-2.15821100e-05, 1.23964831e-05)
(-1.89687409e-05, 1.09671743e-05)
(-1.63228986e-05, 9.51639340e-06)
(-1.36496268e-05, 8.04708778e-06)
(-1.09540140e-05, 6.56224457e-06)
(-8.24118394e-06, 5.06488440e-06)
(-5.51628626e-06, 3.55805550e-06)
(-2.78448637e-06, 2.04482759e-06)
(-5.09559625e-08, 5.28285734e-07)
( 2.67913676e-06,-9.88475823e-07)
( 5.40063678e-06,-2.50235991e-06)
( 8.10841190e-06,-4.01027263e-06)
( 1.07973624e-05,-5.50912967e-06)
( 1.34624303e-05,-6.99586251e-06)
( 1.60986094e-05,-8.46742467e-06)
( 1.87009537e-05,-9.92079792e-06)
( 2.12645874e-05,-1.13529985e-05)
( 2.37847136e-05,-1.27610831e-05)
( 2.62566231e-05,-1.41421550e-05)
( 2.86757031e-05,-1.54933703e-05)
( 3.10374462e-05,-1.68119432e-05)
( 3.33374579e-05,-1.80951523e-05)
( 3.55714656e-05,-1.93403462e-05)
( 3.77353255e-05,-2.05449488e-05)
( 3.98250312e-05,-2.17064650e-05)
( 4.18367200e-05,-2.28224856e-05)
( 4.37666810e-05,-2.38906929e-05)
( 4.56113611e-05,-2.49088650e-05)
( 4.73673717e-05,-2.58748812e-05)
( 4.90314952e-05,-2.67867260e-05)
( 5.06006903e-05,-2.76424938e-05)
( 5.20720978e-05,-2.84403927e-05)
( 5.34430460e-05,-2.91787489e-05)
( 5.47110549e-05,-2.98560100e-05)
( 5.58738411e-05,-3.04707482e-05)
( 5.69293221e-05,-3.10216643e-05)
( 5.78756192e-05,-3.15075898e-05)
( 5.87110618e-05,-3.19274901e-05)
( 5.94341896e-05,-3.22804667e-05)
( 6.00437556e-05,-3.25657591e-05)
( 6.05387279e-05,-3.27827473e-05)
( 6.09182918e-05,-3.29309526e-05)
( 6.11818511e-05,-3.30100394e-05)
( 6.13290287e-05,-3.30198159e-05)
( 6.13596677e-05,-3.29602349e-05)
( 6.12738310e-05,-3.28313941e-05)
( 6.10718014e-05,-3.26335362e-05)
( 6.07540807e-05,-3.23670487e-05)
( 6.03213889e-05,-3.20324634e-05)
( 5.97746623e-05,-3.16304552e-05)
( 5.91150519e-05,-3.11618416e-05)
( 5.83439213e-05,-3.06275806e-05)
( 5.74628434e-05,-3.00287694e-05)
( 5.64735980e-05,-2.93666420e-05)
( 5.53781681e-05,-2.86425672e-05)
( 5.41787360e-05,-2.78580458e-05)
( 5.28776790e-05,-2.70147074e-05)
( 5.14775653e-05,-2.61143078e-05)
( 4.99811487e-05,-2.51587250e-05)
( 4.83913635e-05,-2.41499554e-05)
( 4.67113189e-05,-2.30901103e-05)
( 4.49442931e-05,-2.19814112e-05)
( 4.30937269e-05,-2.08261852e-05)
( 4.11632177e-05,-1.96268607e-05)
( 3.91565120e-05,-1.83859620e-05)
( 3.70774988e-05,-1.71061040e-05)
( 3.49302020e-05,-1.57899874e-05)
( 3.27187729e-05,-1.44403924e-05)
( 3.04474823e-05,-1.30601732e-05)
( 2.81207123e-05,-1.16522519e-05)
( 2.57429484e-05,-1.02196127e-05)
( 2.33187704e-05,-8.76529517e-06)
( 2.08528445e-05,-7.29238798e-06)
( 1.83499136e-05,-5.80402245e-06)
( 1.58147891e-05,-4.30336580e-06)
( 1.32523415e-05,-2.79361441e-06)
( 1.06674908e-05,-1.27798699e-06)
( 8.06519774e-06, 2.40282305e-07)
( 5.45045423e-06, 1.75795086e-06)
( 2.82827369e-06, 3.27177453e-06)
( 2.03681677e-07, 4.77851467e-06)
(-2.41829365e-06, 6.27494517e-06)
(-5.03263116e-06, 7.75785938e-06)
(-7.63432623e-06, 9.22407714e-06)
(-1.02184003e-05, 1.06704517e-05)
(-1.27799105e-05, 1.20938765e-05)
(-1.53139587e-05, 1.34912921e-05)
(-1.78157014e-05, 1.48596928e-05)
(-2.02803584e-05, 1.61961332e-05)
(-2.27032226e-05, 1.74977350e-05)
(-2.50796683e-05, 1.87616927e-05)
(-2.74051607e-05, 1.99852806e-05)
(-2.96752642e-05, 2.11658580e-05)
(-3.18856512e-05, 2.23008758e-05)
(-3.40321101e-05, 2.33878817e-05)
(-3.61105538e-05, 2.44245261e-05)
(-3.81170274e-05, 2.54085667e-05)
(-4.00477158e-05, 2.63378740e-05)
(-4.18989511e-05, 2.72104361e-05)
(-4.36672199e-05, 2.80243631e-05)
(-4.53491699e-05, 2.87778912e-05)
(-4.69416164e-05, 2.94693869e-05)
(-4.84415490e-05, 3.00973508e-05)
(-4.98461368e-05, 3.06604206e-05)
(-5.11527344e-05, 3.11573748e-05)
(-5.23588868e-05, 3.15871350e-05)
(-5.34623348e-05, 3.19487685e-05)
(-5.44610187e-05, 3.22414907e-05)
(-5.53530829e-05, 3.24646667e-05)
(-5.61368794e-05, 3.26178129e-05)
(-5.68109714e-05, 3.27005983e-05)
(-5.73741357e-05, 3.27128449e-05)
(-5.78253655e-05, 3.26545287e-05)
(-5.81638726e-05, 3.25257795e-05)
(-5.83890885e-05, 3.23268808e-05)
(-5.85006663e-05, 3.20582695e-05)
(-5.84984810e-05, 3.17205344e-05)
(-5.83826302e-05, 3.13144156e-05)
(-5.81534336e-05, 3.08408026e-05)
(-5.78114329e-05, 3.03007324e-05)
(-5.73573905e-05, 2.96953874e-05)
(-5.67922885e-05, 2.90260925e-05)
(-5.61173266e-05, 2.82943126e-05)
(-5.53339198e-05, 2.75016493e-05)
(-5.44436959e-05, 2.66498369e-05)
(-5.34484923e-05, 2.57407393e-05)
(-5.23503527e-05, 2.47763452e-05)
(-5.11515227e-05, 2.37587643e-05)
(-4.98544458e-05, 2.26902220e-05)
(-4.84617587e-05, 2.15730549e-05)
(-4.69762859e-05, 2.04097056e-05)
(-4.54010344e-05, 1.92027168e-05)
(-4.37391876e-05, 1.79547261e-05)
(-4.19940994e-05, 1.66684599e-05)
(-4.01692872e-05, 1.53467272e-05)
(-3.82684254e-05, 1.39924139e-05)
(-3.62953375e-05, 1.26084753e-05)
(-3.42539892e-05, 1.11979305e-05)
(-3.21484801e-05, 9.76385517e-06)
(-2.99830358e-05, 8.30937460e-06)
(-2.77619994e-05, 6.83765691e-06)
(-2.54898225e-05, 5.35190588e-06)
(-2.31710571e-05, 3.85535376e-06)
(-2.08103454e-05, 2.35125406e-06)
(-1.84124116e-05, 8.42874262e-07)
(-1.59820516e-05,-6.66511467e-07)
(-1.35241236e-05,-2.17362961e-06)
(-1.10435387e-05,-3.67521462e-06)
(-8.54525014e-06,-5.16801616e-06)
(-6.03424416e-06,-6.64880639e-06)
(-3.51552937e-06,-8.11438714e-06)
(-9.94126774e-07,-9.56159702e-06)
( 1.52494041e-06,-1.09873185e-05)
( 4.03665701e-06,-1.23884846e-05)
( 6.53602607e-06,-1.37620860e-05)
( 9.01807902e-06,-1.51051775e-05)
( 1.14778859e-05,-1.64148846e-05)
( 1.39105652e-05,-1.76884097e-05)
( 1.63112942e-05,-1.89230383e-05)
( 1.86753185e-05,-2.01161449e-05)
( 2.09979620e-05,-2.12651990e-05)
( 2.32746362e-05,-2.23677701e-05)
( 2.55008500e-05,-2.34215333e-05)
( 2.76722186e-05,-2.44242745e-05)
( 2.97844727e-05,-2.53738944e-05)
( 3.18334672e-05,-2.62684138e-05)
( 3.38151898e-05,-2.71059774e-05)
( 3.57257690e-05,-2.78848576e-05)
( 3.75614826e-05,-2.86034582e-05)
( 3.93187648e-05,-2.92603178e-05)
( 4.09942138e-05,-2.98541127e-05)
( 4.25845990e-05,-3.03836593e-05)
( 4.40868672e-05,-3.08479167e-05)
( 4.54981494e-05,-3.12459887e-05)
( 4.68157660e-05,-3.15771251e-05)
( 4.80372333e-05,-3.18407234e-05)
( 4.91602675e-05,-3.20363293e-05)
( 5.01827902e-05,-3.21636380e-05)
( 5.11029322e-05,-3.22224936e-05)
( 5.19190375e-05,-3.22128897e-05)
( 5.26296663e-05,-3.21349686e-05)
( 5.32335986e-05,-3.19890209e-05)
( 5.37298356e-05,-3.17754839e-05)
( 5.41176026e-05,-3.14949406e-05)
( 5.43963498e-05,-3.11481175e-05)
( 5.45657536e-05,-3.07358832e-05)
( 5.46257171e-05,-3.02592452e-05)
( 5.45763697e-05,-2.97193475e-05)
( 5.44180674e-05,-2.91174679e-05)
( 5.41513909e-05,-2.84550141e-05)
( 5.37771447e-05,-2.77335204e-05)
( 5.32963553e-05,-2.69546440e-05)
( 5.27102682e-05,-2.61201604e-05)
( 5.20203455e-05,-2.52319593e-05)
( 5.12282621e-05,-2.42920398e-05)
( 5.03359024e-05,-2.33025057e-05)
( 4.93453556e-05,-2.22655603e-05)
( 4.82589109e-05,-2.11835009e-05)
( 4.70790526e-05,-2.00587137e-05)
( 4.58084544e-05,-1.88936679e-05)
( 4.44499735e-05,-1.76909098e-05)
( 4.30066437e-05,-1.64530569e-05)
( 4.14816692e-05,-1.51827919e-05)
( 3.98784171e-05,-1.38828563e-05)
( 3.82004100e-05,-1.25560442e-05)
( 3.64513178e-05,-1.12051957e-05)
( 3.46349500e-05,-9.83319078e-06)
( 3.27552469e-05,-8.44294227e-06)
( 3.08162709e-05,-7.03738970e-06)
( 2.88221973e-05,-5.61949250e-06)
( 2.67773054e-05,-4.19222346e-06)
( 2.46859684e-05,-2.75856216e-06)
( 2.25526442e-05,-1.32148837e-06)
( 2.03818652e-05, 1.16024418e-07)
( 1.81782286e-05, 1.55101545e-06)
( 1.59463856e-05, 2.98054312e-06)
( 1.36910316e-05, 4.40169119e-06)
( 1.14168959e-05, 5.81157504e-06)
( 9.12873062e-06, 7.20734768e-06)
( 6.83130091e-06, 8.58620574e-06)
( 4.52937406e-06, 9.94539516e-06)
( 2.22770909e-06, 1.12822169e-05)
(-6.89536915e-08, 1.25940324e-05)
(-2.35590309e-06, 1.38782687e-05)
(-4.62846736e-06, 1.51324237e-05)
(-6.88202441e-06, 1.63540710e-05)
(-9.11201187e-06, 1.75408643e-05)
(-1.13139370e-05, 1.86905422e-05)
(-1.34833866e-05, 1.98009321e-05)
(-1.56160362e-05, 2.08699543e-05)
(-1.77076598e-05, 2.18956257e-05)
(-1.97541387e-05, 2.28760630e-05)
(-2.17514702e-05, 2.38094861e-05)
(-2.36957766e-05, 2.46942211e-05)
(-2.55833130e-05, 2.55287025e-05)
(-2.74104750e-05, 2.63114761e-05)
(-2.91738070e-05, 2.70412006e-05)
(-3.08700087e-05, 2.77166496e-05)
(-3.24959421e-05, 2.83367131e-05)
(-3.40486379e-05, 2.89003988e-05)
(-3.55253017e-05, 2.94068326e-05)
(-3.69233192e-05, 2.98552599e-05)
(-3.82402615e-05, 3.02450455e-05)
(-3.94738901e-05, 3.05756737e-05)
(-4.06221603e-05, 3.08467484e-05)
(-4.16832259e-05, 3.10579922e-05)
(-4.26554416e-05, 3.12092462e-05)
(-4.35373665e-05, 3.13004684e-05)
(-4.43277657e-05, 3.13317329e-05)
(-4.50256127e-05, 3.13032281e-05)
(-4.56300903e-05, 3.12152552e-05)
(-4.61405913e-05, 3.10682258e-05)
(-4.65567191e-05, 3.08626602e-05)
(-4.68782871e-05, 3.05991845e-05)
(-4.71053182e-05, 3.02785281e-05)
(-4.72380432e-05, 2.99015209e-05)
(-4.72768995e-05, 2.94690902e-05)
(-4.72225283e-05, 2.89822575e-05)
(-4.70757723e-05, 2.84421348e-05)
(-4.68376723e-05, 2.78499217e-05)
(-4.65094633e-05, 2.72069008e-05)
(-4.60925705e-05, 2.65144347e-05)
(-4.55886047e-05, 2.57739614e-05)
(-4.49993570e-05, 2.49869907e-05)
(-4.43267934e-05, 2.41550996e-05)
(-4.35730491e-05, 2.32799283e-05)
(-4.27404218e-05, 2.23631758e-05)
(-4.18313650e-05, 2.14065954e-05)
(-4.08484812e-05, 2.04119905e-05)
(-3.97945142e-05, 1.93812097e-05)
(-3.86723415e-05, 1.83161428e-05)
(-3.74849659e-05, 1.72187158e-05)
(-3.62355074e-05, 1.60908867e-05)
(-3.49271947e-05, 1.49346410e-05)
(-3.35633558e-05, 1.37519870e-05)
(-3.21474092e-05, 1.25449515e-05)
(-3.06828545e-05, 1.13155754e-05)
(-2.91732627e-05, 1.00659093e-05)
(-2.76222668e-05, 8.79800948e-06)
(-2.60335519e-05, 7.51393330e-06)
(-2.44108450e-05, 6.21573548e-06)
(-2.27579052e-05, 4.90546392e-06)
(-2.10785137e-05, 3.58515585e-06)
(-1.93764632e-05, 2.25683407e-06)
(-1.76555484e-05, 9.22503295e-07)
(-1.59195553e-05,-4.15853355e-07)
(-1.41722514e-05,-1.75627775e-06)
(-1.24173753e-05,-3.09683996e-06)
(-1.06586270e-05,-4.43564137e-06)
(-8.89965804e-06,-5.77081759e-06)
(-7.14406137e-06,-7.10054124e-06)
(-5.39536193e-06,-8.42302457e-06)
(-3.65700713e-06,-9.73652189e-06)
(-1.93235747e-06,-1.10393319e-05)
(-2.24677427e-07,-1.23297997e-05)
( 1.46287347e-06,-1.36063190e-05)
( 3.12724939e-06,-1.48673336e-05)
( 4.76552666e-06,-1.61113391e-05)
( 6.37491200e-06,-1.73368846e-05)
( 7.95275055e-06,-1.85425737e-05)
( 9.49653361e-06,-1.97270657e-05)
( 1.10039061e-05,-2.08890770e-05)
( 1.24726738e-05,-2.20273813e-05)
( 1.39008105e-05,-2.31408110e-05)
( 1.52864643e-05,-2.42282571e-05)
( 1.66279647e-05,-2.52886707e-05)
( 1.79238284e-05,-2.63210622e-05)
( 1.91727659e-05,-2.73245027e-05)
( 2.03736870e-05,-2.82981237e-05)
( 2.15257070e-05,-2.92411174e-05)
( 2.26281523e-05,-3.01527370e-05)
( 2.36805665e-05,-3.10322969e-05)
( 2.46827159e-05,-3.18791729e-05)
( 2.56345958e-05,-3.26928027e-05)
( 2.65364370e-05,-3.34726864e-05)
( 2.73887124e-05,-3.42183871e-05)
( 2.81921446e-05,-3.49295318e-05)
( 2.89477140e-05,-3.56058132e-05)
( 2.96566685e-05,-3.62469907e-05)
( 3.03205338e-05,-3.68528935e-05)
( 3.09411267e-05,-3.74234234e-05)
( 3.15205699e-05,-3.79585590e-05)
( 3.20613096e-05,-3.84583609e-05)
( 3.25661382e-05,-3.89229789e-05)
( 3.30382203e-05,-3.93526602e-05)
( 3.34811265e-05,-3.97477618e-05)
( 3.38988737e-05,-4.01087644e-05)
( 3.42959773e-05,-4.04362916e-05)
( 3.46775153e-05,-4.07311348e-05)
( 3.50492119e-05,-4.09942851e-05)
( 3.54175426e-05,-4.12269751e-05)
( 3.57898716e-05,-4.14307348e-05)
( 3.61746315e-05,-4.16074651e-05)
( 3.65815608e-05,-4.17595376e-05)
( 3.70220219e-05,-4.18899302e-05)
( 3.75094346e-05,-4.20024149e-05)
( 3.80598752e-05,-4.21018224e-05)
( 3.86929213e-05,-4.21944206e-05)
( 3.94328688e-05,-4.22884696e-05)
( 4.03105312e-05,-4.23950556e-05)
( 4.13659768e-05,-4.25293813e-05)
( 4.26528430e-05,-4.27128322e-05)
( 4.42454172e-05,-4.29764241e-05)
( 4.62508572e-05,-4.33668488e-05)
( 4.88316118e-05,-4.39577420e-05)
( 5.22498718e-05,-4.48723706e-05)
( 5.69651179e-05,-4.63341792e-05)
( 6.38783682e-05,-4.87951885e-05)
( 7.51322010e-05,-5.33636332e-05)
( 9.57448605e-05,-6.26662100e-05)
( 2.12526352e-04,-1.24413052e-04)
( 1.11589213e-06,-3.13241567e-07)
( 4.24402735e-06,-1.61249322e-06)
( 7.17202039e-06,-2.78779297e-06)
( 1.00809839e-05,-3.95141578e-06)
( 1.29655916e-05,-5.10305706e-06)
( 1.58222442e-05,-6.24231461e-06)
( 1.86462215e-05,-7.36776711e-06)
( 2.14324394e-05,-8.47763482e-06)
( 2.41756879e-05,-9.56998712e-06)
( 2.68707361e-05,-1.06428333e-05)
( 2.95123881e-05,-1.16941669e-05)
( 3.20955167e-05,-1.27219915e-05)
( 3.46150865e-05,-1.37243361e-05)
( 3.70661718e-05,-1.46992662e-05)
( 3.94439708e-05,-1.56448921e-05)
( 4.17438186e-05,-1.65593753e-05)
( 4.39611981e-05,-1.74409341e-05)
( 4.60917506e-05,-1.82878485e-05)
( 4.81312852e-05,-1.90984645e-05)
( 5.00757879e-05,-1.98711980e-05)
( 5.19214304e-05,-2.06045383e-05)
( 5.36645774e-05,-2.12970517e-05)
( 5.53017947e-05,-2.19473845e-05)
( 5.68298560e-05,-2.25542658e-05)
( 5.82457493e-05,-2.31165104e-05)
( 5.95466833e-05,-2.36330210e-05)
( 6.07300929e-05,-2.41027907e-05)
( 6.17936443e-05,-2.45249050e-05)
( 6.27352398e-05,-2.48985434e-05)
( 6.35530222e-05,-2.52229816e-05)
( 6.42453780e-05,-2.54975925e-05)
( 6.48109412e-05,-2.57218477e-05)
( 6.52485957e-05,-2.58953185e-05)
( 6.55574778e-05,-2.60176766e-05)
( 6.57369777e-05,-2.60886952e-05)
( 6.57867408e-05,-2.61082489e-05)
( 6.57066687e-05,-2.60763142e-05)
( 6.54969189e-05,-2.59929697e-05)
( 6.51579051e-05,-2.58583956e-05)
( 6.46902959e-05,-2.56728736e-05)
( 6.40950139e-05,-2.54367861e-05)
( 6.33732336e-05,-2.51506156e-05)
( 6.25263793e-05,-2.48149437e-05)
( 6.15561221e-05,-2.44304499e-05)
( 6.04643768e-05,-2.39979100e-05)
( 5.92532982e-05,-2.35181951e-05)
( 5.79252765e-05,-2.29922693e-05)
( 5.64829329e-05,-2.24211879e-05)
( 5.49291143e-05,-2.18060955e-05)
( 5.32668880e-05,-2.11482236e-05)
( 5.14995349e-05,-2.04488881e-05)
( 4.96305440e-05,-1.97094865e-05)
( 4.76636046e-05,-1.89314955e-05)
( 4.56025996e-05,-1.81164678e-05)
( 4.34515979e-05,-1.72660288e-05)
( 4.12148457e-05,-1.63818739e-05)
( 3.88967590e-05,-1.54657647e-05)
( 3.65019139e-05,-1.45195257e-05)
( 3.40350387e-05,-1.35450405e-05)
( 3.15010035e-05,-1.25442481e-05)
( 2.89048111e-05,-1.15191391e-05)
( 2.62515872e-05,-1.04717519e-05)
( 2.35465701e-05,-9.40416835e-06)
( 2.07951002e-05,-8.31850967e-06)
( 1.80026098e-05,-7.21693247e-06)
( 1.51746120e-05,-6.10162427e-06)
( 1.23166901e-05,-4.97479922e-06)
( 9.43448647e-06,-3.83869373e-06)
( 6.53369131e-06,-2.69556203e-06)
( 3.62003148e-06,-1.54767171e-06)
( 6.99259213e-07,-3.97299225e-07)
(-2.22285933e-06, 7.53274577e-07)
(-5.14055541e-06, 1.90176899e-06)
(-8.04806913e-06, 3.04590792e-06)
(-1.09396608e-05, 4.18342444e-06)
(-1.38096223e-05, 5.31206517e-06)
(-1.66522885e-05, 6.42959482e-06)
(-1.94620480e-05, 7.53380051e-06)
(-2.22333548e-05, 8.62249617e-06)
(-2.49607390e-05, 9.69352684e-06)
(-2.76388174e-05, 1.07447729e-05)
(-3.02623047e-05, 1.17741543e-05)
(-3.28260234e-05, 1.27796345e-05)
(-3.53249141e-05, 1.37592247e-05)
(-3.77540459e-05, 1.47109873e-05)
(-4.01086257e-05, 1.56330404e-05)
(-4.23840081e-05, 1.65235609e-05)
(-4.45757039e-05, 1.73807883e-05)
(-4.66793899e-05, 1.82030280e-05)
(-4.86909167e-05, 1.89886548e-05)
(-5.06063171e-05, 1.97361162e-05)
(-5.24218141e-05, 2.04439349e-05)
(-5.41338282e-05, 2.11107123e-05)
(-5.57389846e-05, 2.17351307e-05)
(-5.72341198e-05, 2.23159564e-05)
(-5.86162876e-05, 2.28520416e-05)
(-5.98827654e-05, 2.33423269e-05)
(-6.10310592e-05, 2.37858434e-05)
(-6.20589089e-05, 2.41817142e-05)
(-6.29642921e-05, 2.45291567e-05)
(-6.37454289e-05, 2.48274835e-05)
(-6.44007847e-05, 2.50761043e-05)
(-6.49290737e-05, 2.52745265e-05)
(-6.53292613e-05, 2.54223564e-05)
(-6.56005660e-05, 2.55193000e-05)
(-6.57424610e-05, 2.55651635e-05)
(-6.57546754e-05, 2.55598534e-05)
(-6.56371945e-05, 2.55033772e-05)
(-6.53902600e-05, 2.53958427e-05)
(-6.50143693e-05, 2.52374583e-05)
(-6.45102747e-05, 2.50285324e-05)
(-6.38789817e-05, 2.47694725e-05)
(-6.31217473e-05, 2.44607849e-05)
(-6.22400772e-05, 2.41030731e-05)
(-6.12357229e-05, 2.36970371e-05)
(-6.01106784e-05, 2.32434717e-05)
(-5.88671759e-05, 2.27432650e-05)
(-5.75076818e-05, 2.21973966e-05)
(-5.60348914e-05, 2.16069358e-05)
(-5.44517237e-05, 2.09730395e-05)
(-5.27613159e-05, 2.02969495e-05)
(-5.09670168e-05, 1.95799906e-05)
(-4.90723803e-05, 1.88235676e-05)
(-4.70811582e-05, 1.80291630e-05)
(-4.49972934e-05, 1.71983333e-05)
(-4.28249112e-05, 1.63327068e-05)
(-4.05683118e-05, 1.54339798e-05)
(-3.82319614e-05, 1.45039137e-05)
(-3.58204838e-05, 1.35443310e-05)
(-3.33386506e-05, 1.25571124e-05)
(-3.07913724e-05, 1.15441926e-05)
(-2.81836887e-05, 1.05075566e-05)
(-2.55207582e-05, 9.44923610e-06)
(-2.28078482e-05, 8.37130518e-06)
(-2.00503247e-05, 7.27587643e-06)
(-1.72536414e-05, 6.16509675e-06)
(-1.44233289e-05, 5.04114317e-06)
(-1.15649841e-05, 3.90621860e-06)
(-8.68425884e-06, 2.76254753e-06)
(-5.78684891e-06, 1.61237164e-06)
(-2.87848263e-06, 4.57945486e-07)
( 3.50903391e-08,-6.98467953e-07)
( 2.94811043e-06,-1.85460167e-06)
( 5.85481951e-06,-3.00818908e-06)
( 8.74947226e-06,-4.15696840e-06)
( 1.16263475e-05,-5.29868711e-06)
( 1.44797597e-05,-6.43110634e-06)
( 1.73040697e-05,-7.55200521e-06)
( 2.00936964e-05,-8.65918520e-06)
( 2.28431275e-05,-9.75047442e-06)
( 2.55469304e-05,-1.08237318e-05)
( 2.81997630e-05,-1.18768515e-05)
( 3.07963841e-05,-1.29077666e-05)
( 3.33316639e-05,-1.39144536e-05)
( 3.58005940e-05,-1.48949359e-05)
( 3.81982973e-05,-1.58472881e-05)
( 4.05200378e-05,-1.67696396e-05)
( 4.27612295e-05,-1.76601780e-05)
( 4.49174460e-05,-1.85171529e-05)
( 4.69844288e-05,-1.93388796e-05)
( 4.89580958e-05,-2.01237416e-05)
( 5.08345494e-05,-2.08701945e-05)
( 5.26100842e-05,-2.15767687e-05)
( 5.42811942e-05,-2.22420724e-05)
( 5.58445797e-05,-2.28647940e-05)
( 5.72971539e-05,-2.34437052e-05)
( 5.86360489e-05,-2.39776631e-05)
( 5.98586212e-05,-2.44656122e-05)
( 6.09624572e-05,-2.49065871e-05)
( 6.19453776e-05,-2.52997138e-05)
( 6.28054421e-05,-2.56442117e-05)
( 6.35409526e-05,-2.59393953e-05)
( 6.41504572e-05,-2.61846752e-05)
( 6.46327524e-05,-2.63795595e-05)
( 6.49868860e-05,-2.65236546e-05)
( 6.52121585e-05,-2.66166663e-05)
( 6.53081249e-05,-2.66584002e-05)
( 6.52745950e-05,-2.66487619e-05)
( 6.51116343e-05,-2.65877578e-05)
( 6.48195635e-05,-2.64754943e-05)
( 6.43989577e-05,-2.63121786e-05)
( 6.38506459e-05,-2.60981173e-05)
( 6.31757086e-05,-2.58337167e-05)
( 6.23754759e-05,-2.55194815e-05)
( 6.14515251e-05,-2.51560140e-05)
( 6.04056771e-05,-2.47440132e-05)
( 5.92399933e-05,-2.42842729e-05)
( 5.79567709e-05,-2.37776809e-05)
( 5.65585389e-05,-2.32252168e-05)
( 5.50480527e-05,-2.26279502e-05)
( 5.34282890e-05,-2.19870387e-05)
( 5.17024395e-05,-2.13037259e-05)
( 4.98739049e-05,-2.05793385e-05)
( 4.79462878e-05,-1.98152844e-05)
( 4.59233862e-05,-1.90130494e-05)
( 4.38091853e-05,-1.81741945e-05)
( 4.16078501e-05,-1.73003532e-05)
( 3.93237168e-05,-1.63932278e-05)
( 3.69612847e-05,-1.54545867e-05)
( 3.45252066e-05,-1.44862605e-05)
( 3.20202806e-05,-1.34901386e-05)
( 2.94514396e-05,-1.24681658e-05)
( 2.68237422e-05,-1.14223379e-05)
( 2.41423626e-05,-1.03546987e-05)
( 2.14125802e-05,-9.26733518e-06)
( 1.86397693e-05,-8.16237400e-06)
( 1.58293887e-05,-7.04197711e-06)
( 1.29869705e-05,-5.90833765e-06)
( 1.01181095e-05,-4.76367561e-06)
( 7.22845202e-06,-3.61023356e-06)
( 4.32368502e-06,-2.45027223e-06)
( 1.40952452e-06,-1.28606612e-06)
(-1.50829543e-06,-1.19899036e-07)
(-4.42403412e-06, 1.04594032e-06)
(-7.33195549e-06, 2.20916292e-06)
(-1.02263394e-05, 3.36748379e-06)
(-1.31014930e-05, 4.51862657e-06)
(-1.59517619e-05, 5.66032791e-06)
(-1.87715410e-05, 6.79034197e-06)
(-2.15552862e-05, 7.90644482e-06)
(-2.42975247e-05, 9.00643876e-06)
(-2.69928661e-05, 1.00881567e-05)
(-2.96360128e-05, 1.11494665e-05)
(-3.22217706e-05, 1.21882749e-05)
(-3.47450590e-05, 1.32025320e-05)
(-3.72009209e-05, 1.41902350e-05)
(-3.95845325e-05, 1.51494326e-05)
(-4.18912129e-05, 1.60782282e-05)
(-4.41164333e-05, 1.69747843e-05)
(-4.62558255e-05, 1.78373258e-05)
(-4.83051911e-05, 1.86641436e-05)
(-5.02605093e-05, 1.94535981e-05)
(-5.21179452e-05, 2.02041223e-05)
(-5.38738568e-05, 2.09142251e-05)
(-5.55248027e-05, 2.15824940e-05)
(-5.70675484e-05, 2.22075985e-05)
(-5.84990730e-05, 2.27882922e-05)
(-5.98165751e-05, 2.33234156e-05)
(-6.10174779e-05, 2.38118982e-05)
(-6.20994348e-05, 2.42527611e-05)
(-6.30603336e-05, 2.46451188e-05)
(-6.38983011e-05, 2.49881806e-05)
(-6.46117059e-05, 2.52812530e-05)
(-6.51991628e-05, 2.55237405e-05)
(-6.56595343e-05, 2.57151472e-05)
(-6.59919338e-05, 2.58550777e-05)
(-6.61957267e-05, 2.59432381e-05)
(-6.62705317e-05, 2.59794364e-05)
(-6.62162220e-05, 2.59635832e-05)
(-6.60329250e-05, 2.58956920e-05)
(-6.57210222e-05, 2.57758791e-05)
(-6.52811486e-05, 2.56043633e-05)
(-6.47141911e-05, 2.53814660e-05)
(-6.40212870e-05, 2.51076104e-05)
(-6.32038216e-05, 2.47833206e-05)
(-6.22634258e-05, 2.44092209e-05)
(-6.12019721e-05, 2.39860345e-05)
(-6.00215718e-05, 2.35145823e-05)
(-5.87245702e-05, 2.29957813e-05)
(-5.73135423e-05, 2.24306426e-05)
(-5.57912873e-05, 2.18202701e-05)
(-5.41608237e-05, 2.11658577e-05)
(-5.24253827e-05, 2.04686875e-05)
(-5.05884024e-05, 1.97301271e-05)
(-4.86535205e-05, 1.89516273e-05)
(-4.66245676e-05, 1.81347187e-05)
(-4.45055590e-05, 1.72810092e-05)
(-4.23006876e-05, 1.63921811e-05)
(-4.00143149e-05, 1.54699870e-05)
(-3.76509629e-05, 1.45162474e-05)
(-3.52153050e-05, 1.35328463e-05)
(-3.27121566e-05, 1.25217281e-05)
(-3.01464660e-05, 1.14848935e-05)
(-2.75233041e-05, 1.04243958e-05)
(-2.48478552e-05, 9.34233670e-06)
(-2.21254059e-05, 8.24086217e-06)
(-1.93613353e-05, 7.12215839e-06)
(-1.65611042e-05, 5.98844737e-06)
(-1.37302441e-05, 4.84198258e-06)
(-1.08743469e-05, 3.68504449e-06)
(-7.99905315e-06, 2.51993611e-06)
(-5.11004147e-06, 1.34897843e-06)
(-2.21301714e-06, 1.74505841e-07)
( 6.86299136e-07,-1.00113851e-06)
( 3.58218246e-06,-2.17560734e-06)
( 6.46891504e-06,-3.34655385e-06)
( 9.34079749e-06,-4.51163646e-06)
( 1.21921600e-05,-5.66852338e-06)
( 1.50173736e-05,-6.81489729e-06)
( 1.78108612e-05,-7.94845994e-06)
( 2.05671085e-05,-9.06693672e-06)
( 2.32806750e-05,-1.01680812e-05)
( 2.59462047e-05,-1.12496796e-05)
( 2.85584366e-05,-1.23095553e-05)
( 3.11122152e-05,-1.33455731e-05)
( 3.36025004e-05,-1.43556434e-05)
( 3.60243778e-05,-1.53377266e-05)
( 3.83730679e-05,-1.62898370e-05)
( 4.06439362e-05,-1.72100471e-05)
( 4.28325017e-05,-1.80964911e-05)
( 4.49344460e-05,-1.89473687e-05)
( 4.69456220e-05,-1.97609490e-05)
( 4.88620617e-05,-2.05355739e-05)
( 5.06799844e-05,-2.12696612e-05)
( 5.23958038e-05,-2.19617082e-05)
( 5.40061354e-05,-2.26102943e-05)
( 5.55078031e-05,-2.32140842e-05)
( 5.68978452e-05,-2.37718308e-05)
( 5.81735207e-05,-2.42823771e-05)
( 5.93323143e-05,-2.47446592e-05)
( 6.03719417e-05,-2.51577083e-05)
( 6.12903537e-05,-2.55206523e-05)
( 6.20857409e-05,-2.58327183e-05)
( 6.27565365e-05,-2.60932338e-05)
( 6.33014200e-05,-2.63016279e-05)
( 6.37193195e-05,-2.64574330e-05)
( 6.40094142e-05,-2.65602856e-05)
( 6.41711354e-05,-2.66099269e-05)
( 6.42041681e-05,-2.66062036e-05)
( 6.41084517e-05,-2.65490683e-05)
( 6.38841797e-05,-2.64385795e-05)
( 6.35317999e-05,-2.62749016e-05)
( 6.30520129e-05,-2.60583049e-05)
( 6.24457712e-05,-2.57891647e-05)
( 6.17142773e-05,-2.54679609e-05)
( 6.08589809e-05,-2.50952770e-05)
( 5.98815768e-05,-2.46717992e-05)
( 5.87840008e-05,-2.41983148e-05)
( 5.75684264e-05,-2.36757107e-05)
( 5.62372604e-05,-2.31049722e-05)
( 5.47931380e-05,-2.24871804e-05)
( 5.32389178e-05,-2.18235105e-05)
( 5.15776761e-05,-2.11152296e-05)
( 4.98127010e-05,-2.03636938e-05)
( 4.79474855e-05,-1.95703461e-05)
( 4.59857211e-05,-1.87367131e-05)
( 4.39312903e-05,-1.78644023e-05)
( 4.17882589e-05,-1.69550987e-05)
( 3.95608681e-05,-1.60105619e-05)
( 3.72535261e-05,-1.50326219e-05)
( 3.48707993e-05,-1.40231765e-05)
( 3.24174036e-05,-1.29841867e-05)
( 2.98981946e-05,-1.19176730e-05)
( 2.73181585e-05,-1.08257120e-05)
( 2.46824021e-05,-9.71043131e-06)
( 2.19961426e-05,-8.57400626e-06)
( 1.92646975e-05,-7.41865500e-06)
( 1.64934740e-05,-6.24663436e-06)
( 1.36879581e-05,-5.06023530e-06)
( 1.08537044e-05,-3.86177838e-06)
( 7.99632437e-06,-2.65360914e-06)
( 5.12147594e-06,-1.43809349e-06)
( 2.23485186e-06,-2.17612945e-07)
(-6.57831332e-07, 1.00544005e-06)
(-3.55084463e-06, 2.22866693e-06)
(-6.43845790e-06, 3.44966771e-06)
(-9.31495118e-06, 4.66604583e-06)
(-1.21746260e-05, 5.87541288e-06)
(-1.50118166e-05, 7.07539336e-06)
(-1.78209011e-05, 8.26362942e-06)
(-2.05963128e-05, 9.43778554e-06)
(-2.33325510e-05, 1.05955532e-05)
(-2.60241917e-05, 1.17346554e-05)
(-2.86658990e-05, 1.28528514e-05)
(-3.12524346e-05, 1.39479409e-05)
(-3.37786692e-05, 1.50177686e-05)
(-3.62395921e-05, 1.60602285e-05)
(-3.86303209e-05, 1.70732682e-05)
(-4.09461117e-05, 1.80548924e-05)
(-4.31823683e-05, 1.90031679e-05)
(-4.53346510e-05, 1.99162264e-05)
(-4.73986857e-05, 2.07922691e-05)
(-4.93703723e-05, 2.16295695e-05)
(-5.12457926e-05, 2.24264777e-05)
(-5.30212183e-05, 2.31814227e-05)
(-5.46931184e-05, 2.38929166e-05)
(-5.62581660e-05, 2.45595565e-05)
(-5.77132449e-05, 2.51800282e-05)
(-5.90554559e-05, 2.57531083e-05)
(-6.02821225e-05, 2.62776668e-05)
(-6.13907960e-05, 2.67526694e-05)
(-6.23792608e-05, 2.71771793e-05)
(-6.32455381e-05, 2.75503596e-05)
(-6.39878907e-05, 2.78714742e-05)
(-6.46048256e-05, 2.81398902e-05)
(-6.50950975e-05, 2.83550783e-05)
(-6.54577109e-05, 2.85166144e-05)
(-6.56919225e-05, 2.86241802e-05)
(-6.57972423e-05, 2.86775639e-05)
(-6.57734345e-05, 2.86766607e-05)
(-6.56205187e-05, 2.86214730e-05)
(-6.53387688e-05, 2.85121102e-05)
(-6.49287133e-05, 2.83487887e-05)
(-6.43911338e-05, 2.81318314e-05)
(-6.37270637e-05, 2.78616670e-05)
(-6.29377860e-05, 2.75388293e-05)
(-6.20248310e-05, 2.71639561e-05)
(-6.09899727e-05, 2.67377878e-05)
(-5.98352262e-05, 2.62611659e-05)
(-5.85628428e-05, 2.57350317e-05)
(-5.71753061e-05, 2.51604240e-05)
(-5.56753269e-05, 2.45384774e-05)
(-5.40658379e-05, 2.38704196e-05)
(-5.23499878e-05, 2.31575695e-05)
(-5.05311351e-05, 2.24013341e-05)
(-4.86128416e-05, 2.16032062e-05)
(-4.65988650e-05, 2.07647609e-05)
(-4.44931520e-05, 1.98876529e-05)
(-4.22998300e-05, 1.89736129e-05)
(-4.00231989e-05, 1.80244446e-05)
(-3.76677232e-05, 1.70420207e-05)
(-3.52380224e-05, 1.60282792e-05)
(-3.27388623e-05, 1.49852201e-05)
(-3.01751457e-05, 1.39149008e-05)
(-2.75519022e-05, 1.28194322e-05)
(-2.48742785e-05, 1.17009748e-05)
(-2.21475284e-05, 1.05617341e-05)
(-1.93770021e-05, 9.40395651e-06)
(-1.65681359e-05, 8.22992452e-06)
(-1.37264409e-05, 7.04195262e-06)
(-1.08574929e-05, 5.84238244e-06)
(-7.96692071e-06, 4.63357825e-06)
(-5.06039529e-06, 3.41792221e-06)
(-2.14361846e-06, 2.19780974e-06)
( 7.77688320e-07, 9.75644689e-07)
( 3.69779536e-06,-2.46165298e-07)
( 6.61097599e-06,-1.46521363e-06)
( 9.51151792e-06,-2.67909946e-06)
( 1.23937346e-05,-3.88543246e-06)
( 1.52519762e-05,-5.08183752e-06)
( 1.80806413e-05,-6.26595945e-06)
( 2.08741873e-05,-7.43546759e-06)
( 2.36271420e-05,-8.58806045e-06)
( 2.63341139e-05,-9.72147023e-06)
( 2.89898032e-05,-1.08334673e-05)
( 3.15890122e-05,-1.19218645e-05)
( 3.41266554e-05,-1.29845216e-05)
( 3.65977697e-05,-1.40193495e-05)
( 3.89975241e-05,-1.50243142e-05)
( 4.13212294e-05,-1.59974410e-05)
( 4.35643473e-05,-1.69368182e-05)
( 4.57224991e-05,-1.78406009e-05)
( 4.77914751e-05,-1.87070150e-05)
( 4.97672421e-05,-1.95343599e-05)
( 5.16459517e-05,-2.03210127e-05)
( 5.34239478e-05,-2.10654309e-05)
( 5.50977740e-05,-2.17661556e-05)
( 5.66641799e-05,-2.24218142e-05)
( 5.81201281e-05,-2.30311234e-05)
( 5.94627997e-05,-2.35928914e-05)
( 6.06896001e-05,-2.41060205e-05)
( 6.17981639e-05,-2.45695093e-05)
( 6.27863597e-05,-2.49824542e-05)
( 6.36522939e-05,-2.53440518e-05)
( 6.43943150e-05,-2.56536002e-05)
( 6.50110162e-05,-2.59105002e-05)
( 6.55012387e-05,-2.61142568e-05)
( 6.58640732e-05,-2.62644801e-05)
( 6.60988624e-05,-2.63608860e-05)
( 6.62052017e-05,-2.64032967e-05)
( 6.61829402e-05,-2.63916413e-05)
( 6.60321810e-05,-2.63259558e-05)
( 6.57532804e-05,-2.62063830e-05)
( 6.53468480e-05,-2.60331723e-05)
( 6.48137445e-05,-2.58066792e-05)
( 6.41550807e-05,-2.55273647e-05)
( 6.33722148e-05,-2.51957943e-05)
( 6.24667495e-05,-2.48126369e-05)
( 6.14405294e-05,-2.43786637e-05)
( 6.02956367e-05,-2.38947464e-05)
( 5.90343871e-05,-2.33618558e-05)
( 5.76593254e-05,-2.27810598e-05)
( 5.61732202e-05,-2.21535212e-05)
( 5.45790584e-05,-2.14804957e-05)
( 5.28800392e-05,-2.07633293e-05)
( 5.10795676e-05,-2.00034556e-05)
( 4.91812481e-05,-1.92023932e-05)
( 4.71888768e-05,-1.83617429e-05)
( 4.51064342e-05,-1.74831838e-05)
( 4.29380774e-05,-1.65684712e-05)
( 4.06881316e-05,-1.56194323e-05)
( 3.83610813e-05,-1.46379628e-05)
( 3.59615620e-05,-1.36260236e-05)
( 3.34943504e-05,-1.25856365e-05)
( 3.09643551e-05,-1.15188807e-05)
( 2.83766068e-05,-1.04278883e-05)
( 2.57362486e-05,-9.31484067e-06)
( 2.30485251e-05,-8.18196359e-06)
( 2.03187729e-05,-7.03152342e-06)
( 1.75524094e-05,-5.86582247e-06)
( 1.47549219e-05,-4.68719450e-06)
( 1.19318575e-05,-3.49800025e-06)
( 9.08881137e-06,-2.30062275e-06)
( 6.23141588e-06,-1.09746270e-06)
( 3.36532960e-06, 1.09066179e-07)
( 4.96225963e-07, 1.31654192e-06)
(-2.37021796e-06, 2.52253902e-06)
(-5.22833267e-06, 3.72463316e-06)
(-8.07246745e-06, 4.92040598e-06)
(-1.08970015e-05, 6.10744981e-06)
(-1.36963552e-05, 7.28337236e-06)
(-1.64650009e-05, 8.44580142e-06)
(-1.91974740e-05, 9.59238953e-06)
(-2.18883837e-05, 1.07208186e-05)
(-2.45324236e-05, 1.18288043e-05)
(-2.71243822e-05, 1.29141008e-05)
(-2.96591533e-05, 1.39745050e-05)
(-3.21317458e-05, 1.50078611e-05)
(-3.45372936e-05, 1.60120645e-05)
(-3.68710654e-05, 1.69850662e-05)
(-3.91284739e-05, 1.79248767e-05)
(-4.13050845e-05, 1.88295702e-05)
(-4.33966247e-05, 1.96972880e-05)
(-4.53989917e-05, 2.05262427e-05)
(-4.73082612e-05, 2.13147211e-05)
(-4.91206946e-05, 2.20610884e-05)
(-5.08327464e-05, 2.27637907e-05)
(-5.24410713e-05, 2.34213586e-05)
(-5.39425308e-05, 2.40324100e-05)
(-5.53341990e-05, 2.45956528e-05)
(-5.66133688e-05, 2.51098877e-05)
(-5.77775567e-05, 2.55740104e-05)
(-5.88245078e-05, 2.59870139e-05)
(-5.97522005e-05, 2.63479909e-05)
(-6.05588500e-05, 2.66561351e-05)
(-6.12429119e-05, 2.69107433e-05)
(-6.18030851e-05, 2.71112167e-05)
(-6.22383147e-05, 2.72570624e-05)
(-6.25477933e-05, 2.73478939e-05)
(-6.27309633e-05, 2.73834328e-05)
(-6.27875172e-05, 2.73635087e-05)
(-6.27173986e-05, 2.72880603e-05)
(-6.25208023e-05, 2.71571349e-05)
(-6.21981733e-05, 2.69708894e-05)
(-6.17502065e-05, 2.67295889e-05)
(-6.11778447e-05, 2.64336076e-05)
(-6.04822771e-05, 2.60834272e-05)
(-5.96649367e-05, 2.56796365e-05)
(-5.87274973e-05, 2.52229305e-05)
(-5.76718702e-05, 2.47141088e-05)
(-5.65002006e-05, 2.41540746e-05)
(-5.52148628e-05, 2.35438326e-05)
(-5.38184560e-05, 2.28844875e-05)
(-5.23137986e-05, 2.21772419e-05)
(-5.07039231e-05, 2.14233942e-05)
(-4.89920695e-05, 2.06243357e-05)
(-4.71816792e-05, 1.97815485e-05)
(-4.52763883e-05, 1.88966027e-05)
(-4.32800199e-05, 1.79711532e-05)
(-4.11965768e-05, 1.70069367e-05)
(-3.90302337e-05, 1.60057684e-05)
(-3.67853285e-05, 1.49695386e-05)
(-3.44663541e-05, 1.39002092e-05)
(-3.20779493e-05, 1.27998097e-05)
(-2.96248896e-05, 1.16704337e-05)
(-2.71120779e-05, 1.05142344e-05)
(-2.45445346e-05, 9.33342099e-06)
(-2.19273878e-05, 8.13025426e-06)
(-1.92658630e-05, 6.90704208e-06)
(-1.65652732e-05, 5.66613512e-06)
(-1.38310079e-05, 4.40992229e-06)
(-1.10685225e-05, 3.14082615e-06)
(-8.28332804e-06, 1.86129818e-06)
(-5.48097962e-06, 5.73814111e-07)
(-2.66706597e-06,-7.19130950e-07)
( 1.52801842e-07,-2.01502731e-06)
( 2.97300140e-06,-3.31135560e-06)
( 5.78791002e-06,-4.60559164e-06)
( 8.59191590e-06,-5.89521142e-06)
( 1.13794291e-05,-7.17769594e-06)
( 1.41448926e-05,-8.45053624e-06)
( 1.68827932e-05,-9.71123822e-06)
( 1.95876726e-05,-1.09573276e-05)
( 2.22541377e-05,-1.21863547e-05)
( 2.48768718e-05,-1.33958994e-05)
( 2.74506446e-05,-1.45835758e-05)
( 2.99703227e-05,-1.57470368e-05)
( 3.24308797e-05,-1.68839792e-05)
( 3.48274059e-05,-1.79921476e-05)
( 3.71551184e-05,-1.90693394e-05)
( 3.94093700e-05,-2.01134091e-05)
( 4.15856587e-05,-2.11222724e-05)
( 4.36796364e-05,-2.20939104e-05)
( 4.56871176e-05,-2.30263737e-05)
( 4.76040872e-05,-2.39177864e-05)
( 4.94267092e-05,-2.47663497e-05)
( 5.11513332e-05,-2.55703456e-05)
( 5.27745026e-05,-2.63281404e-05)
( 5.42929607e-05,-2.70381880e-05)
( 5.57036573e-05,-2.76990331e-05)
( 5.70037549e-05,-2.83093138e-05)
( 5.81906340e-05,-2.88677652e-05)
( 5.92618983e-05,-2.93732213e-05)
( 6.02153796e-05,-2.98246175e-05)
( 6.10491418e-05,-3.02209932e-05)
( 6.17614849e-05,-3.05614936e-05)
( 6.23509483e-05,-3.08453714e-05)
( 6.28163135e-05,-3.10719886e-05)
( 6.31566070e-05,-3.12408178e-05)
( 6.33711014e-05,-3.13514436e-05)
( 6.34593177e-05,-3.14035631e-05)
( 6.34210256e-05,-3.13969872e-05)
( 6.32562442e-05,-3.13316408e-05)
( 6.29652421e-05,-3.12075631e-05)
( 6.25485368e-05,-3.10249078e-05)
( 6.20068934e-05,-3.07839428e-05)
( 6.13413235e-05,-3.04850500e-05)
( 6.05530830e-05,-3.01287248e-05)
( 5.96436699e-05,-2.97155747e-05)
( 5.86148210e-05,-2.92463189e-05)
( 5.74685086e-05,-2.87217868e-05)
( 5.62069370e-05,-2.81429165e-05)
( 5.48325376e-05,-2.75107529e-05)
( 5.33479646e-05,-2.68264461e-05)
( 5.17560896e-05,-2.60912493e-05)
( 5.00599961e-05,-2.53065160e-05)
( 4.82629732e-05,-2.44736980e-05)
( 4.63685094e-05,-2.35943424e-05)
( 4.43802857e-05,-2.26700886e-05)
( 4.23021685e-05,-2.17026653e-05)
( 4.01382017e-05,-2.06938874e-05)
( 3.78925990e-05,-1.96456521e-05)
( 3.55697358e-05,-1.85599357e-05)
( 3.31741402e-05,-1.74387892e-05)
( 3.07104846e-05,-1.62843353e-05)
( 2.81835760e-05,-1.50987632e-05)
( 2.55983473e-05,-1.38843253e-05)
( 2.29598468e-05,-1.26433321e-05)
( 2.02732289e-05,-1.13781483e-05)
( 1.75437440e-05,-1.00911877e-05)
( 1.47767275e-05,-8.78490892e-06)
( 1.19775905e-05,-7.46181025e-06)
( 9.15180796e-06,-6.12442497e-06)
( 6.30490888e-06,-4.77531630e-06)
( 3.44246501e-06,-3.41707243e-06)
( 5.70080036e-07,-2.05230134e-06)
(-2.30662142e-06,-6.83625764e-07)
(-5.18200485e-06, 6.86322027e-07)
(-8.05043688e-06, 2.05490541e-06)
(-1.09062964e-05, 3.41948863e-06)
(-1.37439854e-05, 4.77744197e-06)
(-1.65579403e-05, 6.12614702e-06)
(-1.93426426e-05, 7.46300181e-06)
(-2.20926297e-05, 8.78542601e-06)
(-2.48025058e-05, 1.00908660e-05)
(-2.74669523e-05, 1.13768001e-05)
(-3.00807386e-05, 1.26407434e-05)
(-3.26387318e-05, 1.38802528e-05)
(-3.51359073e-05, 1.50929318e-05)
(-3.75673586e-05, 1.62764356e-05)
(-3.99283064e-05, 1.74284753e-05)
(-4.22141089e-05, 1.85468229e-05)
(-4.44202702e-05, 1.96293155e-05)
(-4.65424493e-05, 2.06738598e-05)
(-4.85764689e-05, 2.16784362e-05)
(-5.05183235e-05, 2.26411031e-05)
(-5.23641868e-05, 2.35600002e-05)
(-5.41104202e-05, 2.44333530e-05)
(-5.57535790e-05, 2.52594761e-05)
(-5.72904197e-05, 2.60367762e-05)
(-5.87179064e-05, 2.67637559e-05)
(-6.00332166e-05, 2.74390166e-05)
(-6.12337467e-05, 2.80612610e-05)
(-6.23171174e-05, 2.86292963e-05)
(-6.32811782e-05, 2.91420360e-05)
(-6.41240118e-05, 2.95985026e-05)
(-6.48439377e-05, 2.99978296e-05)
(-6.54395156e-05, 3.03392628e-05)
(-6.59095484e-05, 3.06221624e-05)
(-6.62530842e-05, 3.08460042e-05)
(-6.64694188e-05, 3.10103804e-05)
(-6.65580964e-05, 3.11150008e-05)
(-6.65189111e-05, 3.11596934e-05)
(-6.63519069e-05, 3.11444046e-05)
(-6.60573781e-05, 3.10691995e-05)
(-6.56358683e-05, 3.09342618e-05)
(-6.50881694e-05, 3.07398935e-05)
(-6.44153206e-05, 3.04865143e-05)
(-6.36186056e-05, 3.01746607e-05)
(-6.26995507e-05, 2.98049854e-05)
(-6.16599214e-05, 2.93782553e-05)
(-6.05017195e-05, 2.88953508e-05)
(-5.92271785e-05, 2.83572636e-05)
(-5.78387597e-05, 2.77650947e-05)
(-5.63391473e-05, 2.71200525e-05)
(-5.47312429e-05, 2.64234505e-05)
(-5.30181603e-05, 2.56767041e-05)
(-5.12032188e-05, 2.48813286e-05)
(-4.92899371e-05, 2.40389355e-05)
(-4.72820264e-05, 2.31512297e-05)
(-4.51833828e-05, 2.22200061e-05)
(-4.29980799e-05, 2.12471456e-05)
(-4.07303607e-05, 2.02346121e-05)
(-3.83846296e-05, 1.91844478e-05)
(-3.59654429e-05, 1.80987697e-05)
(-3.34775010e-05, 1.69797651e-05)
(-3.09256382e-05, 1.58296870e-05)
(-2.83148135e-05, 1.46508503e-05)
(-2.56501012e-05, 1.34456265e-05)
(-2.29366805e-05, 1.22164391e-05)
(-2.01798252e-05, 1.09657591e-05)
(-1.73848940e-05, 9.69609954e-06)
(-1.45573192e-05, 8.41001083e-06)
(-1.17025965e-05, 7.11007546e-06)
(-8.82627400e-06, 5.79890289e-06)
(-5.93394121e-06, 4.47912430e-06)
(-3.03121825e-06, 3.15338731e-06)
(-1.23744689e-07, 1.82435064e-06)
( 2.78283160e-06, 4.94678820e-07)
( 5.68286548e-06,-8.32963185e-07)
( 8.57072569e-06,-2.15591533e-06)
( 1.14408060e-05,-3.47152783e-06)
( 1.42875360e-05,-4.77716647e-06)
( 1.71053924e-05,-6.07021791e-06)
( 1.98889098e-05,-7.34809492e-06)
( 2.26326912e-05,-8.60824161e-06)
( 2.53314189e-05,-9.84813851e-06)
( 2.79798648e-05,-1.10653077e-05)
( 3.05729010e-05,-1.22573177e-05)
( 3.31055094e-05,-1.34217885e-05)
( 3.55727919e-05,-1.45563962e-05)
( 3.79699800e-05,-1.56588777e-05)
( 4.02924440e-05,-1.67270352e-05)
( 4.25357025e-05,-1.77587410e-05)
( 4.46954307e-05,-1.87519411e-05)
( 4.67674692e-05,-1.97046598e-05)
( 4.87478322e-05,-2.06150038e-05)
( 5.06327152e-05,-2.14811655e-05)
( 5.24185024e-05,-2.23014269e-05)
( 5.41017740e-05,-2.30741632e-05)
( 5.56793129e-05,-2.37978457e-05)
( 5.71481106e-05,-2.44710452e-05)
( 5.85053737e-05,-2.50924347e-05)
( 5.97485288e-05,-2.56607921e-05)
( 6.08752280e-05,-2.61750027e-05)
( 6.18833531e-05,-2.66340613e-05)
( 6.27710198e-05,-2.70370744e-05)
( 6.35365816e-05,-2.73832616e-05)
( 6.41786326e-05,-2.76719579e-05)
( 6.46960106e-05,-2.79026143e-05)
( 6.50877989e-05,-2.80747991e-05)
( 6.53533286e-05,-2.81881990e-05)
( 6.54921791e-05,-2.82426195e-05)
( 6.55041795e-05,-2.82379853e-05)
( 6.53894086e-05,-2.81743407e-05)
( 6.51481944e-05,-2.80518489e-05)
( 6.47811140e-05,-2.78707924e-05)
( 6.42889917e-05,-2.76315720e-05)
( 6.36728977e-05,-2.73347059e-05)
( 6.29341457e-05,-2.69808292e-05)
( 6.20742901e-05,-2.65706918e-05)
( 6.10951234e-05,-2.61051576e-05)
( 5.99986716e-05,-2.55852026e-05)
( 5.87871911e-05,-2.50119126e-05)
( 5.74631634e-05,-2.43864813e-05)
( 5.60292904e-05,-2.37102081e-05)
( 5.44884889e-05,-2.29844950e-05)
( 5.28438848e-05,-2.22108441e-05)
( 5.10988066e-05,-2.13908547e-05)
( 4.92567790e-05,-2.05262196e-05)
( 4.73215155e-05,-1.96187223e-05)
( 4.52969114e-05,-1.86702330e-05)
( 4.31870355e-05,-1.76827052e-05)
( 4.09961221e-05,-1.66581713e-05)
( 3.87285627e-05,-1.55987391e-05)
( 3.63888971e-05,-1.45065872e-05)
( 3.39818043e-05,-1.33839606e-05)
( 3.15120931e-05,-1.22331667e-05)
( 2.89846926e-05,-1.10565699e-05)
( 2.64046423e-05,-9.85658767e-06)
( 2.37770818e-05,-8.63568513e-06)
( 2.11072412e-05,-7.39637041e-06)
( 1.84004299e-05,-6.14118958e-06)
( 1.56620265e-05,-4.87272150e-06)
( 1.28974680e-05,-3.59357274e-06)
( 1.01122387e-05,-2.30637232e-06)
( 7.31185959e-06,-1.01376647e-06)
( 4.50187731e-06, 2.81586642e-07)
( 1.68785297e-06, 1.57702226e-06)
(-1.12464879e-06, 2.86987432e-06)
(-3.93007092e-06, 4.15748082e-06)
(-6.72287496e-06, 5.43718911e-06)
(-9.49755206e-06, 6.70636120e-06)
(-1.22486339e-05, 7.96237904e-06)
(-1.49707036e-05, 9.20264975e-06)
(-1.76584064e-05, 1.04246108e-05)
(-2.03064602e-05, 1.16257352e-05)
(-2.29096663e-05, 1.28035364e-05)
(-2.54629191e-05, 1.39555733e-05)
(-2.79612170e-05, 1.50794554e-05)
(-3.03996718e-05, 1.61728472e-05)
(-3.27735181e-05, 1.72334732e-05)
(-3.50781235e-05, 1.82591221e-05)
(-3.73089968e-05, 1.92476516e-05)
(-3.94617977e-05, 2.01969927e-05)
(-4.15323446e-05, 2.11051532e-05)
(-4.35166233e-05, 2.19702228e-05)
(-4.54107949e-05, 2.27903760e-05)
(-4.72112029e-05, 2.35638762e-05)
(-4.89143807e-05, 2.42890791e-05)
(-5.05170583e-05, 2.49644361e-05)
(-5.20161685e-05, 2.55884974e-05)
(-5.34088534e-05, 2.61599149e-05)
(-5.46924691e-05, 2.66774449e-05)
(-5.58645916e-05, 2.71399508e-05)
(-5.69230211e-05, 2.75464054e-05)
(-5.78657860e-05, 2.78958928e-05)
(-5.86911474e-05, 2.81876106e-05)
(-5.93976014e-05, 2.84208713e-05)
(-5.99838829e-05, 2.85951040e-05)
(-6.04489673e-05, 2.87098554e-05)
(-6.07920725e-05, 2.87647909e-05)
(-6.10126604e-05, 2.87596955e-05)
(-6.11104377e-05, 2.86944741e-05)
(-6.10853564e-05, 2.85691519e-05)
(-6.09376137e-05, 2.83838743e-05)
(-6.06676511e-05, 2.81389070e-05)
(-6.02761539e-05, 2.78346356e-05)
(-5.97640491e-05, 2.74715645e-05)
(-5.91325037e-05, 2.70503167e-05)
(-5.83829221e-05, 2.65716319e-05)
(-5.75169433e-05, 2.60363659e-05)
(-5.65364370e-05, 2.54454886e-05)
(-5.54435000e-05, 2.48000824e-05)
(-5.42404520e-05, 2.41013400e-05)
(-5.29298305e-05, 2.33505626e-05)
(-5.15143856e-05, 2.25491567e-05)
(-4.99970746e-05, 2.16986323e-05)
(-4.83810557e-05, 2.08005995e-05)
(-4.66696816e-05, 1.98567657e-05)
(-4.48664927e-05, 1.88689321e-05)
(-4.29752098e-05, 1.78389908e-05)
(-4.09997268e-05, 1.67689206e-05)
(-3.89441025e-05, 1.56607835e-05)
(-3.68125524e-05, 1.45167208e-05)
(-3.46094405e-05, 1.33389491e-05)
(-3.23392700e-05, 1.21297556e-05)
(-3.00066746e-05, 1.08914943e-05)
(-2.76164089e-05, 9.62658108e-06)
(-2.51733391e-05, 8.33748914e-06)
(-2.26824328e-05, 7.02674433e-06)
(-2.01487495e-05, 5.69692019e-06)
(-1.75774299e-05, 4.35063302e-06)
(-1.49736862e-05, 2.99053682e-06)
(-1.23427909e-05, 1.61931814e-06)
(-9.69006712e-06, 2.39690889e-07)
(-7.02087715e-06,-1.14560893e-06)
(-4.34061216e-06,-2.53382855e-06)
(-1.65468130e-06,-3.92220375e-06)
( 1.03149907e-06,-5.30796430e-06)
( 3.71251624e-06,-6.68833931e-06)
( 6.38297187e-06,-8.06056265e-06)
( 9.03749284e-06,-9.42187837e-06)
( 1.16707418e-05,-1.07695461e-05)
( 1.42774281e-05,-1.21008464e-05)
( 1.68523178e-05,-1.34130861e-05)
( 1.93902446e-05,-1.47036037e-05)
( 2.18861197e-05,-1.59697743e-05)
( 2.43349422e-05,-1.72090153e-05)
( 2.67318086e-05,-1.84187911e-05)
( 2.90719232e-05,-1.95966182e-05)
( 3.13506068e-05,-2.07400701e-05)
( 3.35633064e-05,-2.18467824e-05)
( 3.57056041e-05,-2.29144573e-05)
( 3.77732258e-05,-2.39408681e-05)
( 3.97620498e-05,-2.49238638e-05)
( 4.16681146e-05,-2.58613737e-05)
( 4.34876269e-05,-2.67514111e-05)
( 4.52169689e-05,-2.75920774e-05)
( 4.68527056e-05,-2.83815666e-05)
( 4.83915916e-05,-2.91181680e-05)
( 4.98305769e-05,-2.98002705e-05)
( 5.11668135e-05,-3.04263657e-05)
( 5.23976608e-05,-3.09950510e-05)
( 5.35206903e-05,-3.15050324e-05)
( 5.45336908e-05,-3.19551277e-05)
( 5.54346726e-05,-3.23442684e-05)
( 5.62218711e-05,-3.26715027e-05)
( 5.68937506e-05,-3.29359970e-05)
( 5.74490067e-05,-3.31370383e-05)
( 5.78865691e-05,-3.32740352e-05)
( 5.82056038e-05,-3.33465201e-05)
( 5.84055140e-05,-3.33541498e-05)
( 5.84859419e-05,-3.32967065e-05)
( 5.84467687e-05,-3.31740990e-05)
( 5.82881152e-05,-3.29863624e-05)
( 5.80103411e-05,-3.27336590e-05)
( 5.76140442e-05,-3.24162779e-05)
( 5.71000594e-05,-3.20346346e-05)
( 5.64694565e-05,-3.15892712e-05)
( 5.57235382e-05,-3.10808547e-05)
( 5.48638377e-05,-3.05101768e-05)
( 5.38921149e-05,-2.98781520e-05)
( 5.28103533e-05,-2.91858166e-05)
( 5.16207559e-05,-2.84343269e-05)
( 5.03257406e-05,-2.76249569e-05)
( 4.89279354e-05,-2.67590967e-05)
( 4.74301731e-05,-2.58382496e-05)
( 4.58354855e-05,-2.48640295e-05)
( 4.41470977e-05,-2.38381584e-05)
( 4.23684210e-05,-2.27624628e-05)
( 4.05030466e-05,-2.16388710e-05)
( 3.85547381e-05,-2.04694092e-05)
( 3.65274243e-05,-1.92561979e-05)
( 3.44251910e-05,-1.80014480e-05)
( 3.22522730e-05,-1.67074571e-05)
( 3.00130458e-05,-1.53766045e-05)
( 2.77120168e-05,-1.40113477e-05)
( 2.53538161e-05,-1.26142172e-05)
( 2.29431876e-05,-1.11878119e-05)
( 2.04849795e-05,-9.73479438e-06)
( 1.79841346e-05,-8.25788592e-06)
( 1.54456806e-05,-6.75986119e-06)
( 1.28747198e-05,-5.24354313e-06)
( 1.02764195e-05,-3.71179758e-06)
( 7.65600144e-06,-2.16752787e-06)
( 5.01873134e-06,-6.13669207e-07)
( 2.36990877e-06, 9.46816842e-07)
(-2.85143541e-07, 2.51094807e-06)
(-2.94109017e-06, 4.07572736e-06)
(-5.59259359e-06, 5.63814841e-06)
(-8.23432472e-06, 7.19520159e-06)
(-1.08609735e-05, 8.74387973e-06)
(-1.34672592e-05, 1.02811840e-05)
(-1.60479413e-05, 1.18041296e-05)
(-1.85978293e-05, 1.33097517e-05)
(-2.11117934e-05, 1.47951115e-05)
(-2.35847745e-05, 1.62573013e-05)
(-2.60117940e-05, 1.76934510e-05)
(-2.83879642e-05, 1.91007330e-05)
(-3.07084971e-05, 2.04763686e-05)
(-3.29687148e-05, 2.18176328e-05)
(-3.51640580e-05, 2.31218601e-05)
(-3.72900954e-05, 2.43864497e-05)
(-3.93425324e-05, 2.56088708e-05)
(-4.13172196e-05, 2.67866676e-05)
(-4.32101608e-05, 2.79174641e-05)
(-4.50175212e-05, 2.89989693e-05)
(-4.67356349e-05, 3.00289815e-05)
(-4.83610119e-05, 3.10053930e-05)
(-4.98903453e-05, 3.19261943e-05)
(-5.13205181e-05, 3.27894782e-05)
(-5.26486085e-05, 3.35934439e-05)
(-5.38718968e-05, 3.43364007e-05)
(-5.49878699e-05, 3.50167715e-05)
(-5.59942268e-05, 3.56330963e-05)
(-5.68888830e-05, 3.61840350e-05)
(-5.76699748e-05, 3.66683705e-05)
(-5.83358629e-05, 3.70850115e-05)
(-5.88851356e-05, 3.74329945e-05)
(-5.93166119e-05, 3.77114865e-05)
(-5.96293437e-05, 3.79197863e-05)
(-5.98226180e-05, 3.80573269e-05)
(-5.98959579e-05, 3.81236762e-05)
(-5.98491239e-05, 3.81185386e-05)
(-5.96821148e-05, 3.80417559e-05)
(-5.93951671e-05, 3.78933075e-05)
(-5.89887550e-05, 3.76733112e-05)
(-5.84635895e-05, 3.73820231e-05)
(-5.78206173e-05, 3.70198374e-05)
(-5.70610187e-05, 3.65872860e-05)
(-5.61862055e-05, 3.60850377e-05)
(-5.51978182e-05, 3.55138970e-05)
(-5.40977232e-05, 3.48748034e-05)
(-5.28880089e-05, 3.41688293e-05)
(-5.15709820e-05, 3.33971784e-05)
(-5.01491627e-05, 3.25611837e-05)
(-4.86252800e-05, 3.16623049e-05)
(-4.70022666e-05, 3.07021264e-05)
(-4.52832530e-05, 2.96823536e-05)
(-4.34715616e-05, 2.86048106e-05)
(-4.15707002e-05, 2.74714365e-05)
(-3.95843553e-05, 2.62842820e-05)
(-3.75163846e-05, 2.50455054e-05)
(-3.53708101e-05, 2.37573688e-05)
(-3.31518098e-05, 2.24222339e-05)
(-3.08637096e-05, 2.10425574e-05)
(-2.85109754e-05, 1.96208867e-05)
(-2.60982037e-05, 1.81598545e-05)
(-2.36301131e-05, 1.66621745e-05)
(-2.11115350e-05, 1.51306359e-05)
(-1.85474041e-05, 1.35680981e-05)
(-1.59427490e-05, 1.19774853e-05)
(-1.33026819e-05, 1.03617808e-05)
(-1.06323893e-05, 8.72402146e-06)
(-7.93712112e-06, 7.06729158e-06)
(-5.22218108e-06, 5.39471721e-06)
(-2.49291589e-06, 3.70945997e-06)
( 2.45295051e-07, 2.01471095e-06)
( 2.98705021e-06, 3.13684519e-07)
( 5.72693655e-06,-1.39038793e-06)
( 8.45954011e-06,-3.09426428e-06)
( 1.11794567e-05,-4.79469803e-06)
( 1.38813024e-05,-6.48844462e-06)
( 1.65597242e-05,-8.17226780e-06)
( 1.92094108e-05,-9.84294600e-06)
( 2.18251026e-05,-1.14972786e-05)
( 2.44016024e-05,-1.31320924e-05)
( 2.69337853e-05,-1.47442475e-05)
( 2.94166096e-05,-1.63306440e-05)
( 3.18451256e-05,-1.78882278e-05)
( 3.42144865e-05,-1.94139966e-05)
( 3.65199574e-05,-2.09050062e-05)
( 3.87569246e-05,-2.23583759e-05)
( 4.09209052e-05,-2.37712946e-05)
( 4.30075557e-05,-2.51410262e-05)
( 4.50126807e-05,-2.64649152e-05)
( 4.69322412e-05,-2.77403917e-05)
( 4.87623627e-05,-2.89649769e-05)
( 5.04993432e-05,-3.01362880e-05)
( 5.21396601e-05,-3.12520427e-05)
( 5.36799776e-05,-3.23100641e-05)
( 5.51171536e-05,-3.33082849e-05)
( 5.64482454e-05,-3.42447517e-05)
( 5.76705162e-05,-3.51176289e-05)
( 5.87814405e-05,-3.59252022e-05)
( 5.97787092e-05,-3.66658825e-05)
( 6.06602342e-05,-3.73382088e-05)
( 6.14241530e-05,-3.79408513e-05)
( 6.20688322e-05,-3.84726141e-05)
( 6.25928711e-05,-3.89324376e-05)
( 6.29951047e-05,-3.93194009e-05)
( 6.32746060e-05,-3.96327234e-05)
( 6.34306881e-05,-3.98717668e-05)
( 6.34629060e-05,-4.00360360e-05)
( 6.33710572e-05,-4.01251806e-05)
( 6.31551828e-05,-4.01389955e-05)
( 6.28155672e-05,-4.00774212e-05)
( 6.23527381e-05,-3.99405445e-05)
( 6.17674654e-05,-3.97285978e-05)
( 6.10607602e-05,-3.94419592e-05)
( 6.02338726e-05,-3.90811517e-05)
( 5.92882898e-05,-3.86468420e-05)
( 5.82257335e-05,-3.81398396e-05)
( 5.70481560e-05,-3.75610950e-05)
( 5.57577376e-05,-3.69116982e-05)
( 5.43568816e-05,-3.61928761e-05)
( 5.28482101e-05,-3.54059907e-05)
( 5.12345594e-05,-3.45525360e-05)
( 4.95189738e-05,-3.36341355e-05)
( 4.77047008e-05,-3.26525387e-05)
( 4.57951839e-05,-3.16096177e-05)
( 4.37940567e-05,-3.05073640e-05)
( 4.17051355e-05,-2.93478840e-05)
( 3.95324122e-05,-2.81333953e-05)
( 3.72800465e-05,-2.68662220e-05)
( 3.49523580e-05,-2.55487904e-05)
( 3.25538175e-05,-2.41836244e-05)
( 3.00890386e-05,-2.27733400e-05)
( 2.75627687e-05,-2.13206406e-05)
( 2.49798799e-05,-1.98283116e-05)
( 2.23453591e-05,-1.82992148e-05)
( 1.96642988e-05,-1.67362829e-05)
( 1.69418869e-05,-1.51425135e-05)
( 1.41833965e-05,-1.35209635e-05)
( 1.13941757e-05,-1.18747431e-05)
( 8.57963727e-06,-1.02070092e-05)
( 5.74524782e-06,-8.52095991e-06)
( 2.89651721e-06,-6.81982752e-06)
( 3.89877115e-08,-5.10687270e-06)
(-2.82177685e-06,-3.38537783e-06)
(-5.68020205e-06,-1.65864059e-06)
(-8.53071380e-06, 7.00324691e-08)
(-1.13677493e-05, 1.79733250e-06)
(-1.41857681e-05, 3.51995477e-06)
(-1.69792629e-05, 5.23460520e-06)
(-1.97427704e-05, 6.93800681e-06)
(-2.24708822e-05, 8.62690612e-06)
(-2.51582553e-05, 1.02980795e-05)
(-2.77996228e-05, 1.19483396e-05)
(-3.03898044e-05, 1.35745414e-05)
(-3.29237165e-05, 1.51735884e-05)
(-3.53963821e-05, 1.67424388e-05)
(-3.78029411e-05, 1.82781113e-05)
(-4.01386596e-05, 1.97776907e-05)
(-4.23989393e-05, 2.12383341e-05)
(-4.45793269e-05, 2.26572759e-05)
(-4.66755227e-05, 2.40318334e-05)
(-4.86833892e-05, 2.53594120e-05)
(-5.05989594e-05, 2.66375099e-05)
(-5.24184445e-05, 2.78637235e-05)
(-5.41382419e-05, 2.90357513e-05)
(-5.57549419e-05, 3.01513992e-05)
(-5.72653348e-05, 3.12085836e-05)
(-5.86664172e-05, 3.22053365e-05)
(-5.99553979e-05, 3.31398082e-05)
(-6.11297039e-05, 3.40102717e-05)
(-6.21869852e-05, 3.48151254e-05)
(-6.31251194e-05, 3.55528961e-05)
(-6.39422166e-05, 3.62222421e-05)
(-6.46366225e-05, 3.68219553e-05)
(-6.52069221e-05, 3.73509639e-05)
(-6.56519427e-05, 3.78083335e-05)
(-6.59707561e-05, 3.81932698e-05)
(-6.61626803e-05, 3.85051193e-05)
(-6.62272815e-05, 3.87433704e-05)
(-6.61643745e-05, 3.89076547e-05)
(-6.59740235e-05, 3.89977471e-05)
(-6.56565417e-05, 3.90135663e-05)
(-6.52124911e-05, 3.89551748e-05)
(-6.46426813e-05, 3.88227782e-05)
(-6.39481677e-05, 3.86167253e-05)
(-6.31302502e-05, 3.83375065e-05)
(-6.21904698e-05, 3.79857534e-05)
(-6.11306062e-05, 3.75622366e-05)
(-5.99526744e-05, 3.70678646e-05)
(-5.86589200e-05, 3.65036818e-05)
(-5.72518160e-05, 3.58708659e-05)
(-5.57340569e-05, 3.51707257e-05)
(-5.41085539e-05, 3.44046985e-05)
(-5.23784292e-05, 3.35743468e-05)
(-5.05470098e-05, 3.26813552e-05)
(-4.86178208e-05, 3.17275272e-05)
(-4.65945788e-05, 3.07147811e-05)
(-4.44811843e-05, 2.96451464e-05)
(-4.22817142e-05, 2.85207598e-05)
(-4.00004136e-05, 2.73438605e-05)
(-3.76416877e-05, 2.61167860e-05)
(-3.52100928e-05, 2.48419672e-05)
(-3.27103276e-05, 2.35219240e-05)
(-3.01472237e-05, 2.21592596e-05)
(-2.75257364e-05, 2.07566560e-05)
(-2.48509345e-05, 1.93168683e-05)
(-2.21279907e-05, 1.78427192e-05)
(-1.93621713e-05, 1.63370936e-05)
(-1.65588258e-05, 1.48029331e-05)
(-1.37233760e-05, 1.32432297e-05)
(-1.08613062e-05, 1.16610204e-05)
(-7.97815144e-06, 1.00593812e-05)
(-5.07948726e-06, 8.44142070e-06)
(-2.17091839e-06, 6.81027455e-06)
( 7.41932125e-07, 5.16909908e-06)
( 3.65343404e-06, 3.52106519e-06)
( 6.55796097e-06, 1.86935227e-06)
( 9.44990145e-06, 2.17142001e-07)
( 1.23236699e-05,-1.43238777e-06)
( 1.51737178e-05,-3.07606915e-06)
( 1.79945442e-05,-4.71075031e-06)
( 2.07807068e-05,-6.33330152e-06)
( 2.35268326e-05,-7.94062112e-06)
( 2.62276283e-05,-9.52964153e-06)
( 2.88778906e-05,-1.10973350e-05)
( 3.14725168e-05,-1.26407195e-05)
( 3.40065140e-05,-1.41568642e-05)
( 3.64750095e-05,-1.56428954e-05)
( 3.88732602e-05,-1.70960013e-05)
( 4.11966615e-05,-1.85134382e-05)
( 4.34407564e-05,-1.98925348e-05)
( 4.56012445e-05,-2.12306978e-05)
( 4.76739896e-05,-2.25254167e-05)
( 4.96550286e-05,-2.37742682e-05)
( 5.15405783e-05,-2.49749209e-05)
( 5.33270432e-05,-2.61251398e-05)
( 5.50110224e-05,-2.72227900e-05)
( 5.65893158e-05,-2.82658413e-05)
( 5.80589306e-05,-2.92523712e-05)
( 5.94170866e-05,-3.01805691e-05)
( 6.06612220e-05,-3.10487391e-05)
( 6.17889977e-05,-3.18553034e-05)
( 6.27983019e-05,-3.25988050e-05)
( 6.36872541e-05,-3.32779103e-05)
( 6.44542087e-05,-3.38914116e-05)
( 6.50977576e-05,-3.44382293e-05)
( 6.56167332e-05,-3.49174135e-05)
( 6.60102101e-05,-3.53281459e-05)
( 6.62775069e-05,-3.56697409e-05)
( 6.64181871e-05,-3.59416472e-05)
( 6.64320600e-05,-3.61434483e-05)
( 6.63191806e-05,-3.62748631e-05)
( 6.60798494e-05,-3.63357465e-05)
( 6.57146111e-05,-3.63260894e-05)
( 6.52242542e-05,-3.62460186e-05)
( 6.46098082e-05,-3.60957961e-05)
( 6.38725420e-05,-3.58758189e-05)
( 6.30139609e-05,-3.55866175e-05)
( 6.20358034e-05,-3.52288555e-05)
( 6.09400377e-05,-3.48033275e-05)
( 5.97288573e-05,-3.43109575e-05)
( 5.84046769e-05,-3.37527974e-05)
( 5.69701270e-05,-3.31300246e-05)
( 5.54280489e-05,-3.24439395e-05)
( 5.37814885e-05,-3.16959630e-05)
( 5.20336906e-05,-3.08876338e-05)
( 5.01880919e-05,-3.00206051e-05)
( 4.82483144e-05,-2.90966413e-05)
( 4.62181579e-05,-2.81176149e-05)
( 4.41015926e-05,-2.70855025e-05)
( 4.19027510e-05,-2.60023808e-05)
( 3.96259197e-05,-2.48704231e-05)
( 3.72755309e-05,-2.36918943e-05)
( 3.48561537e-05,-2.24691471e-05)
( 3.23724848e-05,-2.12046173e-05)
( 2.98293394e-05,-1.99008189e-05)
( 2.72316418e-05,-1.85603394e-05)
( 2.45844155e-05,-1.71858345e-05)
( 2.18927734e-05,-1.57800236e-05)
( 1.91619078e-05,-1.43456840e-05)
( 1.63970802e-05,-1.28856455e-05)
( 1.36036111e-05,-1.14027855e-05)
( 1.07868695e-05,-9.90002293e-06)
( 7.95226277e-06,-8.38031299e-06)
( 5.10522555e-06,-6.84664122e-06)
( 2.25120979e-06,-5.30201792e-06)
(-6.04326088e-07,-3.74947234e-06)
(-3.45592766e-06,-2.19204685e-06)
(-6.29815501e-06,-6.32791125e-07)
(-9.12559325e-06, 9.25243723e-07)
(-1.19328629e-05, 2.47901098e-06)
(-1.47146300e-05, 4.02547415e-06)
(-1.74656167e-05, 5.56161285e-06)
(-2.01806110e-05, 7.08442852e-06)
(-2.28544769e-05, 8.59095021e-06)
(-2.54821639e-05, 1.00782403e-05)
(-2.80587167e-05, 1.15434001e-05)
(-3.05792849e-05, 1.29835754e-05)
(-3.30391313e-05, 1.43959620e-05)
(-3.54336418e-05, 1.57778113e-05)
(-3.77583334e-05, 1.71264349e-05)
(-4.00088628e-05, 1.84392108e-05)
(-4.21810345e-05, 1.97135875e-05)
(-4.42708084e-05, 2.09470895e-05)
(-4.62743078e-05, 2.21373219e-05)
(-4.81878258e-05, 2.32819750e-05)
(-5.00078328e-05, 2.43788287e-05)
(-5.17309824e-05, 2.54257572e-05)
(-5.33541181e-05, 2.64207326e-05)
(-5.48742783e-05, 2.73618292e-05)
(-5.62887021e-05, 2.82472270e-05)
(-5.75948343e-05, 2.90752156e-05)
(-5.87903295e-05, 2.98441972e-05)
(-5.98730566e-05, 3.05526899e-05)
(-6.08411023e-05, 3.11993308e-05)
(-6.16927743e-05, 3.17828783e-05)
(-6.24266046e-05, 3.23022149e-05)
(-6.30413512e-05, 3.27563493e-05)
(-6.35360007e-05, 3.31444183e-05)
(-6.39097695e-05, 3.34656889e-05)
(-6.41621049e-05, 3.37195595e-05)
(-6.42926861e-05, 3.39055612e-05)
(-6.43014239e-05, 3.40233588e-05)
(-6.41884607e-05, 3.40727517e-05)
(-6.39541699e-05, 3.40536743e-05)
(-6.35991547e-05, 3.39661962e-05)
(-6.31242466e-05, 3.38105222e-05)
(-6.25305035e-05, 3.35869919e-05)
(-6.18192071e-05, 3.32960795e-05)
(-6.09918601e-05, 3.29383926e-05)
(-6.00501834e-05, 3.25146714e-05)
(-5.89961117e-05, 3.20257872e-05)
(-5.78317904e-05, 3.14727408e-05)
(-5.65595702e-05, 3.08566610e-05)
(-5.51820031e-05, 3.01788021e-05)
(-5.37018369e-05, 2.94405417e-05)
(-5.21220096e-05, 2.86433784e-05)
(-5.04456437e-05, 2.77889284e-05)
(-4.86760398e-05, 2.68789232e-05)
(-4.68166704e-05, 2.59152054e-05)
(-4.48711727e-05, 2.48997262e-05)
(-4.28433416e-05, 2.38345409e-05)
(-4.07371224e-05, 2.27218052e-05)
(-3.85566028e-05, 2.15637712e-05)
(-3.63060053e-05, 2.03627829e-05)
(-3.39896791e-05, 1.91212717e-05)
(-3.16120911e-05, 1.78417518e-05)
(-2.91778179e-05, 1.65268151e-05)
(-2.66915369e-05, 1.51791262e-05)
(-2.41580170e-05, 1.38014174e-05)
(-2.15821100e-05, 1.23964831e-05)
(-1.89687409e-05, 1.09671743e-05)
(-1.63228986e-05, 9.51639340e-06)
(-1.36496268e-05, 8.04708778e-06)
(-1.09540140e-05, 6.56224457e-06)
(-8.24118394e-06, 5.06488440e-06)
(-5.51628626e-06, 3.55805550e-06)
(-2.78448637e-06, 2.04482759e-06)
(-5.09559627e-08, 5.28285734e-07)
( 2.67913676e-06,-9.88475823e-07)
( 5.40063678e-06,-2.50235991e-06)
( 8.10841190e-06,-4.01027263e-06)
( 1.07973624e-05,-5.50912967e-06)
( 1.34624303e-05,-6.99586251e-06)
( 1.60986094e-05,-8.46742467e-06)
( 1.87009537e-05,-9.92079792e-06)
( 2.12645874e-05,-1.13529985e-05)
( 2.37847136e-05,-1.27610831e-05)
( 2.62566231e-05,-1.41421550e-05)
( 2.86757031e-05,-1.54933703e-05)
( 3.10374462e-05,-1.68119432e-05)
( 3.33374579e-05,-1.80951523e-05)
( 3.55714656e-05,-1.93403462e-05)
( 3.77353255e-05,-2.05449488e-05)
( 3.98250312e-05,-2.17064650e-05)
( 4.18367200e-05,-2.28224856e-05)
( 4.37666810e-05,-2.38906929e-05)
( 4.56113611e-05,-2.49088650e-05)
( 4.73673717e-05,-2.58748812e-05)
( 4.90314952e-05,-2.67867260e-05)
( 5.06006903e-05,-2.76424938e-05)
( 5.20720978e-05,-2.84403927e-05)
( 5.34430460e-05,-2.91787489e-05)
( 5.47110549e-05,-2.98560100e-05)
( 5.58738411e-05,-3.04707482e-05)
( 5.69293221e-05,-3.10216643e-05)
( 5.78756192e-05,-3.15075898e-05)
( 5.87110618e-05,-3.19274901e-05)
( 5.94341896e-05,-3.22804667e-05)
( 6.00437556e-05,-3.25657591e-05)
( 6.05387279e-05,-3.27827473e-05)
( 6.09182918e-05,-3.29309526e-05)
( 6.11818511e-05,-3.30100394e-05)
( 6.13290287e-05,-3.30198159e-05)
( 6.13596677e-05,-3.29602349e-05)
( 6.12738310e-05,-3.28313941e-05)
( 6.10718014e-05,-3.26335362e-05)
( 6.07540807e-05,-3.23670487e-05)
( 6.03213889e-05,-3.20324634e-05)
( 5.97746623e-05,-3.16304552e-05)
( 5.91150519e-05,-3.11618416e-05)
( 5.83439213e-05,-3.06275806e-05)
( 5.74628434e-05,-3.00287693e-05)
( 5.64735980e-05,-2.93666420e-05)
( 5.53781681e-05,-2.86425672e-05)
( 5.41787360e-05,-2.78580458e-05)
( 5.28776790e-05,-2.70147074e-05)
( 5.14775653e-05,-2.61143078e-05)
( 4.99811487e-05,-2.51587250e-05)
( 4.83913635e-05,-2.41499554e-05)
( 4.67113189e-05,-2.30901103e-05)
( 4.49442931e-05,-2.19814112e-05)
( 4.30937269e-05,-2.08261852e-05)
( 4.11632177e-05,-1.96268607e-05)
( 3.91565120e-05,-1.83859620e-05)
( 3.70774988e-05,-1.71061040e-05)
( 3.49302020e-05,-1.57899874e-05)
( 3.27187729e-05,-1.44403924e-05)
( 3.04474823e-05,-1.30601732e-05)
( 2.81207123e-05,-1.16522519e-05)
( 2.57429484e-05,-1.02196127e-05)
( 2.33187704e-05,-8.76529517e-06)
( 2.08528445e-05,-7.29238798e-06)
( 1.83499136e-05,-5.80402245e-06)
( 1.58147891e-05,-4.30336580e-06)
( 1.32523415e-05,-2.79361441e-06)
( 1.06674908e-05,-1.27798699e-06)
( 8.06519774e-06, 2.40282305e-07)
( 5.45045423e-06, 1.75795086e-06)
( 2.82827369e-06, 3.27177453e-06)
( 2.03681677e-07, 4.77851467e-06)
(-2.41829365e-06, 6.27494517e-06)
(-5.03263116e-06, 7.75785938e-06)
(-7.63432623e-06, 9.22407714e-06)
(-1.02184003e-05, 1.06704517e-05)
(-1.27799105e-05, 1.20938765e-05)
(-1.53139587e-05, 1.34912921e-05)
(-1.78157014e-05, 1.48596928e-05)
(-2.02803584e-05, 1.61961332e-05)
(-2.27032226e-05, 1.74977350e-05)
(-2.50796683e-05, 1.87616927e-05)
(-2.74051607e-05, 1.99852806e-05)
(-2.96752642e-05, 2.11658580e-05)
(-3.18856512e-05, 2.23008758e-05)
(-3.40321101e-05, 2.33878817e-05)
(-3.61105538e-05, 2.44245261e-05)
(-3.81170274e-05, 2.54085667e-05)
(-4.00477158e-05, 2.63378740e-05)
(-4.18989511e-05, 2.72104361e-05)
(-4.36672199e-05, 2.80243631e-05)
(-4.53491699e-05, 2.87778912e-05)
(-4.69416164e-05, 2.94693869e-05)
(-4.84415490e-05, 3.00973508e-05)
(-4.98461368e-05, 3.06604206e-05)
(-5.11527344e-05, 3.11573748e-05)
(-5.23588868e-05, 3.15871350e-05)
(-5.34623348e-05, 3.19487685e-05)
(-5.44610187e-05, 3.22414907e-05)
(-5.53530829e-05, 3.24646667e-05)
(-5.61368794e-05, 3.26178129e-05)
(-5.68109714e-05, 3.27005983e-05)
(-5.73741357e-05, 3.27128449e-05)
(-5.78253655e-05, 3.26545287e-05)
(-5.81638726e-05, 3.25257795e-05)
(-5.83890885e-05, 3.23268808e-05)
(-5.85006663e-05, 3.20582695e-05)
(-5.84984810e-05, 3.17205344e-05)
(-5.83826302e-05, 3.13144156e-05)
(-5.81534336e-05, 3.08408026e-05)
(-5.78114329e-05, 3.03007324e-05)
(-5.73573905e-05, 2.96953874e-05)
(-5.67922885e-05, 2.90260925e-05)
(-5.61173266e-05, 2.82943126e-05)
(-5.53339198e-05, 2.75016493e-05)
(-5.44436959e-05, 2.66498369e-05)
(-5.34484923e-05, 2.57407393e-05)
(-5.23503527e-05, 2.47763452e-05)
(-5.11515227e-05, 2.37587643e-05)
(-4.98544458e-05, 2.26902220e-05)
(-4.84617587e-05, 2.15730549e-05)
(-4.69762859e-05, 2.04097056e-05)
(-4.54010344e-05, 1.92027168e-05)
(-4.37391876e-05, 1.79547261e-05)
(-4.19940994e-05, 1.66684599e-05)
(-4.01692872e-05, 1.53467272e-05)
(-3.82684254e-05, 1.39924139e-05)
(-3.62953375e-05, 1.26084753e-05)
(-3.42539892e-05, 1.11979305e-05)
(-3.21484801e-05, 9.76385517e-06)
(-2.99830358e-05, 8.30937460e-06)
(-2.77619994e-05, 6.83765691e-06)
(-2.54898225e-05, 5.35190588e-06)
(-2.31710571e-05, 3.85535376e-06)
(-2.08103454e-05, 2.35125406e-06)
(-1.84124116e-05, 8.42874263e-07)
(-1.59820516e-05,-6.66511467e-07)
(-1.35241236e-05,-2.17362961e-06)
(-1.10435387e-05,-3.67521462e-06)
(-8.54525014e-06,-5.16801616e-06)
(-6.03424416e-06,-6.64880639e-06)
(-3.51552937e-06,-8.11438714e-06)
(-9.94126774e-07,-9.56159702e-06)
( 1.52494041e-06,-1.09873185e-05)
( 4.03665701e-06,-1.23884846e-05)
( 6.53602607e-06,-1.37620860e-05)
( 9.01807902e-06,-1.51051775e-05)
( 1.14778859e-05,-1.64148846e-05)
( 1.39105652e-05,-1.76884097e-05)
( 1.63112942e-05,-1.89230383e-05)
( 1.86753185e-05,-2.01161449e-05)
( 2.09979620e-05,-2.12651990e-05)
( 2.32746362e-05,-2.23677701e-05)
( 2.55008500e-05,-2.34215333e-05)
( 2.76722186e-05,-2.44242745e-05)
( 2.97844727e-05,-2.53738944e-05)
( 3.18334672e-05,-2.62684138e-05)
( 3.38151898e-05,-2.71059774e-05)
( 3.57257690e-05,-2.78848576e-05)
( 3.75614826e-05,-2.86034582e-05)
( 3.93187648e-05,-2.92603178e-05)
( 4.09942138e-05,-2.98541127e-05)
( 4.25845990e-05,-3.03836593e-05)
( 4.40868672e-05,-3.08479167e-05)
( 4.54981494e-05,-3.12459887e-05)
( 4.68157660e-05,-3.15771251e-05)
( 4.80372333e-05,-3.18407234e-05)
( 4.91602675e-05,-3.20363293e-05)
( 5.01827902e-05,-3.21636380e-05)
( 5.11029322e-05,-3.22224936e-05)
( 5.19190375e-05,-3.22128897e-05)
( 5.26296663e-05,-3.21349686e-05)
( 5.32335986e-05,-3.19890209e-05)
( 5.37298356e-05,-3.17754839e-05)
( 5.41176026e-05,-3.14949406e-05)
( 5.43963498e-05,-3.11481175e-05)
( 5.45657536e-05,-3.07358832e-05)
( 5.46257171e-05,-3.02592452e-05)
( 5.45763697e-05,-2.97193475e-05)
( 5.44180674e-05,-2.91174679e-05)
( 5.41513909e-05,-2.84550141e-05)
( 5.37771447e-05,-2.77335204e-05)
( 5.32963553e-05,-2.69546440e-05)
( 5.27102682e-05,-2.61201604e-05)
( 5.20203455e-05,-2.52319593e-05)
( 5.12282621e-05,-2.42920398e-05)
( 5.03359024e-05,-2.33025057e-05)
( 4.93453556e-05,-2.22655603e-05)
( 4.82589109e-05,-2.11835009e-05)
( 4.70790526e-05,-2.00587137e-05)
( 4.58084544e-05,-1.88936679e-05)
( 4.44499735e-05,-1.76909098e-05)
( 4.30066437e-05,-1.64530569e-05)
( 4.14816692e-05,-1.51827919e-05)
( 3.98784171e-05,-1.38828563e-05)
( 3.82004100e-05,-1.25560442e-05)
( 3.64513178e-05,-1.12051957e-05)
( 3.46349500e-05,-9.83319078e-06)
( 3.27552469e-05,-8.44294227e-06)
( 3.08162709e-05,-7.03738970e-06)
( 2.88221973e-05,-5.61949250e-06)
( 2.67773054e-05,-4.19222346e-06)
( 2.46859684e-05,-2.75856216e-06)
( 2.25526442e-05,-1.32148837e-06)
( 2.03818652e-05, 1.16024418e-07)
( 1.81782286e-05, 1.55101545e-06)
( 1.59463856e-05, 2.98054312e-06)
( 1.36910316e-05, 4.40169119e-06)
( 1.14168959e-05, 5.81157504e-06)
( 9.12873062e-06, 7.20734768e-06)
( 6.83130091e-06, 8.58620574e-06)
( 4.52937406e-06, 9.94539516e-06)
( 2.22770909e-06, 1.12822169e-05)
(-6.89536917e-08, 1.25940324e-05)
(-2.35590309e-06, 1.38782687e-05)
(-4.62846736e-06, 1.51324237e-05)
(-6.88202441e-06, 1.63540710e-05)
(-9.11201187e-06, 1.75408643e-05)
(-1.13139370e-05, 1.86905422e-05)
(-1.34833866e-05, 1.98009321e-05)
(-1.56160362e-05, 2.08699543e-05)
(-1.77076598e-05, 2.18956257e-05)
(-1.97541387e-05, 2.28760630e-05)
(-2.17514702e-05, 2.38094861e-05)
(-2.36957766e-05, 2.46942211e-05)
(-2.55833130e-05, 2.55287025e-05)
(-2.74104750e-05, 2.63114761e-05)
(-2.91738070e-05, 2.70412006e-05)
(-3.08700087e-05, 2.77166496e-05)
(-3.24959421e-05, 2.83367131e-05)
(-3.40486379e-05, 2.89003988e-05)
(-3.55253017e-05, 2.94068326e-05)
(-3.69233192e-05, 2.98552599e-05)
(-3.82402615e-05, 3.02450455e-05)
(-3.94738901e-05, 3.05756737e-05)
(-4.06221603e-05, 3.08467484e-05)
(-4.16832259e-05, 3.10579922e-05)
(-4.26554416e-05, 3.12092462e-05)
(-4.35373665e-05, 3.13004684e-05)
(-4.43277657e-05, 3.13317329e-05)
(-4.50256127e-05, 3.13032281e-05)
(-4.56300903e-05, 3.12152552e-05)
(-4.61405913e-05, 3.10682258e-05)
(-4.65567191e-05, 3.08626602e-05)
(-4.68782871e-05, 3.05991845e-05)
(-4.71053182e-05, 3.02785281e-05)
(-4.72380432e-05, 2.99015209e-05)
(-4.72768995e-05, 2.94690902e-05)
(-4.72225283e-05, 2.89822575e-05)
(-4.70757723e-05, 2.84421348e-05)
(-4.68376723e-05, 2.78499217e-05)
(-4.65094633e-05, 2.72069008e-05)
(-4.60925705e-05, 2.65144347e-05)
(-4.55886047e-05, 2.57739614e-05)
(-4.49993570e-05, 2.49869907e-05)
(-4.43267934e-05, 2.41550996e-05)
(-4.35730491e-05, 2.32799283e-05)
(-4.27404218e-05, 2.23631758e-05)
(-4.18313650e-05, 2.14065954e-05)
(-4.08484812e-05, 2.04119905e-05)
(-3.97945142e-05, 1.93812097e-05)
(-3.86723415e-05, 1.83161428e-05)
(-3.74849659e-05, 1.72187158e-05)
(-3.62355074e-05, 1.60908867e-05)
(-3.49271947e-05, 1.49346410e-05)
(-3.35633558e-05, 1.37519870e-05)
(-3.21474092e-05, 1.25449515e-05)
(-3.06828545e-05, 1.13155754e-05)
(-2.91732627e-05, 1.00659093e-05)
(-2.76222668e-05, 8.79800948e-06)
(-2.60335519e-05, 7.51393330e-06)
(-2.44108450e-05, 6.21573548e-06)
(-2.27579052e-05, 4.90546392e-06)
(-2.10785137e-05, 3.58515585e-06)
(-1.93764632e-05, 2.25683407e-06)
(-1.76555484e-05, 9.22503295e-07)
(-1.59195553e-05,-4.15853355e-07)
(-1.41722514e-05,-1.75627775e-06)
(-1.24173753e-05,-3.09683996e-06)
(-1.06586270e-05,-4.43564137e-06)
(-8.89965804e-06,-5.77081759e-06)
(-7.14406137e-06,-7.10054124e-06)
(-5.39536193e-06,-8.42302457e-06)
(-3.65700713e-06,-9.73652189e-06)
(-1.93235747e-06,-1.10393319e-05)
(-2.24677427e-07,-1.23297997e-05)
( 1.46287347e-06,-1.36063190e-05)
( 3.12724939e-06,-1.48673336e-05)
( 4.76552666e-06,-1.61113391e-05)
( 6.37491200e-06,-1.73368846e-05)
( 7.95275055e-06,-1.85425737e-05)
( 9.49653361e-06,-1.97270657e-05)
( 1.10039061e-05,-2.08890770e-05)
( 1.24726738e-05,-2.20273813e-05)
( 1.39008105e-05,-2.31408110e-05)
( 1.52864643e-05,-2.42282571e-05)
( 1.66279647e-05,-2.52886707e-05)
( 1.79238284e-05,-2.63210622e-05)
( 1.91727659e-05,-2.73245027e-05)
( 2.03736870e-05,-2.82981237e-05)
( 2.15257070e-05,-2.92411174e-05)
( 2.26281523e-05,-3.01527370e-05)
( 2.36805665e-05,-3.10322969e-05)
( 2.46827159e-05,-3.18791729e-05)
( 2.56345958e-05,-3.26928027e-05)
( 2.65364370e-05,-3.34726864e-05)
( 2.73887124e-05,-3.42183871e-05)
( 2.81921446e-05,-3.49295318e-05)
( 2.89477140e-05,-3.56058132e-05)
( 2.96566685e-05,-3.62469907e-05)
( 3.03205338e-05,-3.68528935e-05)
( 3.09411267e-05,-3.74234234e-05)
( 3.15205699e-05,-3.79585590e-05)
( 3.20613096e-05,-3.84583609e-05)
( 3.25661382e-05,-3.89229789e-05)
( 3.30382203e-05,-3.93526602e-05)
( 3.34811265e-05,-3.97477618e-05)
( 3.38988737e-05,-4.01087644e-05)
( 3.42959773e-05,-4.04362916e-05)
( 3.46775153e-05,-4.07311348e-05)
( 3.50492119e-05,-4.09942851e-05)
( 3.54175426e-05,-4.12269751e-05)
( 3.57898716e-05,-4.14307348e-05)
( 3.61746315e-05,-4.16074651e-05)
( 3.65815608e-05,-4.17595376e-05)
( 3.70220219e-05,-4.18899302e-05)
( 3.75094346e-05,-4.20024149e-05)
( 3.80598752e-05,-4.21018224e-05)
( 3.86929213e-05,-4.21944206e-05)
( 3.94328688e-05,-4.22884696e-05)
( 4.03105312e-05,-4.23950556e-05)
( 4.13659768e-05,-4.25293813e-05)
( 4.26528430e-05,-4.27128322e-05)
( 4.42454172e-05,-4.29764241e-05)
( 4.62508572e-05,-4.33668488e-05)
( 4.88316118e-05,-4.39577420e-05)
( 5.22498718e-05,-4.48723706e-05)
( 5.69651179e-05,-4.63341792e-05)
( 6.38783682e-05,-4.87951885e-05)
( 7.51322010e-05,-5.33636332e-05)
( 9.57448605e-05,-6.26662100e-05)
( 2.12526352e-04,-1.24413052e-04)
