% ======================================================
% L-Bracket Method of Moments Solution
% ======================================================
% Frequency: 8.900 GHz
% Wavelength: 0.033685 m
% Segments: N=2970 (1485 horiz + 1485 vert)
% Transmitter: (25.0000, 25.0000) m
%
% Solver: SSOR with hierarchical omega
% omega = 0.1060
% iterations = 370
% convergence = 9.66e-10
% time = 228.45 seconds
% ======================================================
% Format: (real, imaginary) current coefficients
% ======================================================
(-3.69305888e-07, 1.33437382e-06)
(-1.11708377e-06, 4.70781595e-06)
(-1.84479425e-06, 7.90082441e-06)
(-2.57044957e-06, 1.10764189e-05)
(-3.29145551e-06, 1.42271653e-05)
(-4.00620295e-06, 1.73482216e-05)
(-4.71318726e-06, 2.04340164e-05)
(-5.41096322e-06, 2.34787729e-05)
(-6.09812263e-06, 2.64766658e-05)
(-6.77328924e-06, 2.94218951e-05)
(-7.43511687e-06, 3.23087268e-05)
(-8.08228987e-06, 3.51315193e-05)
(-8.71352448e-06, 3.78847433e-05)
(-9.32757058e-06, 4.05629971e-05)
(-9.92321373e-06, 4.31610206e-05)
(-1.04992772e-05, 4.56737076e-05)
(-1.10546244e-05, 4.80961169e-05)
(-1.15881604e-05, 5.04234832e-05)
(-1.20988347e-05, 5.26512269e-05)
(-1.25856429e-05, 5.47749638e-05)
(-1.30476285e-05, 5.67905137e-05)
(-1.34838852e-05, 5.86939093e-05)
(-1.38935582e-05, 6.04814037e-05)
(-1.42758464e-05, 6.21494786e-05)
(-1.46300035e-05, 6.36948505e-05)
(-1.49553395e-05, 6.51144778e-05)
(-1.52512225e-05, 6.64055669e-05)
(-1.55170795e-05, 6.75655773e-05)
(-1.57523977e-05, 6.85922270e-05)
(-1.59567253e-05, 6.94834971e-05)
(-1.61296727e-05, 7.02376352e-05)
(-1.62709132e-05, 7.08531597e-05)
(-1.63801832e-05, 7.13288622e-05)
(-1.64572832e-05, 7.16638097e-05)
(-1.65020781e-05, 7.18573472e-05)
(-1.65144971e-05, 7.19090982e-05)
(-1.64945341e-05, 7.18189657e-05)
(-1.64422475e-05, 7.15871328e-05)
(-1.63577605e-05, 7.12140615e-05)
(-1.62412600e-05, 7.07004928e-05)
(-1.60929971e-05, 7.00474442e-05)
(-1.59132857e-05, 6.92562084e-05)
(-1.57025025e-05, 6.83283506e-05)
(-1.54610859e-05, 6.72657050e-05)
(-1.51895352e-05, 6.60703720e-05)
(-1.48884095e-05, 6.47447130e-05)
(-1.45583263e-05, 6.32913468e-05)
(-1.41999607e-05, 6.17131435e-05)
(-1.38140438e-05, 6.00132196e-05)
(-1.34013611e-05, 5.81949313e-05)
(-1.29627509e-05, 5.62618680e-05)
(-1.24991028e-05, 5.42178456e-05)
(-1.20113555e-05, 5.20668985e-05)
(-1.15004954e-05, 4.98132719e-05)
(-1.09675541e-05, 4.74614132e-05)
(-1.04136067e-05, 4.50159635e-05)
(-9.83976923e-06, 4.24817484e-05)
(-9.24719676e-06, 3.98637683e-05)
(-8.63708082e-06, 3.71671887e-05)
(-8.01064708e-06, 3.43973300e-05)
(-7.36915286e-06, 3.15596571e-05)
(-6.71388461e-06, 2.86597682e-05)
(-6.04615530e-06, 2.57033846e-05)
(-5.36730177e-06, 2.26963385e-05)
(-4.67868210e-06, 1.96445621e-05)
(-3.98167280e-06, 1.65540757e-05)
(-3.27766613e-06, 1.34309760e-05)
(-2.56806724e-06, 1.02814238e-05)
(-1.85429143e-06, 7.11163215e-06)
(-1.13776126e-06, 3.92785398e-06)
(-4.19903768e-07, 7.36369776e-07)
( 2.97852416e-07,-2.45652476e-06)
( 1.01407990e-06,-5.64453110e-06)
( 1.72735538e-06,-8.82136036e-06)
( 2.43626242e-06,-1.19807456e-05)
( 3.13939432e-06,-1.51164542e-05)
( 3.83535687e-06,-1.82223002e-05)
( 4.52277113e-06,-2.12921564e-05)
( 5.20027610e-06,-2.43199665e-05)
( 5.86653148e-06,-2.72997568e-05)
( 6.52022026e-06,-3.02256484e-05)
( 7.16005131e-06,-3.30918685e-05)
( 7.78476195e-06,-3.58927615e-05)
( 8.39312037e-06,-3.86228009e-05)
( 8.98392810e-06,-4.12765993e-05)
( 9.55602233e-06,-4.38489197e-05)
( 1.01082781e-05,-4.63346855e-05)
( 1.06396108e-05,-4.87289905e-05)
( 1.11489776e-05,-5.10271086e-05)
( 1.16353803e-05,-5.32245031e-05)
( 1.20978668e-05,-5.53168359e-05)
( 1.25355328e-05,-5.72999755e-05)
( 1.29475240e-05,-5.91700056e-05)
( 1.33330372e-05,-6.09232327e-05)
( 1.36913224e-05,-6.25561931e-05)
( 1.40216837e-05,-6.40656604e-05)
( 1.43234811e-05,-6.54486510e-05)
( 1.45961311e-05,-6.67024307e-05)
( 1.48391086e-05,-6.78245196e-05)
( 1.50519471e-05,-6.88126974e-05)
( 1.52342399e-05,-6.96650074e-05)
( 1.53856410e-05,-7.03797607e-05)
( 1.55058654e-05,-7.09555390e-05)
( 1.55946899e-05,-7.13911983e-05)
( 1.56519531e-05,-7.16858703e-05)
( 1.56775561e-05,-7.18389645e-05)
( 1.56714621e-05,-7.18501693e-05)
( 1.56336970e-05,-7.17194527e-05)
( 1.55643489e-05,-7.14470625e-05)
( 1.54635680e-05,-7.10335252e-05)
( 1.53315659e-05,-7.04796460e-05)
( 1.51686159e-05,-6.97865060e-05)
( 1.49750516e-05,-6.89554614e-05)
( 1.47512664e-05,-6.79881397e-05)
( 1.44977132e-05,-6.68864371e-05)
( 1.42149026e-05,-6.56525147e-05)
( 1.39034025e-05,-6.42887943e-05)
( 1.35638365e-05,-6.27979534e-05)
( 1.31968830e-05,-6.11829202e-05)
( 1.28032736e-05,-5.94468677e-05)
( 1.23837915e-05,-5.75932075e-05)
( 1.19392701e-05,-5.56255831e-05)
( 1.14705915e-05,-5.35478628e-05)
( 1.09786841e-05,-5.13641319e-05)
( 1.04645216e-05,-4.90786850e-05)
( 9.92912029e-06,-4.66960172e-05)
( 9.37353738e-06,-4.42208154e-05)
( 8.79886890e-06,-4.16579491e-05)
( 8.20624744e-06,-3.90124609e-05)
( 7.59683995e-06,-3.62895562e-05)
( 6.97184538e-06,-3.34945937e-05)
( 6.33249237e-06,-3.06330738e-05)
( 5.68003677e-06,-2.77106289e-05)
( 5.01575924e-06,-2.47330114e-05)
( 4.34096262e-06,-2.17060828e-05)
( 3.65696950e-06,-1.86358024e-05)
( 2.96511950e-06,-1.55282147e-05)
( 2.26676676e-06,-1.23894386e-05)
( 1.56327718e-06,-9.22565454e-06)
( 8.56025854e-07,-6.04309253e-06)
( 1.46394300e-07,-2.84802006e-06)
(-5.64232176e-07, 3.53270448e-07)
(-1.27446721e-06, 3.55447395e-06)
(-1.98292607e-06, 6.74928523e-06)
(-2.68822834e-06, 9.93141136e-06)
(-3.38900060e-06, 1.30945840e-05)
(-4.08387912e-06, 1.62325720e-05)
(-4.77151246e-06, 1.93391934e-05)
(-5.45056410e-06, 2.24083277e-05)
(-6.11971506e-06, 2.54339281e-05)
(-6.77766638e-06, 2.84100332e-05)
(-7.42314170e-06, 3.13307789e-05)
(-8.05488966e-06, 3.41904101e-05)
(-8.67168637e-06, 3.69832917e-05)
(-9.27233771e-06, 3.97039200e-05)
(-9.85568166e-06, 4.23469334e-05)
(-1.04205905e-05, 4.49071233e-05)
(-1.09659731e-05, 4.73794440e-05)
(-1.14907767e-05, 4.97590229e-05)
(-1.19939893e-05, 5.20411700e-05)
(-1.24746415e-05, 5.42213873e-05)
(-1.29318080e-05, 5.62953776e-05)
(-1.33646099e-05, 5.82590530e-05)
(-1.37722162e-05, 6.01085431e-05)
(-1.41538449e-05, 6.18402026e-05)
(-1.45087653e-05, 6.34506183e-05)
(-1.48362987e-05, 6.49366161e-05)
(-1.51358203e-05, 6.62952674e-05)
(-1.54067596e-05, 6.75238946e-05)
(-1.56486023e-05, 6.86200765e-05)
(-1.58608906e-05, 6.95816534e-05)
(-1.60432246e-05, 7.04067308e-05)
(-1.61952626e-05, 7.10936838e-05)
(-1.63167220e-05, 7.16411600e-05)
(-1.64073798e-05, 7.20480821e-05)
(-1.64670727e-05, 7.23136503e-05)
(-1.64956978e-05, 7.24373439e-05)
(-1.64932128e-05, 7.24189223e-05)
(-1.64596354e-05, 7.22584252e-05)
(-1.63950441e-05, 7.19561732e-05)
(-1.62995774e-05, 7.15127667e-05)
(-1.61734338e-05, 7.09290847e-05)
(-1.60168713e-05, 7.02062836e-05)
(-1.58302069e-05, 6.93457945e-05)
(-1.56138159e-05, 6.83493204e-05)
(-1.53681313e-05, 6.72188332e-05)
(-1.50936429e-05, 6.59565695e-05)
(-1.47908960e-05, 6.45650266e-05)
(-1.44604909e-05, 6.30469570e-05)
(-1.41030813e-05, 6.14053636e-05)
(-1.37193731e-05, 5.96434935e-05)
(-1.33101232e-05, 5.77648317e-05)
(-1.28761377e-05, 5.57730940e-05)
(-1.24182706e-05, 5.36722201e-05)
(-1.19374219e-05, 5.14663656e-05)
(-1.14345362e-05, 4.91598938e-05)
(-1.09106003e-05, 4.67573672e-05)
(-1.03666418e-05, 4.42635385e-05)
(-9.80372701e-06, 4.16833411e-05)
(-9.22295843e-06, 3.90218795e-05)
(-8.62547314e-06, 3.62844193e-05)
(-8.01244030e-06, 3.34763765e-05)
(-7.38505896e-06, 3.06033073e-05)
(-6.74455569e-06, 2.76708966e-05)
(-6.09218218e-06, 2.46849473e-05)
(-5.42921286e-06, 2.16513685e-05)
(-4.75694234e-06, 1.85761638e-05)
(-4.07668297e-06, 1.54654197e-05)
(-3.38976221e-06, 1.23252934e-05)
(-2.69752009e-06, 9.16200081e-06)
(-2.00130655e-06, 5.98180398e-06)
(-1.30247889e-06, 2.79099897e-06)
(-6.02399032e-07,-4.04096691e-07)
( 9.75690693e-08,-3.59715645e-06)
( 7.96062125e-07,-6.78185728e-06)
( 1.49172016e-06,-9.95189213e-06)
( 2.18318915e-06,-1.31009825e-05)
( 2.86912370e-06,-1.62228906e-05)
( 3.54818966e-06,-1.93114321e-05)
( 4.21906669e-06,-2.23604880e-05)
( 4.88045093e-06,-2.53640170e-05)
( 5.53105745e-06,-2.83160671e-05)
( 6.16962284e-06,-3.12107877e-05)
( 6.79490765e-06,-3.40424413e-05)
( 7.40569882e-06,-3.68054144e-05)
( 8.00081206e-06,-3.94942288e-05)
( 8.57909417e-06,-4.21035529e-05)
( 9.13942532e-06,-4.46282113e-05)
( 9.68072121e-06,-4.70631961e-05)
( 1.02019352e-05,-4.94036762e-05)
( 1.07020606e-05,-5.16450068e-05)
( 1.11801320e-05,-5.37827391e-05)
( 1.16352281e-05,-5.58126287e-05)
( 1.20664728e-05,-5.77306442e-05)
( 1.24730371e-05,-5.95329751e-05)
( 1.28541410e-05,-6.12160393e-05)
( 1.32090547e-05,-6.27764906e-05)
( 1.35371002e-05,-6.42112247e-05)
( 1.38376527e-05,-6.55173860e-05)
( 1.41101419e-05,-6.66923728e-05)
( 1.43540527e-05,-6.77338427e-05)
( 1.45689267e-05,-6.86397173e-05)
( 1.47543630e-05,-6.94081861e-05)
( 1.49100189e-05,-7.00377103e-05)
( 1.50356106e-05,-7.05270258e-05)
( 1.51309139e-05,-7.08751457e-05)
( 1.51957645e-05,-7.10813623e-05)
( 1.52300585e-05,-7.11452487e-05)
( 1.52337525e-05,-7.10666592e-05)
( 1.52068635e-05,-7.08457301e-05)
( 1.51494695e-05,-7.04828793e-05)
( 1.50617087e-05,-6.99788052e-05)
( 1.49437797e-05,-6.93344858e-05)
( 1.47959407e-05,-6.85511765e-05)
( 1.46185094e-05,-6.76304076e-05)
( 1.44118622e-05,-6.65739816e-05)
( 1.41764336e-05,-6.53839692e-05)
( 1.39127150e-05,-6.40627056e-05)
( 1.36212543e-05,-6.26127857e-05)
( 1.33026541e-05,-6.10370590e-05)
( 1.29575714e-05,-5.93386243e-05)
( 1.25867156e-05,-5.75208228e-05)
( 1.21908473e-05,-5.55872324e-05)
( 1.17707770e-05,-5.35416600e-05)
( 1.13273632e-05,-5.13881344e-05)
( 1.08615111e-05,-4.91308981e-05)
( 1.03741703e-05,-4.67743987e-05)
( 9.86633329e-06,-4.43232807e-05)
( 9.33903352e-06,-4.17823760e-05)
( 8.79334306e-06,-3.91566941e-05)
( 8.23037069e-06,-3.64514127e-05)
( 7.65125966e-06,-3.36718670e-05)
( 7.05718537e-06,-3.08235396e-05)
( 6.44935310e-06,-2.79120492e-05)
( 5.82899556e-06,-2.49431398e-05)
( 5.19737047e-06,-2.19226692e-05)
( 4.55575804e-06,-1.88565977e-05)
( 3.90545842e-06,-1.57509758e-05)
( 3.24778909e-06,-1.26119327e-05)
( 2.58408229e-06,-9.44566398e-06)
( 1.91568228e-06,-6.25841931e-06)
( 1.24394271e-06,-3.05649023e-06)
( 5.70223905e-07, 1.53802383e-07)
(-1.04109874e-07, 3.36612080e-06)
(-7.77693137e-07, 6.57412295e-06)
(-1.44916192e-06, 9.77147498e-06)
(-2.11715650e-06, 1.29518638e-05)
(-2.78032411e-06, 1.61090094e-05)
(-3.43732171e-06, 1.92366776e-05)
(-4.08681859e-06, 2.23286920e-05)
(-4.72749910e-06, 2.53789464e-05)
(-5.35806528e-06, 2.83814169e-05)
(-5.97723946e-06, 3.13301737e-05)
(-6.58376683e-06, 3.42193928e-05)
(-7.17641794e-06, 3.70433676e-05)
(-7.75399120e-06, 3.97965202e-05)
(-8.31531529e-06, 4.24734122e-05)
(-8.85925149e-06, 4.50687558e-05)
(-9.38469598e-06, 4.75774239e-05)
(-9.89058208e-06, 4.99944603e-05)
(-1.03758824e-05, 5.23150898e-05)
(-1.08396108e-05, 5.45347272e-05)
(-1.12808245e-05, 5.66489867e-05)
(-1.16986260e-05, 5.86536901e-05)
(-1.20921648e-05, 6.05448757e-05)
(-1.24606389e-05, 6.23188055e-05)
(-1.28032970e-05, 6.39719729e-05)
(-1.31194394e-05, 6.55011096e-05)
(-1.34084196e-05, 6.69031919e-05)
(-1.36696459e-05, 6.81754467e-05)
(-1.39025821e-05, 6.93153573e-05)
(-1.41067488e-05, 7.03206676e-05)
(-1.42817246e-05, 7.11893874e-05)
(-1.44271463e-05, 7.19197956e-05)
(-1.45427104e-05, 7.25104442e-05)
(-1.46281731e-05, 7.29601604e-05)
(-1.46833510e-05, 7.32680498e-05)
(-1.47081216e-05, 7.34334973e-05)
(-1.47024231e-05, 7.34561688e-05)
(-1.46662551e-05, 7.33360117e-05)
(-1.45996780e-05, 7.30732549e-05)
(-1.45028133e-05, 7.26684085e-05)
(-1.43758430e-05, 7.21222625e-05)
(-1.42190097e-05, 7.14358855e-05)
(-1.40326154e-05, 7.06106224e-05)
(-1.38170213e-05, 6.96480918e-05)
(-1.35726471e-05, 6.85501826e-05)
(-1.32999700e-05, 6.73190505e-05)
(-1.29995236e-05, 6.59571136e-05)
(-1.26718970e-05, 6.44670475e-05)
(-1.23177334e-05, 6.28517801e-05)
(-1.19377289e-05, 6.11144859e-05)
(-1.15326310e-05, 5.92585795e-05)
(-1.11032373e-05, 5.72877088e-05)
(-1.06503935e-05, 5.52057481e-05)
(-1.01749916e-05, 5.30167902e-05)
(-9.67796870e-06, 5.07251382e-05)
(-9.16030442e-06, 4.83352971e-05)
(-8.62301918e-06, 4.58519651e-05)
(-8.06717211e-06, 4.32800240e-05)
(-7.49385882e-06, 4.06245294e-05)
(-6.90420920e-06, 3.78907015e-05)
(-6.29938510e-06, 3.50839136e-05)
(-5.68057796e-06, 3.22096827e-05)
(-5.04900639e-06, 2.92736575e-05)
(-4.40591367e-06, 2.62816082e-05)
(-3.75256524e-06, 2.32394144e-05)
(-3.09024613e-06, 2.01530538e-05)
(-2.42025831e-06, 1.70285903e-05)
(-1.74391808e-06, 1.38721623e-05)
(-1.06255342e-06, 1.06899701e-05)
(-3.77501239e-07, 7.48826392e-06)
( 3.09895265e-07, 4.27333183e-06)
( 9.98289373e-07, 1.05148686e-06)
( 1.68633354e-06,-2.17094514e-06)
( 2.37268209e-06,-5.38763808e-06)
( 3.05599400e-06,-8.59227807e-06)
( 3.73493552e-06,-1.17785759e-05)
( 4.40818288e-06,-1.49402794e-05)
( 5.07442498e-06,-1.80711858e-05)
( 5.73236595e-06,-2.11651538e-05)
( 6.38072782e-06,-2.42161161e-05)
( 7.01825300e-06,-2.72180907e-05)
( 7.64370683e-06,-3.01651933e-05)
( 8.25588002e-06,-3.30516485e-05)
( 8.85359107e-06,-3.58718013e-05)
( 9.43568857e-06,-3.86201282e-05)
( 1.00010535e-05,-4.12912482e-05)
( 1.05486015e-05,-4.38799330e-05)
( 1.10772848e-05,-4.63811180e-05)
( 1.15860946e-05,-4.87899114e-05)
( 1.20740627e-05,-5.11016044e-05)
( 1.25402635e-05,-5.33116805e-05)
( 1.29838161e-05,-5.54158238e-05)
( 1.34038853e-05,-5.74099282e-05)
( 1.37996839e-05,-5.92901050e-05)
( 1.41704740e-05,-6.10526904e-05)
( 1.45155682e-05,-6.26942535e-05)
( 1.48343310e-05,-6.42116019e-05)
( 1.51261800e-05,-6.56017889e-05)
( 1.53905871e-05,-6.68621189e-05)
( 1.56270792e-05,-6.79901527e-05)
( 1.58352394e-05,-6.89837120e-05)
( 1.60147072e-05,-6.98408844e-05)
( 1.61651798e-05,-7.05600264e-05)
( 1.62864119e-05,-7.11397670e-05)
( 1.63782167e-05,-7.15790102e-05)
( 1.64404656e-05,-7.18769372e-05)
( 1.64730889e-05,-7.20330080e-05)
( 1.64760752e-05,-7.20469625e-05)
( 1.64494720e-05,-7.19188208e-05)
( 1.63933847e-05,-7.16488834e-05)
( 1.63079770e-05,-7.12377301e-05)
( 1.61934701e-05,-7.06862195e-05)
( 1.60501419e-05,-6.99954868e-05)
( 1.58783268e-05,-6.91669417e-05)
( 1.56784146e-05,-6.82022655e-05)
( 1.54508496e-05,-6.71034079e-05)
( 1.51961299e-05,-6.58725832e-05)
( 1.49148057e-05,-6.45122656e-05)
( 1.46074785e-05,-6.30251847e-05)
( 1.42748000e-05,-6.14143199e-05)
( 1.39174699e-05,-5.96828945e-05)
( 1.35362350e-05,-5.78343692e-05)
( 1.31318876e-05,-5.58724358e-05)
( 1.27052635e-05,-5.38010093e-05)
( 1.22572403e-05,-5.16242205e-05)
( 1.17887357e-05,-4.93464078e-05)
( 1.13007055e-05,-4.69721087e-05)
( 1.07941415e-05,-4.45060507e-05)
( 1.02700693e-05,-4.19531422e-05)
( 9.72954672e-06,-3.93184626e-05)
( 9.17366097e-06,-3.66072524e-05)
( 8.60352676e-06,-3.38249029e-05)
( 8.02028387e-06,-3.09769455e-05)
( 7.42509487e-06,-2.80690409e-05)
( 6.81914271e-06,-2.51069679e-05)
( 6.20362832e-06,-2.20966121e-05)
( 5.57976814e-06,-1.90439541e-05)
( 4.94879169e-06,-1.59550577e-05)
( 4.31193906e-06,-1.28360586e-05)
( 3.67045840e-06,-9.69315122e-06)
( 3.02560345e-06,-6.53257753e-06)
( 2.37863097e-06,-3.36061416e-06)
( 1.73079829e-06,-1.83560209e-07)
( 1.08336076e-06, 2.99227514e-06)
( 4.37569281e-07, 6.16058509e-06)
(-2.05332183e-07, 9.31507762e-06)
(-8.44109061e-07, 1.24494879e-05)
(-1.47753859e-06, 1.55575906e-05)
(-2.10441223e-06, 1.86332123e-05)
(-2.72353802e-06, 2.16702433e-05)
(-3.33374288e-06, 2.46626501e-05)
(-3.93387493e-06, 2.76044869e-05)
(-4.52280567e-06, 3.04899078e-05)
(-5.09943218e-06, 3.33131777e-05)
(-5.66267924e-06, 3.60686840e-05)
(-6.21150134e-06, 3.87509477e-05)
(-6.74488475e-06, 4.13546340e-05)
(-7.26184934e-06, 4.38745630e-05)
(-7.76145049e-06, 4.63057198e-05)
(-8.24278086e-06, 4.86432643e-05)
(-8.70497204e-06, 5.08825411e-05)
(-9.14719617e-06, 5.30190884e-05)
(-9.56866750e-06, 5.50486469e-05)
(-9.96864376e-06, 5.69671681e-05)
(-1.03464275e-05, 5.87708225e-05)
(-1.07013675e-05, 6.04560072e-05)
(-1.10328597e-05, 6.20193527e-05)
(-1.13403482e-05, 6.34577300e-05)
(-1.16233267e-05, 6.47682564e-05)
(-1.18813387e-05, 6.59483015e-05)
(-1.21139788e-05, 6.69954923e-05)
(-1.23208931e-05, 6.79077181e-05)
(-1.25017796e-05, 6.86831343e-05)
(-1.26563890e-05, 6.93201666e-05)
(-1.27845248e-05, 6.98175136e-05)
(-1.28860436e-05, 7.01741499e-05)
(-1.29608553e-05, 7.03893280e-05)
(-1.30089229e-05, 7.04625797e-05)
(-1.30302627e-05, 7.03937172e-05)
(-1.30249439e-05, 7.01828336e-05)
(-1.29930884e-05, 6.98303026e-05)
(-1.29348705e-05, 6.93367780e-05)
(-1.28505162e-05, 6.87031923e-05)
(-1.27403028e-05, 6.79307551e-05)
(-1.26045581e-05, 6.70209506e-05)
(-1.24436596e-05, 6.59755350e-05)
(-1.22580337e-05, 6.47965328e-05)
(-1.20481548e-05, 6.34862332e-05)
(-1.18145440e-05, 6.20471852e-05)
(-1.15577680e-05, 6.04821933e-05)
(-1.12784381e-05, 5.87943114e-05)
(-1.09772087e-05, 5.69868372e-05)
(-1.06547758e-05, 5.50633057e-05)
(-1.03118758e-05, 5.30274824e-05)
(-9.94928350e-06, 5.08833556e-05)
(-9.56781108e-06, 4.86351290e-05)
(-9.16830590e-06, 4.62872134e-05)
(-8.75164902e-06, 4.38442178e-05)
(-8.31875326e-06, 4.13109408e-05)
(-7.87056139e-06, 3.86923606e-05)
(-7.40804420e-06, 3.59936261e-05)
(-6.93219850e-06, 3.32200460e-05)
(-6.44404515e-06, 3.03770789e-05)
(-5.94462694e-06, 2.74703222e-05)
(-5.43500657e-06, 2.45055015e-05)
(-4.91626445e-06, 2.14884591e-05)
(-4.38949661e-06, 1.84251427e-05)
(-3.85581244e-06, 1.53215936e-05)
(-3.31633260e-06, 1.21839349e-05)
(-2.77218669e-06, 9.01835919e-06)
(-2.22451109e-06, 5.83111690e-06)
(-1.67444672e-06, 2.62850355e-06)
(-1.12313676e-06,-5.83152443e-07)
(-5.71724473e-07,-3.79750227e-06)
(-2.13509115e-08,-7.00818920e-06)
( 5.26847257e-07,-1.02088612e-05)
( 1.07173999e-06,-1.33931832e-05)
( 1.61220605e-06,-1.65548499e-05)
( 2.14713517e-06,-1.96875981e-05)
( 2.67543021e-06,-2.27852189e-05)
( 3.19600925e-06,-2.58415701e-05)
( 3.70780771e-06,-2.88505883e-05)
( 4.20978034e-06,-3.18063009e-05)
( 4.70090326e-06,-3.47028378e-05)
( 5.18017592e-06,-3.75344430e-05)
( 5.64662296e-06,-4.02954863e-05)
( 6.09929612e-06,-4.29804740e-05)
( 6.53727604e-06,-4.55840600e-05)
( 6.95967394e-06,-4.81010562e-05)
( 7.36563338e-06,-5.05264433e-05)
( 7.75433182e-06,-5.28553799e-05)
( 8.12498220e-06,-5.50832130e-05)
( 8.47683440e-06,-5.72054866e-05)
( 8.80917666e-06,-5.92179507e-05)
( 9.12133689e-06,-6.11165700e-05)
( 9.41268396e-06,-6.28975316e-05)
( 9.68262881e-06,-6.45572529e-05)
( 9.93062560e-06,-6.60923882e-05)
( 1.01561727e-05,-6.74998363e-05)
( 1.03588136e-05,-6.87767455e-05)
( 1.05381378e-05,-6.99205206e-05)
( 1.06937813e-05,-7.09288269e-05)
( 1.08254277e-05,-7.17995958e-05)
( 1.09328085e-05,-7.25310284e-05)
( 1.10157035e-05,-7.31215995e-05)
( 1.10739413e-05,-7.35700605e-05)
( 1.11073995e-05,-7.38754419e-05)
( 1.11160051e-05,-7.40370556e-05)
( 1.10997345e-05,-7.40544959e-05)
( 1.10586132e-05,-7.39276408e-05)
( 1.09927163e-05,-7.36566522e-05)
( 1.09021676e-05,-7.32419756e-05)
( 1.07871402e-05,-7.26843393e-05)
( 1.06478553e-05,-7.19847532e-05)
( 1.04845823e-05,-7.11445069e-05)
( 1.02976378e-05,-7.01651669e-05)
( 1.00873855e-05,-6.90485741e-05)
( 9.85423488e-06,-6.77968399e-05)
( 9.59864100e-06,-6.64123422e-05)
( 9.32110306e-06,-6.48977208e-05)
( 9.02216371e-06,-6.32558725e-05)
( 8.70240790e-06,-6.14899451e-05)
( 8.36246177e-06,-5.96033312e-05)
( 8.00299136e-06,-5.75996622e-05)
( 7.62470139e-06,-5.54828006e-05)
( 7.22833383e-06,-5.32568326e-05)
( 6.81466650e-06,-5.09260602e-05)
( 6.38451149e-06,-4.84949928e-05)
( 5.93871367e-06,-4.59683382e-05)
( 5.47814901e-06,-4.33509935e-05)
( 5.00372286e-06,-4.06480352e-05)
( 4.51636825e-06,-3.78647099e-05)
( 4.01704404e-06,-3.50064232e-05)
( 3.50673308e-06,-3.20787296e-05)
( 2.98644034e-06,-2.90873214e-05)
( 2.45719091e-06,-2.60380173e-05)
( 1.92002806e-06,-2.29367516e-05)
( 1.37601124e-06,-1.97895616e-05)
( 8.26213966e-07,-1.66025765e-05)
( 2.71721820e-07,-1.33820049e-05)
(-2.86369692e-07,-1.01341227e-05)
(-8.46957240e-07,-6.86526072e-06)
(-1.40893180e-06,-3.58179215e-06)
(-1.97118081e-06,-2.90120079e-07)
(-2.53259031e-06, 3.00333518e-06)
(-3.09204710e-06, 6.29214875e-06)
(-3.64844089e-06, 9.56990391e-06)
(-4.20066646e-06, 1.28302047e-05)
(-4.74762578e-06, 1.60666886e-05)
(-5.28823014e-06, 1.92730390e-05)
(-5.82140230e-06, 2.24429978e-05)
(-6.34607852e-06, 2.55703777e-05)
(-6.86121066e-06, 2.86490746e-05)
(-7.36576819e-06, 3.16730791e-05)
(-7.85874024e-06, 3.46364893e-05)
(-8.33913749e-06, 3.75335214e-05)
(-8.80599418e-06, 4.03585221e-05)
(-9.25836991e-06, 4.31059791e-05)
(-9.69535154e-06, 4.57705324e-05)
(-1.01160549e-05, 4.83469845e-05)
(-1.05196267e-05, 5.08303112e-05)
(-1.09052458e-05, 5.32156711e-05)
(-1.12721252e-05, 5.54984153e-05)
(-1.16195137e-05, 5.76740965e-05)
(-1.19466966e-05, 5.97384783e-05)
(-1.22529982e-05, 6.16875427e-05)
(-1.25377821e-05, 6.35174988e-05)
(-1.28004532e-05, 6.52247900e-05)
(-1.30404584e-05, 6.68061009e-05)
(-1.32572881e-05, 6.82583640e-05)
(-1.34504768e-05, 6.95787660e-05)
(-1.36196043e-05, 7.07647528e-05)
(-1.37642965e-05, 7.18140350e-05)
(-1.38842260e-05, 7.27245923e-05)
(-1.39791128e-05, 7.34946773e-05)
(-1.40487252e-05, 7.41228191e-05)
(-1.40928797e-05, 7.46078265e-05)
(-1.41114419e-05, 7.49487896e-05)
(-1.41043264e-05, 7.51450822e-05)
(-1.40714972e-05, 7.51963628e-05)
(-1.40129678e-05, 7.51025752e-05)
(-1.39288011e-05, 7.48639489e-05)
(-1.38191092e-05, 7.44809980e-05)
(-1.36840535e-05, 7.39545208e-05)
(-1.35238441e-05, 7.32855979e-05)
(-1.33387397e-05, 7.24755899e-05)
(-1.31290466e-05, 7.15261349e-05)
(-1.28951189e-05, 7.04391452e-05)
(-1.26373571e-05, 6.92168034e-05)
(-1.23562076e-05, 6.78615580e-05)
(-1.20521621e-05, 6.63761187e-05)
(-1.17257562e-05, 6.47634507e-05)
(-1.13775686e-05, 6.30267692e-05)
(-1.10082200e-05, 6.11695326e-05)
(-1.06183718e-05, 5.91954358e-05)
(-1.02087248e-05, 5.71084028e-05)
(-9.78001805e-06, 5.49125792e-05)
(-9.33302705e-06, 5.26123232e-05)
(-8.86856255e-06, 5.02121978e-05)
(-8.38746880e-06, 4.77169610e-05)
(-7.89062194e-06, 4.51315569e-05)
(-7.37892828e-06, 4.24611056e-05)
(-6.85332253e-06, 3.97108929e-05)
(-6.31476596e-06, 3.68863602e-05)
(-5.76424449e-06, 3.39930931e-05)
(-5.20276679e-06, 3.10368110e-05)
(-4.63136226e-06, 2.80233551e-05)
(-4.05107906e-06, 2.49586774e-05)
(-3.46298197e-06, 2.18488283e-05)
(-2.86815035e-06, 1.86999450e-05)
(-2.26767601e-06, 1.55182392e-05)
(-1.66266103e-06, 1.23099847e-05)
(-1.05421563e-06, 9.08150494e-06)
(-4.43455929e-07, 5.83916082e-06)
( 1.68498187e-07, 2.58933761e-06)
( 7.80525319e-07,-6.61567464e-07)
( 1.39150475e-06,-3.90715790e-06)
( 2.00031866e-06,-7.14105064e-06)
( 2.60585429e-06,-1.03568887e-05)
( 3.20700617e-06,-1.35483537e-05)
( 3.80267829e-06,-1.67091784e-05)
( 4.39178622e-06,-1.98331593e-05)
( 4.97325927e-06,-2.29141685e-05)
( 5.54604257e-06,-2.59461660e-05)
( 6.10909917e-06,-2.89232119e-05)
( 6.66141201e-06,-3.18394778e-05)
( 7.20198596e-06,-3.46892584e-05)
( 7.72984974e-06,-3.74669827e-05)
( 8.24405781e-06,-4.01672252e-05)
( 8.74369221e-06,-4.27847164e-05)
( 9.22786432e-06,-4.53143533e-05)
( 9.69571663e-06,-4.77512093e-05)
( 1.01464243e-05,-5.00905440e-05)
( 1.05791969e-05,-5.23278126e-05)
( 1.09932797e-05,-5.44586748e-05)
( 1.13879554e-05,-5.64790031e-05)
( 1.17625451e-05,-5.83848911e-05)
( 1.21164100e-05,-6.01726613e-05)
( 1.24489522e-05,-6.18388718e-05)
( 1.27596162e-05,-6.33803238e-05)
( 1.30478897e-05,-6.47940669e-05)
( 1.33133043e-05,-6.60774057e-05)
( 1.35554369e-05,-6.72279044e-05)
( 1.37739101e-05,-6.82433921e-05)
( 1.39683927e-05,-6.91219665e-05)
( 1.41386006e-05,-6.98619977e-05)
( 1.42842970e-05,-7.04621315e-05)
( 1.44052929e-05,-7.09212917e-05)
( 1.45014475e-05,-7.12386825e-05)
( 1.45726677e-05,-7.14137895e-05)
( 1.46189090e-05,-7.14463809e-05)
( 1.46401751e-05,-7.13365076e-05)
( 1.46365175e-05,-7.10845035e-05)
( 1.46080356e-05,-7.06909839e-05)
( 1.45548764e-05,-7.01568450e-05)
( 1.44772338e-05,-6.94832614e-05)
( 1.43753481e-05,-6.86716840e-05)
( 1.42495056e-05,-6.77238368e-05)
( 1.41000376e-05,-6.66417134e-05)
( 1.39273200e-05,-6.54275731e-05)
( 1.37317719e-05,-6.40839362e-05)
( 1.35138548e-05,-6.26135788e-05)
( 1.32740716e-05,-6.10195273e-05)
( 1.30129654e-05,-5.93050523e-05)
( 1.27311183e-05,-5.74736620e-05)
( 1.24291499e-05,-5.55290949e-05)
( 1.21077161e-05,-5.34753129e-05)
( 1.17675077e-05,-5.13164928e-05)
( 1.14092484e-05,-4.90570180e-05)
( 1.10336939e-05,-4.67014699e-05)
( 1.06416297e-05,-4.42546189e-05)
( 1.02338695e-05,-4.17214142e-05)
( 9.81125361e-06,-3.91069747e-05)
( 9.37464700e-06,-3.64165784e-05)
( 8.92493742e-06,-3.36556518e-05)
( 8.46303355e-06,-3.08297592e-05)
( 7.98986304e-06,-2.79445917e-05)
( 7.50637050e-06,-2.50059558e-05)
( 7.01351559e-06,-2.20197617e-05)
( 6.51227090e-06,-1.89920117e-05)
( 6.00361996e-06,-1.59287885e-05)
( 5.48855517e-06,-1.28362424e-05)
( 4.96807572e-06,-9.72057998e-06)
( 4.44318555e-06,-6.58805109e-06)
( 3.91489122e-06,-3.44493676e-06)
( 3.38419990e-06,-2.97536683e-07)
( 2.85211726e-06, 2.84784329e-06)
( 2.31964547e-06, 5.98490366e-06)
( 1.78778110e-06, 9.10736372e-06)
( 1.25751317e-06, 1.22089740e-05)
( 7.29821133e-07, 1.52835288e-05)
( 2.05672935e-07, 1.83248782e-05)
(-3.13976921e-07, 2.13269404e-05)
(-8.28189237e-07, 2.42837138e-05)
(-1.33604199e-06, 2.71892886e-05)
(-1.83663210e-06, 3.00378590e-05)
(-2.32907717e-06, 3.28237340e-05)
(-2.81251723e-06, 3.55413493e-05)
(-3.28611628e-06, 3.81852777e-05)
(-3.74906397e-06, 4.07502404e-05)
(-4.20057701e-06, 4.32311170e-05)
(-4.63990069e-06, 4.56229556e-05)
(-5.06631023e-06, 4.79209829e-05)
(-5.47911205e-06, 5.01206135e-05)
(-5.87764506e-06, 5.22174585e-05)
(-6.26128177e-06, 5.42073348e-05)
(-6.62942937e-06, 5.60862731e-05)
(-6.98153073e-06, 5.78505255e-05)
(-7.31706531e-06, 5.94965733e-05)
(-7.63554998e-06, 6.10211334e-05)
(-7.93653977e-06, 6.24211654e-05)
(-8.21962852e-06, 6.36938769e-05)
(-8.48444945e-06, 6.48367297e-05)
(-8.73067561e-06, 6.58474443e-05)
(-8.95802033e-06, 6.67240043e-05)
(-9.16623747e-06, 6.74646608e-05)
(-9.35512165e-06, 6.80679358e-05)
(-9.52450836e-06, 6.85326245e-05)
(-9.67427404e-06, 6.88577984e-05)
(-9.80433597e-06, 6.90428067e-05)
(-9.91465216e-06, 6.90872777e-05)
(-1.00052211e-05, 6.89911195e-05)
(-1.00760815e-05, 6.87545202e-05)
(-1.01273118e-05, 6.83779473e-05)
(-1.01590297e-05, 6.78621473e-05)
(-1.01713919e-05, 6.72081437e-05)
(-1.01645929e-05, 6.64172351e-05)
(-1.01388647e-05, 6.54909930e-05)
(-1.00944759e-05, 6.44312580e-05)
(-1.00317308e-05, 6.32401368e-05)
(-9.95096861e-06, 6.19199980e-05)
(-9.85256215e-06, 6.04734670e-05)
(-9.73691704e-06, 5.89034211e-05)
(-9.60447048e-06, 5.72129840e-05)
(-9.45569007e-06, 5.54055193e-05)
(-9.29107255e-06, 5.34846243e-05)
(-9.11114251e-06, 5.14541223e-05)
(-8.91645104e-06, 4.93180558e-05)
(-8.70757433e-06, 4.70806780e-05)
(-8.48511223e-06, 4.47464447e-05)
(-8.24968680e-06, 4.23200054e-05)
(-8.00194075e-06, 3.98061942e-05)
(-7.74253592e-06, 3.72100204e-05)
(-7.47215171e-06, 3.45366583e-05)
(-7.19148349e-06, 3.17914375e-05)
(-6.90124095e-06, 2.89798320e-05)
(-6.60214647e-06, 2.61074496e-05)
(-6.29493351e-06, 2.31800207e-05)
(-5.98034489e-06, 2.02033875e-05)
(-5.65913117e-06, 1.71834918e-05)
(-5.33204897e-06, 1.41263638e-05)
(-4.99985928e-06, 1.10381101e-05)
(-4.66332583e-06, 7.92490149e-06)
(-4.32321344e-06, 4.79296105e-06)
(-3.98028635e-06, 1.64855175e-06)
(-3.63530661e-06,-1.50203590e-06)
(-3.28903248e-06,-4.65249621e-06)
(-2.94221684e-06,-7.79652078e-06)
(-2.59560563e-06,-1.09278109e-05)
(-2.24993635e-06,-1.40400902e-05)
(-1.90593650e-06,-1.71271165e-05)
(-1.56432222e-06,-2.01826948e-05)
(-1.22579674e-06,-2.32006892e-05)
(-8.91049112e-07,-2.61750348e-05)
(-5.60752802e-07,-2.90997502e-05)
(-2.35564419e-07,-3.19689490e-05)
( 8.38775349e-08,-3.47768515e-05)
( 3.96953855e-07,-3.75177961e-05)
( 7.03065781e-07,-4.01862507e-05)
( 1.00163609e-06,-4.27768237e-05)
( 1.29211013e-06,-4.52842742e-05)
( 1.57395678e-06,-4.77035231e-05)
( 1.84666937e-06,-5.00296629e-05)
( 2.10976656e-06,-5.22579671e-05)
( 2.36279311e-06,-5.43839004e-05)
( 2.60532060e-06,-5.64031271e-05)
( 2.83694812e-06,-5.83115199e-05)
( 3.05730287e-06,-6.01051684e-05)
( 3.26604068e-06,-6.17803867e-05)
( 3.46284647e-06,-6.33337209e-05)
( 3.64743471e-06,-6.47619559e-05)
( 3.81954968e-06,-6.60621221e-05)
( 3.97896581e-06,-6.72315014e-05)
( 4.12548784e-06,-6.82676325e-05)
( 4.25895098e-06,-6.91683160e-05)
( 4.37922097e-06,-6.99316192e-05)
( 4.48619411e-06,-7.05558796e-05)
( 4.57979718e-06,-7.10397087e-05)
( 4.65998734e-06,-7.13819948e-05)
( 4.72675193e-06,-7.15819055e-05)
( 4.78010826e-06,-7.16388894e-05)
( 4.82010324e-06,-7.15526774e-05)
( 4.84681310e-06,-7.13232836e-05)
( 4.86034289e-06,-7.09510052e-05)
( 4.86082608e-06,-7.04364225e-05)
( 4.84842395e-06,-6.97803976e-05)
( 4.82332508e-06,-6.89840732e-05)
( 4.78574463e-06,-6.80488703e-05)
( 4.73592373e-06,-6.69764859e-05)
( 4.67412872e-06,-6.57688897e-05)
( 4.60065034e-06,-6.44283205e-05)
( 4.51580297e-06,-6.29572820e-05)
( 4.41992369e-06,-6.13585380e-05)
( 4.31337145e-06,-5.96351074e-05)
( 4.19652608e-06,-5.77902582e-05)
( 4.06978732e-06,-5.58275014e-05)
( 3.93357386e-06,-5.37505844e-05)
( 3.78832222e-06,-5.15634835e-05)
( 3.63448578e-06,-4.92703966e-05)
( 3.47253361e-06,-4.68757352e-05)
( 3.30294939e-06,-4.43841153e-05)
( 3.12623028e-06,-4.18003491e-05)
( 2.94288578e-06,-3.91294357e-05)
( 2.75343651e-06,-3.63765507e-05)
( 2.55841310e-06,-3.35470372e-05)
( 2.35835494e-06,-3.06463946e-05)
( 2.15380903e-06,-2.76802683e-05)
( 1.94532874e-06,-2.46544388e-05)
( 1.73347259e-06,-2.15748101e-05)
( 1.51880311e-06,-1.84473985e-05)
( 1.30188553e-06,-1.52783206e-05)
( 1.08328666e-06,-1.20737817e-05)
( 8.63573662e-07,-8.84006327e-06)
( 6.43312837e-07,-5.58351096e-06)
( 4.23068473e-07,-2.31052202e-06)
( 2.03401657e-07, 9.72467205e-07)
(-1.51308692e-08, 4.25899392e-06)
(-2.31977852e-07, 7.54258157e-06)
(-4.46594649e-07, 1.08167526e-05)
(-6.58444327e-07, 1.40750411e-05)
(-8.66998740e-07, 1.73110057e-05)
(-1.07173959e-06, 2.05182423e-05)
(-1.27215944e-06, 2.36903964e-05)
(-1.46776273e-06, 2.68211760e-05)
(-1.65806677e-06, 2.99043639e-05)
(-1.84260263e-06, 3.29338300e-05)
(-2.02091609e-06, 3.59035436e-05)
(-2.19256852e-06, 3.88075851e-05)
(-2.35713771e-06, 4.16401580e-05)
(-2.51421868e-06, 4.43956003e-05)
(-2.66342446e-06, 4.70683959e-05)
(-2.80438679e-06, 4.96531854e-05)
(-2.93675686e-06, 5.21447769e-05)
(-3.06020595e-06, 5.45381567e-05)
(-3.17442603e-06, 5.68284986e-05)
(-3.27913032e-06, 5.90111745e-05)
(-3.37405386e-06, 6.10817628e-05)
(-3.45895396e-06, 6.30360581e-05)
(-3.53361065e-06, 6.48700790e-05)
(-3.59782710e-06, 6.65800768e-05)
(-3.65142993e-06, 6.81625425e-05)
(-3.69426956e-06, 6.96142144e-05)
(-3.72622044e-06, 7.09320846e-05)
(-3.74718130e-06, 7.21134049e-05)
(-3.75707528e-06, 7.31556929e-05)
(-3.75585008e-06, 7.40567370e-05)
(-3.74347804e-06, 7.48146007e-05)
(-3.71995617e-06, 7.54276271e-05)
(-3.68530613e-06, 7.58944422e-05)
(-3.63957416e-06, 7.62139578e-05)
(-3.58283101e-06, 7.63853742e-05)
(-3.51517175e-06, 7.64081817e-05)
(-3.43671560e-06, 7.62821621e-05)
(-3.34760570e-06, 7.60073892e-05)
(-3.24800879e-06, 7.55842292e-05)
(-3.13811490e-06, 7.50133400e-05)
(-3.01813699e-06, 7.42956701e-05)
(-2.88831054e-06, 7.34324572e-05)
(-2.74889306e-06, 7.24252262e-05)
(-2.60016365e-06, 7.12757859e-05)
(-2.44242240e-06, 6.99862260e-05)
(-2.27598988e-06, 6.85589132e-05)
(-2.10120647e-06, 6.69964869e-05)
(-1.91843178e-06, 6.53018541e-05)
(-1.72804386e-06, 6.34781837e-05)
(-1.53043859e-06, 6.15289009e-05)
(-1.32602886e-06, 5.94576803e-05)
(-1.11524377e-06, 5.72684391e-05)
(-8.98527884e-07, 5.49653296e-05)
(-6.76340294e-07, 5.25527307e-05)
(-4.49153791e-07, 5.00352404e-05)
(-2.17453948e-07, 4.74176659e-05)
( 1.82618121e-08, 4.47050150e-05)
( 2.57485176e-07, 4.19024861e-05)
( 4.99697924e-07, 3.90154582e-05)
( 7.44372924e-07, 3.60494803e-05)
( 9.90975152e-07, 3.30102606e-05)
( 1.23896274e-06, 2.99036558e-05)
( 1.48778804e-06, 2.67356590e-05)
( 1.73689867e-06, 2.35123883e-05)
( 1.98573860e-06, 2.02400751e-05)
( 2.23374930e-06, 1.69250515e-05)
( 2.48037077e-06, 1.35737380e-05)
( 2.72504270e-06, 1.01926310e-05)
( 2.96720558e-06, 6.78829008e-06)
( 3.20630181e-06, 3.36732490e-06)
( 3.44177684e-06,-6.36175692e-08)
( 3.67308030e-06,-3.49786620e-06)
( 3.89966707e-06,-6.92873885e-06)
( 4.12099848e-06,-1.03495555e-05)
( 4.33654334e-06,-1.37536514e-05)
( 4.54577911e-06,-1.71343903e-05)
( 4.74819296e-06,-2.04851773e-05)
( 4.94328284e-06,-2.37994723e-05)
( 5.13055857e-06,-2.70708023e-05)
( 5.30954289e-06,-3.02927749e-05)
( 5.47977248e-06,-3.34590903e-05)
( 5.64079898e-06,-3.65635542e-05)
( 5.79218996e-06,-3.96000897e-05)
( 5.93352994e-06,-4.25627496e-05)
( 6.06442124e-06,-4.54457281e-05)
( 6.18448497e-06,-4.82433723e-05)
( 6.29336187e-06,-5.09501933e-05)
( 6.39071318e-06,-5.35608772e-05)
( 6.47622143e-06,-5.60702956e-05)
( 6.54959123e-06,-5.84735158e-05)
( 6.61055000e-06,-6.07658105e-05)
( 6.65884869e-06,-6.29426674e-05)
( 6.69426243e-06,-6.49997978e-05)
( 6.71659112e-06,-6.69331455e-05)
( 6.72566007e-06,-6.87388947e-05)
( 6.72132043e-06,-7.04134774e-05)
( 6.70344977e-06,-7.19535809e-05)
( 6.67195241e-06,-7.33561541e-05)
( 6.62675990e-06,-7.46184138e-05)
( 6.56783126e-06,-7.57378497e-05)
( 6.49515332e-06,-7.67122304e-05)
( 6.40874089e-06,-7.75396068e-05)
( 6.30863698e-06,-7.82183168e-05)
( 6.19491287e-06,-7.87469879e-05)
( 6.06766821e-06,-7.91245409e-05)
( 5.92703095e-06,-7.93501910e-05)
( 5.77315737e-06,-7.94234504e-05)
( 5.60623191e-06,-7.93441283e-05)
( 5.42646698e-06,-7.91123323e-05)
( 5.23410280e-06,-7.87284674e-05)
( 5.02940704e-06,-7.81932359e-05)
( 4.81267451e-06,-7.75076354e-05)
( 4.58422674e-06,-7.66729575e-05)
( 4.34441151e-06,-7.56907846e-05)
( 4.09360237e-06,-7.45629876e-05)
( 3.83219798e-06,-7.32917213e-05)
( 3.56062157e-06,-7.18794209e-05)
( 3.27932017e-06,-7.03287971e-05)
( 2.98876392e-06,-6.86428302e-05)
( 2.68944525e-06,-6.68247649e-05)
( 2.38187801e-06,-6.48781038e-05)
( 2.06659660e-06,-6.28065999e-05)
( 1.74415501e-06,-6.06142501e-05)
( 1.41512580e-06,-5.83052867e-05)
( 1.08009910e-06,-5.58841690e-05)
( 7.39681451e-07,-5.33555751e-05)
( 3.94494733e-07,-5.07243921e-05)
( 4.51749622e-08,-4.79957067e-05)
(-3.07628918e-07,-4.51747953e-05)
(-6.63256284e-07,-4.22671132e-05)
(-1.02103611e-06,-3.92782843e-05)
(-1.38028830e-06,-3.62140899e-05)
(-1.74032500e-06,-3.30804569e-05)
(-2.10045200e-06,-2.98834469e-05)
(-2.45997009e-06,-2.66292436e-05)
(-2.81817652e-06,-2.33241409e-05)
(-3.17436637e-06,-1.99745307e-05)
(-3.52783405e-06,-1.65868898e-05)
(-3.87787473e-06,-1.31677677e-05)
(-4.22378581e-06,-9.72377367e-06)
(-4.56486837e-06,-6.26156344e-06)
(-4.90042868e-06,-2.78782643e-06)
(-5.22977964e-06, 6.90727471e-07)
(-5.55224226e-06, 4.16738104e-06)
(-5.86714710e-06, 7.63542288e-06)
(-6.17383574e-06, 1.10881606e-05)
(-6.47166222e-06, 1.45189338e-05)
(-6.75999440e-06, 1.79211272e-05)
(-7.03821543e-06, 2.12881836e-05)
(-7.30572504e-06, 2.46136167e-05)
(-7.56194096e-06, 2.78910233e-05)
(-7.80630016e-06, 3.11140967e-05)
(-8.03826019e-06, 3.42766379e-05)
(-8.25730034e-06, 3.73725686e-05)
(-8.46292294e-06, 4.03959425e-05)
(-8.65465442e-06, 4.33409569e-05)
(-8.83204648e-06, 4.62019640e-05)
(-8.99467714e-06, 4.89734819e-05)
(-9.14215173e-06, 5.16502053e-05)
(-9.27410385e-06, 5.42270154e-05)
(-9.39019628e-06, 5.66989900e-05)
(-9.49012182e-06, 5.90614130e-05)
(-9.57360404e-06, 6.13097835e-05)
(-9.64039803e-06, 6.34398242e-05)
(-9.69029103e-06, 6.54474899e-05)
(-9.72310298e-06, 6.73289748e-05)
(-9.73868710e-06, 6.90807203e-05)
(-9.73693027e-06, 7.06994212e-05)
(-9.71775343e-06, 7.21820324e-05)
(-9.68111185e-06, 7.35257743e-05)
(-9.62699537e-06, 7.47281382e-05)
(-9.55542855e-06, 7.57868908e-05)
(-9.46647073e-06, 7.67000786e-05)
(-9.36021599e-06, 7.74660311e-05)
(-9.23679314e-06, 7.80833642e-05)
(-9.09636550e-06, 7.85509824e-05)
(-8.93913067e-06, 7.88680806e-05)
(-8.76532025e-06, 7.90341457e-05)
(-8.57519941e-06, 7.90489572e-05)
(-8.36906644e-06, 7.89125874e-05)
(-8.14725222e-06, 7.86254007e-05)
(-7.91011960e-06, 7.81880533e-05)
(-7.65806270e-06, 7.76014907e-05)
(-7.39150618e-06, 7.68669466e-05)
(-7.11090440e-06, 7.59859395e-05)
(-6.81674050e-06, 7.49602698e-05)
(-6.50952550e-06, 7.37920160e-05)
(-6.18979723e-06, 7.24835301e-05)
(-5.85811925e-06, 7.10374335e-05)
(-5.51507973e-06, 6.94566107e-05)
(-5.16129023e-06, 6.77442041e-05)
(-4.79738445e-06, 6.59036076e-05)
(-4.42401695e-06, 6.39384595e-05)
(-4.04186175e-06, 6.18526352e-05)
(-3.65161098e-06, 5.96502398e-05)
(-3.25397342e-06, 5.73355995e-05)
(-2.84967305e-06, 5.49132533e-05)
(-2.43944751e-06, 5.23879439e-05)
(-2.02404656e-06, 4.97646080e-05)
(-1.60423056e-06, 4.70483671e-05)
(-1.18076881e-06, 4.42445171e-05)
(-7.54438011e-07, 4.13585176e-05)
(-3.26020581e-07, 3.83959817e-05)
( 1.03696944e-07, 3.53626647e-05)
( 5.33925569e-07, 3.22644527e-05)
( 9.63875490e-07, 2.91073514e-05)
( 1.39275774e-06, 2.58974742e-05)
( 1.81978582e-06, 2.26410301e-05)
( 2.24417738e-06, 1.93443120e-05)
( 2.66515578e-06, 1.60136842e-05)
( 3.08195174e-06, 1.26555700e-05)
( 3.49380493e-06, 9.27643949e-06)
( 3.89996552e-06, 5.88279669e-06)
( 4.29969572e-06, 2.48116729e-06)
( 4.69227129e-06,-9.21914144e-07)
( 5.07698302e-06,-4.31991670e-06)
( 5.45313814e-06,-7.70632573e-06)
( 5.82006175e-06,-1.10746554e-05)
( 6.17709814e-06,-1.44184609e-05)
( 6.52361210e-06,-1.77313514e-05)
( 6.85899017e-06,-2.10070016e-05)
( 7.18264183e-06,-2.42391643e-05)
( 7.49400064e-06,-2.74216819e-05)
( 7.79252534e-06,-3.05484987e-05)
( 8.07770085e-06,-3.36136719e-05)
( 8.34903920e-06,-3.66113834e-05)
( 8.60608049e-06,-3.95359503e-05)
( 8.84839364e-06,-4.23818360e-05)
( 9.07557718e-06,-4.51436607e-05)
( 9.28725994e-06,-4.78162114e-05)
( 9.48310162e-06,-5.03944516e-05)
( 9.66279336e-06,-5.28735314e-05)
( 9.82605820e-06,-5.52487956e-05)
( 9.97265145e-06,-5.75157935e-05)
( 1.01023610e-05,-5.96702863e-05)
( 1.02150077e-05,-6.17082555e-05)
( 1.03104451e-05,-6.36259103e-05)
( 1.03885601e-05,-6.54196945e-05)
( 1.04492726e-05,-6.70862932e-05)
( 1.04925355e-05,-6.86226387e-05)
( 1.05183346e-05,-7.00259162e-05)
( 1.05266884e-05,-7.12935692e-05)
( 1.05176477e-05,-7.24233036e-05)
( 1.04912955e-05,-7.34130921e-05)
( 1.04477463e-05,-7.42611780e-05)
( 1.03871457e-05,-7.49660778e-05)
( 1.03096699e-05,-7.55265842e-05)
( 1.02155252e-05,-7.59417679e-05)
( 1.01049468e-05,-7.62109790e-05)
( 9.97819894e-06,-7.63338483e-05)
( 9.83557317e-06,-7.63102874e-05)
( 9.67738812e-06,-7.61404886e-05)
( 9.50398837e-06,-7.58249246e-05)
( 9.31574355e-06,-7.53643469e-05)
( 9.11304733e-06,-7.47597842e-05)
( 8.89631638e-06,-7.40125404e-05)
( 8.66598931e-06,-7.31241917e-05)
( 8.42252554e-06,-7.20965829e-05)
( 8.16640420e-06,-7.09318246e-05)
( 7.89812289e-06,-6.96322878e-05)
( 7.61819655e-06,-6.82006001e-05)
( 7.32715617e-06,-6.66396397e-05)
( 7.02554763e-06,-6.49525301e-05)
( 6.71393039e-06,-6.31426339e-05)
( 6.39287622e-06,-6.12135458e-05)
( 6.06296796e-06,-5.91690862e-05)
( 5.72479824e-06,-5.70132930e-05)
( 5.37896815e-06,-5.47504140e-05)
( 5.02608602e-06,-5.23848988e-05)
( 4.66676612e-06,-4.99213899e-05)
( 4.30162738e-06,-4.73647137e-05)
( 3.93129219e-06,-4.47198712e-05)
( 3.55638509e-06,-4.19920283e-05)
( 3.17753161e-06,-3.91865057e-05)
( 2.79535703e-06,-3.63087688e-05)
( 2.41048526e-06,-3.33644170e-05)
( 2.02353762e-06,-3.03591732e-05)
( 1.63513177e-06,-2.72988721e-05)
( 1.24588060e-06,-2.41894499e-05)
( 8.56391199e-07,-2.10369321e-05)
( 4.67263804e-07,-1.78474223e-05)
( 7.90908481e-08,-1.46270905e-05)
(-3.07543995e-07,-1.13821613e-05)
(-6.92066704e-07,-8.11890158e-06)
(-1.07391377e-06,-4.84360898e-06)
(-1.45253300e-06,-1.56259959e-06)
(-1.82738431e-06, 1.71780406e-06)
(-2.19794039e-06, 4.99128513e-06)
(-2.56368743e-06, 8.25154453e-06)
(-2.92412571e-06, 1.14923129e-05)
(-3.27877022e-06, 1.47073628e-05)
(-3.62715111e-06, 1.78905202e-05)
(-3.96881424e-06, 2.10356767e-05)
(-4.30332157e-06, 2.41368009e-05)
(-4.63025156e-06, 2.71879501e-05)
(-4.94919948e-06, 3.01832815e-05)
(-5.25977772e-06, 3.31170633e-05)
(-5.56161599e-06, 3.59836858e-05)
(-5.85436155e-06, 3.87776720e-05)
(-6.13767933e-06, 4.14936882e-05)
(-6.41125204e-06, 4.41265537e-05)
(-6.67478023e-06, 4.66712513e-05)
(-6.92798229e-06, 4.91229365e-05)
(-7.17059446e-06, 5.14769468e-05)
(-7.40237072e-06, 5.37288105e-05)
(-7.62308275e-06, 5.58742554e-05)
(-7.83251975e-06, 5.79092170e-05)
(-8.03048832e-06, 5.98298458e-05)
(-8.21681221e-06, 6.16325154e-05)
(-8.39133215e-06, 6.33138285e-05)
(-8.55390555e-06, 6.48706243e-05)
(-8.70440630e-06, 6.62999838e-05)
(-8.84272437e-06, 6.75992357e-05)
(-8.96876561e-06, 6.87659616e-05)
(-9.08245132e-06, 6.97980003e-05)
(-9.18371797e-06, 7.06934523e-05)
(-9.27251682e-06, 7.14506831e-05)
(-9.34881352e-06, 7.20683265e-05)
(-9.41258779e-06, 7.25452871e-05)
(-9.46383301e-06, 7.28807425e-05)
(-9.50255580e-06, 7.30741449e-05)
(-9.52877572e-06, 7.31252220e-05)
(-9.54252478e-06, 7.30339775e-05)
(-9.54384714e-06, 7.28006914e-05)
(-9.53279870e-06, 7.24259190e-05)
(-9.50944671e-06, 7.19104903e-05)
(-9.47386946e-06, 7.12555079e-05)
(-9.42615587e-06, 7.04623453e-05)
(-9.36640520e-06, 6.95326442e-05)
(-9.29472668e-06, 6.84683111e-05)
(-9.21123925e-06, 6.72715138e-05)
(-9.11607121e-06, 6.59446771e-05)
(-9.00935997e-06, 6.44904783e-05)
(-8.89125182e-06, 6.29118420e-05)
(-8.76190161e-06, 6.12119342e-05)
(-8.62147262e-06, 5.93941567e-05)
(-8.47013628e-06, 5.74621398e-05)
(-8.30807204e-06, 5.54197360e-05)
(-8.13546719e-06, 5.32710121e-05)
(-7.95251673e-06, 5.10202414e-05)
(-7.75942322e-06, 4.86718955e-05)
(-7.55639672e-06, 4.62306357e-05)
(-7.34365470e-06, 4.37013035e-05)
(-7.12142197e-06, 4.10889118e-05)
(-6.88993064e-06, 3.83986349e-05)
(-6.64942009e-06, 3.56357983e-05)
(-6.40013700e-06, 3.28058684e-05)
(-6.14233531e-06, 2.99144419e-05)
(-5.87627627e-06, 2.69672349e-05)
(-5.60222848e-06, 2.39700717e-05)
(-5.32046792e-06, 2.09288733e-05)
(-5.03127803e-06, 1.78496462e-05)
(-4.73494974e-06, 1.47384699e-05)
(-4.43178159e-06, 1.16014859e-05)
(-4.12207978e-06, 8.44488495e-06)
(-3.80615825e-06, 5.27489523e-06)
(-3.48433875e-06, 2.09776999e-06)
(-3.15695095e-06,-1.08022469e-06)
(-2.82433249e-06,-4.25282230e-06)
(-2.48682906e-06,-7.41376822e-06)
(-2.14479445e-06,-1.05568321e-05)
(-1.79859062e-06,-1.36758200e-05)
(-1.44858770e-06,-1.67645870e-05)
(-1.09516407e-06,-1.98170489e-05)
(-7.38706321e-07,-2.28271948e-05)
(-3.79609243e-07,-2.57890985e-05)
(-1.82758248e-08,-2.86969306e-05)
( 3.44882840e-07,-3.15449701e-05)
( 7.09447614e-07,-3.43276155e-05)
( 1.07499144e-06,-3.70393965e-05)
( 1.44107946e-06,-3.96749842e-05)
( 1.80726924e-06,-4.22292025e-05)
( 2.17311089e-06,-4.46970377e-05)
( 2.53814738e-06,-4.70736492e-05)
( 2.90191477e-06,-4.93543789e-05)
( 3.26394255e-06,-5.15347606e-05)
( 3.62375396e-06,-5.36105290e-05)
( 3.98086639e-06,-5.55776280e-05)
( 4.33479185e-06,-5.74322196e-05)
( 4.68503735e-06,-5.91706909e-05)
( 5.03110552e-06,-6.07896618e-05)
( 5.37249507e-06,-6.22859918e-05)
( 5.70870146e-06,-6.36567864e-05)
( 6.03921746e-06,-6.48994027e-05)
( 6.36353392e-06,-6.60114553e-05)
( 6.68114040e-06,-6.69908208e-05)
( 6.99152601e-06,-6.78356423e-05)
( 7.29418016e-06,-6.85443333e-05)
( 7.58859339e-06,-6.91155805e-05)
( 7.87425832e-06,-6.95483474e-05)
( 8.15067048e-06,-6.98418755e-05)
( 8.41732930e-06,-6.99956868e-05)
( 8.67373908e-06,-7.00095843e-05)
( 8.91941001e-06,-6.98836523e-05)
( 9.15385921e-06,-6.96182572e-05)
( 9.37661177e-06,-6.92140457e-05)
( 9.58720188e-06,-6.86719444e-05)
( 9.78517390e-06,-6.79931577e-05)
( 9.97008352e-06,-6.71791654e-05)
( 1.01414989e-05,-6.62317195e-05)
( 1.02990017e-05,-6.51528414e-05)
( 1.04421886e-05,-6.39448171e-05)
( 1.05706720e-05,-6.26101930e-05)
( 1.06840814e-05,-6.11517707e-05)
( 1.07820647e-05,-5.95726012e-05)
( 1.08642893e-05,-5.78759789e-05)
( 1.09304429e-05,-5.60654346e-05)
( 1.09802351e-05,-5.41447288e-05)
( 1.10133984e-05,-5.21178435e-05)
( 1.10296890e-05,-4.99889746e-05)
( 1.10288883e-05,-4.77625226e-05)
( 1.10108037e-05,-4.54430845e-05)
( 1.09752693e-05,-4.30354437e-05)
( 1.09221477e-05,-4.05445603e-05)
( 1.08513300e-05,-3.79755612e-05)
( 1.07627372e-05,-3.53337293e-05)
( 1.06563209e-05,-3.26244926e-05)
( 1.05320641e-05,-2.98534133e-05)
( 1.03899819e-05,-2.70261759e-05)
( 1.02301219e-05,-2.41485760e-05)
( 1.00525651e-05,-2.12265077e-05)
( 9.85742638e-06,-1.82659522e-05)
( 9.64485473e-06,-1.52729646e-05)
( 9.41503380e-06,-1.22536619e-05)
( 9.16818206e-06,-9.21421031e-06)
( 8.90455307e-06,-6.16081217e-06)
( 8.62443558e-06,-3.09969338e-06)
( 8.32815356e-06,-3.70903629e-08)
( 8.01606611e-06, 3.02076287e-06)
( 7.68856738e-06, 6.06764765e-06)
( 7.34608624e-06, 9.09737355e-06)
( 6.98908604e-06, 1.21037913e-05)
( 6.61806410e-06, 1.50808054e-05)
( 6.23355126e-06, 1.80223871e-05)
( 5.83611121e-06, 2.09225866e-05)
( 5.42633980e-06, 2.37755457e-05)
( 5.00486424e-06, 2.65755095e-05)
( 4.57234219e-06, 2.93168391e-05)
( 4.12946076e-06, 3.19940226e-05)
( 3.67693544e-06, 3.46016870e-05)
( 3.21550890e-06, 3.71346091e-05)
( 2.74594973e-06, 3.95877264e-05)
( 2.26905110e-06, 4.19561478e-05)
( 1.78562929e-06, 4.42351632e-05)
( 1.29652220e-06, 4.64202540e-05)
( 8.02587713e-07, 4.85071015e-05)
( 3.04702055e-07, 5.04915968e-05)
(-1.96241992e-07, 5.23698484e-05)
(-6.99336890e-07, 5.41381907e-05)
(-1.20366223e-06, 5.57931913e-05)
(-1.70828670e-06, 5.73316579e-05)
(-2.21227003e-06, 5.87506452e-05)
(-2.71466511e-06, 6.00474603e-05)
(-3.21452004e-06, 6.12196684e-05)
(-3.71088029e-06, 6.22650977e-05)
(-4.20279085e-06, 6.31818436e-05)
(-4.68929845e-06, 6.39682722e-05)
(-5.16945379e-06, 6.46230238e-05)
(-5.64231374e-06, 6.51450150e-05)
(-6.10694362e-06, 6.55334411e-05)
(-6.56241947e-06, 6.57877769e-05)
(-7.00783027e-06, 6.59077779e-05)
(-7.44228019e-06, 6.58934800e-05)
(-7.86489084e-06, 6.57451994e-05)
(-8.27480345e-06, 6.54635310e-05)
(-8.67118109e-06, 6.50493472e-05)
(-9.05321074e-06, 6.45037951e-05)
(-9.42010548e-06, 6.38282942e-05)
(-9.77110648e-06, 6.30245321e-05)
(-1.01054850e-05, 6.20944614e-05)
(-1.04225444e-05, 6.10402941e-05)
(-1.07216220e-05, 5.98644970e-05)
(-1.10020906e-05, 5.85697858e-05)
(-1.12633607e-05, 5.71591187e-05)
(-1.15048818e-05, 5.56356898e-05)
(-1.17261439e-05, 5.40029214e-05)
(-1.19266791e-05, 5.22644567e-05)
(-1.21060629e-05, 5.04241513e-05)
(-1.22639155e-05, 4.84860641e-05)
(-1.23999027e-05, 4.64544489e-05)
(-1.25137372e-05, 4.43337441e-05)
(-1.26051793e-05, 4.21285632e-05)
(-1.26740377e-05, 3.98436845e-05)
(-1.27201701e-05, 3.74840398e-05)
(-1.27434839e-05, 3.50547042e-05)
(-1.27439364e-05, 3.25608845e-05)
(-1.27215350e-05, 3.00079075e-05)
(-1.26763376e-05, 2.74012084e-05)
(-1.26084520e-05, 2.47463188e-05)
(-1.25180365e-05, 2.20488545e-05)
(-1.24052990e-05, 1.93145030e-05)
(-1.22704966e-05, 1.65490112e-05)
(-1.21139354e-05, 1.37581729e-05)
(-1.19359693e-05, 1.09478159e-05)
(-1.17369996e-05, 8.12378942e-06)
(-1.15174736e-05, 5.29195153e-06)
(-1.12778836e-05, 2.45815629e-06)
(-1.10187657e-05,-3.71758805e-07)
(-1.07406984e-05,-3.19198542e-06)
(-1.04443009e-05,-5.99675684e-06)
(-1.01302318e-05,-8.78036031e-06)
(-9.79918712e-06,-1.15371492e-05)
(-9.45189829e-06,-1.42615551e-05)
(-9.08913048e-06,-1.69480993e-05)
(-8.71168033e-06,-1.95914048e-05)
(-8.32037384e-06,-2.21862071e-05)
(-7.91606406e-06,-2.47273654e-05)
(-7.49962879e-06,-2.72098734e-05)
(-7.07196809e-06,-2.96288694e-05)
(-6.63400186e-06,-3.19796463e-05)
(-6.18666719e-06,-3.42576612e-05)
(-5.73091582e-06,-3.64585446e-05)
(-5.26771141e-06,-3.85781090e-05)
(-4.79802692e-06,-4.06123576e-05)
(-4.32284177e-06,-4.25574913e-05)
(-3.84313919e-06,-4.44099171e-05)
(-3.35990337e-06,-4.61662540e-05)
(-2.87411672e-06,-4.78233399e-05)
(-2.38675709e-06,-4.93782373e-05)
(-1.89879502e-06,-5.08282384e-05)
(-1.41119099e-06,-5.21708699e-05)
(-9.24892698e-07,-5.34038973e-05)
(-4.40832434e-07,-5.45253285e-05)
( 4.00755849e-08,-5.55334164e-05)
( 5.16937756e-07,-5.64266621e-05)
( 9.88883595e-07,-5.72038159e-05)
( 1.45506817e-06,-5.78638794e-05)
( 1.91467442e-06,-5.84061056e-05)
( 2.36691544e-06,-5.88299994e-05)
( 2.81103661e-06,-5.91353170e-05)
( 3.24631766e-06,-5.93220648e-05)
( 3.67207459e-06,-5.93904978e-05)
( 4.08766149e-06,-5.93411175e-05)
( 4.49247224e-06,-5.91746691e-05)
( 4.88594203e-06,-5.88921383e-05)
( 5.26754882e-06,-5.84947473e-05)
( 5.63681455e-06,-5.79839507e-05)
( 5.99330631e-06,-5.73614301e-05)
( 6.33663726e-06,-5.66290894e-05)
( 6.66646746e-06,-5.57890485e-05)
( 6.98250449e-06,-5.48436371e-05)
( 7.28450392e-06,-5.37953876e-05)
( 7.57226961e-06,-5.26470285e-05)
( 7.84565384e-06,-5.14014761e-05)
( 8.10455725e-06,-5.00618270e-05)
( 8.34892863e-06,-4.86313490e-05)
( 8.57876450e-06,-4.71134733e-05)
( 8.79410855e-06,-4.55117843e-05)
( 8.99505087e-06,-4.38300113e-05)
( 9.18172702e-06,-4.20720177e-05)
( 9.35431693e-06,-4.02417921e-05)
( 9.51304361e-06,-3.83434372e-05)
( 9.65817172e-06,-3.63811604e-05)
( 9.79000592e-06,-3.43592622e-05)
( 9.90888913e-06,-3.22821262e-05)
( 1.00152006e-05,-3.01542082e-05)
( 1.01093536e-05,-2.79800248e-05)
( 1.01917937e-05,-2.57641431e-05)
( 1.02629958e-05,-2.35111690e-05)
( 1.03234618e-05,-2.12257365e-05)
( 1.03737182e-05,-1.89124966e-05)
( 1.04143129e-05,-1.65761060e-05)
( 1.04458127e-05,-1.42212166e-05)
( 1.04687999e-05,-1.18524645e-05)
( 1.04838695e-05,-9.47445878e-06)
( 1.04916258e-05,-7.09177155e-06)
( 1.04926793e-05,-4.70892710e-06)
( 1.04876430e-05,-2.33039177e-06)
( 1.04771293e-05, 3.94361467e-08)
( 1.04617465e-05, 2.39623617e-06)
( 1.04420949e-05, 4.73577522e-06)
( 1.04187634e-05, 7.05391690e-06)
( 1.03923262e-05, 9.34663048e-06)
( 1.03633386e-05, 1.16099995e-05)
( 1.03323338e-05, 1.38402303e-05)
( 1.02998189e-05, 1.60336598e-05)
( 1.02662715e-05, 1.81867631e-05)
( 1.02321358e-05, 2.02961611e-05)
( 1.01978193e-05, 2.23586267e-05)
( 1.01636887e-05, 2.43710921e-05)
( 1.01300668e-05, 2.63306541e-05)
( 1.00972288e-05, 2.82345803e-05)
( 1.00653985e-05, 3.00803137e-05)
( 1.00347454e-05, 3.18654782e-05)
( 1.00053807e-05, 3.35878825e-05)
( 9.97735431e-06, 3.52455242e-05)
( 9.95065128e-06, 3.68365933e-05)
( 9.92518869e-06, 3.83594754e-05)
( 9.90081226e-06, 3.98127543e-05)
( 9.87729317e-06, 4.11952143e-05)
( 9.85432479e-06, 4.25058423e-05)
( 9.83151949e-06, 4.37438293e-05)
( 9.80840537e-06, 4.49085716e-05)
( 9.78442296e-06, 4.59996719e-05)
( 9.75892186e-06, 4.70169400e-05)
( 9.73115725e-06, 4.79603928e-05)
( 9.70028625e-06, 4.88302556e-05)
( 9.66536403e-06, 4.96269612e-05)
( 9.62533970e-06, 5.03511506e-05)
( 9.57905182e-06, 5.10036733e-05)
( 9.52522340e-06, 5.15855873e-05)
( 9.46245637e-06, 5.20981598e-05)
( 9.38922532e-06, 5.25428680e-05)
( 9.30387030e-06, 5.29214013e-05)
( 9.20458855e-06, 5.32356629e-05)
( 9.08942478e-06, 5.34877735e-05)
( 8.95625977e-06, 5.36800764e-05)
( 8.80279676e-06, 5.38151436e-05)
( 8.62654526e-06, 5.38957850e-05)
( 8.42480147e-06, 5.39250601e-05)
( 8.19462450e-06, 5.39062936e-05)
( 7.93280745e-06, 5.38430958e-05)
( 7.63584169e-06, 5.37393891e-05)
( 7.29987274e-06, 5.35994428e-05)
( 6.92064525e-06, 5.34279181e-05)
( 6.49343373e-06, 5.32299268e-05)
( 6.01295482e-06, 5.30111087e-05)
( 5.47325485e-06, 5.27777331e-05)
( 4.86756448e-06, 5.25368336e-05)
( 4.18810833e-06, 5.22963886e-05)
( 3.42585242e-06, 5.20655665e-05)
( 2.57016424e-06, 5.18550616e-05)
( 1.60834715e-06, 5.16775631e-05)
( 5.24990711e-07, 5.15484209e-05)
(-6.98956291e-07, 5.14866128e-05)
(-2.08754209e-06, 5.15161816e-05)
(-3.67185556e-06, 5.16684385e-05)
(-5.49321383e-06, 5.19854539e-05)
(-7.60834296e-06, 5.25258250e-05)
(-1.00982269e-05, 5.33746865e-05)
(-1.30841772e-05, 5.46621869e-05)
(-1.67593616e-05, 5.66003329e-05)
(-2.14572708e-05, 5.95643160e-05)
(-2.78213787e-05, 6.42972855e-05)
(-3.73539337e-05, 7.25855421e-05)
(-5.35484421e-05, 8.86302659e-05)
(-1.34644067e-04, 1.86537822e-04)
(-3.69314129e-07, 1.33437600e-06)
(-1.11707953e-06, 4.70781496e-06)
(-1.84479632e-06, 7.90082480e-06)
(-2.57044851e-06, 1.10764188e-05)
(-3.29145597e-06, 1.42271653e-05)
(-4.00620274e-06, 1.73482216e-05)
(-4.71318732e-06, 2.04340163e-05)
(-5.41096320e-06, 2.34787729e-05)
(-6.09812263e-06, 2.64766658e-05)
(-6.77328924e-06, 2.94218951e-05)
(-7.43511686e-06, 3.23087268e-05)
(-8.08228987e-06, 3.51315193e-05)
(-8.71352448e-06, 3.78847433e-05)
(-9.32757058e-06, 4.05629971e-05)
(-9.92321373e-06, 4.31610206e-05)
(-1.04992772e-05, 4.56737076e-05)
(-1.10546244e-05, 4.80961169e-05)
(-1.15881604e-05, 5.04234832e-05)
(-1.20988347e-05, 5.26512269e-05)
(-1.25856429e-05, 5.47749637e-05)
(-1.30476285e-05, 5.67905137e-05)
(-1.34838852e-05, 5.86939093e-05)
(-1.38935582e-05, 6.04814037e-05)
(-1.42758464e-05, 6.21494786e-05)
(-1.46300035e-05, 6.36948505e-05)
(-1.49553395e-05, 6.51144778e-05)
(-1.52512225e-05, 6.64055669e-05)
(-1.55170795e-05, 6.75655773e-05)
(-1.57523977e-05, 6.85922270e-05)
(-1.59567253e-05, 6.94834971e-05)
(-1.61296727e-05, 7.02376352e-05)
(-1.62709132e-05, 7.08531597e-05)
(-1.63801832e-05, 7.13288622e-05)
(-1.64572832e-05, 7.16638097e-05)
(-1.65020781e-05, 7.18573472e-05)
(-1.65144971e-05, 7.19090982e-05)
(-1.64945341e-05, 7.18189657e-05)
(-1.64422475e-05, 7.15871328e-05)
(-1.63577605e-05, 7.12140615e-05)
(-1.62412600e-05, 7.07004928e-05)
(-1.60929971e-05, 7.00474442e-05)
(-1.59132857e-05, 6.92562084e-05)
(-1.57025025e-05, 6.83283506e-05)
(-1.54610859e-05, 6.72657050e-05)
(-1.51895352e-05, 6.60703720e-05)
(-1.48884095e-05, 6.47447130e-05)
(-1.45583263e-05, 6.32913468e-05)
(-1.41999607e-05, 6.17131435e-05)
(-1.38140438e-05, 6.00132196e-05)
(-1.34013611e-05, 5.81949313e-05)
(-1.29627509e-05, 5.62618680e-05)
(-1.24991028e-05, 5.42178456e-05)
(-1.20113555e-05, 5.20668985e-05)
(-1.15004954e-05, 4.98132719e-05)
(-1.09675541e-05, 4.74614132e-05)
(-1.04136067e-05, 4.50159635e-05)
(-9.83976924e-06, 4.24817484e-05)
(-9.24719677e-06, 3.98637683e-05)
(-8.63708082e-06, 3.71671887e-05)
(-8.01064708e-06, 3.43973300e-05)
(-7.36915286e-06, 3.15596571e-05)
(-6.71388461e-06, 2.86597682e-05)
(-6.04615530e-06, 2.57033846e-05)
(-5.36730177e-06, 2.26963385e-05)
(-4.67868210e-06, 1.96445621e-05)
(-3.98167280e-06, 1.65540757e-05)
(-3.27766613e-06, 1.34309760e-05)
(-2.56806724e-06, 1.02814238e-05)
(-1.85429143e-06, 7.11163215e-06)
(-1.13776126e-06, 3.92785398e-06)
(-4.19903768e-07, 7.36369777e-07)
( 2.97852416e-07,-2.45652475e-06)
( 1.01407990e-06,-5.64453110e-06)
( 1.72735538e-06,-8.82136036e-06)
( 2.43626242e-06,-1.19807456e-05)
( 3.13939432e-06,-1.51164542e-05)
( 3.83535687e-06,-1.82223002e-05)
( 4.52277113e-06,-2.12921564e-05)
( 5.20027610e-06,-2.43199665e-05)
( 5.86653149e-06,-2.72997568e-05)
( 6.52022026e-06,-3.02256484e-05)
( 7.16005131e-06,-3.30918685e-05)
( 7.78476195e-06,-3.58927615e-05)
( 8.39312037e-06,-3.86228009e-05)
( 8.98392810e-06,-4.12765993e-05)
( 9.55602233e-06,-4.38489197e-05)
( 1.01082782e-05,-4.63346855e-05)
( 1.06396108e-05,-4.87289905e-05)
( 1.11489776e-05,-5.10271086e-05)
( 1.16353803e-05,-5.32245031e-05)
( 1.20978668e-05,-5.53168359e-05)
( 1.25355328e-05,-5.72999755e-05)
( 1.29475240e-05,-5.91700056e-05)
( 1.33330372e-05,-6.09232327e-05)
( 1.36913224e-05,-6.25561931e-05)
( 1.40216837e-05,-6.40656604e-05)
( 1.43234811e-05,-6.54486510e-05)
( 1.45961311e-05,-6.67024307e-05)
( 1.48391086e-05,-6.78245196e-05)
( 1.50519471e-05,-6.88126974e-05)
( 1.52342399e-05,-6.96650074e-05)
( 1.53856410e-05,-7.03797607e-05)
( 1.55058654e-05,-7.09555390e-05)
( 1.55946899e-05,-7.13911983e-05)
( 1.56519531e-05,-7.16858703e-05)
( 1.56775561e-05,-7.18389645e-05)
( 1.56714621e-05,-7.18501693e-05)
( 1.56336970e-05,-7.17194527e-05)
( 1.55643489e-05,-7.14470625e-05)
( 1.54635680e-05,-7.10335252e-05)
( 1.53315659e-05,-7.04796460e-05)
( 1.51686159e-05,-6.97865061e-05)
( 1.49750516e-05,-6.89554614e-05)
( 1.47512664e-05,-6.79881397e-05)
( 1.44977132e-05,-6.68864371e-05)
( 1.42149026e-05,-6.56525147e-05)
( 1.39034025e-05,-6.42887943e-05)
( 1.35638365e-05,-6.27979534e-05)
( 1.31968830e-05,-6.11829202e-05)
( 1.28032736e-05,-5.94468677e-05)
( 1.23837915e-05,-5.75932075e-05)
( 1.19392701e-05,-5.56255831e-05)
( 1.14705915e-05,-5.35478628e-05)
( 1.09786841e-05,-5.13641319e-05)
( 1.04645216e-05,-4.90786850e-05)
( 9.92912029e-06,-4.66960172e-05)
( 9.37353738e-06,-4.42208154e-05)
( 8.79886890e-06,-4.16579491e-05)
( 8.20624744e-06,-3.90124609e-05)
( 7.59683995e-06,-3.62895562e-05)
( 6.97184538e-06,-3.34945937e-05)
( 6.33249236e-06,-3.06330738e-05)
( 5.68003677e-06,-2.77106289e-05)
( 5.01575924e-06,-2.47330114e-05)
( 4.34096262e-06,-2.17060828e-05)
( 3.65696950e-06,-1.86358024e-05)
( 2.96511950e-06,-1.55282147e-05)
( 2.26676676e-06,-1.23894386e-05)
( 1.56327718e-06,-9.22565454e-06)
( 8.56025853e-07,-6.04309253e-06)
( 1.46394299e-07,-2.84802006e-06)
(-5.64232177e-07, 3.53270448e-07)
(-1.27446721e-06, 3.55447395e-06)
(-1.98292607e-06, 6.74928523e-06)
(-2.68822834e-06, 9.93141136e-06)
(-3.38900060e-06, 1.30945840e-05)
(-4.08387912e-06, 1.62325720e-05)
(-4.77151246e-06, 1.93391934e-05)
(-5.45056410e-06, 2.24083277e-05)
(-6.11971506e-06, 2.54339281e-05)
(-6.77766638e-06, 2.84100332e-05)
(-7.42314170e-06, 3.13307789e-05)
(-8.05488966e-06, 3.41904101e-05)
(-8.67168637e-06, 3.69832917e-05)
(-9.27233771e-06, 3.97039200e-05)
(-9.85568166e-06, 4.23469334e-05)
(-1.04205905e-05, 4.49071233e-05)
(-1.09659731e-05, 4.73794440e-05)
(-1.14907767e-05, 4.97590229e-05)
(-1.19939893e-05, 5.20411700e-05)
(-1.24746415e-05, 5.42213873e-05)
(-1.29318080e-05, 5.62953776e-05)
(-1.33646099e-05, 5.82590530e-05)
(-1.37722162e-05, 6.01085431e-05)
(-1.41538449e-05, 6.18402026e-05)
(-1.45087653e-05, 6.34506183e-05)
(-1.48362987e-05, 6.49366161e-05)
(-1.51358203e-05, 6.62952674e-05)
(-1.54067596e-05, 6.75238946e-05)
(-1.56486023e-05, 6.86200765e-05)
(-1.58608906e-05, 6.95816534e-05)
(-1.60432246e-05, 7.04067308e-05)
(-1.61952626e-05, 7.10936838e-05)
(-1.63167220e-05, 7.16411600e-05)
(-1.64073798e-05, 7.20480821e-05)
(-1.64670727e-05, 7.23136503e-05)
(-1.64956978e-05, 7.24373439e-05)
(-1.64932128e-05, 7.24189223e-05)
(-1.64596354e-05, 7.22584252e-05)
(-1.63950441e-05, 7.19561732e-05)
(-1.62995774e-05, 7.15127667e-05)
(-1.61734338e-05, 7.09290847e-05)
(-1.60168713e-05, 7.02062836e-05)
(-1.58302069e-05, 6.93457945e-05)
(-1.56138159e-05, 6.83493204e-05)
(-1.53681313e-05, 6.72188332e-05)
(-1.50936429e-05, 6.59565695e-05)
(-1.47908960e-05, 6.45650266e-05)
(-1.44604909e-05, 6.30469570e-05)
(-1.41030813e-05, 6.14053636e-05)
(-1.37193731e-05, 5.96434935e-05)
(-1.33101232e-05, 5.77648317e-05)
(-1.28761377e-05, 5.57730940e-05)
(-1.24182706e-05, 5.36722201e-05)
(-1.19374219e-05, 5.14663656e-05)
(-1.14345362e-05, 4.91598938e-05)
(-1.09106003e-05, 4.67573672e-05)
(-1.03666418e-05, 4.42635385e-05)
(-9.80372701e-06, 4.16833411e-05)
(-9.22295843e-06, 3.90218795e-05)
(-8.62547314e-06, 3.62844193e-05)
(-8.01244030e-06, 3.34763765e-05)
(-7.38505896e-06, 3.06033073e-05)
(-6.74455569e-06, 2.76708966e-05)
(-6.09218218e-06, 2.46849473e-05)
(-5.42921285e-06, 2.16513685e-05)
(-4.75694234e-06, 1.85761638e-05)
(-4.07668297e-06, 1.54654197e-05)
(-3.38976221e-06, 1.23252934e-05)
(-2.69752008e-06, 9.16200081e-06)
(-2.00130655e-06, 5.98180398e-06)
(-1.30247889e-06, 2.79099897e-06)
(-6.02399032e-07,-4.04096692e-07)
( 9.75690695e-08,-3.59715645e-06)
( 7.96062125e-07,-6.78185728e-06)
( 1.49172016e-06,-9.95189214e-06)
( 2.18318915e-06,-1.31009825e-05)
( 2.86912370e-06,-1.62228906e-05)
( 3.54818966e-06,-1.93114321e-05)
( 4.21906669e-06,-2.23604880e-05)
( 4.88045093e-06,-2.53640170e-05)
( 5.53105745e-06,-2.83160671e-05)
( 6.16962284e-06,-3.12107877e-05)
( 6.79490765e-06,-3.40424413e-05)
( 7.40569882e-06,-3.68054144e-05)
( 8.00081206e-06,-3.94942288e-05)
( 8.57909417e-06,-4.21035529e-05)
( 9.13942532e-06,-4.46282113e-05)
( 9.68072121e-06,-4.70631961e-05)
( 1.02019352e-05,-4.94036762e-05)
( 1.07020606e-05,-5.16450068e-05)
( 1.11801320e-05,-5.37827391e-05)
( 1.16352281e-05,-5.58126287e-05)
( 1.20664728e-05,-5.77306442e-05)
( 1.24730371e-05,-5.95329751e-05)
( 1.28541410e-05,-6.12160393e-05)
( 1.32090547e-05,-6.27764906e-05)
( 1.35371002e-05,-6.42112247e-05)
( 1.38376527e-05,-6.55173860e-05)
( 1.41101419e-05,-6.66923728e-05)
( 1.43540527e-05,-6.77338428e-05)
( 1.45689267e-05,-6.86397173e-05)
( 1.47543630e-05,-6.94081861e-05)
( 1.49100189e-05,-7.00377103e-05)
( 1.50356106e-05,-7.05270258e-05)
( 1.51309139e-05,-7.08751457e-05)
( 1.51957645e-05,-7.10813623e-05)
( 1.52300585e-05,-7.11452487e-05)
( 1.52337525e-05,-7.10666592e-05)
( 1.52068635e-05,-7.08457301e-05)
( 1.51494695e-05,-7.04828793e-05)
( 1.50617087e-05,-6.99788052e-05)
( 1.49437797e-05,-6.93344858e-05)
( 1.47959407e-05,-6.85511765e-05)
( 1.46185094e-05,-6.76304076e-05)
( 1.44118622e-05,-6.65739816e-05)
( 1.41764336e-05,-6.53839692e-05)
( 1.39127150e-05,-6.40627056e-05)
( 1.36212543e-05,-6.26127857e-05)
( 1.33026541e-05,-6.10370590e-05)
( 1.29575714e-05,-5.93386243e-05)
( 1.25867156e-05,-5.75208228e-05)
( 1.21908473e-05,-5.55872324e-05)
( 1.17707770e-05,-5.35416600e-05)
( 1.13273632e-05,-5.13881344e-05)
( 1.08615111e-05,-4.91308981e-05)
( 1.03741703e-05,-4.67743987e-05)
( 9.86633329e-06,-4.43232807e-05)
( 9.33903352e-06,-4.17823760e-05)
( 8.79334306e-06,-3.91566941e-05)
( 8.23037069e-06,-3.64514127e-05)
( 7.65125966e-06,-3.36718670e-05)
( 7.05718537e-06,-3.08235396e-05)
( 6.44935310e-06,-2.79120492e-05)
( 5.82899556e-06,-2.49431398e-05)
( 5.19737048e-06,-2.19226692e-05)
( 4.55575804e-06,-1.88565977e-05)
( 3.90545842e-06,-1.57509758e-05)
( 3.24778909e-06,-1.26119327e-05)
( 2.58408229e-06,-9.44566398e-06)
( 1.91568228e-06,-6.25841931e-06)
( 1.24394271e-06,-3.05649023e-06)
( 5.70223905e-07, 1.53802383e-07)
(-1.04109873e-07, 3.36612080e-06)
(-7.77693136e-07, 6.57412295e-06)
(-1.44916192e-06, 9.77147498e-06)
(-2.11715649e-06, 1.29518638e-05)
(-2.78032411e-06, 1.61090094e-05)
(-3.43732171e-06, 1.92366776e-05)
(-4.08681859e-06, 2.23286920e-05)
(-4.72749910e-06, 2.53789464e-05)
(-5.35806528e-06, 2.83814169e-05)
(-5.97723946e-06, 3.13301737e-05)
(-6.58376683e-06, 3.42193928e-05)
(-7.17641794e-06, 3.70433676e-05)
(-7.75399120e-06, 3.97965202e-05)
(-8.31531529e-06, 4.24734122e-05)
(-8.85925149e-06, 4.50687558e-05)
(-9.38469598e-06, 4.75774239e-05)
(-9.89058208e-06, 4.99944603e-05)
(-1.03758824e-05, 5.23150898e-05)
(-1.08396108e-05, 5.45347272e-05)
(-1.12808245e-05, 5.66489867e-05)
(-1.16986260e-05, 5.86536901e-05)
(-1.20921648e-05, 6.05448757e-05)
(-1.24606389e-05, 6.23188055e-05)
(-1.28032970e-05, 6.39719729e-05)
(-1.31194394e-05, 6.55011096e-05)
(-1.34084196e-05, 6.69031919e-05)
(-1.36696459e-05, 6.81754467e-05)
(-1.39025821e-05, 6.93153573e-05)
(-1.41067488e-05, 7.03206676e-05)
(-1.42817246e-05, 7.11893874e-05)
(-1.44271463e-05, 7.19197956e-05)
(-1.45427104e-05, 7.25104442e-05)
(-1.46281731e-05, 7.29601604e-05)
(-1.46833510e-05, 7.32680498e-05)
(-1.47081216e-05, 7.34334973e-05)
(-1.47024231e-05, 7.34561688e-05)
(-1.46662551e-05, 7.33360117e-05)
(-1.45996780e-05, 7.30732549e-05)
(-1.45028133e-05, 7.26684085e-05)
(-1.43758430e-05, 7.21222625e-05)
(-1.42190097e-05, 7.14358855e-05)
(-1.40326154e-05, 7.06106224e-05)
(-1.38170213e-05, 6.96480918e-05)
(-1.35726471e-05, 6.85501826e-05)
(-1.32999700e-05, 6.73190505e-05)
(-1.29995236e-05, 6.59571136e-05)
(-1.26718970e-05, 6.44670475e-05)
(-1.23177334e-05, 6.28517801e-05)
(-1.19377289e-05, 6.11144859e-05)
(-1.15326310e-05, 5.92585795e-05)
(-1.11032373e-05, 5.72877088e-05)
(-1.06503935e-05, 5.52057481e-05)
(-1.01749916e-05, 5.30167902e-05)
(-9.67796870e-06, 5.07251382e-05)
(-9.16030442e-06, 4.83352971e-05)
(-8.62301918e-06, 4.58519651e-05)
(-8.06717211e-06, 4.32800240e-05)
(-7.49385882e-06, 4.06245294e-05)
(-6.90420920e-06, 3.78907015e-05)
(-6.29938510e-06, 3.50839136e-05)
(-5.68057796e-06, 3.22096827e-05)
(-5.04900639e-06, 2.92736575e-05)
(-4.40591367e-06, 2.62816082e-05)
(-3.75256524e-06, 2.32394144e-05)
(-3.09024613e-06, 2.01530538e-05)
(-2.42025831e-06, 1.70285903e-05)
(-1.74391808e-06, 1.38721623e-05)
(-1.06255342e-06, 1.06899701e-05)
(-3.77501240e-07, 7.48826392e-06)
( 3.09895265e-07, 4.27333183e-06)
( 9.98289372e-07, 1.05148686e-06)
( 1.68633353e-06,-2.17094514e-06)
( 2.37268209e-06,-5.38763808e-06)
( 3.05599400e-06,-8.59227807e-06)
( 3.73493552e-06,-1.17785759e-05)
( 4.40818288e-06,-1.49402794e-05)
( 5.07442498e-06,-1.80711858e-05)
( 5.73236595e-06,-2.11651538e-05)
( 6.38072782e-06,-2.42161161e-05)
( 7.01825300e-06,-2.72180907e-05)
( 7.64370683e-06,-3.01651933e-05)
( 8.25588002e-06,-3.30516485e-05)
( 8.85359107e-06,-3.58718013e-05)
( 9.43568857e-06,-3.86201282e-05)
( 1.00010535e-05,-4.12912482e-05)
( 1.05486015e-05,-4.38799330e-05)
( 1.10772848e-05,-4.63811180e-05)
( 1.15860946e-05,-4.87899114e-05)
( 1.20740627e-05,-5.11016044e-05)
( 1.25402635e-05,-5.33116805e-05)
( 1.29838161e-05,-5.54158238e-05)
( 1.34038853e-05,-5.74099282e-05)
( 1.37996839e-05,-5.92901050e-05)
( 1.41704740e-05,-6.10526904e-05)
( 1.45155682e-05,-6.26942535e-05)
( 1.48343310e-05,-6.42116019e-05)
( 1.51261800e-05,-6.56017889e-05)
( 1.53905871e-05,-6.68621189e-05)
( 1.56270792e-05,-6.79901527e-05)
( 1.58352394e-05,-6.89837120e-05)
( 1.60147072e-05,-6.98408844e-05)
( 1.61651798e-05,-7.05600264e-05)
( 1.62864119e-05,-7.11397670e-05)
( 1.63782167e-05,-7.15790102e-05)
( 1.64404656e-05,-7.18769372e-05)
( 1.64730889e-05,-7.20330080e-05)
( 1.64760752e-05,-7.20469625e-05)
( 1.64494720e-05,-7.19188208e-05)
( 1.63933847e-05,-7.16488834e-05)
( 1.63079770e-05,-7.12377301e-05)
( 1.61934701e-05,-7.06862195e-05)
( 1.60501419e-05,-6.99954868e-05)
( 1.58783268e-05,-6.91669417e-05)
( 1.56784146e-05,-6.82022655e-05)
( 1.54508496e-05,-6.71034079e-05)
( 1.51961299e-05,-6.58725832e-05)
( 1.49148057e-05,-6.45122656e-05)
( 1.46074785e-05,-6.30251847e-05)
( 1.42748000e-05,-6.14143199e-05)
( 1.39174699e-05,-5.96828945e-05)
( 1.35362350e-05,-5.78343692e-05)
( 1.31318876e-05,-5.58724358e-05)
( 1.27052635e-05,-5.38010093e-05)
( 1.22572403e-05,-5.16242205e-05)
( 1.17887357e-05,-4.93464078e-05)
( 1.13007055e-05,-4.69721087e-05)
( 1.07941415e-05,-4.45060508e-05)
( 1.02700693e-05,-4.19531422e-05)
( 9.72954672e-06,-3.93184626e-05)
( 9.17366097e-06,-3.66072524e-05)
( 8.60352676e-06,-3.38249029e-05)
( 8.02028387e-06,-3.09769455e-05)
( 7.42509487e-06,-2.80690409e-05)
( 6.81914271e-06,-2.51069679e-05)
( 6.20362832e-06,-2.20966121e-05)
( 5.57976814e-06,-1.90439541e-05)
( 4.94879169e-06,-1.59550577e-05)
( 4.31193906e-06,-1.28360586e-05)
( 3.67045840e-06,-9.69315122e-06)
( 3.02560345e-06,-6.53257753e-06)
( 2.37863097e-06,-3.36061416e-06)
( 1.73079829e-06,-1.83560210e-07)
( 1.08336076e-06, 2.99227514e-06)
( 4.37569280e-07, 6.16058509e-06)
(-2.05332183e-07, 9.31507762e-06)
(-8.44109062e-07, 1.24494879e-05)
(-1.47753859e-06, 1.55575906e-05)
(-2.10441223e-06, 1.86332123e-05)
(-2.72353802e-06, 2.16702433e-05)
(-3.33374288e-06, 2.46626501e-05)
(-3.93387493e-06, 2.76044869e-05)
(-4.52280567e-06, 3.04899078e-05)
(-5.09943219e-06, 3.33131777e-05)
(-5.66267924e-06, 3.60686840e-05)
(-6.21150134e-06, 3.87509477e-05)
(-6.74488475e-06, 4.13546340e-05)
(-7.26184934e-06, 4.38745630e-05)
(-7.76145049e-06, 4.63057198e-05)
(-8.24278086e-06, 4.86432643e-05)
(-8.70497204e-06, 5.08825411e-05)
(-9.14719617e-06, 5.30190884e-05)
(-9.56866750e-06, 5.50486469e-05)
(-9.96864376e-06, 5.69671681e-05)
(-1.03464275e-05, 5.87708225e-05)
(-1.07013675e-05, 6.04560072e-05)
(-1.10328597e-05, 6.20193527e-05)
(-1.13403482e-05, 6.34577300e-05)
(-1.16233267e-05, 6.47682564e-05)
(-1.18813387e-05, 6.59483015e-05)
(-1.21139788e-05, 6.69954923e-05)
(-1.23208931e-05, 6.79077181e-05)
(-1.25017796e-05, 6.86831343e-05)
(-1.26563890e-05, 6.93201666e-05)
(-1.27845248e-05, 6.98175136e-05)
(-1.28860436e-05, 7.01741499e-05)
(-1.29608553e-05, 7.03893280e-05)
(-1.30089229e-05, 7.04625797e-05)
(-1.30302627e-05, 7.03937172e-05)
(-1.30249439e-05, 7.01828336e-05)
(-1.29930884e-05, 6.98303026e-05)
(-1.29348705e-05, 6.93367780e-05)
(-1.28505162e-05, 6.87031923e-05)
(-1.27403028e-05, 6.79307551e-05)
(-1.26045581e-05, 6.70209506e-05)
(-1.24436596e-05, 6.59755350e-05)
(-1.22580337e-05, 6.47965328e-05)
(-1.20481548e-05, 6.34862332e-05)
(-1.18145440e-05, 6.20471852e-05)
(-1.15577680e-05, 6.04821933e-05)
(-1.12784381e-05, 5.87943114e-05)
(-1.09772087e-05, 5.69868372e-05)
(-1.06547758e-05, 5.50633057e-05)
(-1.03118758e-05, 5.30274824e-05)
(-9.94928350e-06, 5.08833556e-05)
(-9.56781108e-06, 4.86351290e-05)
(-9.16830590e-06, 4.62872134e-05)
(-8.75164902e-06, 4.38442178e-05)
(-8.31875326e-06, 4.13109408e-05)
(-7.87056139e-06, 3.86923606e-05)
(-7.40804420e-06, 3.59936261e-05)
(-6.93219850e-06, 3.32200460e-05)
(-6.44404515e-06, 3.03770789e-05)
(-5.94462694e-06, 2.74703222e-05)
(-5.43500657e-06, 2.45055015e-05)
(-4.91626445e-06, 2.14884591e-05)
(-4.38949660e-06, 1.84251427e-05)
(-3.85581244e-06, 1.53215936e-05)
(-3.31633260e-06, 1.21839349e-05)
(-2.77218669e-06, 9.01835919e-06)
(-2.22451109e-06, 5.83111690e-06)
(-1.67444672e-06, 2.62850355e-06)
(-1.12313676e-06,-5.83152443e-07)
(-5.71724473e-07,-3.79750227e-06)
(-2.13509112e-08,-7.00818920e-06)
( 5.26847257e-07,-1.02088612e-05)
( 1.07173999e-06,-1.33931832e-05)
( 1.61220605e-06,-1.65548499e-05)
( 2.14713517e-06,-1.96875981e-05)
( 2.67543021e-06,-2.27852189e-05)
( 3.19600925e-06,-2.58415701e-05)
( 3.70780771e-06,-2.88505883e-05)
( 4.20978034e-06,-3.18063009e-05)
( 4.70090327e-06,-3.47028378e-05)
( 5.18017592e-06,-3.75344430e-05)
( 5.64662296e-06,-4.02954863e-05)
( 6.09929612e-06,-4.29804740e-05)
( 6.53727604e-06,-4.55840600e-05)
( 6.95967394e-06,-4.81010562e-05)
( 7.36563338e-06,-5.05264433e-05)
( 7.75433182e-06,-5.28553799e-05)
( 8.12498220e-06,-5.50832130e-05)
( 8.47683440e-06,-5.72054866e-05)
( 8.80917666e-06,-5.92179507e-05)
( 9.12133689e-06,-6.11165700e-05)
( 9.41268396e-06,-6.28975316e-05)
( 9.68262881e-06,-6.45572529e-05)
( 9.93062560e-06,-6.60923882e-05)
( 1.01561727e-05,-6.74998363e-05)
( 1.03588136e-05,-6.87767455e-05)
( 1.05381378e-05,-6.99205206e-05)
( 1.06937813e-05,-7.09288269e-05)
( 1.08254277e-05,-7.17995958e-05)
( 1.09328085e-05,-7.25310284e-05)
( 1.10157035e-05,-7.31215995e-05)
( 1.10739413e-05,-7.35700605e-05)
( 1.11073995e-05,-7.38754419e-05)
( 1.11160051e-05,-7.40370556e-05)
( 1.10997345e-05,-7.40544959e-05)
( 1.10586132e-05,-7.39276408e-05)
( 1.09927163e-05,-7.36566522e-05)
( 1.09021676e-05,-7.32419756e-05)
( 1.07871402e-05,-7.26843393e-05)
( 1.06478553e-05,-7.19847532e-05)
( 1.04845823e-05,-7.11445069e-05)
( 1.02976378e-05,-7.01651669e-05)
( 1.00873855e-05,-6.90485741e-05)
( 9.85423488e-06,-6.77968399e-05)
( 9.59864100e-06,-6.64123422e-05)
( 9.32110306e-06,-6.48977208e-05)
( 9.02216371e-06,-6.32558725e-05)
( 8.70240790e-06,-6.14899451e-05)
( 8.36246176e-06,-5.96033312e-05)
( 8.00299136e-06,-5.75996622e-05)
( 7.62470139e-06,-5.54828006e-05)
( 7.22833383e-06,-5.32568326e-05)
( 6.81466650e-06,-5.09260602e-05)
( 6.38451149e-06,-4.84949928e-05)
( 5.93871367e-06,-4.59683382e-05)
( 5.47814901e-06,-4.33509935e-05)
( 5.00372286e-06,-4.06480352e-05)
( 4.51636825e-06,-3.78647099e-05)
( 4.01704403e-06,-3.50064232e-05)
( 3.50673308e-06,-3.20787296e-05)
( 2.98644034e-06,-2.90873214e-05)
( 2.45719090e-06,-2.60380173e-05)
( 1.92002806e-06,-2.29367516e-05)
( 1.37601124e-06,-1.97895616e-05)
( 8.26213966e-07,-1.66025765e-05)
( 2.71721820e-07,-1.33820049e-05)
(-2.86369692e-07,-1.01341227e-05)
(-8.46957241e-07,-6.86526072e-06)
(-1.40893180e-06,-3.58179215e-06)
(-1.97118081e-06,-2.90120079e-07)
(-2.53259031e-06, 3.00333518e-06)
(-3.09204710e-06, 6.29214875e-06)
(-3.64844089e-06, 9.56990391e-06)
(-4.20066646e-06, 1.28302047e-05)
(-4.74762578e-06, 1.60666886e-05)
(-5.28823014e-06, 1.92730390e-05)
(-5.82140230e-06, 2.24429978e-05)
(-6.34607852e-06, 2.55703777e-05)
(-6.86121066e-06, 2.86490746e-05)
(-7.36576819e-06, 3.16730791e-05)
(-7.85874024e-06, 3.46364893e-05)
(-8.33913749e-06, 3.75335214e-05)
(-8.80599418e-06, 4.03585221e-05)
(-9.25836991e-06, 4.31059791e-05)
(-9.69535154e-06, 4.57705324e-05)
(-1.01160549e-05, 4.83469845e-05)
(-1.05196267e-05, 5.08303112e-05)
(-1.09052458e-05, 5.32156711e-05)
(-1.12721252e-05, 5.54984153e-05)
(-1.16195137e-05, 5.76740965e-05)
(-1.19466966e-05, 5.97384783e-05)
(-1.22529982e-05, 6.16875427e-05)
(-1.25377821e-05, 6.35174988e-05)
(-1.28004532e-05, 6.52247900e-05)
(-1.30404584e-05, 6.68061009e-05)
(-1.32572881e-05, 6.82583640e-05)
(-1.34504768e-05, 6.95787660e-05)
(-1.36196043e-05, 7.07647528e-05)
(-1.37642965e-05, 7.18140350e-05)
(-1.38842260e-05, 7.27245923e-05)
(-1.39791128e-05, 7.34946773e-05)
(-1.40487252e-05, 7.41228191e-05)
(-1.40928797e-05, 7.46078265e-05)
(-1.41114419e-05, 7.49487896e-05)
(-1.41043264e-05, 7.51450822e-05)
(-1.40714972e-05, 7.51963628e-05)
(-1.40129678e-05, 7.51025752e-05)
(-1.39288011e-05, 7.48639489e-05)
(-1.38191092e-05, 7.44809980e-05)
(-1.36840535e-05, 7.39545208e-05)
(-1.35238441e-05, 7.32855979e-05)
(-1.33387397e-05, 7.24755899e-05)
(-1.31290466e-05, 7.15261349e-05)
(-1.28951189e-05, 7.04391452e-05)
(-1.26373571e-05, 6.92168034e-05)
(-1.23562076e-05, 6.78615580e-05)
(-1.20521621e-05, 6.63761187e-05)
(-1.17257562e-05, 6.47634507e-05)
(-1.13775686e-05, 6.30267692e-05)
(-1.10082200e-05, 6.11695326e-05)
(-1.06183718e-05, 5.91954358e-05)
(-1.02087248e-05, 5.71084028e-05)
(-9.78001805e-06, 5.49125792e-05)
(-9.33302705e-06, 5.26123232e-05)
(-8.86856255e-06, 5.02121978e-05)
(-8.38746880e-06, 4.77169610e-05)
(-7.89062194e-06, 4.51315569e-05)
(-7.37892828e-06, 4.24611056e-05)
(-6.85332253e-06, 3.97108929e-05)
(-6.31476596e-06, 3.68863602e-05)
(-5.76424449e-06, 3.39930931e-05)
(-5.20276679e-06, 3.10368110e-05)
(-4.63136226e-06, 2.80233551e-05)
(-4.05107906e-06, 2.49586774e-05)
(-3.46298197e-06, 2.18488283e-05)
(-2.86815035e-06, 1.86999450e-05)
(-2.26767601e-06, 1.55182392e-05)
(-1.66266103e-06, 1.23099847e-05)
(-1.05421563e-06, 9.08150494e-06)
(-4.43455929e-07, 5.83916082e-06)
( 1.68498186e-07, 2.58933761e-06)
( 7.80525318e-07,-6.61567465e-07)
( 1.39150475e-06,-3.90715790e-06)
( 2.00031866e-06,-7.14105064e-06)
( 2.60585429e-06,-1.03568887e-05)
( 3.20700617e-06,-1.35483537e-05)
( 3.80267829e-06,-1.67091784e-05)
( 4.39178622e-06,-1.98331593e-05)
( 4.97325927e-06,-2.29141685e-05)
( 5.54604257e-06,-2.59461660e-05)
( 6.10909917e-06,-2.89232119e-05)
( 6.66141201e-06,-3.18394778e-05)
( 7.20198596e-06,-3.46892584e-05)
( 7.72984974e-06,-3.74669827e-05)
( 8.24405781e-06,-4.01672252e-05)
( 8.74369221e-06,-4.27847164e-05)
( 9.22786432e-06,-4.53143533e-05)
( 9.69571663e-06,-4.77512092e-05)
( 1.01464243e-05,-5.00905440e-05)
( 1.05791969e-05,-5.23278126e-05)
( 1.09932797e-05,-5.44586748e-05)
( 1.13879554e-05,-5.64790031e-05)
( 1.17625451e-05,-5.83848911e-05)
( 1.21164100e-05,-6.01726613e-05)
( 1.24489522e-05,-6.18388718e-05)
( 1.27596162e-05,-6.33803238e-05)
( 1.30478897e-05,-6.47940669e-05)
( 1.33133043e-05,-6.60774057e-05)
( 1.35554369e-05,-6.72279044e-05)
( 1.37739101e-05,-6.82433921e-05)
( 1.39683927e-05,-6.91219665e-05)
( 1.41386006e-05,-6.98619977e-05)
( 1.42842970e-05,-7.04621315e-05)
( 1.44052929e-05,-7.09212917e-05)
( 1.45014475e-05,-7.12386825e-05)
( 1.45726677e-05,-7.14137895e-05)
( 1.46189090e-05,-7.14463809e-05)
( 1.46401751e-05,-7.13365076e-05)
( 1.46365175e-05,-7.10845035e-05)
( 1.46080356e-05,-7.06909839e-05)
( 1.45548764e-05,-7.01568450e-05)
( 1.44772338e-05,-6.94832614e-05)
( 1.43753481e-05,-6.86716840e-05)
( 1.42495056e-05,-6.77238368e-05)
( 1.41000376e-05,-6.66417134e-05)
( 1.39273200e-05,-6.54275731e-05)
( 1.37317719e-05,-6.40839362e-05)
( 1.35138548e-05,-6.26135788e-05)
( 1.32740716e-05,-6.10195273e-05)
( 1.30129654e-05,-5.93050523e-05)
( 1.27311183e-05,-5.74736620e-05)
( 1.24291499e-05,-5.55290949e-05)
( 1.21077161e-05,-5.34753129e-05)
( 1.17675077e-05,-5.13164928e-05)
( 1.14092484e-05,-4.90570180e-05)
( 1.10336939e-05,-4.67014699e-05)
( 1.06416297e-05,-4.42546189e-05)
( 1.02338695e-05,-4.17214142e-05)
( 9.81125361e-06,-3.91069747e-05)
( 9.37464700e-06,-3.64165784e-05)
( 8.92493742e-06,-3.36556518e-05)
( 8.46303355e-06,-3.08297592e-05)
( 7.98986304e-06,-2.79445917e-05)
( 7.50637050e-06,-2.50059558e-05)
( 7.01351559e-06,-2.20197617e-05)
( 6.51227090e-06,-1.89920117e-05)
( 6.00361996e-06,-1.59287885e-05)
( 5.48855517e-06,-1.28362424e-05)
( 4.96807572e-06,-9.72057998e-06)
( 4.44318555e-06,-6.58805109e-06)
( 3.91489122e-06,-3.44493676e-06)
( 3.38419990e-06,-2.97536683e-07)
( 2.85211727e-06, 2.84784329e-06)
( 2.31964547e-06, 5.98490366e-06)
( 1.78778110e-06, 9.10736372e-06)
( 1.25751317e-06, 1.22089740e-05)
( 7.29821133e-07, 1.52835288e-05)
( 2.05672935e-07, 1.83248782e-05)
(-3.13976921e-07, 2.13269404e-05)
(-8.28189237e-07, 2.42837138e-05)
(-1.33604199e-06, 2.71892886e-05)
(-1.83663210e-06, 3.00378590e-05)
(-2.32907717e-06, 3.28237340e-05)
(-2.81251723e-06, 3.55413493e-05)
(-3.28611628e-06, 3.81852777e-05)
(-3.74906397e-06, 4.07502404e-05)
(-4.20057701e-06, 4.32311170e-05)
(-4.63990069e-06, 4.56229556e-05)
(-5.06631023e-06, 4.79209829e-05)
(-5.47911205e-06, 5.01206135e-05)
(-5.87764506e-06, 5.22174585e-05)
(-6.26128177e-06, 5.42073348e-05)
(-6.62942937e-06, 5.60862731e-05)
(-6.98153073e-06, 5.78505255e-05)
(-7.31706531e-06, 5.94965733e-05)
(-7.63554998e-06, 6.10211334e-05)
(-7.93653977e-06, 6.24211654e-05)
(-8.21962852e-06, 6.36938769e-05)
(-8.48444945e-06, 6.48367297e-05)
(-8.73067561e-06, 6.58474443e-05)
(-8.95802033e-06, 6.67240043e-05)
(-9.16623747e-06, 6.74646608e-05)
(-9.35512165e-06, 6.80679358e-05)
(-9.52450836e-06, 6.85326245e-05)
(-9.67427404e-06, 6.88577984e-05)
(-9.80433597e-06, 6.90428067e-05)
(-9.91465216e-06, 6.90872777e-05)
(-1.00052211e-05, 6.89911195e-05)
(-1.00760815e-05, 6.87545202e-05)
(-1.01273118e-05, 6.83779473e-05)
(-1.01590297e-05, 6.78621473e-05)
(-1.01713919e-05, 6.72081437e-05)
(-1.01645929e-05, 6.64172351e-05)
(-1.01388647e-05, 6.54909930e-05)
(-1.00944759e-05, 6.44312580e-05)
(-1.00317308e-05, 6.32401368e-05)
(-9.95096861e-06, 6.19199980e-05)
(-9.85256215e-06, 6.04734670e-05)
(-9.73691704e-06, 5.89034211e-05)
(-9.60447048e-06, 5.72129840e-05)
(-9.45569007e-06, 5.54055194e-05)
(-9.29107255e-06, 5.34846243e-05)
(-9.11114251e-06, 5.14541223e-05)
(-8.91645104e-06, 4.93180558e-05)
(-8.70757433e-06, 4.70806780e-05)
(-8.48511223e-06, 4.47464447e-05)
(-8.24968680e-06, 4.23200054e-05)
(-8.00194075e-06, 3.98061942e-05)
(-7.74253592e-06, 3.72100204e-05)
(-7.47215171e-06, 3.45366583e-05)
(-7.19148349e-06, 3.17914375e-05)
(-6.90124095e-06, 2.89798320e-05)
(-6.60214647e-06, 2.61074496e-05)
(-6.29493351e-06, 2.31800207e-05)
(-5.98034489e-06, 2.02033875e-05)
(-5.65913117e-06, 1.71834918e-05)
(-5.33204897e-06, 1.41263638e-05)
(-4.99985928e-06, 1.10381101e-05)
(-4.66332583e-06, 7.92490149e-06)
(-4.32321344e-06, 4.79296105e-06)
(-3.98028635e-06, 1.64855175e-06)
(-3.63530661e-06,-1.50203590e-06)
(-3.28903248e-06,-4.65249621e-06)
(-2.94221684e-06,-7.79652078e-06)
(-2.59560563e-06,-1.09278109e-05)
(-2.24993635e-06,-1.40400902e-05)
(-1.90593650e-06,-1.71271165e-05)
(-1.56432222e-06,-2.01826948e-05)
(-1.22579674e-06,-2.32006892e-05)
(-8.91049112e-07,-2.61750348e-05)
(-5.60752801e-07,-2.90997502e-05)
(-2.35564419e-07,-3.19689490e-05)
( 8.38775352e-08,-3.47768515e-05)
( 3.96953856e-07,-3.75177961e-05)
( 7.03065781e-07,-4.01862507e-05)
( 1.00163609e-06,-4.27768237e-05)
( 1.29211013e-06,-4.52842742e-05)
( 1.57395678e-06,-4.77035231e-05)
( 1.84666937e-06,-5.00296629e-05)
( 2.10976656e-06,-5.22579671e-05)
( 2.36279311e-06,-5.43839004e-05)
( 2.60532060e-06,-5.64031271e-05)
( 2.83694812e-06,-5.83115199e-05)
( 3.05730287e-06,-6.01051684e-05)
( 3.26604068e-06,-6.17803867e-05)
( 3.46284647e-06,-6.33337209e-05)
( 3.64743471e-06,-6.47619559e-05)
( 3.81954968e-06,-6.60621221e-05)
( 3.97896581e-06,-6.72315014e-05)
( 4.12548784e-06,-6.82676325e-05)
( 4.25895098e-06,-6.91683160e-05)
( 4.37922097e-06,-6.99316192e-05)
( 4.48619411e-06,-7.05558796e-05)
( 4.57979718e-06,-7.10397087e-05)
( 4.65998734e-06,-7.13819948e-05)
( 4.72675193e-06,-7.15819055e-05)
( 4.78010826e-06,-7.16388894e-05)
( 4.82010324e-06,-7.15526774e-05)
( 4.84681310e-06,-7.13232836e-05)
( 4.86034289e-06,-7.09510052e-05)
( 4.86082608e-06,-7.04364225e-05)
( 4.84842395e-06,-6.97803976e-05)
( 4.82332508e-06,-6.89840732e-05)
( 4.78574463e-06,-6.80488703e-05)
( 4.73592373e-06,-6.69764859e-05)
( 4.67412872e-06,-6.57688897e-05)
( 4.60065034e-06,-6.44283205e-05)
( 4.51580297e-06,-6.29572820e-05)
( 4.41992369e-06,-6.13585380e-05)
( 4.31337145e-06,-5.96351074e-05)
( 4.19652608e-06,-5.77902582e-05)
( 4.06978732e-06,-5.58275014e-05)
( 3.93357386e-06,-5.37505844e-05)
( 3.78832222e-06,-5.15634835e-05)
( 3.63448578e-06,-4.92703966e-05)
( 3.47253361e-06,-4.68757352e-05)
( 3.30294939e-06,-4.43841153e-05)
( 3.12623028e-06,-4.18003491e-05)
( 2.94288577e-06,-3.91294357e-05)
( 2.75343651e-06,-3.63765507e-05)
( 2.55841309e-06,-3.35470372e-05)
( 2.35835494e-06,-3.06463946e-05)
( 2.15380903e-06,-2.76802683e-05)
( 1.94532874e-06,-2.46544388e-05)
( 1.73347259e-06,-2.15748101e-05)
( 1.51880311e-06,-1.84473985e-05)
( 1.30188553e-06,-1.52783206e-05)
( 1.08328666e-06,-1.20737817e-05)
( 8.63573662e-07,-8.84006327e-06)
( 6.43312837e-07,-5.58351096e-06)
( 4.23068473e-07,-2.31052202e-06)
( 2.03401656e-07, 9.72467205e-07)
(-1.51308695e-08, 4.25899392e-06)
(-2.31977852e-07, 7.54258157e-06)
(-4.46594649e-07, 1.08167526e-05)
(-6.58444328e-07, 1.40750411e-05)
(-8.66998740e-07, 1.73110057e-05)
(-1.07173959e-06, 2.05182423e-05)
(-1.27215944e-06, 2.36903964e-05)
(-1.46776273e-06, 2.68211760e-05)
(-1.65806677e-06, 2.99043639e-05)
(-1.84260263e-06, 3.29338300e-05)
(-2.02091609e-06, 3.59035436e-05)
(-2.19256852e-06, 3.88075851e-05)
(-2.35713771e-06, 4.16401580e-05)
(-2.51421868e-06, 4.43956003e-05)
(-2.66342446e-06, 4.70683959e-05)
(-2.80438679e-06, 4.96531854e-05)
(-2.93675686e-06, 5.21447769e-05)
(-3.06020595e-06, 5.45381567e-05)
(-3.17442603e-06, 5.68284986e-05)
(-3.27913032e-06, 5.90111745e-05)
(-3.37405386e-06, 6.10817628e-05)
(-3.45895395e-06, 6.30360581e-05)
(-3.53361065e-06, 6.48700790e-05)
(-3.59782710e-06, 6.65800768e-05)
(-3.65142993e-06, 6.81625425e-05)
(-3.69426956e-06, 6.96142144e-05)
(-3.72622044e-06, 7.09320846e-05)
(-3.74718130e-06, 7.21134049e-05)
(-3.75707528e-06, 7.31556929e-05)
(-3.75585008e-06, 7.40567370e-05)
(-3.74347804e-06, 7.48146007e-05)
(-3.71995617e-06, 7.54276271e-05)
(-3.68530613e-06, 7.58944422e-05)
(-3.63957416e-06, 7.62139578e-05)
(-3.58283101e-06, 7.63853742e-05)
(-3.51517175e-06, 7.64081817e-05)
(-3.43671560e-06, 7.62821621e-05)
(-3.34760570e-06, 7.60073892e-05)
(-3.24800879e-06, 7.55842292e-05)
(-3.13811490e-06, 7.50133400e-05)
(-3.01813699e-06, 7.42956701e-05)
(-2.88831054e-06, 7.34324572e-05)
(-2.74889306e-06, 7.24252262e-05)
(-2.60016365e-06, 7.12757859e-05)
(-2.44242240e-06, 6.99862260e-05)
(-2.27598988e-06, 6.85589132e-05)
(-2.10120647e-06, 6.69964869e-05)
(-1.91843177e-06, 6.53018541e-05)
(-1.72804386e-06, 6.34781837e-05)
(-1.53043859e-06, 6.15289009e-05)
(-1.32602886e-06, 5.94576803e-05)
(-1.11524377e-06, 5.72684391e-05)
(-8.98527884e-07, 5.49653296e-05)
(-6.76340293e-07, 5.25527307e-05)
(-4.49153791e-07, 5.00352404e-05)
(-2.17453948e-07, 4.74176659e-05)
( 1.82618123e-08, 4.47050150e-05)
( 2.57485176e-07, 4.19024861e-05)
( 4.99697924e-07, 3.90154582e-05)
( 7.44372924e-07, 3.60494803e-05)
( 9.90975152e-07, 3.30102606e-05)
( 1.23896274e-06, 2.99036558e-05)
( 1.48778804e-06, 2.67356590e-05)
( 1.73689867e-06, 2.35123883e-05)
( 1.98573860e-06, 2.02400751e-05)
( 2.23374930e-06, 1.69250515e-05)
( 2.48037077e-06, 1.35737380e-05)
( 2.72504270e-06, 1.01926310e-05)
( 2.96720558e-06, 6.78829008e-06)
( 3.20630181e-06, 3.36732490e-06)
( 3.44177684e-06,-6.36175695e-08)
( 3.67308030e-06,-3.49786620e-06)
( 3.89966707e-06,-6.92873885e-06)
( 4.12099848e-06,-1.03495555e-05)
( 4.33654334e-06,-1.37536514e-05)
( 4.54577911e-06,-1.71343903e-05)
( 4.74819296e-06,-2.04851773e-05)
( 4.94328284e-06,-2.37994723e-05)
( 5.13055857e-06,-2.70708023e-05)
( 5.30954289e-06,-3.02927749e-05)
( 5.47977248e-06,-3.34590903e-05)
( 5.64079898e-06,-3.65635542e-05)
( 5.79218996e-06,-3.96000897e-05)
( 5.93352994e-06,-4.25627496e-05)
( 6.06442124e-06,-4.54457281e-05)
( 6.18448497e-06,-4.82433723e-05)
( 6.29336187e-06,-5.09501933e-05)
( 6.39071318e-06,-5.35608772e-05)
( 6.47622143e-06,-5.60702956e-05)
( 6.54959123e-06,-5.84735158e-05)
( 6.61055000e-06,-6.07658105e-05)
( 6.65884869e-06,-6.29426674e-05)
( 6.69426243e-06,-6.49997978e-05)
( 6.71659112e-06,-6.69331455e-05)
( 6.72566007e-06,-6.87388947e-05)
( 6.72132043e-06,-7.04134774e-05)
( 6.70344977e-06,-7.19535809e-05)
( 6.67195241e-06,-7.33561541e-05)
( 6.62675990e-06,-7.46184138e-05)
( 6.56783126e-06,-7.57378497e-05)
( 6.49515332e-06,-7.67122304e-05)
( 6.40874089e-06,-7.75396068e-05)
( 6.30863698e-06,-7.82183168e-05)
( 6.19491287e-06,-7.87469879e-05)
( 6.06766821e-06,-7.91245409e-05)
( 5.92703095e-06,-7.93501910e-05)
( 5.77315737e-06,-7.94234504e-05)
( 5.60623191e-06,-7.93441283e-05)
( 5.42646698e-06,-7.91123323e-05)
( 5.23410280e-06,-7.87284674e-05)
( 5.02940704e-06,-7.81932359e-05)
( 4.81267451e-06,-7.75076354e-05)
( 4.58422674e-06,-7.66729575e-05)
( 4.34441151e-06,-7.56907846e-05)
( 4.09360237e-06,-7.45629876e-05)
( 3.83219798e-06,-7.32917213e-05)
( 3.56062157e-06,-7.18794209e-05)
( 3.27932017e-06,-7.03287971e-05)
( 2.98876392e-06,-6.86428302e-05)
( 2.68944525e-06,-6.68247649e-05)
( 2.38187801e-06,-6.48781038e-05)
( 2.06659660e-06,-6.28065999e-05)
( 1.74415501e-06,-6.06142501e-05)
( 1.41512580e-06,-5.83052867e-05)
( 1.08009910e-06,-5.58841690e-05)
( 7.39681451e-07,-5.33555751e-05)
( 3.94494733e-07,-5.07243921e-05)
( 4.51749623e-08,-4.79957067e-05)
(-3.07628917e-07,-4.51747953e-05)
(-6.63256284e-07,-4.22671132e-05)
(-1.02103611e-06,-3.92782843e-05)
(-1.38028830e-06,-3.62140899e-05)
(-1.74032500e-06,-3.30804569e-05)
(-2.10045200e-06,-2.98834469e-05)
(-2.45997009e-06,-2.66292436e-05)
(-2.81817652e-06,-2.33241409e-05)
(-3.17436637e-06,-1.99745307e-05)
(-3.52783405e-06,-1.65868898e-05)
(-3.87787473e-06,-1.31677677e-05)
(-4.22378581e-06,-9.72377367e-06)
(-4.56486837e-06,-6.26156344e-06)
(-4.90042868e-06,-2.78782643e-06)
(-5.22977964e-06, 6.90727471e-07)
(-5.55224226e-06, 4.16738104e-06)
(-5.86714710e-06, 7.63542288e-06)
(-6.17383574e-06, 1.10881606e-05)
(-6.47166222e-06, 1.45189338e-05)
(-6.75999440e-06, 1.79211272e-05)
(-7.03821543e-06, 2.12881836e-05)
(-7.30572504e-06, 2.46136167e-05)
(-7.56194096e-06, 2.78910233e-05)
(-7.80630016e-06, 3.11140967e-05)
(-8.03826019e-06, 3.42766379e-05)
(-8.25730034e-06, 3.73725686e-05)
(-8.46292294e-06, 4.03959425e-05)
(-8.65465442e-06, 4.33409569e-05)
(-8.83204648e-06, 4.62019640e-05)
(-8.99467714e-06, 4.89734819e-05)
(-9.14215173e-06, 5.16502053e-05)
(-9.27410385e-06, 5.42270154e-05)
(-9.39019628e-06, 5.66989900e-05)
(-9.49012182e-06, 5.90614130e-05)
(-9.57360404e-06, 6.13097835e-05)
(-9.64039803e-06, 6.34398242e-05)
(-9.69029103e-06, 6.54474899e-05)
(-9.72310298e-06, 6.73289748e-05)
(-9.73868710e-06, 6.90807203e-05)
(-9.73693027e-06, 7.06994212e-05)
(-9.71775343e-06, 7.21820324e-05)
(-9.68111185e-06, 7.35257743e-05)
(-9.62699537e-06, 7.47281382e-05)
(-9.55542855e-06, 7.57868908e-05)
(-9.46647073e-06, 7.67000786e-05)
(-9.36021599e-06, 7.74660311e-05)
(-9.23679314e-06, 7.80833642e-05)
(-9.09636550e-06, 7.85509824e-05)
(-8.93913067e-06, 7.88680806e-05)
(-8.76532025e-06, 7.90341457e-05)
(-8.57519941e-06, 7.90489572e-05)
(-8.36906644e-06, 7.89125874e-05)
(-8.14725222e-06, 7.86254007e-05)
(-7.91011960e-06, 7.81880533e-05)
(-7.65806270e-06, 7.76014907e-05)
(-7.39150618e-06, 7.68669466e-05)
(-7.11090440e-06, 7.59859395e-05)
(-6.81674050e-06, 7.49602698e-05)
(-6.50952550e-06, 7.37920160e-05)
(-6.18979723e-06, 7.24835301e-05)
(-5.85811925e-06, 7.10374335e-05)
(-5.51507973e-06, 6.94566107e-05)
(-5.16129023e-06, 6.77442041e-05)
(-4.79738445e-06, 6.59036076e-05)
(-4.42401695e-06, 6.39384595e-05)
(-4.04186175e-06, 6.18526352e-05)
(-3.65161098e-06, 5.96502398e-05)
(-3.25397342e-06, 5.73355995e-05)
(-2.84967305e-06, 5.49132533e-05)
(-2.43944751e-06, 5.23879439e-05)
(-2.02404657e-06, 4.97646080e-05)
(-1.60423056e-06, 4.70483671e-05)
(-1.18076881e-06, 4.42445171e-05)
(-7.54438011e-07, 4.13585176e-05)
(-3.26020581e-07, 3.83959817e-05)
( 1.03696943e-07, 3.53626647e-05)
( 5.33925568e-07, 3.22644527e-05)
( 9.63875490e-07, 2.91073514e-05)
( 1.39275774e-06, 2.58974742e-05)
( 1.81978582e-06, 2.26410301e-05)
( 2.24417738e-06, 1.93443120e-05)
( 2.66515578e-06, 1.60136842e-05)
( 3.08195174e-06, 1.26555700e-05)
( 3.49380493e-06, 9.27643949e-06)
( 3.89996552e-06, 5.88279669e-06)
( 4.29969572e-06, 2.48116729e-06)
( 4.69227129e-06,-9.21914144e-07)
( 5.07698302e-06,-4.31991670e-06)
( 5.45313814e-06,-7.70632573e-06)
( 5.82006175e-06,-1.10746554e-05)
( 6.17709814e-06,-1.44184609e-05)
( 6.52361210e-06,-1.77313514e-05)
( 6.85899017e-06,-2.10070016e-05)
( 7.18264183e-06,-2.42391643e-05)
( 7.49400064e-06,-2.74216819e-05)
( 7.79252534e-06,-3.05484987e-05)
( 8.07770085e-06,-3.36136719e-05)
( 8.34903920e-06,-3.66113834e-05)
( 8.60608049e-06,-3.95359503e-05)
( 8.84839364e-06,-4.23818360e-05)
( 9.07557718e-06,-4.51436607e-05)
( 9.28725994e-06,-4.78162114e-05)
( 9.48310162e-06,-5.03944516e-05)
( 9.66279336e-06,-5.28735314e-05)
( 9.82605820e-06,-5.52487956e-05)
( 9.97265145e-06,-5.75157935e-05)
( 1.01023610e-05,-5.96702863e-05)
( 1.02150077e-05,-6.17082555e-05)
( 1.03104451e-05,-6.36259103e-05)
( 1.03885601e-05,-6.54196945e-05)
( 1.04492726e-05,-6.70862932e-05)
( 1.04925355e-05,-6.86226387e-05)
( 1.05183346e-05,-7.00259162e-05)
( 1.05266884e-05,-7.12935692e-05)
( 1.05176477e-05,-7.24233036e-05)
( 1.04912955e-05,-7.34130921e-05)
( 1.04477463e-05,-7.42611780e-05)
( 1.03871457e-05,-7.49660778e-05)
( 1.03096699e-05,-7.55265842e-05)
( 1.02155252e-05,-7.59417679e-05)
( 1.01049468e-05,-7.62109790e-05)
( 9.97819894e-06,-7.63338483e-05)
( 9.83557317e-06,-7.63102874e-05)
( 9.67738812e-06,-7.61404886e-05)
( 9.50398837e-06,-7.58249246e-05)
( 9.31574355e-06,-7.53643469e-05)
( 9.11304733e-06,-7.47597842e-05)
( 8.89631638e-06,-7.40125405e-05)
( 8.66598931e-06,-7.31241917e-05)
( 8.42252554e-06,-7.20965829e-05)
( 8.16640420e-06,-7.09318246e-05)
( 7.89812289e-06,-6.96322878e-05)
( 7.61819655e-06,-6.82006001e-05)
( 7.32715617e-06,-6.66396397e-05)
( 7.02554763e-06,-6.49525301e-05)
( 6.71393039e-06,-6.31426339e-05)
( 6.39287622e-06,-6.12135458e-05)
( 6.06296797e-06,-5.91690862e-05)
( 5.72479824e-06,-5.70132930e-05)
( 5.37896815e-06,-5.47504140e-05)
( 5.02608602e-06,-5.23848988e-05)
( 4.66676612e-06,-4.99213899e-05)
( 4.30162738e-06,-4.73647137e-05)
( 3.93129219e-06,-4.47198712e-05)
( 3.55638509e-06,-4.19920283e-05)
( 3.17753161e-06,-3.91865057e-05)
( 2.79535703e-06,-3.63087688e-05)
( 2.41048526e-06,-3.33644170e-05)
( 2.02353762e-06,-3.03591732e-05)
( 1.63513177e-06,-2.72988721e-05)
( 1.24588060e-06,-2.41894499e-05)
( 8.56391199e-07,-2.10369321e-05)
( 4.67263803e-07,-1.78474223e-05)
( 7.90908480e-08,-1.46270905e-05)
(-3.07543995e-07,-1.13821613e-05)
(-6.92066705e-07,-8.11890158e-06)
(-1.07391377e-06,-4.84360898e-06)
(-1.45253300e-06,-1.56259959e-06)
(-1.82738431e-06, 1.71780406e-06)
(-2.19794039e-06, 4.99128513e-06)
(-2.56368743e-06, 8.25154453e-06)
(-2.92412571e-06, 1.14923129e-05)
(-3.27877022e-06, 1.47073628e-05)
(-3.62715111e-06, 1.78905202e-05)
(-3.96881424e-06, 2.10356767e-05)
(-4.30332157e-06, 2.41368009e-05)
(-4.63025156e-06, 2.71879501e-05)
(-4.94919948e-06, 3.01832815e-05)
(-5.25977772e-06, 3.31170633e-05)
(-5.56161599e-06, 3.59836858e-05)
(-5.85436155e-06, 3.87776720e-05)
(-6.13767933e-06, 4.14936882e-05)
(-6.41125204e-06, 4.41265537e-05)
(-6.67478023e-06, 4.66712513e-05)
(-6.92798229e-06, 4.91229365e-05)
(-7.17059446e-06, 5.14769468e-05)
(-7.40237072e-06, 5.37288105e-05)
(-7.62308275e-06, 5.58742554e-05)
(-7.83251975e-06, 5.79092170e-05)
(-8.03048832e-06, 5.98298458e-05)
(-8.21681221e-06, 6.16325154e-05)
(-8.39133215e-06, 6.33138285e-05)
(-8.55390555e-06, 6.48706243e-05)
(-8.70440630e-06, 6.62999838e-05)
(-8.84272437e-06, 6.75992357e-05)
(-8.96876561e-06, 6.87659616e-05)
(-9.08245132e-06, 6.97980003e-05)
(-9.18371797e-06, 7.06934523e-05)
(-9.27251682e-06, 7.14506831e-05)
(-9.34881352e-06, 7.20683265e-05)
(-9.41258779e-06, 7.25452871e-05)
(-9.46383301e-06, 7.28807425e-05)
(-9.50255580e-06, 7.30741449e-05)
(-9.52877572e-06, 7.31252220e-05)
(-9.54252478e-06, 7.30339775e-05)
(-9.54384714e-06, 7.28006914e-05)
(-9.53279870e-06, 7.24259190e-05)
(-9.50944671e-06, 7.19104903e-05)
(-9.47386946e-06, 7.12555079e-05)
(-9.42615587e-06, 7.04623453e-05)
(-9.36640520e-06, 6.95326442e-05)
(-9.29472668e-06, 6.84683111e-05)
(-9.21123925e-06, 6.72715138e-05)
(-9.11607121e-06, 6.59446771e-05)
(-9.00935997e-06, 6.44904783e-05)
(-8.89125182e-06, 6.29118420e-05)
(-8.76190161e-06, 6.12119342e-05)
(-8.62147262e-06, 5.93941567e-05)
(-8.47013628e-06, 5.74621398e-05)
(-8.30807204e-06, 5.54197360e-05)
(-8.13546719e-06, 5.32710121e-05)
(-7.95251673e-06, 5.10202414e-05)
(-7.75942322e-06, 4.86718955e-05)
(-7.55639672e-06, 4.62306357e-05)
(-7.34365470e-06, 4.37013035e-05)
(-7.12142197e-06, 4.10889118e-05)
(-6.88993064e-06, 3.83986349e-05)
(-6.64942009e-06, 3.56357983e-05)
(-6.40013700e-06, 3.28058684e-05)
(-6.14233531e-06, 2.99144419e-05)
(-5.87627627e-06, 2.69672349e-05)
(-5.60222848e-06, 2.39700717e-05)
(-5.32046792e-06, 2.09288733e-05)
(-5.03127803e-06, 1.78496462e-05)
(-4.73494974e-06, 1.47384699e-05)
(-4.43178159e-06, 1.16014859e-05)
(-4.12207978e-06, 8.44488495e-06)
(-3.80615825e-06, 5.27489522e-06)
(-3.48433875e-06, 2.09776999e-06)
(-3.15695095e-06,-1.08022469e-06)
(-2.82433249e-06,-4.25282230e-06)
(-2.48682906e-06,-7.41376822e-06)
(-2.14479445e-06,-1.05568321e-05)
(-1.79859062e-06,-1.36758200e-05)
(-1.44858770e-06,-1.67645870e-05)
(-1.09516407e-06,-1.98170489e-05)
(-7.38706321e-07,-2.28271948e-05)
(-3.79609243e-07,-2.57890985e-05)
(-1.82758248e-08,-2.86969306e-05)
( 3.44882840e-07,-3.15449701e-05)
( 7.09447614e-07,-3.43276155e-05)
( 1.07499144e-06,-3.70393965e-05)
( 1.44107946e-06,-3.96749842e-05)
( 1.80726924e-06,-4.22292025e-05)
( 2.17311089e-06,-4.46970377e-05)
( 2.53814738e-06,-4.70736492e-05)
( 2.90191477e-06,-4.93543789e-05)
( 3.26394255e-06,-5.15347606e-05)
( 3.62375396e-06,-5.36105290e-05)
( 3.98086639e-06,-5.55776280e-05)
( 4.33479184e-06,-5.74322196e-05)
( 4.68503735e-06,-5.91706909e-05)
( 5.03110552e-06,-6.07896618e-05)
( 5.37249507e-06,-6.22859918e-05)
( 5.70870146e-06,-6.36567864e-05)
( 6.03921746e-06,-6.48994027e-05)
( 6.36353392e-06,-6.60114553e-05)
( 6.68114040e-06,-6.69908208e-05)
( 6.99152601e-06,-6.78356423e-05)
( 7.29418015e-06,-6.85443333e-05)
( 7.58859339e-06,-6.91155805e-05)
( 7.87425832e-06,-6.95483474e-05)
( 8.15067048e-06,-6.98418755e-05)
( 8.41732930e-06,-6.99956868e-05)
( 8.67373908e-06,-7.00095843e-05)
( 8.91941001e-06,-6.98836523e-05)
( 9.15385921e-06,-6.96182572e-05)
( 9.37661177e-06,-6.92140457e-05)
( 9.58720188e-06,-6.86719444e-05)
( 9.78517390e-06,-6.79931577e-05)
( 9.97008352e-06,-6.71791654e-05)
( 1.01414989e-05,-6.62317195e-05)
( 1.02990017e-05,-6.51528414e-05)
( 1.04421886e-05,-6.39448171e-05)
( 1.05706720e-05,-6.26101930e-05)
( 1.06840814e-05,-6.11517707e-05)
( 1.07820647e-05,-5.95726012e-05)
( 1.08642893e-05,-5.78759789e-05)
( 1.09304429e-05,-5.60654346e-05)
( 1.09802351e-05,-5.41447288e-05)
( 1.10133984e-05,-5.21178435e-05)
( 1.10296890e-05,-4.99889746e-05)
( 1.10288883e-05,-4.77625226e-05)
( 1.10108037e-05,-4.54430845e-05)
( 1.09752693e-05,-4.30354437e-05)
( 1.09221477e-05,-4.05445603e-05)
( 1.08513300e-05,-3.79755612e-05)
( 1.07627372e-05,-3.53337293e-05)
( 1.06563209e-05,-3.26244926e-05)
( 1.05320641e-05,-2.98534133e-05)
( 1.03899819e-05,-2.70261759e-05)
( 1.02301219e-05,-2.41485760e-05)
( 1.00525651e-05,-2.12265077e-05)
( 9.85742638e-06,-1.82659522e-05)
( 9.64485473e-06,-1.52729646e-05)
( 9.41503380e-06,-1.22536619e-05)
( 9.16818206e-06,-9.21421031e-06)
( 8.90455307e-06,-6.16081217e-06)
( 8.62443558e-06,-3.09969338e-06)
( 8.32815356e-06,-3.70903627e-08)
( 8.01606611e-06, 3.02076287e-06)
( 7.68856738e-06, 6.06764765e-06)
( 7.34608624e-06, 9.09737355e-06)
( 6.98908604e-06, 1.21037913e-05)
( 6.61806410e-06, 1.50808054e-05)
( 6.23355126e-06, 1.80223871e-05)
( 5.83611121e-06, 2.09225866e-05)
( 5.42633980e-06, 2.37755457e-05)
( 5.00486424e-06, 2.65755095e-05)
( 4.57234219e-06, 2.93168391e-05)
( 4.12946076e-06, 3.19940226e-05)
( 3.67693544e-06, 3.46016870e-05)
( 3.21550890e-06, 3.71346091e-05)
( 2.74594973e-06, 3.95877264e-05)
( 2.26905110e-06, 4.19561478e-05)
( 1.78562929e-06, 4.42351632e-05)
( 1.29652220e-06, 4.64202540e-05)
( 8.02587714e-07, 4.85071015e-05)
( 3.04702055e-07, 5.04915968e-05)
(-1.96241991e-07, 5.23698484e-05)
(-6.99336889e-07, 5.41381907e-05)
(-1.20366223e-06, 5.57931913e-05)
(-1.70828670e-06, 5.73316579e-05)
(-2.21227003e-06, 5.87506452e-05)
(-2.71466511e-06, 6.00474603e-05)
(-3.21452004e-06, 6.12196684e-05)
(-3.71088029e-06, 6.22650977e-05)
(-4.20279085e-06, 6.31818436e-05)
(-4.68929845e-06, 6.39682722e-05)
(-5.16945379e-06, 6.46230238e-05)
(-5.64231374e-06, 6.51450150e-05)
(-6.10694362e-06, 6.55334411e-05)
(-6.56241947e-06, 6.57877769e-05)
(-7.00783027e-06, 6.59077779e-05)
(-7.44228019e-06, 6.58934800e-05)
(-7.86489084e-06, 6.57451994e-05)
(-8.27480345e-06, 6.54635310e-05)
(-8.67118109e-06, 6.50493472e-05)
(-9.05321074e-06, 6.45037951e-05)
(-9.42010548e-06, 6.38282942e-05)
(-9.77110648e-06, 6.30245321e-05)
(-1.01054850e-05, 6.20944614e-05)
(-1.04225444e-05, 6.10402941e-05)
(-1.07216220e-05, 5.98644970e-05)
(-1.10020906e-05, 5.85697858e-05)
(-1.12633607e-05, 5.71591187e-05)
(-1.15048818e-05, 5.56356898e-05)
(-1.17261439e-05, 5.40029214e-05)
(-1.19266791e-05, 5.22644567e-05)
(-1.21060629e-05, 5.04241513e-05)
(-1.22639155e-05, 4.84860641e-05)
(-1.23999027e-05, 4.64544489e-05)
(-1.25137372e-05, 4.43337441e-05)
(-1.26051793e-05, 4.21285632e-05)
(-1.26740377e-05, 3.98436845e-05)
(-1.27201701e-05, 3.74840398e-05)
(-1.27434839e-05, 3.50547042e-05)
(-1.27439364e-05, 3.25608845e-05)
(-1.27215350e-05, 3.00079075e-05)
(-1.26763376e-05, 2.74012084e-05)
(-1.26084520e-05, 2.47463188e-05)
(-1.25180365e-05, 2.20488545e-05)
(-1.24052990e-05, 1.93145030e-05)
(-1.22704966e-05, 1.65490112e-05)
(-1.21139354e-05, 1.37581729e-05)
(-1.19359693e-05, 1.09478159e-05)
(-1.17369996e-05, 8.12378942e-06)
(-1.15174736e-05, 5.29195153e-06)
(-1.12778836e-05, 2.45815629e-06)
(-1.10187657e-05,-3.71758805e-07)
(-1.07406984e-05,-3.19198542e-06)
(-1.04443009e-05,-5.99675684e-06)
(-1.01302318e-05,-8.78036031e-06)
(-9.79918712e-06,-1.15371492e-05)
(-9.45189829e-06,-1.42615551e-05)
(-9.08913048e-06,-1.69480993e-05)
(-8.71168033e-06,-1.95914048e-05)
(-8.32037384e-06,-2.21862071e-05)
(-7.91606406e-06,-2.47273654e-05)
(-7.49962879e-06,-2.72098734e-05)
(-7.07196809e-06,-2.96288694e-05)
(-6.63400186e-06,-3.19796463e-05)
(-6.18666719e-06,-3.42576612e-05)
(-5.73091582e-06,-3.64585446e-05)
(-5.26771141e-06,-3.85781090e-05)
(-4.79802692e-06,-4.06123576e-05)
(-4.32284177e-06,-4.25574913e-05)
(-3.84313919e-06,-4.44099171e-05)
(-3.35990337e-06,-4.61662540e-05)
(-2.87411672e-06,-4.78233399e-05)
(-2.38675709e-06,-4.93782373e-05)
(-1.89879502e-06,-5.08282384e-05)
(-1.41119099e-06,-5.21708699e-05)
(-9.24892698e-07,-5.34038973e-05)
(-4.40832434e-07,-5.45253285e-05)
( 4.00755850e-08,-5.55334164e-05)
( 5.16937756e-07,-5.64266621e-05)
( 9.88883595e-07,-5.72038159e-05)
( 1.45506817e-06,-5.78638794e-05)
( 1.91467442e-06,-5.84061056e-05)
( 2.36691544e-06,-5.88299994e-05)
( 2.81103661e-06,-5.91353170e-05)
( 3.24631766e-06,-5.93220648e-05)
( 3.67207459e-06,-5.93904978e-05)
( 4.08766149e-06,-5.93411175e-05)
( 4.49247224e-06,-5.91746691e-05)
( 4.88594203e-06,-5.88921383e-05)
( 5.26754882e-06,-5.84947473e-05)
( 5.63681455e-06,-5.79839507e-05)
( 5.99330631e-06,-5.73614301e-05)
( 6.33663726e-06,-5.66290894e-05)
( 6.66646746e-06,-5.57890485e-05)
( 6.98250449e-06,-5.48436371e-05)
( 7.28450392e-06,-5.37953876e-05)
( 7.57226961e-06,-5.26470285e-05)
( 7.84565384e-06,-5.14014761e-05)
( 8.10455725e-06,-5.00618270e-05)
( 8.34892863e-06,-4.86313490e-05)
( 8.57876450e-06,-4.71134733e-05)
( 8.79410855e-06,-4.55117843e-05)
( 8.99505087e-06,-4.38300113e-05)
( 9.18172702e-06,-4.20720177e-05)
( 9.35431693e-06,-4.02417921e-05)
( 9.51304361e-06,-3.83434372e-05)
( 9.65817172e-06,-3.63811604e-05)
( 9.79000592e-06,-3.43592622e-05)
( 9.90888913e-06,-3.22821262e-05)
( 1.00152006e-05,-3.01542082e-05)
( 1.01093536e-05,-2.79800248e-05)
( 1.01917937e-05,-2.57641431e-05)
( 1.02629958e-05,-2.35111690e-05)
( 1.03234618e-05,-2.12257365e-05)
( 1.03737182e-05,-1.89124966e-05)
( 1.04143129e-05,-1.65761060e-05)
( 1.04458127e-05,-1.42212166e-05)
( 1.04687999e-05,-1.18524645e-05)
( 1.04838695e-05,-9.47445878e-06)
( 1.04916258e-05,-7.09177155e-06)
( 1.04926793e-05,-4.70892710e-06)
( 1.04876430e-05,-2.33039177e-06)
( 1.04771293e-05, 3.94361465e-08)
( 1.04617465e-05, 2.39623617e-06)
( 1.04420949e-05, 4.73577522e-06)
( 1.04187634e-05, 7.05391690e-06)
( 1.03923262e-05, 9.34663047e-06)
( 1.03633386e-05, 1.16099995e-05)
( 1.03323338e-05, 1.38402303e-05)
( 1.02998189e-05, 1.60336598e-05)
( 1.02662715e-05, 1.81867631e-05)
( 1.02321358e-05, 2.02961611e-05)
( 1.01978193e-05, 2.23586267e-05)
( 1.01636887e-05, 2.43710921e-05)
( 1.01300668e-05, 2.63306541e-05)
( 1.00972288e-05, 2.82345803e-05)
( 1.00653985e-05, 3.00803137e-05)
( 1.00347454e-05, 3.18654782e-05)
( 1.00053807e-05, 3.35878825e-05)
( 9.97735431e-06, 3.52455242e-05)
( 9.95065128e-06, 3.68365933e-05)
( 9.92518869e-06, 3.83594754e-05)
( 9.90081226e-06, 3.98127543e-05)
( 9.87729317e-06, 4.11952143e-05)
( 9.85432479e-06, 4.25058423e-05)
( 9.83151949e-06, 4.37438293e-05)
( 9.80840537e-06, 4.49085716e-05)
( 9.78442296e-06, 4.59996719e-05)
( 9.75892186e-06, 4.70169400e-05)
( 9.73115725e-06, 4.79603928e-05)
( 9.70028625e-06, 4.88302556e-05)
( 9.66536403e-06, 4.96269612e-05)
( 9.62533970e-06, 5.03511506e-05)
( 9.57905182e-06, 5.10036733e-05)
( 9.52522340e-06, 5.15855873e-05)
( 9.46245637e-06, 5.20981598e-05)
( 9.38922532e-06, 5.25428680e-05)
( 9.30387030e-06, 5.29214013e-05)
( 9.20458855e-06, 5.32356629e-05)
( 9.08942478e-06, 5.34877735e-05)
( 8.95625977e-06, 5.36800764e-05)
( 8.80279676e-06, 5.38151436e-05)
( 8.62654526e-06, 5.38957850e-05)
( 8.42480147e-06, 5.39250601e-05)
( 8.19462450e-06, 5.39062936e-05)
( 7.93280745e-06, 5.38430958e-05)
( 7.63584169e-06, 5.37393891e-05)
( 7.29987274e-06, 5.35994428e-05)
( 6.92064525e-06, 5.34279181e-05)
( 6.49343373e-06, 5.32299268e-05)
( 6.01295482e-06, 5.30111087e-05)
( 5.47325485e-06, 5.27777331e-05)
( 4.86756448e-06, 5.25368336e-05)
( 4.18810833e-06, 5.22963886e-05)
( 3.42585242e-06, 5.20655665e-05)
( 2.57016424e-06, 5.18550616e-05)
( 1.60834715e-06, 5.16775631e-05)
( 5.24990711e-07, 5.15484209e-05)
(-6.98956291e-07, 5.14866128e-05)
(-2.08754209e-06, 5.15161816e-05)
(-3.67185556e-06, 5.16684385e-05)
(-5.49321383e-06, 5.19854539e-05)
(-7.60834296e-06, 5.25258250e-05)
(-1.00982269e-05, 5.33746865e-05)
(-1.30841772e-05, 5.46621869e-05)
(-1.67593616e-05, 5.66003329e-05)
(-2.14572708e-05, 5.95643160e-05)
(-2.78213787e-05, 6.42972855e-05)
(-3.73539337e-05, 7.25855421e-05)
(-5.35484421e-05, 8.86302659e-05)
(-1.34644067e-04, 1.86537822e-04)
