% ======================================================
% L-Bracket Method of Moments Solution
% ======================================================
% Frequency: 9.200 GHz
% Wavelength: 0.032586 m
% Segments: N=3070 (1535 horiz + 1535 vert)
% Transmitter: (25.0000, 25.0000) m
%
% Solver: SSOR with hierarchical omega
% omega = 0.1010
% iterations = 380
% convergence = 9.67e-10
% time = 241.85 seconds
% ======================================================
% Format: (real, imaginary) current coefficients
% ======================================================
( 1.07067923e-06,-6.93637765e-07)
( 3.92986605e-06,-2.61535729e-06)
( 6.61979856e-06,-4.41621305e-06)
( 9.29352997e-06,-6.20546589e-06)
( 1.19455212e-05,-7.97972821e-06)
( 1.45721140e-05,-9.73672289e-06)
( 1.71688027e-05,-1.14735159e-05)
( 1.97308257e-05,-1.31869625e-05)
( 2.22533391e-05,-1.48738482e-05)
( 2.47314990e-05,-1.65309494e-05)
( 2.71605049e-05,-1.81550672e-05)
( 2.95356267e-05,-1.97430471e-05)
( 3.18522239e-05,-2.12917928e-05)
( 3.41057601e-05,-2.27982771e-05)
( 3.62918161e-05,-2.42595501e-05)
( 3.84061008e-05,-2.56727473e-05)
( 4.04444608e-05,-2.70350962e-05)
( 4.24028903e-05,-2.83439224e-05)
( 4.42775393e-05,-2.95966558e-05)
( 4.60647220e-05,-3.07908358e-05)
( 4.77609245e-05,-3.19241166e-05)
( 4.93628118e-05,-3.29942718e-05)
( 5.08672350e-05,-3.39991992e-05)
( 5.22712372e-05,-3.49369250e-05)
( 5.35720600e-05,-3.58056076e-05)
( 5.47671490e-05,-3.66035417e-05)
( 5.58541583e-05,-3.73291610e-05)
( 5.68309561e-05,-3.79810422e-05)
( 5.76956284e-05,-3.85579071e-05)
( 5.84464828e-05,-3.90586254e-05)
( 5.90820522e-05,-3.94822173e-05)
( 5.96010976e-05,-3.98278548e-05)
( 6.00026104e-05,-4.00948636e-05)
( 6.02858144e-05,-4.02827246e-05)
( 6.04501676e-05,-4.03910747e-05)
( 6.04953631e-05,-4.04197076e-05)
( 6.04213295e-05,-4.03685742e-05)
( 6.02282315e-05,-4.02377825e-05)
( 5.99164691e-05,-4.00275979e-05)
( 5.94866770e-05,-3.97384419e-05)
( 5.89397232e-05,-3.93708919e-05)
( 5.82767074e-05,-3.89256797e-05)
( 5.74989589e-05,-3.84036903e-05)
( 5.66080335e-05,-3.78059598e-05)
( 5.56057108e-05,-3.71336737e-05)
( 5.44939905e-05,-3.63881643e-05)
( 5.32750885e-05,-3.55709082e-05)
( 5.19514321e-05,-3.46835234e-05)
( 5.05256559e-05,-3.37277659e-05)
( 4.90005958e-05,-3.27055265e-05)
( 4.73792838e-05,-3.16188269e-05)
( 4.56649418e-05,-3.04698156e-05)
( 4.38609753e-05,-2.92607641e-05)
( 4.19709663e-05,-2.79940617e-05)
( 3.99986668e-05,-2.66722117e-05)
( 3.79479907e-05,-2.52978255e-05)
( 3.58230064e-05,-2.38736183e-05)
( 3.36279287e-05,-2.24024031e-05)
( 3.13671102e-05,-2.08870855e-05)
( 2.90450329e-05,-1.93306579e-05)
( 2.66662993e-05,-1.77361937e-05)
( 2.42356229e-05,-1.61068410e-05)
( 2.17578195e-05,-1.44458165e-05)
( 1.92377971e-05,-1.27563994e-05)
( 1.66805463e-05,-1.10419248e-05)
( 1.40911306e-05,-9.30577671e-06)
( 1.14746763e-05,-7.55138216e-06)
( 8.83636206e-06,-5.78220390e-06)
( 6.18140910e-06,-4.00173376e-06)
( 3.51507055e-06,-2.21348580e-06)
( 8.42621128e-07,-4.20989355e-07)
(-1.83065324e-06, 1.37221790e-06)
(-4.49946592e-06, 3.16259690e-06)
(-7.15854002e-06, 4.94661413e-06)
(-9.80261881e-06, 6.72074862e-06)
(-1.24264761e-05, 8.48149885e-06)
(-1.50249266e-05, 1.02253896e-05)
(-1.75928361e-05, 1.19489788e-05)
(-2.01251318e-05, 1.36488643e-05)
(-2.26168118e-05, 1.53216907e-05)
(-2.50629556e-05, 1.69641557e-05)
(-2.74587337e-05, 1.85730166e-05)
(-2.97994165e-05, 2.01450969e-05)
(-3.20803844e-05, 2.16772924e-05)
(-3.42971365e-05, 2.31665773e-05)
(-3.64452995e-05, 2.46100103e-05)
(-3.85206364e-05, 2.60047399e-05)
(-4.05190546e-05, 2.73480108e-05)
(-4.24366145e-05, 2.86371684e-05)
(-4.42695365e-05, 2.98696649e-05)
(-4.60142089e-05, 3.10430636e-05)
(-4.76671949e-05, 3.21550440e-05)
(-4.92252395e-05, 3.32034066e-05)
(-5.06852753e-05, 3.41860766e-05)
(-5.20444293e-05, 3.51011086e-05)
(-5.33000279e-05, 3.59466900e-05)
(-5.44496024e-05, 3.67211450e-05)
(-5.54908940e-05, 3.74229372e-05)
(-5.64218577e-05, 3.80506734e-05)
(-5.72406668e-05, 3.86031060e-05)
(-5.79457159e-05, 3.90791351e-05)
(-5.85356248e-05, 3.94778113e-05)
(-5.90092403e-05, 3.97983374e-05)
(-5.93656390e-05, 4.00400695e-05)
(-5.96041289e-05, 4.02025190e-05)
(-5.97242507e-05, 4.02853528e-05)
(-5.97257786e-05, 4.02883948e-05)
(-5.96087207e-05, 4.02116256e-05)
(-5.93733191e-05, 4.00551827e-05)
(-5.90200490e-05, 3.98193605e-05)
(-5.85496183e-05, 3.95046094e-05)
(-5.79629653e-05, 3.91115350e-05)
(-5.72612578e-05, 3.86408973e-05)
(-5.64458899e-05, 3.80936087e-05)
(-5.55184796e-05, 3.74707324e-05)
(-5.44808654e-05, 3.67734804e-05)
(-5.33351030e-05, 3.60032112e-05)
(-5.20834607e-05, 3.51614269e-05)
(-5.07284151e-05, 3.42497705e-05)
(-4.92726462e-05, 3.32700226e-05)
(-4.77190320e-05, 3.22240978e-05)
(-4.60706431e-05, 3.11140411e-05)
(-4.43307360e-05, 2.99420239e-05)
(-4.25027471e-05, 2.87103398e-05)
(-4.05902860e-05, 2.74213999e-05)
(-3.85971278e-05, 2.60777281e-05)
(-3.65272063e-05, 2.46819565e-05)
(-3.43846058e-05, 2.32368199e-05)
(-3.21735530e-05, 2.17451503e-05)
(-2.98984090e-05, 2.02098721e-05)
(-2.75636603e-05, 1.86339954e-05)
(-2.51739102e-05, 1.70206108e-05)
(-2.27338696e-05, 1.53728829e-05)
(-2.02483479e-05, 1.36940445e-05)
(-1.77222432e-05, 1.19873900e-05)
(-1.51605328e-05, 1.02562689e-05)
(-1.25682636e-05, 8.50407932e-06)
(-9.95054175e-06, 6.73426144e-06)
(-7.31252303e-06, 4.95029052e-06)
(-4.65940235e-06, 3.15567022e-06)
(-1.99640373e-06, 1.35392570e-06)
( 6.71230062e-07,-4.51403326e-07)
( 3.33824780e-06,-2.25676955e-06)
( 5.99940010e-06,-4.05862501e-06)
( 8.64944978e-06,-5.85342810e-06)
( 1.12831821e-05,-7.63765049e-06)
( 1.38954152e-05,-9.40778413e-06)
( 1.64810098e-05,-1.11603481e-05)
( 1.90348800e-05,-1.28918954e-05)
( 2.15520026e-05,-1.45990199e-05)
( 2.40274273e-05,-1.62783629e-05)
( 2.64562865e-05,-1.79266199e-05)
( 2.88338046e-05,-1.95405468e-05)
( 3.11553075e-05,-2.11169667e-05)
( 3.34162316e-05,-2.26527759e-05)
( 3.56121333e-05,-2.41449501e-05)
( 3.77386969e-05,-2.55905503e-05)
( 3.97917437e-05,-2.69867287e-05)
( 4.17672399e-05,-2.83307342e-05)
( 4.36613045e-05,-2.96199182e-05)
( 4.54702172e-05,-3.08517392e-05)
( 4.71904251e-05,-3.20237683e-05)
( 4.88185505e-05,-3.31336941e-05)
( 5.03513964e-05,-3.41793268e-05)
( 5.17859541e-05,-3.51586030e-05)
( 5.31194077e-05,-3.60695894e-05)
( 5.43491408e-05,-3.69104871e-05)
( 5.54727408e-05,-3.76796347e-05)
( 5.64880040e-05,-3.83755120e-05)
( 5.73929398e-05,-3.89967429e-05)
( 5.81857748e-05,-3.95420980e-05)
( 5.88649556e-05,-4.00104971e-05)
( 5.94291529e-05,-4.04010117e-05)
( 5.98772630e-05,-4.07128664e-05)
( 6.02084107e-05,-4.09454410e-05)
( 6.04219506e-05,-4.10982710e-05)
( 6.05174685e-05,-4.11710495e-05)
( 6.04947823e-05,-4.11636270e-05)
( 6.03539421e-05,-4.10760125e-05)
( 6.00952301e-05,-4.09083727e-05)
( 5.97191605e-05,-4.06610327e-05)
( 5.92264776e-05,-4.03344744e-05)
( 5.86181553e-05,-3.99293364e-05)
( 5.78953944e-05,-3.94464123e-05)
( 5.70596205e-05,-3.88866494e-05)
( 5.61124816e-05,-3.82511470e-05)
( 5.50558439e-05,-3.75411539e-05)
( 5.38917893e-05,-3.67580663e-05)
( 5.26226102e-05,-3.59034250e-05)
( 5.12508057e-05,-3.49789124e-05)
( 4.97790765e-05,-3.39863494e-05)
( 4.82103195e-05,-3.29276915e-05)
( 4.65476221e-05,-3.18050252e-05)
( 4.47942564e-05,-3.06205640e-05)
( 4.29536723e-05,-2.93766440e-05)
( 4.10294912e-05,-2.80757193e-05)
( 3.90254984e-05,-2.67203573e-05)
( 3.69456362e-05,-2.53132333e-05)
( 3.47939958e-05,-2.38571259e-05)
( 3.25748091e-05,-2.23549112e-05)
( 3.02924409e-05,-2.08095568e-05)
( 2.79513801e-05,-1.92241168e-05)
( 2.55562304e-05,-1.76017251e-05)
( 2.31117021e-05,-1.59455894e-05)
( 2.06226022e-05,-1.42589852e-05)
( 1.80938253e-05,-1.25452489e-05)
( 1.55303438e-05,-1.08077718e-05)
( 1.29371981e-05,-9.04999268e-06)
( 1.03194868e-05,-7.27539169e-06)
( 7.68235682e-06,-5.48748319e-06)
( 5.03099293e-06,-3.68980883e-06)
( 2.37060779e-06,-1.88593061e-06)
(-2.93568307e-07,-7.94238550e-08)
(-2.95629779e-06, 1.72612989e-06)
(-5.61234607e-06, 3.52714989e-06)
(-8.25649184e-06, 5.32006332e-06)
(-1.08835374e-05, 7.10131231e-06)
(-1.34883186e-05, 8.86736101e-06)
(-1.60657156e-05, 1.06147026e-05)
(-1.86106623e-05, 1.23398661e-05)
(-2.11181567e-05, 1.40394234e-05)
(-2.35832705e-05, 1.57099961e-05)
(-2.60011591e-05, 1.73482621e-05)
(-2.83670708e-05, 1.89509620e-05)
(-3.06763565e-05, 2.05149059e-05)
(-3.29244785e-05, 2.20369796e-05)
(-3.51070199e-05, 2.35141509e-05)
(-3.72196927e-05, 2.49434752e-05)
(-3.92583468e-05, 2.63221021e-05)
(-4.12189778e-05, 2.76472803e-05)
(-4.30977353e-05, 2.89163636e-05)
(-4.48909301e-05, 3.01268159e-05)
(-4.65950416e-05, 3.12762164e-05)
(-4.82067248e-05, 3.23622643e-05)
(-4.97228171e-05, 3.33827837e-05)
(-5.11403441e-05, 3.43357276e-05)
(-5.24565257e-05, 3.52191820e-05)
(-5.36687819e-05, 3.60313700e-05)
(-5.47747373e-05, 3.67706554e-05)
(-5.57722264e-05, 3.74355454e-05)
(-5.66592973e-05, 3.80246945e-05)
(-5.74342163e-05, 3.85369063e-05)
(-5.80954706e-05, 3.89711368e-05)
(-5.86417717e-05, 3.93264957e-05)
(-5.90720580e-05, 3.96022488e-05)
(-5.93854968e-05, 3.97978194e-05)
(-5.95814859e-05, 3.99127890e-05)
(-5.96596552e-05, 3.99468992e-05)
(-5.96198667e-05, 3.99000510e-05)
(-5.94622156e-05, 3.97723063e-05)
(-5.91870299e-05, 3.95638868e-05)
(-5.87948694e-05, 3.92751744e-05)
(-5.82865252e-05, 3.89067098e-05)
(-5.76630176e-05, 3.84591921e-05)
(-5.69255947e-05, 3.79334772e-05)
(-5.60757296e-05, 3.73305759e-05)
(-5.51151174e-05, 3.66516527e-05)
(-5.40456724e-05, 3.58980225e-05)
(-5.28695238e-05, 3.50711489e-05)
(-5.15890119e-05, 3.41726412e-05)
(-5.02066832e-05, 3.32042507e-05)
(-4.87252858e-05, 3.21678681e-05)
(-4.71477636e-05, 3.10655191e-05)
(-4.54772508e-05, 2.98993608e-05)
(-4.37170655e-05, 2.86716776e-05)
(-4.18707034e-05, 2.73848761e-05)
(-3.99418307e-05, 2.60414811e-05)
(-3.79342771e-05, 2.46441302e-05)
(-3.58520280e-05, 2.31955686e-05)
(-3.36992170e-05, 2.16986442e-05)
(-3.14801173e-05, 2.01563010e-05)
(-2.91991337e-05, 1.85715745e-05)
(-2.68607937e-05, 1.69475848e-05)
(-2.44697385e-05, 1.52875308e-05)
(-2.20307139e-05, 1.35946837e-05)
(-1.95485611e-05, 1.18723811e-05)
(-1.70282070e-05, 1.01240196e-05)
(-1.44746543e-05, 8.35304874e-06)
(-1.18929720e-05, 6.56296371e-06)
(-9.28828485e-06, 4.75729882e-06)
(-6.66576387e-06, 2.93962030e-06)
(-4.03061560e-06, 1.11351929e-06)
(-1.38807203e-06,-7.17395235e-07)
( 1.25661979e-06,-2.54950366e-06)
( 3.89820813e-06,-4.37918284e-06)
( 6.53144699e-06,-6.20281332e-06)
( 9.15110645e-06,-8.01678646e-06)
( 1.17519831e-05,-9.81751162e-06)
( 1.43289102e-05,-1.16014233e-05)
( 1.68767680e-05,-1.33649880e-05)
( 1.93904941e-05,-1.51047116e-05)
( 2.18650930e-05,-1.68171459e-05)
( 2.42956465e-05,-1.84988958e-05)
( 2.66773230e-05,-2.01466256e-05)
( 2.90053874e-05,-2.17570662e-05)
( 3.12752104e-05,-2.33270210e-05)
( 3.34822778e-05,-2.48533725e-05)
( 3.56221991e-05,-2.63330888e-05)
( 3.76907165e-05,-2.77632289e-05)
( 3.96837135e-05,-2.91409491e-05)
( 4.15972226e-05,-3.04635087e-05)
( 4.34274335e-05,-3.17282748e-05)
( 4.51707008e-05,-3.29327283e-05)
( 4.68235509e-05,-3.40744684e-05)
( 4.83826889e-05,-3.51512177e-05)
( 4.98450055e-05,-3.61608262e-05)
( 5.12075831e-05,-3.71012764e-05)
( 5.24677012e-05,-3.79706865e-05)
( 5.36228421e-05,-3.87673145e-05)
( 5.46706962e-05,-3.94895618e-05)
( 5.56091659e-05,-4.01359762e-05)
( 5.64363705e-05,-4.07052547e-05)
( 5.71506494e-05,-4.11962464e-05)
( 5.77505657e-05,-4.16079544e-05)
( 5.82349090e-05,-4.19395381e-05)
( 5.86026977e-05,-4.21903149e-05)
( 5.88531811e-05,-4.23597613e-05)
( 5.89858409e-05,-4.24475141e-05)
( 5.90003922e-05,-4.24533713e-05)
( 5.88967840e-05,-4.23772921e-05)
( 5.86751995e-05,-4.22193976e-05)
( 5.83360554e-05,-4.19799698e-05)
( 5.78800016e-05,-4.16594518e-05)
( 5.73079194e-05,-4.12584465e-05)
( 5.66209200e-05,-4.07777155e-05)
( 5.58203426e-05,-4.02181778e-05)
( 5.49077509e-05,-3.95809078e-05)
( 5.38849309e-05,-3.88671330e-05)
( 5.27538870e-05,-3.80782321e-05)
( 5.15168378e-05,-3.72157319e-05)
( 5.01762121e-05,-3.62813043e-05)
( 4.87346438e-05,-3.52767632e-05)
( 4.71949667e-05,-3.42040609e-05)
( 4.55602091e-05,-3.30652839e-05)
( 4.38335875e-05,-3.18626494e-05)
( 4.20185003e-05,-3.05985002e-05)
( 4.01185213e-05,-2.92753008e-05)
( 3.81373922e-05,-2.78956320e-05)
( 3.60790153e-05,-2.64621860e-05)
( 3.39474461e-05,-2.49777612e-05)
( 3.17468847e-05,-2.34452566e-05)
( 2.94816678e-05,-2.18676657e-05)
( 2.71562599e-05,-2.02480714e-05)
( 2.47752447e-05,-1.85896391e-05)
( 2.23433158e-05,-1.68956109e-05)
( 1.98652672e-05,-1.51692993e-05)
( 1.73459843e-05,-1.34140803e-05)
( 1.47904337e-05,-1.16333867e-05)
( 1.22036535e-05,-9.83070196e-06)
( 9.59074340e-06,-8.00955256e-06)
( 6.95685450e-06,-6.17350153e-06)
( 4.30717905e-06,-4.32614121e-06)
( 1.64694016e-06,-2.47108626e-06)
(-1.01861855e-06,-6.11966448e-07)
(-3.68424336e-06, 1.24758045e-06)
(-6.34468087e-06, 3.10391586e-06)
(-8.99468846e-06, 4.95340756e-06)
(-1.16290446e-05, 6.79243688e-06)
(-1.42425593e-05, 8.61740580e-06)
(-1.68300844e-05, 1.04247441e-05)
(-1.93865235e-05, 1.22109163e-05)
(-2.19068427e-05, 1.39724287e-05)
(-2.43860798e-05, 1.57058365e-05)
(-2.68193546e-05, 1.74077499e-05)
(-2.92018785e-05, 1.90748416e-05)
(-3.15289640e-05, 2.07038530e-05)
(-3.37960336e-05, 2.22916004e-05)
(-3.59986295e-05, 2.38349817e-05)
(-3.81324220e-05, 2.53309821e-05)
(-4.01932178e-05, 2.67766805e-05)
(-4.21769691e-05, 2.81692548e-05)
(-4.40797807e-05, 2.95059878e-05)
(-4.58979183e-05, 3.07842724e-05)
(-4.76278156e-05, 3.20016168e-05)
(-4.92660813e-05, 3.31556491e-05)
(-5.08095059e-05, 3.42441226e-05)
(-5.22550679e-05, 3.52649197e-05)
(-5.35999399e-05, 3.62160562e-05)
(-5.48414939e-05, 3.70956854e-05)
(-5.59773067e-05, 3.79021013e-05)
(-5.70051645e-05, 3.86337426e-05)
(-5.79230672e-05, 3.92891952e-05)
(-5.87292324e-05, 3.98671952e-05)
(-5.94220987e-05, 4.03666315e-05)
(-6.00003290e-05, 4.07865479e-05)
(-6.04628129e-05, 4.11261448e-05)
(-6.08086685e-05, 4.13847811e-05)
(-6.10372449e-05, 4.15619753e-05)
(-6.11481226e-05, 4.16574064e-05)
(-6.11411144e-05, 4.16709147e-05)
(-6.10162662e-05, 4.16025020e-05)
(-6.07738563e-05, 4.14523315e-05)
(-6.04143949e-05, 4.12207277e-05)
(-5.99386229e-05, 4.09081758e-05)
(-5.93475107e-05, 4.05153204e-05)
(-5.86422559e-05, 4.00429646e-05)
(-5.78242807e-05, 3.94920682e-05)
(-5.68952293e-05, 3.88637461e-05)
(-5.58569646e-05, 3.81592656e-05)
(-5.47115640e-05, 3.73800446e-05)
(-5.34613156e-05, 3.65276483e-05)
(-5.21087133e-05, 3.56037863e-05)
(-5.06564521e-05, 3.46103091e-05)
(-4.91074223e-05, 3.35492049e-05)
(-4.74647040e-05, 3.24225953e-05)
(-4.57315606e-05, 3.12327311e-05)
(-4.39114328e-05, 2.99819881e-05)
(-4.20079310e-05, 2.86728626e-05)
(-4.00248287e-05, 2.73079660e-05)
(-3.79660545e-05, 2.58900200e-05)
(-3.58356846e-05, 2.44218514e-05)
(-3.36379344e-05, 2.29063861e-05)
(-3.13771504e-05, 2.13466439e-05)
(-2.90578011e-05, 1.97457319e-05)
(-2.66844684e-05, 1.81068393e-05)
(-2.42618386e-05, 1.64332302e-05)
(-2.17946928e-05, 1.47282380e-05)
(-1.92878974e-05, 1.29952581e-05)
(-1.67463948e-05, 1.12377419e-05)
(-1.41751930e-05, 9.45918969e-06)
(-1.15793562e-05, 7.66314374e-06)
(-8.96399457e-06, 5.85318149e-06)
(-6.33425395e-06, 4.03290848e-06)
(-3.69530590e-06, 2.20595119e-06)
(-1.05233738e-06, 3.75950021e-07)
( 1.58945957e-06,-1.45344794e-06)
( 4.22489801e-06,-3.27859605e-06)
( 6.84880640e-06,-5.09585529e-06)
( 9.45603881e-06,-6.90160143e-06)
( 1.20414850e-05,-8.69223214e-06)
( 1.46000808e-05,-1.04641741e-05)
( 1.71268174e-05,-1.22138900e-05)
( 1.96167522e-05,-1.39378856e-05)
( 2.20650176e-05,-1.56327164e-05)
( 2.44668313e-05,-1.72949948e-05)
( 2.68175051e-05,-1.89213962e-05)
( 2.91124547e-05,-2.05086663e-05)
( 3.13472081e-05,-2.20536268e-05)
( 3.35174150e-05,-2.35531822e-05)
( 3.56188547e-05,-2.50043255e-05)
( 3.76474447e-05,-2.64041446e-05)
( 3.95992490e-05,-2.77498276e-05)
( 4.14704849e-05,-2.90386687e-05)
( 4.32575313e-05,-3.02680735e-05)
( 4.49569353e-05,-3.14355638e-05)
( 4.65654189e-05,-3.25387830e-05)
( 4.80798857e-05,-3.35755007e-05)
( 4.94974264e-05,-3.45436167e-05)
( 5.08153251e-05,-3.54411658e-05)
( 5.20310639e-05,-3.62663212e-05)
( 5.31423282e-05,-3.70173984e-05)
( 5.41470109e-05,-3.76928586e-05)
( 5.50432167e-05,-3.82913119e-05)
( 5.58292655e-05,-3.88115196e-05)
( 5.65036956e-05,-3.92523974e-05)
( 5.70652667e-05,-3.96130170e-05)
( 5.75129621e-05,-3.98926083e-05)
( 5.78459903e-05,-4.00905612e-05)
( 5.80637870e-05,-4.02064262e-05)
( 5.81660157e-05,-4.02399163e-05)
( 5.81525682e-05,-4.01909067e-05)
( 5.80235651e-05,-4.00594360e-05)
( 5.77793549e-05,-3.98457055e-05)
( 5.74205137e-05,-3.95500793e-05)
( 5.69478436e-05,-3.91730837e-05)
( 5.63623711e-05,-3.87154061e-05)
( 5.56653450e-05,-3.81778936e-05)
( 5.48582339e-05,-3.75615519e-05)
( 5.39427230e-05,-3.68675430e-05)
( 5.29207108e-05,-3.60971831e-05)
( 5.17943053e-05,-3.52519404e-05)
( 5.05658196e-05,-3.43334317e-05)
( 4.92377672e-05,-3.33434202e-05)
( 4.78128573e-05,-3.22838112e-05)
( 4.62939890e-05,-3.11566491e-05)
( 4.46842456e-05,-2.99641132e-05)
( 4.29868884e-05,-2.87085136e-05)
( 4.12053505e-05,-2.73922868e-05)
( 3.93432296e-05,-2.60179907e-05)
( 3.74042807e-05,-2.45883001e-05)
( 3.53924094e-05,-2.31060013e-05)
( 3.33116631e-05,-2.15739866e-05)
( 3.11662238e-05,-1.99952488e-05)
( 2.89603995e-05,-1.83728756e-05)
( 2.66986156e-05,-1.67100433e-05)
( 2.43854061e-05,-1.50100107e-05)
( 2.20254049e-05,-1.32761129e-05)
( 1.96233362e-05,-1.15117545e-05)
( 1.71840059e-05,-9.72040352e-06)
( 1.47122910e-05,-7.90558397e-06)
( 1.22131311e-05,-6.07086945e-06)
( 9.69151801e-06,-4.21987597e-06)
( 7.15248590e-06,-2.35625491e-06)
( 4.60110168e-06,-4.83685909e-07)
( 2.04245480e-06, 1.39413039e-06)
(-5.18352721e-07, 3.27347957e-06)
(-3.07621632e-06, 5.15064069e-06)
(-5.62603897e-06, 7.02189366e-06)
(-8.16274118e-06, 8.88352650e-06)
(-1.06812710e-05, 1.07318426e-05)
(-1.31766140e-05, 1.25631682e-05)
(-1.56438029e-05, 1.43738593e-05)
(-1.80779278e-05, 1.61603091e-05)
(-2.04741452e-05, 1.79189550e-05)
(-2.28276880e-05, 1.96462858e-05)
(-2.51338748e-05, 2.13388482e-05)
(-2.73881187e-05, 2.29932542e-05)
(-2.95859368e-05, 2.46061876e-05)
(-3.17229586e-05, 2.61744103e-05)
(-3.37949349e-05, 2.76947692e-05)
(-3.57977458e-05, 2.91642020e-05)
(-3.77274090e-05, 3.05797438e-05)
(-3.95800875e-05, 3.19385324e-05)
(-4.13520973e-05, 3.32378147e-05)
(-4.30399141e-05, 3.44749516e-05)
(-4.46401809e-05, 3.56474236e-05)
(-4.61497140e-05, 3.67528359e-05)
(-4.75655097e-05, 3.77889229e-05)
(-4.88847496e-05, 3.87535532e-05)
(-5.01048067e-05, 3.96447335e-05)
(-5.12232501e-05, 4.04606129e-05)
(-5.22378499e-05, 4.11994867e-05)
(-5.31465817e-05, 4.18597994e-05)
(-5.39476304e-05, 4.24401486e-05)
(-5.46393937e-05, 4.29392875e-05)
(-5.52204853e-05, 4.33561272e-05)
(-5.56897376e-05, 4.36897398e-05)
(-5.60462040e-05, 4.39393595e-05)
(-5.62891606e-05, 4.41043846e-05)
(-5.64181078e-05, 4.41843791e-05)
(-5.64327711e-05, 4.41790733e-05)
(-5.63331018e-05, 4.40883646e-05)
(-5.61192769e-05, 4.39123178e-05)
(-5.57916989e-05, 4.36511653e-05)
(-5.53509947e-05, 4.33053066e-05)
(-5.47980150e-05, 4.28753079e-05)
(-5.41338317e-05, 4.23619006e-05)
(-5.33597367e-05, 4.17659806e-05)
(-5.24772387e-05, 4.10886065e-05)
(-5.14880608e-05, 4.03309973e-05)
(-5.03941364e-05, 3.94945307e-05)
(-4.91976062e-05, 3.85807402e-05)
(-4.79008134e-05, 3.75913122e-05)
(-4.65062994e-05, 3.65280828e-05)
(-4.50167986e-05, 3.53930345e-05)
(-4.34352334e-05, 3.41882924e-05)
(-4.17647082e-05, 3.29161197e-05)
(-4.00085032e-05, 3.15789140e-05)
(-3.81700682e-05, 3.01792023e-05)
(-3.62530160e-05, 2.87196362e-05)
(-3.42611147e-05, 2.72029869e-05)
(-3.21982810e-05, 2.56321394e-05)
(-3.00685721e-05, 2.40100877e-05)
(-2.78761780e-05, 2.23399281e-05)
(-2.56254129e-05, 2.06248541e-05)
(-2.33207073e-05, 1.88681492e-05)
(-2.09665989e-05, 1.70731814e-05)
(-1.85677238e-05, 1.52433960e-05)
(-1.61288075e-05, 1.33823092e-05)
(-1.36546554e-05, 1.14935011e-05)
(-1.11501438e-05, 9.58060875e-06)
(-8.62020986e-06, 7.64731907e-06)
(-6.06984231e-06, 5.69736147e-06)
(-3.50407138e-06, 3.73450063e-06)
(-9.27959094e-07, 1.76252912e-06)
( 1.65341074e-06,-2.14740098e-07)
( 4.23494248e-06,-2.19348114e-06)
( 6.81153863e-06,-4.16986275e-06)
( 9.37810988e-06,-6.14005586e-06)
( 1.19295851e-05,-8.10024110e-06)
( 1.44609213e-05,-1.00466164e-05)
( 1.69671136e-05,-1.19754043e-05)
( 1.94432047e-05,-1.38828599e-05)
( 2.18842953e-05,-1.57652777e-05)
( 2.42855531e-05,-1.76189991e-05)
( 2.66422226e-05,-1.94404200e-05)
( 2.89496345e-05,-2.12259973e-05)
( 3.12032147e-05,-2.29722567e-05)
( 3.33984933e-05,-2.46757989e-05)
( 3.55311136e-05,-2.63333067e-05)
( 3.75968406e-05,-2.79415515e-05)
( 3.95915694e-05,-2.94973999e-05)
( 4.15113329e-05,-3.09978197e-05)
( 4.33523101e-05,-3.24398859e-05)
( 4.51108336e-05,-3.38207868e-05)
( 4.67833966e-05,-3.51378296e-05)
( 4.83666597e-05,-3.63884453e-05)
( 4.98574582e-05,-3.75701946e-05)
( 5.12528075e-05,-3.86807720e-05)
( 5.25499094e-05,-3.97180109e-05)
( 5.37461579e-05,-4.06798880e-05)
( 5.48391440e-05,-4.15645270e-05)
( 5.58266603e-05,-4.23702027e-05)
( 5.67067060e-05,-4.30953441e-05)
( 5.74774904e-05,-4.37385381e-05)
( 5.81374367e-05,-4.42985318e-05)
( 5.86851848e-05,-4.47742356e-05)
( 5.91195947e-05,-4.51647248e-05)
( 5.94397479e-05,-4.54692422e-05)
( 5.96449502e-05,-4.56871989e-05)
( 5.97347324e-05,-4.58181760e-05)
( 5.97088514e-05,-4.58619256e-05)
( 5.95672912e-05,-4.58183708e-05)
( 5.93102623e-05,-4.56876065e-05)
( 5.89382020e-05,-4.54698989e-05)
( 5.84517729e-05,-4.51656852e-05)
( 5.78518625e-05,-4.47755725e-05)
( 5.71395805e-05,-4.43003371e-05)
( 5.63162576e-05,-4.37409226e-05)
( 5.53834424e-05,-4.30984384e-05)
( 5.43428984e-05,-4.23741572e-05)
( 5.31966009e-05,-4.15695127e-05)
( 5.19467329e-05,-4.06860971e-05)
( 5.05956808e-05,-3.97256572e-05)
( 4.91460301e-05,-3.86900918e-05)
( 4.76005599e-05,-3.75814475e-05)
( 4.59622378e-05,-3.64019146e-05)
( 4.42342140e-05,-3.51538234e-05)
( 4.24198150e-05,-3.38396386e-05)
( 4.05225373e-05,-3.24619554e-05)
( 3.85460406e-05,-3.10234938e-05)
( 3.64941403e-05,-2.95270935e-05)
( 3.43708002e-05,-2.79757079e-05)
( 3.21801248e-05,-2.63723989e-05)
( 2.99263512e-05,-2.47203302e-05)
( 2.76138407e-05,-2.30227612e-05)
( 2.52470703e-05,-2.12830410e-05)
( 2.28306238e-05,-1.95046010e-05)
( 2.03691831e-05,-1.76909487e-05)
( 1.78675185e-05,-1.58456604e-05)
( 1.53304799e-05,-1.39723742e-05)
( 1.27629866e-05,-1.20747831e-05)
( 1.01700181e-05,-1.01566269e-05)
( 7.55660436e-06,-8.22168554e-06)
( 4.92781538e-06,-6.27377125e-06)
( 2.28875172e-06,-4.31672097e-06)
(-3.55465784e-07,-2.35438877e-06)
(-2.99970604e-06,-3.90638216e-07)
(-5.63883785e-06, 1.57066535e-06)
(-8.26773998e-06, 3.52566246e-06)
(-1.08813113e-05, 5.47050722e-06)
(-1.34744808e-05, 7.40137493e-06)
(-1.60422175e-05, 9.31446970e-06)
(-1.85795407e-05, 1.12060320e-05)
(-2.10815294e-05, 1.30723461e-05)
(-2.35433322e-05, 1.49097475e-05)
(-2.59601767e-05, 1.67146303e-05)
(-2.83273795e-05, 1.84834541e-05)
(-3.06403543e-05, 2.02127512e-05)
(-3.28946223e-05, 2.18991337e-05)
(-3.50858199e-05, 2.35392997e-05)
(-3.72097079e-05, 2.51300406e-05)
(-3.92621797e-05, 2.66682468e-05)
(-4.12392695e-05, 2.81509140e-05)
(-4.31371599e-05, 2.95751497e-05)
(-4.49521895e-05, 3.09381782e-05)
(-4.66808602e-05, 3.22373466e-05)
(-4.83198440e-05, 3.34701299e-05)
(-4.98659897e-05, 3.46341361e-05)
(-5.13163288e-05, 3.57271107e-05)
(-5.26680816e-05, 3.67469416e-05)
(-5.39186625e-05, 3.76916627e-05)
(-5.50656851e-05, 3.85594583e-05)
(-5.61069671e-05, 3.93486666e-05)
(-5.70405340e-05, 4.00577827e-05)
(-5.78646237e-05, 4.06854619e-05)
(-5.85776893e-05, 4.12305220e-05)
(-5.91784025e-05, 4.16919462e-05)
(-5.96656560e-05, 4.20688845e-05)
(-6.00385656e-05, 4.23606555e-05)
(-6.02964719e-05, 4.25667481e-05)
(-6.04389418e-05, 4.26868221e-05)
(-6.04657687e-05, 4.27207088e-05)
(-6.03769736e-05, 4.26684118e-05)
(-6.01728043e-05, 4.25301063e-05)
(-5.98537351e-05, 4.23061392e-05)
(-5.94204660e-05, 4.19970284e-05)
(-5.88739208e-05, 4.16034613e-05)
(-5.82152455e-05, 4.11262937e-05)
(-5.74458058e-05, 4.05665483e-05)
(-5.65671845e-05, 3.99254119e-05)
(-5.55811778e-05, 3.92042340e-05)
(-5.44897923e-05, 3.84045231e-05)
(-5.32952404e-05, 3.75279444e-05)
(-5.19999361e-05, 3.65763162e-05)
(-5.06064900e-05, 3.55516059e-05)
(-4.91177042e-05, 3.44559267e-05)
(-4.75365663e-05, 3.32915330e-05)
(-4.58662437e-05, 3.20608158e-05)
(-4.41100774e-05, 3.07662982e-05)
(-4.22715745e-05, 2.94106301e-05)
(-4.03544021e-05, 2.79965831e-05)
(-3.83623794e-05, 2.65270448e-05)
(-3.62994700e-05, 2.50050130e-05)
(-3.41697743e-05, 2.34335899e-05)
(-3.19775210e-05, 2.18159760e-05)
(-2.97270586e-05, 2.01554632e-05)
(-2.74228471e-05, 1.84554287e-05)
(-2.50694485e-05, 1.67193283e-05)
(-2.26715182e-05, 1.49506889e-05)
(-2.02337952e-05, 1.31531024e-05)
(-1.77610932e-05, 1.13302176e-05)
(-1.52582905e-05, 9.48573369e-06)
(-1.27303205e-05, 7.62339240e-06)
(-1.01821619e-05, 5.74697072e-06)
(-7.61882866e-06, 3.86027341e-06)
(-5.04536002e-06, 1.96712531e-06)
(-2.46681056e-06, 7.13638521e-08)
( 1.11759914e-07,-1.82316868e-06)
( 2.68529642e-06,-3.71263274e-06)
( 5.24875883e-06,-5.59319919e-06)
( 7.79713189e-06,-7.46105690e-06)
( 1.03254352e-05,-9.31242036e-06)
( 1.28287329e-05,-1.11435372e-05)
( 1.53021438e-05,-1.29506955e-05)
( 1.77408508e-05,-1.47302316e-05)
( 2.01401102e-05,-1.64785369e-05)
( 2.24952617e-05,-1.81920653e-05)
( 2.48017370e-05,-1.98673402e-05)
( 2.70550689e-05,-2.15009615e-05)
( 2.92509005e-05,-2.30896122e-05)
( 3.13849933e-05,-2.46300650e-05)
( 3.34532359e-05,-2.61191891e-05)
( 3.54516516e-05,-2.75539559e-05)
( 3.73764067e-05,-2.89314453e-05)
( 3.92238177e-05,-3.02488516e-05)
( 4.09903586e-05,-3.15034888e-05)
( 4.26726676e-05,-3.26927964e-05)
( 4.42675538e-05,-3.38143439e-05)
( 4.57720035e-05,-3.48658363e-05)
( 4.71831856e-05,-3.58451181e-05)
( 4.84984576e-05,-3.67501782e-05)
( 4.97153703e-05,-3.75791533e-05)
( 5.08316725e-05,-3.83303320e-05)
( 5.18453155e-05,-3.90021584e-05)
( 5.27544568e-05,-3.95932346e-05)
( 5.35574635e-05,-4.01023243e-05)
( 5.42529157e-05,-4.05283546e-05)
( 5.48396085e-05,-4.08704186e-05)
( 5.53165548e-05,-4.11277773e-05)
( 5.56829867e-05,-4.12998606e-05)
( 5.59383567e-05,-4.13862691e-05)
( 5.60823389e-05,-4.13867747e-05)
( 5.61148292e-05,-4.13013209e-05)
( 5.60359451e-05,-4.11300234e-05)
( 5.58460256e-05,-4.08731696e-05)
( 5.55456301e-05,-4.05312183e-05)
( 5.51355370e-05,-4.01047987e-05)
( 5.46167418e-05,-3.95947095e-05)
( 5.39904553e-05,-3.90019170e-05)
( 5.32581005e-05,-3.83275536e-05)
( 5.24213097e-05,-3.75729155e-05)
( 5.14819210e-05,-3.67394604e-05)
( 5.04419745e-05,-3.58288042e-05)
( 4.93037078e-05,-3.48427186e-05)
( 4.80695516e-05,-3.37831272e-05)
( 4.67421242e-05,-3.26521017e-05)
( 4.53242266e-05,-3.14518584e-05)
( 4.38188363e-05,-3.01847534e-05)
( 4.22291014e-05,-2.88532784e-05)
( 4.05583338e-05,-2.74600556e-05)
( 3.88100029e-05,-2.60078326e-05)
( 3.69877282e-05,-2.44994774e-05)
( 3.50952717e-05,-2.29379723e-05)
( 3.31365309e-05,-2.13264087e-05)
( 3.11155301e-05,-1.96679806e-05)
( 2.90364128e-05,-1.79659783e-05)
( 2.69034329e-05,-1.62237826e-05)
( 2.47209465e-05,-1.44448575e-05)
( 2.24934028e-05,-1.26327440e-05)
( 2.02253351e-05,-1.07910526e-05)
( 1.79213518e-05,-8.92345681e-06)
( 1.55861272e-05,-7.03368563e-06)
( 1.32243920e-05,-5.12551630e-06)
( 1.08409237e-05,-3.20276693e-06)
( 8.44053706e-06,-1.26928903e-06)
( 6.02807477e-06, 6.71040112e-07)
( 3.60839734e-06, 2.61432497e-06)
( 1.18637364e-06, 4.55665948e-06)
(-1.23312890e-06, 6.49413471e-06)
(-3.64525394e-06, 8.42284655e-06)
(-6.04516595e-06, 1.03389034e-05)
(-8.42805977e-06, 1.22384338e-05)
(-1.07891702e-05, 1.41175943e-05)
(-1.31237813e-05, 1.59725765e-05)
(-1.54272361e-05, 1.77996153e-05)
(-1.76949452e-05, 1.95949958e-05)
(-1.99223966e-05, 2.13550610e-05)
(-2.21051639e-05, 2.30762186e-05)
(-2.42389155e-05, 2.47549488e-05)
(-2.63194228e-05, 2.63878107e-05)
(-2.83425686e-05, 2.79714495e-05)
(-3.03043555e-05, 2.95026031e-05)
(-3.22009132e-05, 3.09781085e-05)
(-3.40285064e-05, 3.23949082e-05)
(-3.57835420e-05, 3.37500567e-05)
(-3.74625762e-05, 3.50407256e-05)
(-3.90623210e-05, 3.62642102e-05)
(-4.05796506e-05, 3.74179343e-05)
(-4.20116077e-05, 3.84994559e-05)
(-4.33554090e-05, 3.95064717e-05)
(-4.46084505e-05, 4.04368222e-05)
(-4.57683128e-05, 4.12884959e-05)
(-4.68327653e-05, 4.20596337e-05)
(-4.77997707e-05, 4.27485322e-05)
(-4.86674890e-05, 4.33536481e-05)
(-4.94342806e-05, 4.38736006e-05)
(-5.00987095e-05, 4.43071748e-05)
(-5.06595462e-05, 4.46533244e-05)
(-5.11157695e-05, 4.49111735e-05)
(-5.14665688e-05, 4.50800193e-05)
(-5.17113451e-05, 4.51593329e-05)
(-5.18497124e-05, 4.51487613e-05)
(-5.18814977e-05, 4.50481279e-05)
(-5.18067418e-05, 4.48574332e-05)
(-5.16256985e-05, 4.45768554e-05)
(-5.13388343e-05, 4.42067498e-05)
(-5.09468269e-05, 4.37476488e-05)
(-5.04505640e-05, 4.32002608e-05)
(-4.98511412e-05, 4.25654694e-05)
(-4.91498596e-05, 4.18443317e-05)
(-4.83482232e-05, 4.10380766e-05)
(-4.74479356e-05, 4.01481028e-05)
(-4.64508966e-05, 3.91759760e-05)
(-4.53591980e-05, 3.81234265e-05)
(-4.41751196e-05, 3.69923456e-05)
(-4.29011244e-05, 3.57847829e-05)
(-4.15398536e-05, 3.45029418e-05)
(-4.00941212e-05, 3.31491757e-05)
(-3.85669082e-05, 3.17259838e-05)
(-3.69613568e-05, 3.02360065e-05)
(-3.52807638e-05, 2.86820200e-05)
(-3.35285742e-05, 2.70669317e-05)
(-3.17083740e-05, 2.53937742e-05)
(-2.98238832e-05, 2.36657002e-05)
(-2.78789483e-05, 2.18859758e-05)
(-2.58775346e-05, 2.00579749e-05)
(-2.38237182e-05, 1.81851725e-05)
(-2.17216777e-05, 1.62711382e-05)
(-1.95756865e-05, 1.43195295e-05)
(-1.73901033e-05, 1.23340843e-05)
(-1.51693645e-05, 1.03186144e-05)
(-1.29179744e-05, 8.27699764e-06)
(-1.06404970e-05, 6.21317083e-06)
(-8.34154623e-06, 4.13112188e-06)
(-6.02577752e-06, 2.03488225e-06)
(-3.69787804e-06,-7.14809235e-08)
(-1.36255761e-06,-2.18387269e-06)
( 9.75460646e-07,-4.29817823e-06)
( 3.31144968e-06,-6.41027089e-06)
( 5.64068787e-06,-8.51602019e-06)
( 7.95846831e-06,-1.06112999e-05)
( 1.02601082e-05,-1.26919962e-05)
( 1.25409580e-05,-1.47540156e-05)
( 1.47964107e-05,-1.67932931e-05)
( 1.70219109e-05,-1.88057999e-05)
( 1.92129637e-05,-2.07875520e-05)
( 2.13651438e-05,-2.27346173e-05)
( 2.34741039e-05,-2.46431239e-05)
( 2.55355835e-05,-2.65092674e-05)
( 2.75454173e-05,-2.83293189e-05)
( 2.94995434e-05,-3.00996320e-05)
( 3.13940112e-05,-3.18166504e-05)
( 3.32249892e-05,-3.34769148e-05)
( 3.49887726e-05,-3.50770699e-05)
( 3.66817908e-05,-3.66138712e-05)
( 3.83006139e-05,-3.80841916e-05)
( 3.98419601e-05,-3.94850274e-05)
( 4.13027017e-05,-4.08135049e-05)
( 4.26798714e-05,-4.20668858e-05)
( 4.39706682e-05,-4.32425730e-05)
( 4.51724629e-05,-4.43381160e-05)
( 4.62828034e-05,-4.53512159e-05)
( 4.72994192e-05,-4.62797301e-05)
( 4.82202262e-05,-4.71216766e-05)
( 4.90433308e-05,-4.78752387e-05)
( 4.97670336e-05,-4.85387683e-05)
( 5.03898325e-05,-4.91107898e-05)
( 5.09104262e-05,-4.95900030e-05)
( 5.13277163e-05,-4.99752862e-05)
( 5.16408098e-05,-5.02656985e-05)
( 5.18490209e-05,-5.04604821e-05)
( 5.19518722e-05,-5.05590641e-05)
( 5.19490957e-05,-5.05610578e-05)
( 5.18406335e-05,-5.04662639e-05)
( 5.16266379e-05,-5.02746714e-05)
( 5.13074712e-05,-4.99864574e-05)
( 5.08837050e-05,-4.96019878e-05)
( 5.03561191e-05,-4.91218161e-05)
( 4.97256999e-05,-4.85466834e-05)
( 4.89936389e-05,-4.78775168e-05)
( 4.81613302e-05,-4.71154280e-05)
( 4.72303676e-05,-4.62617115e-05)
( 4.62025419e-05,-4.53178423e-05)
( 4.50798373e-05,-4.42854734e-05)
( 4.38644275e-05,-4.31664326e-05)
( 4.25586717e-05,-4.19627196e-05)
( 4.11651098e-05,-4.06765020e-05)
( 3.96864576e-05,-3.93101117e-05)
( 3.81256013e-05,-3.78660401e-05)
( 3.64855926e-05,-3.63469341e-05)
( 3.47696417e-05,-3.47555904e-05)
( 3.29811121e-05,-3.30949510e-05)
( 3.11235134e-05,-3.13680971e-05)
( 2.92004946e-05,-2.95782438e-05)
( 2.72158371e-05,-2.77287333e-05)
( 2.51734475e-05,-2.58230294e-05)
( 2.30773494e-05,-2.38647101e-05)
( 2.09316762e-05,-2.18574613e-05)
( 1.87406627e-05,-1.98050694e-05)
( 1.65086367e-05,-1.77114144e-05)
( 1.42400108e-05,-1.55804620e-05)
( 1.19392739e-05,-1.34162561e-05)
( 9.61098176e-06,-1.12229113e-05)
( 7.25974888e-06,-9.00460439e-06)
( 4.89023888e-06,-6.76556666e-06)
( 2.50715563e-06,-4.51007551e-06)
( 1.15233896e-07,-2.24244613e-06)
(-2.28076989e-06, 3.29768453e-08)
(-4.67608702e-06, 2.31182790e-06)
(-7.06594587e-06, 4.58972910e-06)
(-9.44558131e-06, 6.86229873e-06)
(-1.18102441e-05, 9.12515981e-06)
(-1.41552102e-05, 1.13739488e-05)
(-1.64757901e-05, 1.36043239e-05)
(-1.87673383e-05, 1.58119741e-05)
(-2.10252620e-05, 1.79926271e-05)
(-2.32450309e-05, 2.01420583e-05)
(-2.54221855e-05, 2.22560984e-05)
(-2.75523463e-05, 2.43306425e-05)
(-2.96312224e-05, 2.63616578e-05)
(-3.16546200e-05, 2.83451913e-05)
(-3.36184511e-05, 3.02773783e-05)
(-3.55187410e-05, 3.21544496e-05)
(-3.73516366e-05, 3.39727391e-05)
(-3.91134145e-05, 3.57286912e-05)
(-4.08004875e-05, 3.74188678e-05)
(-4.24094128e-05, 3.90399552e-05)
(-4.39368981e-05, 4.05887707e-05)
(-4.53798089e-05, 4.20622691e-05)
(-4.67351744e-05, 4.34575485e-05)
(-4.80001935e-05, 4.47718565e-05)
(-4.91722409e-05, 4.60025956e-05)
(-5.02488720e-05, 4.71473281e-05)
(-5.12278282e-05, 4.82037815e-05)
(-5.21070411e-05, 4.91698531e-05)
(-5.28846376e-05, 5.00436138e-05)
(-5.35589428e-05, 5.08233123e-05)
(-5.41284842e-05, 5.15073788e-05)
(-5.45919945e-05, 5.20944282e-05)
(-5.49484145e-05, 5.25832626e-05)
(-5.51968952e-05, 5.29728741e-05)
(-5.53367998e-05, 5.32624469e-05)
(-5.53677051e-05, 5.34513589e-05)
(-5.52894028e-05, 5.35391832e-05)
(-5.51018999e-05, 5.35256888e-05)
(-5.48054186e-05, 5.34108415e-05)
(-5.44003971e-05, 5.31948038e-05)
(-5.38874877e-05, 5.28779347e-05)
(-5.32675567e-05, 5.24607895e-05)
(-5.25416824e-05, 5.19441183e-05)
(-5.17111535e-05, 5.13288648e-05)
(-5.07774664e-05, 5.06161645e-05)
(-4.97423230e-05, 4.98073429e-05)
(-4.86076270e-05, 4.89039123e-05)
(-4.73754807e-05, 4.79075696e-05)
(-4.60481809e-05, 4.68201926e-05)
(-4.46282148e-05, 4.56438364e-05)
(-4.31182548e-05, 4.43807297e-05)
(-4.15211542e-05, 4.30332702e-05)
(-3.98399408e-05, 4.16040199e-05)
(-3.80778119e-05, 4.00957006e-05)
(-3.62381278e-05, 3.85111878e-05)
(-3.43244052e-05, 3.68535059e-05)
(-3.23403108e-05, 3.51258218e-05)
(-3.02896539e-05, 3.33314386e-05)
(-2.81763792e-05, 3.14737897e-05)
(-2.60045590e-05, 2.95564315e-05)
(-2.37783853e-05, 2.75830369e-05)
(-2.15021617e-05, 2.55573875e-05)
(-1.91802952e-05, 2.34833669e-05)
(-1.68172870e-05, 2.13649526e-05)
(-1.44177243e-05, 1.92062084e-05)
(-1.19862712e-05, 1.70112762e-05)
(-9.52765915e-06, 1.47843683e-05)
(-7.04667823e-06, 1.25297586e-05)
(-4.54816730e-06, 1.02517747e-05)
(-2.03700472e-06, 7.95478902e-06)
( 4.81901402e-07, 5.64321048e-06)
( 3.00362277e-06, 3.32147576e-06)
( 5.52322071e-06, 9.94040580e-07)
( 8.03575590e-06,-1.33462900e-06)
( 1.05362981e-05,-3.66006537e-06)
( 1.30199361e-05,-5.97780811e-06)
( 1.54817870e-05,-8.28341269e-06)
( 1.79170066e-05,-1.05724593e-05)
( 2.03207983e-05,-1.28405612e-05)
( 2.26884230e-05,-1.50833738e-05)
( 2.50152086e-05,-1.72966027e-05)
( 2.72965591e-05,-1.94760122e-05)
( 2.95279638e-05,-2.16174337e-05)
( 3.17050064e-05,-2.37167738e-05)
( 3.38233736e-05,-2.57700221e-05)
( 3.58788639e-05,-2.77732592e-05)
( 3.78673961e-05,-2.97226643e-05)
( 3.97850171e-05,-3.16145226e-05)
( 4.16279103e-05,-3.34452323e-05)
( 4.33924028e-05,-3.52113121e-05)
( 4.50749730e-05,-3.69094074e-05)
( 4.66722576e-05,-3.85362972e-05)
( 4.81810586e-05,-4.00888999e-05)
( 4.95983493e-05,-4.15642797e-05)
( 5.09212810e-05,-4.29596519e-05)
( 5.21471879e-05,-4.42723883e-05)
( 5.32735935e-05,-4.55000224e-05)
( 5.42982149e-05,-4.66402540e-05)
( 5.52189676e-05,-4.76909535e-05)
( 5.60339699e-05,-4.86501660e-05)
( 5.67415466e-05,-4.95161150e-05)
( 5.73402324e-05,-5.02872057e-05)
( 5.78287750e-05,-5.09620281e-05)
( 5.82061378e-05,-5.15393593e-05)
( 5.84715017e-05,-5.20181662e-05)
( 5.86242671e-05,-5.23976067e-05)
( 5.86640553e-05,-5.26770319e-05)
( 5.85907089e-05,-5.28559867e-05)
( 5.84042927e-05,-5.29342107e-05)
( 5.81050934e-05,-5.29116386e-05)
( 5.76936189e-05,-5.27883998e-05)
( 5.71705980e-05,-5.25648185e-05)
( 5.65369785e-05,-5.22414126e-05)
( 5.57939255e-05,-5.18188922e-05)
( 5.49428193e-05,-5.12981587e-05)
( 5.39852526e-05,-5.06803024e-05)
( 5.29230275e-05,-4.99666001e-05)
( 5.17581518e-05,-4.91585130e-05)
( 5.04928355e-05,-4.82576828e-05)
( 4.91294859e-05,-4.72659294e-05)
( 4.76707033e-05,-4.61852460e-05)
( 4.61192757e-05,-4.50177960e-05)
( 4.44781732e-05,-4.37659081e-05)
( 4.27505426e-05,-4.24320718e-05)
( 4.09397006e-05,-4.10189323e-05)
( 3.90491278e-05,-3.95292852e-05)
( 3.70824615e-05,-3.79660708e-05)
( 3.50434883e-05,-3.63323687e-05)
( 3.29361374e-05,-3.46313909e-05)
( 3.07644719e-05,-3.28664761e-05)
( 2.85326815e-05,-3.10410828e-05)
( 2.62450737e-05,-2.91587824e-05)
( 2.39060657e-05,-2.72232522e-05)
( 2.15201752e-05,-2.52382681e-05)
( 1.90920120e-05,-2.32076975e-05)
( 1.66262683e-05,-2.11354911e-05)
( 1.41277101e-05,-1.90256757e-05)
( 1.16011670e-05,-1.68823461e-05)
( 9.05152323e-06,-1.47096568e-05)
( 6.48370788e-06,-1.25118146e-05)
( 3.90268498e-06,-1.02930697e-05)
( 1.31344384e-06,-8.05770779e-06)
(-1.27901083e-06,-5.81004151e-06)
(-3.86966879e-06,-3.55440235e-06)
(-6.45352418e-06,-1.29513205e-06)
(-9.02558539e-06, 9.63425733e-07)
(-1.15808848e-05, 3.21693383e-06)
(-1.41144888e-05, 5.46106993e-06)
(-1.66215072e-05, 7.69153486e-06)
(-1.90971029e-05, 9.90406093e-06)
(-2.15365017e-05, 1.20944201e-05)
(-2.39350014e-05, 1.42584319e-05)
(-2.62879808e-05, 1.63919719e-05)
(-2.85909093e-05, 1.84909790e-05)
(-3.08393554e-05, 2.05514637e-05)
(-3.30289954e-05, 2.25695153e-05)
(-3.51556218e-05, 2.45413096e-05)
(-3.72151517e-05, 2.64631160e-05)
(-3.92036345e-05, 2.83313046e-05)
(-4.11172598e-05, 3.01423531e-05)
(-4.29523644e-05, 3.18928535e-05)
(-4.47054399e-05, 3.35795184e-05)
(-4.63731392e-05, 3.51991871e-05)
(-4.79522827e-05, 3.67488319e-05)
(-4.94398650e-05, 3.82255631e-05)
(-5.08330600e-05, 3.96266351e-05)
(-5.21292267e-05, 4.09494511e-05)
(-5.33259141e-05, 4.21915678e-05)
(-5.44208659e-05, 4.33507003e-05)
(-5.54120244e-05, 4.44247261e-05)
(-5.62975350e-05, 4.54116887e-05)
(-5.70757489e-05, 4.63098017e-05)
(-5.77452265e-05, 4.71174515e-05)
(-5.83047400e-05, 4.78332006e-05)
(-5.87532755e-05, 4.84557900e-05)
(-5.90900348e-05, 4.89841412e-05)
(-5.93144366e-05, 4.94173585e-05)
(-5.94261174e-05, 4.97547300e-05)
(-5.94249323e-05, 4.99957291e-05)
(-5.93109546e-05, 5.01400153e-05)
(-5.90844754e-05, 5.01874345e-05)
(-5.87460031e-05, 5.01380191e-05)
(-5.82962620e-05, 4.99919877e-05)
(-5.77361903e-05, 4.97497446e-05)
(-5.70669384e-05, 4.94118789e-05)
(-5.62898663e-05, 4.89791628e-05)
(-5.54065406e-05, 4.84525503e-05)
(-5.44187309e-05, 4.78331751e-05)
(-5.33284067e-05, 4.71223480e-05)
(-5.21377327e-05, 4.63215547e-05)
(-5.08490646e-05, 4.54324522e-05)
(-4.94649443e-05, 4.44568658e-05)
(-4.79880945e-05, 4.33967855e-05)
(-4.64214131e-05, 4.22543618e-05)
(-4.47679676e-05, 4.10319016e-05)
(-4.30309888e-05, 3.97318634e-05)
(-4.12138640e-05, 3.83568529e-05)
(-3.93201305e-05, 3.69096174e-05)
(-3.73534684e-05, 3.53930408e-05)
(-3.53176934e-05, 3.38101377e-05)
(-3.32167487e-05, 3.21640475e-05)
(-3.10546980e-05, 3.04580285e-05)
(-2.88357166e-05, 2.86954515e-05)
(-2.65640835e-05, 2.68797932e-05)
(-2.42441733e-05, 2.50146293e-05)
(-2.18804469e-05, 2.31036281e-05)
(-1.94774432e-05, 2.11505427e-05)
(-1.70397703e-05, 1.91592043e-05)
(-1.45720960e-05, 1.71335147e-05)
(-1.20791394e-05, 1.50774384e-05)
(-9.56566091e-06, 1.29949956e-05)
(-7.03645375e-06, 1.08902540e-05)
(-4.49633422e-06, 8.76732096e-06)
(-1.95013260e-06, 6.63033600e-06)
( 5.97316245e-07, 4.48346245e-06)
( 3.14118212e-06, 2.33087964e-06)
( 5.67664875e-06, 1.76774829e-07)
( 8.19892303e-06,-1.97466479e-06)
( 1.07032441e-05,-4.11926017e-06)
( 1.31848926e-05,-6.25284837e-06)
( 1.56391992e-05,-8.37129058e-06)
( 1.80615539e-05,-1.04704800e-05)
( 2.04474146e-05,-1.25463499e-05)
( 2.27923155e-05,-1.45948809e-05)
( 2.50918754e-05,-1.66121095e-05)
( 2.73418065e-05,-1.85941349e-05)
( 2.95379215e-05,-2.05371268e-05)
( 3.16761421e-05,-2.24373329e-05)
( 3.37525063e-05,-2.42910858e-05)
( 3.57631755e-05,-2.60948101e-05)
( 3.77044421e-05,-2.78450294e-05)
( 3.95727357e-05,-2.95383729e-05)
( 4.13646298e-05,-3.11715818e-05)
( 4.30768484e-05,-3.27415158e-05)
( 4.47062712e-05,-3.42451586e-05)
( 4.62499398e-05,-3.56796245e-05)
( 4.77050627e-05,-3.70421633e-05)
( 4.90690204e-05,-3.83301656e-05)
( 5.03393697e-05,-3.95411686e-05)
( 5.15138483e-05,-4.06728597e-05)
( 5.25903787e-05,-4.17230821e-05)
( 5.35670713e-05,-4.26898381e-05)
( 5.44422282e-05,-4.35712935e-05)
( 5.52143454e-05,-4.43657810e-05)
( 5.58821158e-05,-4.50718035e-05)
( 5.64444308e-05,-4.56880367e-05)
( 5.69003822e-05,-4.62133324e-05)
( 5.72492634e-05,-4.66467199e-05)
( 5.74905706e-05,-4.69874087e-05)
( 5.76240027e-05,-4.72347896e-05)
( 5.76494620e-05,-4.73884361e-05)
( 5.75670540e-05,-4.74481051e-05)
( 5.73770861e-05,-4.74137379e-05)
( 5.70800675e-05,-4.72854599e-05)
( 5.66767070e-05,-4.70635805e-05)
( 5.61679120e-05,-4.67485928e-05)
( 5.55547858e-05,-4.63411727e-05)
( 5.48386255e-05,-4.58421773e-05)
( 5.40209189e-05,-4.52526437e-05)
( 5.31033416e-05,-4.45737869e-05)
( 5.20877533e-05,-4.38069977e-05)
( 5.09761941e-05,-4.29538398e-05)
( 4.97708799e-05,-4.20160470e-05)
( 4.84741986e-05,-4.09955198e-05)
( 4.70887049e-05,-3.98943221e-05)
( 4.56171152e-05,-3.87146769e-05)
( 4.40623020e-05,-3.74589621e-05)
( 4.24272890e-05,-3.61297062e-05)
( 4.07152444e-05,-3.47295831e-05)
( 3.89294749e-05,-3.32614072e-05)
( 3.70734198e-05,-3.17281279e-05)
( 3.51506436e-05,-3.01328239e-05)
( 3.31648297e-05,-2.84786972e-05)
( 3.11197731e-05,-2.67690668e-05)
( 2.90193730e-05,-2.50073628e-05)
( 2.68676259e-05,-2.31971188e-05)
( 2.46686174e-05,-2.13419658e-05)
( 2.24265150e-05,-1.94456249e-05)
( 2.01455599e-05,-1.75118998e-05)
( 1.78300589e-05,-1.55446695e-05)
( 1.54843768e-05,-1.35478808e-05)
( 1.31129279e-05,-1.15255406e-05)
( 1.07201677e-05,-9.48170742e-06)
( 8.31058486e-06,-7.42048425e-06)
( 5.88869265e-06,-5.34600984e-06)
( 3.45902060e-06,-3.26245075e-06)
( 1.02610621e-06,-1.17399302e-06)
(-1.40551351e-06, 9.15166077e-07)
(-3.83131037e-06, 3.00082648e-06)
(-6.24677334e-06, 5.07879363e-06)
(-8.64741683e-06, 7.14488687e-06)
(-1.10287889e-05, 9.19494785e-06)
(-1.33864794e-05, 1.12248488e-05)
(-1.57161282e-05, 1.32305008e-05)
(-1.80134326e-05, 1.52078622e-05)
(-2.02741560e-05, 1.71529466e-05)
(-2.24941348e-05, 1.90618307e-05)
(-2.46692864e-05, 2.09306629e-05)
(-2.67956164e-05, 2.27556704e-05)
(-2.88692261e-05, 2.45331672e-05)
(-3.08863190e-05, 2.62595619e-05)
(-3.28432084e-05, 2.79313643e-05)
(-3.47363232e-05, 2.95451934e-05)
(-3.65622149e-05, 3.10977838e-05)
(-3.83175636e-05, 3.25859926e-05)
(-3.99991840e-05, 3.40068060e-05)
(-4.16040308e-05, 3.53573451e-05)
(-4.31292045e-05, 3.66348728e-05)
(-4.45719565e-05, 3.78367985e-05)
(-4.59296938e-05, 3.89606842e-05)
(-4.71999837e-05, 4.00042493e-05)
(-4.83805582e-05, 4.09653759e-05)
(-4.94693178e-05, 4.18421125e-05)
(-5.04643352e-05, 4.26326790e-05)
(-5.13638590e-05, 4.33354700e-05)
(-5.21663164e-05, 4.39490586e-05)
(-5.28703160e-05, 4.44721993e-05)
(-5.34746504e-05, 4.49038311e-05)
(-5.39782980e-05, 4.52430794e-05)
(-5.43804250e-05, 4.54892584e-05)
(-5.46803866e-05, 4.56418727e-05)
(-5.48777281e-05, 4.57006185e-05)
(-5.49721855e-05, 4.56653844e-05)
(-5.49636864e-05, 4.55362519e-05)
(-5.48523490e-05, 4.53134955e-05)
(-5.46384829e-05, 4.49975824e-05)
(-5.43225877e-05, 4.45891716e-05)
(-5.39053520e-05, 4.40891131e-05)
(-5.33876526e-05, 4.34984461e-05)
(-5.27705522e-05, 4.28183971e-05)
(-5.20552977e-05, 4.20503777e-05)
(-5.12433176e-05, 4.11959818e-05)
(-5.03362196e-05, 4.02569827e-05)
(-4.93357874e-05, 3.92353294e-05)
(-4.82439774e-05, 3.81331429e-05)
(-4.70629149e-05, 3.69527119e-05)
(-4.57948905e-05, 3.56964884e-05)
(-4.44423555e-05, 3.43670828e-05)
(-4.30079174e-05, 3.29672582e-05)
(-4.14943354e-05, 3.14999254e-05)
(-3.99045149e-05, 2.99681367e-05)
(-3.82415020e-05, 2.83750797e-05)
(-3.65084785e-05, 2.67240710e-05)
(-3.47087554e-05, 2.50185489e-05)
(-3.28457670e-05, 2.32620669e-05)
(-3.09230646e-05, 2.14582862e-05)
(-2.89443097e-05, 1.96109678e-05)
(-2.69132677e-05, 1.77239654e-05)
(-2.48338003e-05, 1.58012166e-05)
(-2.27098587e-05, 1.38467353e-05)
(-2.05454763e-05, 1.18646033e-05)
(-1.83447610e-05, 9.85896137e-06)
(-1.61118877e-05, 7.83400095e-06)
(-1.38510908e-05, 5.79395525e-06)
(-1.15666558e-05, 3.74309036e-06)
(-9.26291158e-06, 1.68569626e-06)
(-6.94422242e-06,-3.73922205e-07)
(-4.61497973e-06,-2.43145442e-06)
(-2.27959390e-06,-4.48259313e-06)
( 5.75139859e-08,-6.52304355e-06)
( 2.39192040e-06,-8.54853247e-06)
( 4.71920768e-06,-1.05548174e-05)
( 7.03497233e-06,-1.25376955e-05)
( 9.33483327e-06,-1.44930125e-05)
( 1.16144401e-05,-1.64166720e-05)
( 1.38694815e-05,-1.83046434e-05)
( 1.60956928e-05,-2.01529714e-05)
( 1.82888649e-05,-2.19577839e-05)
( 2.04448514e-05,-2.37153006e-05)
( 2.25595772e-05,-2.54218410e-05)
( 2.46290458e-05,-2.70738321e-05)
( 2.66493470e-05,-2.86678168e-05)
( 2.86166644e-05,-3.02004605e-05)
( 3.05272829e-05,-3.16685589e-05)
( 3.23775955e-05,-3.30690446e-05)
( 3.41641106e-05,-3.43989940e-05)
( 3.58834583e-05,-3.56556333e-05)
( 3.75323975e-05,-3.68363449e-05)
( 3.91078214e-05,-3.79386727e-05)
( 4.06067643e-05,-3.89603277e-05)
( 4.20264072e-05,-3.98991929e-05)
( 4.33640828e-05,-4.07533280e-05)
( 4.46172814e-05,-4.15209733e-05)
( 4.57836556e-05,-4.22005539e-05)
( 4.68610250e-05,-4.27906830e-05)
( 4.78473802e-05,-4.32901649e-05)
( 4.87408873e-05,-4.36979976e-05)
( 4.95398915e-05,-4.40133751e-05)
( 5.02429201e-05,-4.42356889e-05)
( 5.08486860e-05,-4.43645297e-05)
( 5.13560900e-05,-4.43996880e-05)
( 5.17642232e-05,-4.43411547e-05)
( 5.20723690e-05,-4.41891209e-05)
( 5.22800048e-05,-4.39439779e-05)
( 5.23868029e-05,-4.36063158e-05)
( 5.23926312e-05,-4.31769227e-05)
( 5.22975544e-05,-4.26567824e-05)
( 5.21018332e-05,-4.20470728e-05)
( 5.18059244e-05,-4.13491629e-05)
( 5.14104803e-05,-4.05646100e-05)
( 5.09163470e-05,-3.96951560e-05)
( 5.03245638e-05,-3.87427238e-05)
( 4.96363607e-05,-3.77094130e-05)
( 4.88531563e-05,-3.65974951e-05)
( 4.79765552e-05,-3.54094085e-05)
( 4.70083451e-05,-3.41477534e-05)
( 4.59504933e-05,-3.28152857e-05)
( 4.48051431e-05,-3.14149108e-05)
( 4.35746097e-05,-2.99496778e-05)
( 4.22613754e-05,-2.84227721e-05)
( 4.08680856e-05,-2.68375084e-05)
( 3.93975427e-05,-2.51973239e-05)
( 3.78527016e-05,-2.35057703e-05)
( 3.62366632e-05,-2.17665056e-05)
( 3.45526688e-05,-1.99832869e-05)
( 3.28040936e-05,-1.81599612e-05)
( 3.09944398e-05,-1.63004575e-05)
( 2.91273302e-05,-1.44087778e-05)
( 2.72065005e-05,-1.24889885e-05)
( 2.52357923e-05,-1.05452111e-05)
( 2.32191451e-05,-8.58161335e-06)
( 2.11605886e-05,-6.60240016e-06)
( 1.90642347e-05,-4.61180405e-06)
( 1.69342693e-05,-2.61407604e-06)
( 1.47749434e-05,-6.13476233e-07)
( 1.25905652e-05, 1.38573551e-06)
( 1.03854910e-05, 3.37930892e-06)
( 8.16411635e-06, 5.36301265e-06)
( 5.93086736e-06, 7.33264349e-06)
( 3.69019155e-06, 9.28403558e-06)
( 1.44654879e-06, 1.12130695e-05)
(-7.95597741e-07, 1.31156811e-05)
(-3.03179072e-06, 1.49878706e-05)
(-5.25758782e-06, 1.68257109e-05)
(-7.46857080e-06, 1.86253565e-05)
(-9.66035461e-06, 2.03830514e-05)
(-1.18285964e-05, 2.20951373e-05)
(-1.39690045e-05, 2.37580615e-05)
(-1.60773474e-05, 2.53683844e-05)
(-1.81494620e-05, 2.69227870e-05)
(-2.01812631e-05, 2.84180776e-05)
(-2.21687512e-05, 2.98511988e-05)
(-2.41080208e-05, 3.12192338e-05)
(-2.59952690e-05, 3.25194125e-05)
(-2.78268030e-05, 3.37491172e-05)
(-2.95990480e-05, 3.49058878e-05)
(-3.13085546e-05, 3.59874273e-05)
(-3.29520058e-05, 3.69916060e-05)
(-3.45262244e-05, 3.79164656e-05)
(-3.60281791e-05, 3.87602235e-05)
(-3.74549913e-05, 3.95212759e-05)
(-3.88039407e-05, 4.01982008e-05)
(-4.00724714e-05, 4.07897607e-05)
(-4.12581968e-05, 4.12949048e-05)
(-4.23589050e-05, 4.17127706e-05)
(-4.33725630e-05, 4.20426850e-05)
(-4.42973214e-05, 4.22841658e-05)
(-4.51315175e-05, 4.24369214e-05)
(-4.58736798e-05, 4.25008512e-05)
(-4.65225298e-05, 4.24760452e-05)
(-4.70769855e-05, 4.23627828e-05)
(-4.75361634e-05, 4.21615318e-05)
(-4.78993798e-05, 4.18729467e-05)
(-4.81661526e-05, 4.14978661e-05)
(-4.83362020e-05, 4.10373109e-05)
(-4.84094508e-05, 4.04924805e-05)
(-4.83860245e-05, 3.98647502e-05)
(-4.82662508e-05, 3.91556670e-05)
(-4.80506588e-05, 3.83669458e-05)
(-4.77399773e-05, 3.75004645e-05)
(-4.73351335e-05, 3.65582598e-05)
(-4.68372501e-05, 3.55425213e-05)
(-4.62476433e-05, 3.44555868e-05)
(-4.55678191e-05, 3.32999357e-05)
(-4.47994701e-05, 3.20781837e-05)
(-4.39444717e-05, 3.07930758e-05)
(-4.30048770e-05, 2.94474799e-05)
(-4.19829129e-05, 2.80443802e-05)
(-4.08809745e-05, 2.65868697e-05)
(-3.97016194e-05, 2.50781428e-05)
(-3.84475623e-05, 2.35214884e-05)
(-3.71216682e-05, 2.19202816e-05)
(-3.57269462e-05, 2.02779762e-05)
(-3.42665424e-05, 1.85980966e-05)
(-3.27437326e-05, 1.68842298e-05)
(-3.11619151e-05, 1.51400172e-05)
(-2.95246023e-05, 1.33691463e-05)
(-2.78354134e-05, 1.15753426e-05)
(-2.60980654e-05, 9.76236110e-06)
(-2.43163649e-05, 7.93397789e-06)
(-2.24941996e-05, 6.09398200e-06)
(-2.06355288e-05, 4.24616702e-06)
(-1.87443749e-05, 2.39432283e-06)
(-1.68248138e-05, 5.42227408e-07)
(-1.48809660e-05,-1.30636124e-06)
(-1.29169868e-05,-3.14771312e-06)
(-1.09370569e-05,-4.97813408e-06)
(-8.94537299e-06,-6.79397359e-06)
(-6.94613802e-06,-8.59163227e-06)
(-4.94355180e-06,-1.03675693e-05)
(-2.94180132e-06,-1.21183096e-05)
(-9.45051268e-07,-1.38404509e-05)
( 1.04256539e-06,-1.55306703e-05)
( 3.01695681e-06,-1.71857311e-05)
( 4.97408150e-06,-1.88024888e-05)
( 6.90995742e-06,-2.03778972e-05)
( 8.82067102e-06,-2.19090142e-05)
( 1.07023859e-05,-2.33930069e-05)
( 1.25513516e-05,-2.48271572e-05)
( 1.43639118e-05,-2.62088664e-05)
( 1.61365124e-05,-2.75356594e-05)
( 1.78657098e-05,-2.88051893e-05)
( 1.95481778e-05,-3.00152412e-05)
( 2.11807156e-05,-3.11637351e-05)
( 2.27602545e-05,-3.22487297e-05)
( 2.42838643e-05,-3.32684250e-05)
( 2.57487601e-05,-3.42211643e-05)
( 2.71523077e-05,-3.51054368e-05)
( 2.84920298e-05,-3.59198790e-05)
( 2.97656103e-05,-3.66632761e-05)
( 3.09709000e-05,-3.73345630e-05)
( 3.21059203e-05,-3.79328245e-05)
( 3.31688672e-05,-3.84572963e-05)
( 3.41581150e-05,-3.89073643e-05)
( 3.50722191e-05,-3.92825643e-05)
( 3.59099185e-05,-3.95825810e-05)
( 3.66701383e-05,-3.98072474e-05)
( 3.73519909e-05,-3.99565424e-05)
( 3.79547772e-05,-4.00305899e-05)
( 3.84779876e-05,-4.00296560e-05)
( 3.89213018e-05,-3.99541469e-05)
( 3.92845888e-05,-3.98046059e-05)
( 3.95679060e-05,-3.95817105e-05)
( 3.97714982e-05,-3.92862689e-05)
( 3.98957954e-05,-3.89192166e-05)
( 3.99414112e-05,-3.84816125e-05)
( 3.99091397e-05,-3.79746343e-05)
( 3.97999527e-05,-3.73995750e-05)
( 3.96149960e-05,-3.67578376e-05)
( 3.93555855e-05,-3.60509306e-05)
( 3.90232028e-05,-3.52804632e-05)
( 3.86194900e-05,-3.44481397e-05)
( 3.81462451e-05,-3.35557546e-05)
( 3.76054157e-05,-3.26051870e-05)
( 3.69990933e-05,-3.15983948e-05)
( 3.63295070e-05,-3.05374094e-05)
( 3.55990164e-05,-2.94243294e-05)
( 3.48101050e-05,-2.82613150e-05)
( 3.39653722e-05,-2.70505821e-05)
( 3.30675261e-05,-2.57943956e-05)
( 3.21193753e-05,-2.44950643e-05)
( 3.11238206e-05,-2.31549339e-05)
( 3.00838468e-05,-2.17763812e-05)
( 2.90025136e-05,-2.03618079e-05)
( 2.78829471e-05,-1.89136345e-05)
( 2.67283304e-05,-1.74342940e-05)
( 2.55418946e-05,-1.59262260e-05)
( 2.43269091e-05,-1.43918704e-05)
( 2.30866725e-05,-1.28336614e-05)
( 2.18245030e-05,-1.12540215e-05)
( 2.05437284e-05,-9.65535596e-06)
( 1.92476767e-05,-8.04004621e-06)
( 1.79396663e-05,-6.41044466e-06)
( 1.66229965e-05,-4.76886867e-06)
( 1.53009372e-05,-3.11759504e-06)
( 1.39767200e-05,-1.45885429e-06)
( 1.26535280e-05, 2.05174785e-07)
( 1.13344863e-05, 1.87237064e-06)
( 1.00226530e-05, 3.54067442e-06)
( 8.72100912e-06, 5.20809537e-06)
( 7.43244994e-06, 6.87271623e-06)
( 6.15977551e-06, 8.53269875e-06)
( 4.90568172e-06, 1.01862891e-05)
( 3.67275144e-06, 1.18318234e-05)
( 2.46344572e-06, 1.34677335e-05)
( 1.28009515e-06, 1.50925532e-05)
( 1.24891390e-07, 1.67049236e-05)
(-1.00012131e-06, 1.83036007e-05)
(-2.09305439e-06, 1.98874614e-05)
(-3.15218332e-06, 2.14555116e-05)
(-4.17595585e-06, 2.30068944e-05)
(-5.16300035e-06, 2.45408991e-05)
(-6.11213428e-06, 2.60569718e-05)
(-7.02237284e-06, 2.75547266e-05)
(-7.89293797e-06, 2.90339596e-05)
(-8.72326777e-06, 3.04946641e-05)
(-9.51302669e-06, 3.19370490e-05)
(-1.02621164e-05, 3.33615605e-05)
(-1.09706882e-05, 3.47689077e-05)
(-1.16391564e-05, 3.61600937e-05)
(-1.22682146e-05, 3.75364533e-05)
(-1.28588537e-05, 3.88996985e-05)
(-1.34123841e-05, 4.02519759e-05)
(-1.39304625e-05, 4.15959363e-05)
(-1.44151241e-05, 4.29348231e-05)
(-1.48688235e-05, 4.42725837e-05)
(-1.52944859e-05, 4.56140121e-05)
(-1.56955729e-05, 4.69649318e-05)
(-1.60761670e-05, 4.83324359e-05)
(-1.64410839e-05, 4.97252036e-05)
(-1.67960213e-05, 5.11539247e-05)
(-1.71477615e-05, 5.26318771e-05)
(-1.75044496e-05, 5.41757272e-05)
(-1.78759868e-05, 5.58066606e-05)
(-1.82745944e-05, 5.75520152e-05)
(-1.87156474e-05, 5.94477023e-05)
(-1.92189409e-05, 6.15419036e-05)
(-1.98106837e-05, 6.39009165e-05)
(-2.05267666e-05, 6.66187859e-05)
(-2.14183974e-05, 6.98339877e-05)
(-2.25624277e-05, 7.37601531e-05)
(-2.40818087e-05, 7.87472098e-05)
(-2.61904398e-05, 8.54160424e-05)
(-2.93053769e-05, 9.49968198e-05)
(-3.44140769e-05, 1.10441465e-04)
(-4.38247369e-05, 1.38689971e-04)
(-9.73482399e-05, 3.01203822e-04)
( 1.07069138e-06,-6.93635599e-07)
( 3.92985988e-06,-2.61535857e-06)
( 6.61980151e-06,-4.41621230e-06)
( 9.29352853e-06,-6.20546640e-06)
( 1.19455217e-05,-7.97972790e-06)
( 1.45721137e-05,-9.73672308e-06)
( 1.71688027e-05,-1.14735158e-05)
( 1.97308257e-05,-1.31869626e-05)
( 2.22533391e-05,-1.48738482e-05)
( 2.47314990e-05,-1.65309494e-05)
( 2.71605049e-05,-1.81550672e-05)
( 2.95356267e-05,-1.97430471e-05)
( 3.18522239e-05,-2.12917928e-05)
( 3.41057601e-05,-2.27982771e-05)
( 3.62918161e-05,-2.42595501e-05)
( 3.84061008e-05,-2.56727473e-05)
( 4.04444608e-05,-2.70350962e-05)
( 4.24028903e-05,-2.83439224e-05)
( 4.42775393e-05,-2.95966558e-05)
( 4.60647220e-05,-3.07908358e-05)
( 4.77609245e-05,-3.19241166e-05)
( 4.93628118e-05,-3.29942718e-05)
( 5.08672350e-05,-3.39991992e-05)
( 5.22712372e-05,-3.49369250e-05)
( 5.35720600e-05,-3.58056076e-05)
( 5.47671490e-05,-3.66035417e-05)
( 5.58541583e-05,-3.73291610e-05)
( 5.68309561e-05,-3.79810422e-05)
( 5.76956284e-05,-3.85579071e-05)
( 5.84464828e-05,-3.90586254e-05)
( 5.90820522e-05,-3.94822173e-05)
( 5.96010976e-05,-3.98278548e-05)
( 6.00026104e-05,-4.00948636e-05)
( 6.02858144e-05,-4.02827246e-05)
( 6.04501676e-05,-4.03910747e-05)
( 6.04953631e-05,-4.04197076e-05)
( 6.04213295e-05,-4.03685742e-05)
( 6.02282315e-05,-4.02377825e-05)
( 5.99164691e-05,-4.00275979e-05)
( 5.94866770e-05,-3.97384419e-05)
( 5.89397232e-05,-3.93708919e-05)
( 5.82767074e-05,-3.89256797e-05)
( 5.74989589e-05,-3.84036903e-05)
( 5.66080335e-05,-3.78059598e-05)
( 5.56057108e-05,-3.71336737e-05)
( 5.44939905e-05,-3.63881643e-05)
( 5.32750885e-05,-3.55709082e-05)
( 5.19514321e-05,-3.46835234e-05)
( 5.05256559e-05,-3.37277659e-05)
( 4.90005958e-05,-3.27055265e-05)
( 4.73792838e-05,-3.16188269e-05)
( 4.56649418e-05,-3.04698156e-05)
( 4.38609753e-05,-2.92607641e-05)
( 4.19709663e-05,-2.79940617e-05)
( 3.99986668e-05,-2.66722117e-05)
( 3.79479907e-05,-2.52978255e-05)
( 3.58230064e-05,-2.38736183e-05)
( 3.36279287e-05,-2.24024031e-05)
( 3.13671102e-05,-2.08870855e-05)
( 2.90450329e-05,-1.93306579e-05)
( 2.66662993e-05,-1.77361937e-05)
( 2.42356229e-05,-1.61068410e-05)
( 2.17578195e-05,-1.44458165e-05)
( 1.92377971e-05,-1.27563995e-05)
( 1.66805463e-05,-1.10419248e-05)
( 1.40911306e-05,-9.30577671e-06)
( 1.14746763e-05,-7.55138216e-06)
( 8.83636206e-06,-5.78220390e-06)
( 6.18140910e-06,-4.00173376e-06)
( 3.51507055e-06,-2.21348580e-06)
( 8.42621128e-07,-4.20989356e-07)
(-1.83065324e-06, 1.37221790e-06)
(-4.49946592e-06, 3.16259690e-06)
(-7.15854002e-06, 4.94661413e-06)
(-9.80261881e-06, 6.72074862e-06)
(-1.24264761e-05, 8.48149884e-06)
(-1.50249266e-05, 1.02253896e-05)
(-1.75928361e-05, 1.19489788e-05)
(-2.01251318e-05, 1.36488643e-05)
(-2.26168118e-05, 1.53216907e-05)
(-2.50629556e-05, 1.69641557e-05)
(-2.74587337e-05, 1.85730166e-05)
(-2.97994165e-05, 2.01450969e-05)
(-3.20803844e-05, 2.16772924e-05)
(-3.42971365e-05, 2.31665773e-05)
(-3.64452995e-05, 2.46100103e-05)
(-3.85206364e-05, 2.60047399e-05)
(-4.05190546e-05, 2.73480108e-05)
(-4.24366145e-05, 2.86371684e-05)
(-4.42695365e-05, 2.98696649e-05)
(-4.60142089e-05, 3.10430636e-05)
(-4.76671949e-05, 3.21550440e-05)
(-4.92252395e-05, 3.32034066e-05)
(-5.06852753e-05, 3.41860766e-05)
(-5.20444293e-05, 3.51011086e-05)
(-5.33000279e-05, 3.59466900e-05)
(-5.44496024e-05, 3.67211450e-05)
(-5.54908940e-05, 3.74229372e-05)
(-5.64218577e-05, 3.80506734e-05)
(-5.72406668e-05, 3.86031060e-05)
(-5.79457159e-05, 3.90791351e-05)
(-5.85356248e-05, 3.94778113e-05)
(-5.90092403e-05, 3.97983374e-05)
(-5.93656390e-05, 4.00400695e-05)
(-5.96041289e-05, 4.02025190e-05)
(-5.97242507e-05, 4.02853528e-05)
(-5.97257786e-05, 4.02883948e-05)
(-5.96087207e-05, 4.02116256e-05)
(-5.93733191e-05, 4.00551827e-05)
(-5.90200490e-05, 3.98193605e-05)
(-5.85496183e-05, 3.95046094e-05)
(-5.79629653e-05, 3.91115350e-05)
(-5.72612578e-05, 3.86408973e-05)
(-5.64458899e-05, 3.80936087e-05)
(-5.55184796e-05, 3.74707324e-05)
(-5.44808654e-05, 3.67734804e-05)
(-5.33351030e-05, 3.60032112e-05)
(-5.20834607e-05, 3.51614269e-05)
(-5.07284151e-05, 3.42497705e-05)
(-4.92726462e-05, 3.32700226e-05)
(-4.77190320e-05, 3.22240978e-05)
(-4.60706431e-05, 3.11140411e-05)
(-4.43307360e-05, 2.99420239e-05)
(-4.25027471e-05, 2.87103398e-05)
(-4.05902860e-05, 2.74213999e-05)
(-3.85971278e-05, 2.60777281e-05)
(-3.65272063e-05, 2.46819565e-05)
(-3.43846058e-05, 2.32368199e-05)
(-3.21735530e-05, 2.17451503e-05)
(-2.98984090e-05, 2.02098721e-05)
(-2.75636603e-05, 1.86339954e-05)
(-2.51739102e-05, 1.70206108e-05)
(-2.27338696e-05, 1.53728829e-05)
(-2.02483479e-05, 1.36940445e-05)
(-1.77222432e-05, 1.19873900e-05)
(-1.51605328e-05, 1.02562689e-05)
(-1.25682636e-05, 8.50407932e-06)
(-9.95054175e-06, 6.73426144e-06)
(-7.31252302e-06, 4.95029052e-06)
(-4.65940235e-06, 3.15567022e-06)
(-1.99640373e-06, 1.35392570e-06)
( 6.71230063e-07,-4.51403326e-07)
( 3.33824780e-06,-2.25676955e-06)
( 5.99940010e-06,-4.05862501e-06)
( 8.64944978e-06,-5.85342810e-06)
( 1.12831821e-05,-7.63765049e-06)
( 1.38954152e-05,-9.40778413e-06)
( 1.64810098e-05,-1.11603481e-05)
( 1.90348800e-05,-1.28918954e-05)
( 2.15520026e-05,-1.45990199e-05)
( 2.40274273e-05,-1.62783629e-05)
( 2.64562865e-05,-1.79266199e-05)
( 2.88338046e-05,-1.95405468e-05)
( 3.11553075e-05,-2.11169667e-05)
( 3.34162316e-05,-2.26527759e-05)
( 3.56121333e-05,-2.41449501e-05)
( 3.77386969e-05,-2.55905503e-05)
( 3.97917437e-05,-2.69867287e-05)
( 4.17672399e-05,-2.83307342e-05)
( 4.36613045e-05,-2.96199182e-05)
( 4.54702172e-05,-3.08517392e-05)
( 4.71904251e-05,-3.20237683e-05)
( 4.88185505e-05,-3.31336941e-05)
( 5.03513965e-05,-3.41793268e-05)
( 5.17859541e-05,-3.51586030e-05)
( 5.31194077e-05,-3.60695894e-05)
( 5.43491408e-05,-3.69104871e-05)
( 5.54727408e-05,-3.76796347e-05)
( 5.64880040e-05,-3.83755120e-05)
( 5.73929398e-05,-3.89967429e-05)
( 5.81857748e-05,-3.95420980e-05)
( 5.88649556e-05,-4.00104971e-05)
( 5.94291529e-05,-4.04010117e-05)
( 5.98772630e-05,-4.07128664e-05)
( 6.02084107e-05,-4.09454410e-05)
( 6.04219506e-05,-4.10982710e-05)
( 6.05174685e-05,-4.11710495e-05)
( 6.04947823e-05,-4.11636270e-05)
( 6.03539421e-05,-4.10760125e-05)
( 6.00952301e-05,-4.09083727e-05)
( 5.97191605e-05,-4.06610327e-05)
( 5.92264776e-05,-4.03344744e-05)
( 5.86181553e-05,-3.99293364e-05)
( 5.78953944e-05,-3.94464123e-05)
( 5.70596205e-05,-3.88866494e-05)
( 5.61124816e-05,-3.82511470e-05)
( 5.50558439e-05,-3.75411539e-05)
( 5.38917893e-05,-3.67580663e-05)
( 5.26226102e-05,-3.59034250e-05)
( 5.12508057e-05,-3.49789124e-05)
( 4.97790765e-05,-3.39863494e-05)
( 4.82103195e-05,-3.29276915e-05)
( 4.65476221e-05,-3.18050252e-05)
( 4.47942564e-05,-3.06205640e-05)
( 4.29536723e-05,-2.93766440e-05)
( 4.10294912e-05,-2.80757193e-05)
( 3.90254984e-05,-2.67203573e-05)
( 3.69456362e-05,-2.53132333e-05)
( 3.47939958e-05,-2.38571259e-05)
( 3.25748091e-05,-2.23549112e-05)
( 3.02924409e-05,-2.08095568e-05)
( 2.79513801e-05,-1.92241168e-05)
( 2.55562304e-05,-1.76017251e-05)
( 2.31117021e-05,-1.59455894e-05)
( 2.06226022e-05,-1.42589852e-05)
( 1.80938253e-05,-1.25452489e-05)
( 1.55303438e-05,-1.08077718e-05)
( 1.29371981e-05,-9.04999267e-06)
( 1.03194868e-05,-7.27539169e-06)
( 7.68235682e-06,-5.48748319e-06)
( 5.03099292e-06,-3.68980883e-06)
( 2.37060779e-06,-1.88593061e-06)
(-2.93568308e-07,-7.94238545e-08)
(-2.95629779e-06, 1.72612989e-06)
(-5.61234607e-06, 3.52714989e-06)
(-8.25649184e-06, 5.32006332e-06)
(-1.08835374e-05, 7.10131231e-06)
(-1.34883186e-05, 8.86736101e-06)
(-1.60657156e-05, 1.06147026e-05)
(-1.86106623e-05, 1.23398661e-05)
(-2.11181567e-05, 1.40394234e-05)
(-2.35832705e-05, 1.57099962e-05)
(-2.60011591e-05, 1.73482621e-05)
(-2.83670708e-05, 1.89509620e-05)
(-3.06763565e-05, 2.05149059e-05)
(-3.29244785e-05, 2.20369796e-05)
(-3.51070199e-05, 2.35141509e-05)
(-3.72196927e-05, 2.49434752e-05)
(-3.92583468e-05, 2.63221021e-05)
(-4.12189778e-05, 2.76472803e-05)
(-4.30977353e-05, 2.89163636e-05)
(-4.48909301e-05, 3.01268159e-05)
(-4.65950416e-05, 3.12762164e-05)
(-4.82067248e-05, 3.23622643e-05)
(-4.97228171e-05, 3.33827837e-05)
(-5.11403441e-05, 3.43357276e-05)
(-5.24565257e-05, 3.52191820e-05)
(-5.36687819e-05, 3.60313700e-05)
(-5.47747373e-05, 3.67706554e-05)
(-5.57722264e-05, 3.74355454e-05)
(-5.66592973e-05, 3.80246945e-05)
(-5.74342163e-05, 3.85369063e-05)
(-5.80954706e-05, 3.89711368e-05)
(-5.86417717e-05, 3.93264957e-05)
(-5.90720580e-05, 3.96022488e-05)
(-5.93854968e-05, 3.97978194e-05)
(-5.95814859e-05, 3.99127890e-05)
(-5.96596552e-05, 3.99468992e-05)
(-5.96198667e-05, 3.99000510e-05)
(-5.94622156e-05, 3.97723063e-05)
(-5.91870299e-05, 3.95638868e-05)
(-5.87948694e-05, 3.92751744e-05)
(-5.82865252e-05, 3.89067098e-05)
(-5.76630176e-05, 3.84591921e-05)
(-5.69255947e-05, 3.79334772e-05)
(-5.60757296e-05, 3.73305759e-05)
(-5.51151174e-05, 3.66516527e-05)
(-5.40456724e-05, 3.58980225e-05)
(-5.28695238e-05, 3.50711489e-05)
(-5.15890118e-05, 3.41726412e-05)
(-5.02066832e-05, 3.32042507e-05)
(-4.87252858e-05, 3.21678681e-05)
(-4.71477636e-05, 3.10655191e-05)
(-4.54772508e-05, 2.98993608e-05)
(-4.37170655e-05, 2.86716776e-05)
(-4.18707034e-05, 2.73848761e-05)
(-3.99418307e-05, 2.60414811e-05)
(-3.79342771e-05, 2.46441302e-05)
(-3.58520280e-05, 2.31955686e-05)
(-3.36992170e-05, 2.16986442e-05)
(-3.14801173e-05, 2.01563010e-05)
(-2.91991337e-05, 1.85715745e-05)
(-2.68607937e-05, 1.69475848e-05)
(-2.44697385e-05, 1.52875308e-05)
(-2.20307139e-05, 1.35946837e-05)
(-1.95485611e-05, 1.18723811e-05)
(-1.70282070e-05, 1.01240196e-05)
(-1.44746543e-05, 8.35304874e-06)
(-1.18929720e-05, 6.56296371e-06)
(-9.28828485e-06, 4.75729882e-06)
(-6.66576387e-06, 2.93962030e-06)
(-4.03061560e-06, 1.11351929e-06)
(-1.38807203e-06,-7.17395236e-07)
( 1.25661979e-06,-2.54950366e-06)
( 3.89820813e-06,-4.37918284e-06)
( 6.53144699e-06,-6.20281332e-06)
( 9.15110645e-06,-8.01678646e-06)
( 1.17519831e-05,-9.81751162e-06)
( 1.43289102e-05,-1.16014233e-05)
( 1.68767680e-05,-1.33649880e-05)
( 1.93904941e-05,-1.51047116e-05)
( 2.18650930e-05,-1.68171459e-05)
( 2.42956465e-05,-1.84988958e-05)
( 2.66773230e-05,-2.01466256e-05)
( 2.90053874e-05,-2.17570662e-05)
( 3.12752104e-05,-2.33270210e-05)
( 3.34822778e-05,-2.48533725e-05)
( 3.56221991e-05,-2.63330888e-05)
( 3.76907165e-05,-2.77632289e-05)
( 3.96837135e-05,-2.91409491e-05)
( 4.15972226e-05,-3.04635087e-05)
( 4.34274335e-05,-3.17282748e-05)
( 4.51707008e-05,-3.29327283e-05)
( 4.68235509e-05,-3.40744684e-05)
( 4.83826889e-05,-3.51512177e-05)
( 4.98450055e-05,-3.61608262e-05)
( 5.12075831e-05,-3.71012764e-05)
( 5.24677012e-05,-3.79706865e-05)
( 5.36228421e-05,-3.87673145e-05)
( 5.46706962e-05,-3.94895618e-05)
( 5.56091659e-05,-4.01359762e-05)
( 5.64363705e-05,-4.07052547e-05)
( 5.71506494e-05,-4.11962464e-05)
( 5.77505657e-05,-4.16079544e-05)
( 5.82349090e-05,-4.19395381e-05)
( 5.86026977e-05,-4.21903149e-05)
( 5.88531811e-05,-4.23597613e-05)
( 5.89858409e-05,-4.24475141e-05)
( 5.90003922e-05,-4.24533713e-05)
( 5.88967840e-05,-4.23772921e-05)
( 5.86751995e-05,-4.22193976e-05)
( 5.83360554e-05,-4.19799698e-05)
( 5.78800016e-05,-4.16594518e-05)
( 5.73079194e-05,-4.12584465e-05)
( 5.66209200e-05,-4.07777155e-05)
( 5.58203426e-05,-4.02181778e-05)
( 5.49077509e-05,-3.95809078e-05)
( 5.38849309e-05,-3.88671330e-05)
( 5.27538870e-05,-3.80782321e-05)
( 5.15168378e-05,-3.72157319e-05)
( 5.01762121e-05,-3.62813043e-05)
( 4.87346438e-05,-3.52767632e-05)
( 4.71949667e-05,-3.42040609e-05)
( 4.55602091e-05,-3.30652839e-05)
( 4.38335875e-05,-3.18626494e-05)
( 4.20185003e-05,-3.05985002e-05)
( 4.01185213e-05,-2.92753008e-05)
( 3.81373922e-05,-2.78956320e-05)
( 3.60790153e-05,-2.64621860e-05)
( 3.39474461e-05,-2.49777612e-05)
( 3.17468847e-05,-2.34452566e-05)
( 2.94816678e-05,-2.18676657e-05)
( 2.71562599e-05,-2.02480714e-05)
( 2.47752447e-05,-1.85896391e-05)
( 2.23433158e-05,-1.68956109e-05)
( 1.98652672e-05,-1.51692993e-05)
( 1.73459843e-05,-1.34140803e-05)
( 1.47904337e-05,-1.16333867e-05)
( 1.22036535e-05,-9.83070196e-06)
( 9.59074340e-06,-8.00955256e-06)
( 6.95685451e-06,-6.17350153e-06)
( 4.30717905e-06,-4.32614121e-06)
( 1.64694016e-06,-2.47108626e-06)
(-1.01861855e-06,-6.11966448e-07)
(-3.68424336e-06, 1.24758045e-06)
(-6.34468087e-06, 3.10391586e-06)
(-8.99468846e-06, 4.95340756e-06)
(-1.16290446e-05, 6.79243688e-06)
(-1.42425593e-05, 8.61740580e-06)
(-1.68300844e-05, 1.04247441e-05)
(-1.93865235e-05, 1.22109163e-05)
(-2.19068427e-05, 1.39724287e-05)
(-2.43860798e-05, 1.57058365e-05)
(-2.68193546e-05, 1.74077499e-05)
(-2.92018785e-05, 1.90748416e-05)
(-3.15289640e-05, 2.07038530e-05)
(-3.37960336e-05, 2.22916004e-05)
(-3.59986295e-05, 2.38349817e-05)
(-3.81324220e-05, 2.53309821e-05)
(-4.01932178e-05, 2.67766805e-05)
(-4.21769691e-05, 2.81692548e-05)
(-4.40797807e-05, 2.95059878e-05)
(-4.58979183e-05, 3.07842724e-05)
(-4.76278156e-05, 3.20016168e-05)
(-4.92660813e-05, 3.31556491e-05)
(-5.08095059e-05, 3.42441226e-05)
(-5.22550679e-05, 3.52649197e-05)
(-5.35999399e-05, 3.62160562e-05)
(-5.48414939e-05, 3.70956854e-05)
(-5.59773067e-05, 3.79021013e-05)
(-5.70051645e-05, 3.86337426e-05)
(-5.79230672e-05, 3.92891952e-05)
(-5.87292324e-05, 3.98671952e-05)
(-5.94220987e-05, 4.03666315e-05)
(-6.00003290e-05, 4.07865479e-05)
(-6.04628129e-05, 4.11261448e-05)
(-6.08086685e-05, 4.13847811e-05)
(-6.10372449e-05, 4.15619753e-05)
(-6.11481226e-05, 4.16574064e-05)
(-6.11411144e-05, 4.16709147e-05)
(-6.10162662e-05, 4.16025020e-05)
(-6.07738563e-05, 4.14523315e-05)
(-6.04143949e-05, 4.12207277e-05)
(-5.99386229e-05, 4.09081758e-05)
(-5.93475107e-05, 4.05153204e-05)
(-5.86422559e-05, 4.00429646e-05)
(-5.78242807e-05, 3.94920682e-05)
(-5.68952293e-05, 3.88637461e-05)
(-5.58569646e-05, 3.81592656e-05)
(-5.47115640e-05, 3.73800446e-05)
(-5.34613156e-05, 3.65276483e-05)
(-5.21087133e-05, 3.56037863e-05)
(-5.06564521e-05, 3.46103091e-05)
(-4.91074223e-05, 3.35492049e-05)
(-4.74647040e-05, 3.24225953e-05)
(-4.57315606e-05, 3.12327311e-05)
(-4.39114328e-05, 2.99819881e-05)
(-4.20079310e-05, 2.86728626e-05)
(-4.00248287e-05, 2.73079660e-05)
(-3.79660545e-05, 2.58900200e-05)
(-3.58356846e-05, 2.44218514e-05)
(-3.36379344e-05, 2.29063861e-05)
(-3.13771504e-05, 2.13466439e-05)
(-2.90578011e-05, 1.97457319e-05)
(-2.66844684e-05, 1.81068393e-05)
(-2.42618386e-05, 1.64332302e-05)
(-2.17946928e-05, 1.47282380e-05)
(-1.92878974e-05, 1.29952581e-05)
(-1.67463948e-05, 1.12377419e-05)
(-1.41751930e-05, 9.45918969e-06)
(-1.15793562e-05, 7.66314374e-06)
(-8.96399457e-06, 5.85318149e-06)
(-6.33425395e-06, 4.03290848e-06)
(-3.69530590e-06, 2.20595119e-06)
(-1.05233738e-06, 3.75950021e-07)
( 1.58945957e-06,-1.45344794e-06)
( 4.22489801e-06,-3.27859605e-06)
( 6.84880640e-06,-5.09585529e-06)
( 9.45603881e-06,-6.90160143e-06)
( 1.20414850e-05,-8.69223214e-06)
( 1.46000808e-05,-1.04641741e-05)
( 1.71268174e-05,-1.22138900e-05)
( 1.96167522e-05,-1.39378856e-05)
( 2.20650176e-05,-1.56327164e-05)
( 2.44668313e-05,-1.72949948e-05)
( 2.68175051e-05,-1.89213962e-05)
( 2.91124547e-05,-2.05086663e-05)
( 3.13472081e-05,-2.20536268e-05)
( 3.35174150e-05,-2.35531822e-05)
( 3.56188547e-05,-2.50043255e-05)
( 3.76474447e-05,-2.64041446e-05)
( 3.95992490e-05,-2.77498276e-05)
( 4.14704849e-05,-2.90386687e-05)
( 4.32575313e-05,-3.02680735e-05)
( 4.49569353e-05,-3.14355638e-05)
( 4.65654189e-05,-3.25387830e-05)
( 4.80798857e-05,-3.35755007e-05)
( 4.94974264e-05,-3.45436167e-05)
( 5.08153251e-05,-3.54411658e-05)
( 5.20310639e-05,-3.62663212e-05)
( 5.31423282e-05,-3.70173984e-05)
( 5.41470109e-05,-3.76928586e-05)
( 5.50432167e-05,-3.82913119e-05)
( 5.58292655e-05,-3.88115196e-05)
( 5.65036956e-05,-3.92523974e-05)
( 5.70652667e-05,-3.96130170e-05)
( 5.75129621e-05,-3.98926083e-05)
( 5.78459903e-05,-4.00905612e-05)
( 5.80637870e-05,-4.02064262e-05)
( 5.81660157e-05,-4.02399163e-05)
( 5.81525682e-05,-4.01909067e-05)
( 5.80235651e-05,-4.00594360e-05)
( 5.77793549e-05,-3.98457055e-05)
( 5.74205137e-05,-3.95500793e-05)
( 5.69478436e-05,-3.91730837e-05)
( 5.63623711e-05,-3.87154061e-05)
( 5.56653450e-05,-3.81778936e-05)
( 5.48582339e-05,-3.75615519e-05)
( 5.39427230e-05,-3.68675430e-05)
( 5.29207108e-05,-3.60971831e-05)
( 5.17943053e-05,-3.52519404e-05)
( 5.05658196e-05,-3.43334317e-05)
( 4.92377672e-05,-3.33434202e-05)
( 4.78128573e-05,-3.22838112e-05)
( 4.62939890e-05,-3.11566491e-05)
( 4.46842456e-05,-2.99641132e-05)
( 4.29868884e-05,-2.87085136e-05)
( 4.12053505e-05,-2.73922868e-05)
( 3.93432296e-05,-2.60179907e-05)
( 3.74042807e-05,-2.45883001e-05)
( 3.53924094e-05,-2.31060013e-05)
( 3.33116631e-05,-2.15739866e-05)
( 3.11662238e-05,-1.99952488e-05)
( 2.89603995e-05,-1.83728756e-05)
( 2.66986156e-05,-1.67100433e-05)
( 2.43854061e-05,-1.50100107e-05)
( 2.20254049e-05,-1.32761129e-05)
( 1.96233362e-05,-1.15117545e-05)
( 1.71840059e-05,-9.72040352e-06)
( 1.47122910e-05,-7.90558397e-06)
( 1.22131311e-05,-6.07086945e-06)
( 9.69151801e-06,-4.21987597e-06)
( 7.15248590e-06,-2.35625491e-06)
( 4.60110168e-06,-4.83685909e-07)
( 2.04245479e-06, 1.39413039e-06)
(-5.18352721e-07, 3.27347956e-06)
(-3.07621632e-06, 5.15064069e-06)
(-5.62603897e-06, 7.02189366e-06)
(-8.16274118e-06, 8.88352650e-06)
(-1.06812710e-05, 1.07318426e-05)
(-1.31766140e-05, 1.25631682e-05)
(-1.56438029e-05, 1.43738593e-05)
(-1.80779278e-05, 1.61603091e-05)
(-2.04741452e-05, 1.79189550e-05)
(-2.28276880e-05, 1.96462858e-05)
(-2.51338748e-05, 2.13388482e-05)
(-2.73881187e-05, 2.29932542e-05)
(-2.95859368e-05, 2.46061876e-05)
(-3.17229586e-05, 2.61744103e-05)
(-3.37949349e-05, 2.76947692e-05)
(-3.57977458e-05, 2.91642020e-05)
(-3.77274090e-05, 3.05797438e-05)
(-3.95800875e-05, 3.19385324e-05)
(-4.13520973e-05, 3.32378147e-05)
(-4.30399141e-05, 3.44749516e-05)
(-4.46401809e-05, 3.56474236e-05)
(-4.61497140e-05, 3.67528359e-05)
(-4.75655097e-05, 3.77889229e-05)
(-4.88847496e-05, 3.87535532e-05)
(-5.01048067e-05, 3.96447335e-05)
(-5.12232501e-05, 4.04606129e-05)
(-5.22378499e-05, 4.11994867e-05)
(-5.31465817e-05, 4.18597994e-05)
(-5.39476304e-05, 4.24401486e-05)
(-5.46393937e-05, 4.29392875e-05)
(-5.52204853e-05, 4.33561272e-05)
(-5.56897376e-05, 4.36897398e-05)
(-5.60462040e-05, 4.39393595e-05)
(-5.62891606e-05, 4.41043846e-05)
(-5.64181078e-05, 4.41843791e-05)
(-5.64327711e-05, 4.41790733e-05)
(-5.63331018e-05, 4.40883646e-05)
(-5.61192769e-05, 4.39123178e-05)
(-5.57916989e-05, 4.36511653e-05)
(-5.53509947e-05, 4.33053066e-05)
(-5.47980150e-05, 4.28753079e-05)
(-5.41338317e-05, 4.23619006e-05)
(-5.33597367e-05, 4.17659806e-05)
(-5.24772387e-05, 4.10886065e-05)
(-5.14880608e-05, 4.03309973e-05)
(-5.03941364e-05, 3.94945307e-05)
(-4.91976062e-05, 3.85807402e-05)
(-4.79008134e-05, 3.75913122e-05)
(-4.65062994e-05, 3.65280828e-05)
(-4.50167986e-05, 3.53930345e-05)
(-4.34352334e-05, 3.41882924e-05)
(-4.17647082e-05, 3.29161197e-05)
(-4.00085032e-05, 3.15789140e-05)
(-3.81700682e-05, 3.01792023e-05)
(-3.62530160e-05, 2.87196362e-05)
(-3.42611147e-05, 2.72029869e-05)
(-3.21982810e-05, 2.56321394e-05)
(-3.00685721e-05, 2.40100877e-05)
(-2.78761780e-05, 2.23399281e-05)
(-2.56254129e-05, 2.06248541e-05)
(-2.33207073e-05, 1.88681492e-05)
(-2.09665989e-05, 1.70731814e-05)
(-1.85677238e-05, 1.52433960e-05)
(-1.61288075e-05, 1.33823092e-05)
(-1.36546554e-05, 1.14935011e-05)
(-1.11501438e-05, 9.58060875e-06)
(-8.62020986e-06, 7.64731907e-06)
(-6.06984231e-06, 5.69736147e-06)
(-3.50407138e-06, 3.73450063e-06)
(-9.27959093e-07, 1.76252912e-06)
( 1.65341074e-06,-2.14740098e-07)
( 4.23494248e-06,-2.19348114e-06)
( 6.81153863e-06,-4.16986276e-06)
( 9.37810988e-06,-6.14005586e-06)
( 1.19295851e-05,-8.10024110e-06)
( 1.44609213e-05,-1.00466164e-05)
( 1.69671136e-05,-1.19754043e-05)
( 1.94432047e-05,-1.38828599e-05)
( 2.18842953e-05,-1.57652777e-05)
( 2.42855531e-05,-1.76189991e-05)
( 2.66422226e-05,-1.94404200e-05)
( 2.89496345e-05,-2.12259973e-05)
( 3.12032147e-05,-2.29722567e-05)
( 3.33984933e-05,-2.46757989e-05)
( 3.55311136e-05,-2.63333067e-05)
( 3.75968406e-05,-2.79415515e-05)
( 3.95915694e-05,-2.94973999e-05)
( 4.15113329e-05,-3.09978197e-05)
( 4.33523101e-05,-3.24398859e-05)
( 4.51108336e-05,-3.38207868e-05)
( 4.67833966e-05,-3.51378296e-05)
( 4.83666597e-05,-3.63884453e-05)
( 4.98574582e-05,-3.75701946e-05)
( 5.12528075e-05,-3.86807720e-05)
( 5.25499094e-05,-3.97180109e-05)
( 5.37461579e-05,-4.06798880e-05)
( 5.48391440e-05,-4.15645270e-05)
( 5.58266603e-05,-4.23702027e-05)
( 5.67067060e-05,-4.30953441e-05)
( 5.74774904e-05,-4.37385381e-05)
( 5.81374367e-05,-4.42985318e-05)
( 5.86851848e-05,-4.47742356e-05)
( 5.91195947e-05,-4.51647248e-05)
( 5.94397479e-05,-4.54692422e-05)
( 5.96449502e-05,-4.56871989e-05)
( 5.97347324e-05,-4.58181760e-05)
( 5.97088514e-05,-4.58619256e-05)
( 5.95672912e-05,-4.58183708e-05)
( 5.93102623e-05,-4.56876065e-05)
( 5.89382020e-05,-4.54698989e-05)
( 5.84517729e-05,-4.51656852e-05)
( 5.78518625e-05,-4.47755725e-05)
( 5.71395805e-05,-4.43003371e-05)
( 5.63162576e-05,-4.37409226e-05)
( 5.53834424e-05,-4.30984384e-05)
( 5.43428984e-05,-4.23741572e-05)
( 5.31966009e-05,-4.15695127e-05)
( 5.19467329e-05,-4.06860971e-05)
( 5.05956808e-05,-3.97256572e-05)
( 4.91460301e-05,-3.86900918e-05)
( 4.76005599e-05,-3.75814475e-05)
( 4.59622378e-05,-3.64019146e-05)
( 4.42342140e-05,-3.51538234e-05)
( 4.24198150e-05,-3.38396386e-05)
( 4.05225373e-05,-3.24619554e-05)
( 3.85460406e-05,-3.10234938e-05)
( 3.64941403e-05,-2.95270935e-05)
( 3.43708002e-05,-2.79757079e-05)
( 3.21801248e-05,-2.63723989e-05)
( 2.99263512e-05,-2.47203302e-05)
( 2.76138407e-05,-2.30227612e-05)
( 2.52470703e-05,-2.12830410e-05)
( 2.28306238e-05,-1.95046010e-05)
( 2.03691831e-05,-1.76909487e-05)
( 1.78675185e-05,-1.58456604e-05)
( 1.53304799e-05,-1.39723742e-05)
( 1.27629866e-05,-1.20747831e-05)
( 1.01700181e-05,-1.01566269e-05)
( 7.55660436e-06,-8.22168554e-06)
( 4.92781538e-06,-6.27377125e-06)
( 2.28875172e-06,-4.31672097e-06)
(-3.55465783e-07,-2.35438877e-06)
(-2.99970604e-06,-3.90638216e-07)
(-5.63883785e-06, 1.57066535e-06)
(-8.26773998e-06, 3.52566246e-06)
(-1.08813113e-05, 5.47050722e-06)
(-1.34744808e-05, 7.40137493e-06)
(-1.60422175e-05, 9.31446970e-06)
(-1.85795407e-05, 1.12060320e-05)
(-2.10815294e-05, 1.30723461e-05)
(-2.35433322e-05, 1.49097475e-05)
(-2.59601767e-05, 1.67146303e-05)
(-2.83273795e-05, 1.84834541e-05)
(-3.06403543e-05, 2.02127512e-05)
(-3.28946223e-05, 2.18991337e-05)
(-3.50858199e-05, 2.35392997e-05)
(-3.72097079e-05, 2.51300406e-05)
(-3.92621797e-05, 2.66682468e-05)
(-4.12392695e-05, 2.81509140e-05)
(-4.31371599e-05, 2.95751497e-05)
(-4.49521895e-05, 3.09381782e-05)
(-4.66808602e-05, 3.22373466e-05)
(-4.83198440e-05, 3.34701299e-05)
(-4.98659897e-05, 3.46341361e-05)
(-5.13163288e-05, 3.57271107e-05)
(-5.26680816e-05, 3.67469416e-05)
(-5.39186625e-05, 3.76916627e-05)
(-5.50656851e-05, 3.85594583e-05)
(-5.61069671e-05, 3.93486666e-05)
(-5.70405340e-05, 4.00577827e-05)
(-5.78646237e-05, 4.06854619e-05)
(-5.85776893e-05, 4.12305220e-05)
(-5.91784025e-05, 4.16919462e-05)
(-5.96656560e-05, 4.20688845e-05)
(-6.00385656e-05, 4.23606555e-05)
(-6.02964719e-05, 4.25667481e-05)
(-6.04389418e-05, 4.26868221e-05)
(-6.04657687e-05, 4.27207088e-05)
(-6.03769736e-05, 4.26684118e-05)
(-6.01728043e-05, 4.25301063e-05)
(-5.98537351e-05, 4.23061392e-05)
(-5.94204660e-05, 4.19970284e-05)
(-5.88739208e-05, 4.16034613e-05)
(-5.82152455e-05, 4.11262937e-05)
(-5.74458058e-05, 4.05665483e-05)
(-5.65671845e-05, 3.99254119e-05)
(-5.55811778e-05, 3.92042340e-05)
(-5.44897923e-05, 3.84045231e-05)
(-5.32952404e-05, 3.75279444e-05)
(-5.19999361e-05, 3.65763162e-05)
(-5.06064900e-05, 3.55516059e-05)
(-4.91177042e-05, 3.44559267e-05)
(-4.75365663e-05, 3.32915330e-05)
(-4.58662437e-05, 3.20608158e-05)
(-4.41100774e-05, 3.07662982e-05)
(-4.22715745e-05, 2.94106301e-05)
(-4.03544021e-05, 2.79965831e-05)
(-3.83623794e-05, 2.65270448e-05)
(-3.62994700e-05, 2.50050130e-05)
(-3.41697743e-05, 2.34335899e-05)
(-3.19775210e-05, 2.18159760e-05)
(-2.97270586e-05, 2.01554632e-05)
(-2.74228471e-05, 1.84554287e-05)
(-2.50694485e-05, 1.67193283e-05)
(-2.26715182e-05, 1.49506889e-05)
(-2.02337952e-05, 1.31531024e-05)
(-1.77610932e-05, 1.13302176e-05)
(-1.52582905e-05, 9.48573369e-06)
(-1.27303205e-05, 7.62339240e-06)
(-1.01821619e-05, 5.74697072e-06)
(-7.61882866e-06, 3.86027341e-06)
(-5.04536002e-06, 1.96712531e-06)
(-2.46681056e-06, 7.13638523e-08)
( 1.11759914e-07,-1.82316868e-06)
( 2.68529642e-06,-3.71263274e-06)
( 5.24875883e-06,-5.59319919e-06)
( 7.79713189e-06,-7.46105690e-06)
( 1.03254352e-05,-9.31242036e-06)
( 1.28287329e-05,-1.11435371e-05)
( 1.53021438e-05,-1.29506955e-05)
( 1.77408508e-05,-1.47302316e-05)
( 2.01401102e-05,-1.64785369e-05)
( 2.24952617e-05,-1.81920653e-05)
( 2.48017370e-05,-1.98673402e-05)
( 2.70550689e-05,-2.15009615e-05)
( 2.92509005e-05,-2.30896122e-05)
( 3.13849933e-05,-2.46300650e-05)
( 3.34532359e-05,-2.61191891e-05)
( 3.54516516e-05,-2.75539559e-05)
( 3.73764067e-05,-2.89314453e-05)
( 3.92238177e-05,-3.02488516e-05)
( 4.09903586e-05,-3.15034888e-05)
( 4.26726676e-05,-3.26927964e-05)
( 4.42675538e-05,-3.38143439e-05)
( 4.57720035e-05,-3.48658363e-05)
( 4.71831856e-05,-3.58451181e-05)
( 4.84984576e-05,-3.67501782e-05)
( 4.97153703e-05,-3.75791533e-05)
( 5.08316725e-05,-3.83303320e-05)
( 5.18453155e-05,-3.90021584e-05)
( 5.27544568e-05,-3.95932346e-05)
( 5.35574635e-05,-4.01023243e-05)
( 5.42529157e-05,-4.05283546e-05)
( 5.48396085e-05,-4.08704186e-05)
( 5.53165548e-05,-4.11277773e-05)
( 5.56829867e-05,-4.12998606e-05)
( 5.59383567e-05,-4.13862691e-05)
( 5.60823389e-05,-4.13867747e-05)
( 5.61148292e-05,-4.13013209e-05)
( 5.60359451e-05,-4.11300234e-05)
( 5.58460256e-05,-4.08731696e-05)
( 5.55456301e-05,-4.05312183e-05)
( 5.51355370e-05,-4.01047987e-05)
( 5.46167418e-05,-3.95947095e-05)
( 5.39904553e-05,-3.90019170e-05)
( 5.32581005e-05,-3.83275536e-05)
( 5.24213097e-05,-3.75729155e-05)
( 5.14819210e-05,-3.67394604e-05)
( 5.04419745e-05,-3.58288042e-05)
( 4.93037078e-05,-3.48427186e-05)
( 4.80695516e-05,-3.37831272e-05)
( 4.67421242e-05,-3.26521017e-05)
( 4.53242266e-05,-3.14518584e-05)
( 4.38188363e-05,-3.01847534e-05)
( 4.22291014e-05,-2.88532784e-05)
( 4.05583338e-05,-2.74600556e-05)
( 3.88100029e-05,-2.60078326e-05)
( 3.69877282e-05,-2.44994774e-05)
( 3.50952717e-05,-2.29379723e-05)
( 3.31365309e-05,-2.13264087e-05)
( 3.11155301e-05,-1.96679806e-05)
( 2.90364128e-05,-1.79659783e-05)
( 2.69034329e-05,-1.62237826e-05)
( 2.47209465e-05,-1.44448575e-05)
( 2.24934028e-05,-1.26327440e-05)
( 2.02253351e-05,-1.07910526e-05)
( 1.79213518e-05,-8.92345681e-06)
( 1.55861272e-05,-7.03368563e-06)
( 1.32243920e-05,-5.12551630e-06)
( 1.08409237e-05,-3.20276693e-06)
( 8.44053706e-06,-1.26928903e-06)
( 6.02807477e-06, 6.71040112e-07)
( 3.60839734e-06, 2.61432497e-06)
( 1.18637364e-06, 4.55665948e-06)
(-1.23312890e-06, 6.49413471e-06)
(-3.64525394e-06, 8.42284655e-06)
(-6.04516595e-06, 1.03389034e-05)
(-8.42805977e-06, 1.22384338e-05)
(-1.07891702e-05, 1.41175943e-05)
(-1.31237813e-05, 1.59725765e-05)
(-1.54272361e-05, 1.77996153e-05)
(-1.76949452e-05, 1.95949958e-05)
(-1.99223966e-05, 2.13550610e-05)
(-2.21051639e-05, 2.30762186e-05)
(-2.42389155e-05, 2.47549488e-05)
(-2.63194228e-05, 2.63878107e-05)
(-2.83425686e-05, 2.79714495e-05)
(-3.03043555e-05, 2.95026031e-05)
(-3.22009132e-05, 3.09781085e-05)
(-3.40285064e-05, 3.23949082e-05)
(-3.57835420e-05, 3.37500567e-05)
(-3.74625762e-05, 3.50407256e-05)
(-3.90623210e-05, 3.62642102e-05)
(-4.05796506e-05, 3.74179343e-05)
(-4.20116077e-05, 3.84994559e-05)
(-4.33554090e-05, 3.95064717e-05)
(-4.46084505e-05, 4.04368222e-05)
(-4.57683128e-05, 4.12884959e-05)
(-4.68327653e-05, 4.20596337e-05)
(-4.77997707e-05, 4.27485322e-05)
(-4.86674890e-05, 4.33536481e-05)
(-4.94342806e-05, 4.38736006e-05)
(-5.00987095e-05, 4.43071748e-05)
(-5.06595462e-05, 4.46533244e-05)
(-5.11157695e-05, 4.49111735e-05)
(-5.14665688e-05, 4.50800193e-05)
(-5.17113451e-05, 4.51593329e-05)
(-5.18497124e-05, 4.51487613e-05)
(-5.18814977e-05, 4.50481279e-05)
(-5.18067418e-05, 4.48574332e-05)
(-5.16256985e-05, 4.45768554e-05)
(-5.13388343e-05, 4.42067498e-05)
(-5.09468269e-05, 4.37476488e-05)
(-5.04505640e-05, 4.32002608e-05)
(-4.98511412e-05, 4.25654694e-05)
(-4.91498596e-05, 4.18443317e-05)
(-4.83482232e-05, 4.10380766e-05)
(-4.74479356e-05, 4.01481028e-05)
(-4.64508966e-05, 3.91759760e-05)
(-4.53591980e-05, 3.81234265e-05)
(-4.41751196e-05, 3.69923456e-05)
(-4.29011244e-05, 3.57847829e-05)
(-4.15398536e-05, 3.45029418e-05)
(-4.00941212e-05, 3.31491757e-05)
(-3.85669082e-05, 3.17259838e-05)
(-3.69613568e-05, 3.02360065e-05)
(-3.52807638e-05, 2.86820200e-05)
(-3.35285742e-05, 2.70669317e-05)
(-3.17083740e-05, 2.53937742e-05)
(-2.98238832e-05, 2.36657002e-05)
(-2.78789483e-05, 2.18859758e-05)
(-2.58775346e-05, 2.00579749e-05)
(-2.38237182e-05, 1.81851725e-05)
(-2.17216777e-05, 1.62711382e-05)
(-1.95756865e-05, 1.43195295e-05)
(-1.73901033e-05, 1.23340843e-05)
(-1.51693645e-05, 1.03186144e-05)
(-1.29179744e-05, 8.27699764e-06)
(-1.06404970e-05, 6.21317083e-06)
(-8.34154623e-06, 4.13112188e-06)
(-6.02577752e-06, 2.03488225e-06)
(-3.69787804e-06,-7.14809234e-08)
(-1.36255761e-06,-2.18387269e-06)
( 9.75460647e-07,-4.29817823e-06)
( 3.31144968e-06,-6.41027089e-06)
( 5.64068787e-06,-8.51602019e-06)
( 7.95846831e-06,-1.06112999e-05)
( 1.02601082e-05,-1.26919962e-05)
( 1.25409580e-05,-1.47540156e-05)
( 1.47964107e-05,-1.67932931e-05)
( 1.70219109e-05,-1.88057999e-05)
( 1.92129637e-05,-2.07875520e-05)
( 2.13651438e-05,-2.27346173e-05)
( 2.34741039e-05,-2.46431239e-05)
( 2.55355835e-05,-2.65092674e-05)
( 2.75454173e-05,-2.83293189e-05)
( 2.94995434e-05,-3.00996320e-05)
( 3.13940112e-05,-3.18166504e-05)
( 3.32249892e-05,-3.34769148e-05)
( 3.49887726e-05,-3.50770699e-05)
( 3.66817908e-05,-3.66138712e-05)
( 3.83006139e-05,-3.80841916e-05)
( 3.98419601e-05,-3.94850274e-05)
( 4.13027017e-05,-4.08135049e-05)
( 4.26798714e-05,-4.20668858e-05)
( 4.39706682e-05,-4.32425730e-05)
( 4.51724629e-05,-4.43381160e-05)
( 4.62828034e-05,-4.53512159e-05)
( 4.72994192e-05,-4.62797301e-05)
( 4.82202262e-05,-4.71216766e-05)
( 4.90433308e-05,-4.78752387e-05)
( 4.97670336e-05,-4.85387683e-05)
( 5.03898325e-05,-4.91107898e-05)
( 5.09104262e-05,-4.95900030e-05)
( 5.13277163e-05,-4.99752862e-05)
( 5.16408098e-05,-5.02656985e-05)
( 5.18490209e-05,-5.04604821e-05)
( 5.19518722e-05,-5.05590641e-05)
( 5.19490957e-05,-5.05610578e-05)
( 5.18406335e-05,-5.04662639e-05)
( 5.16266379e-05,-5.02746714e-05)
( 5.13074712e-05,-4.99864574e-05)
( 5.08837050e-05,-4.96019878e-05)
( 5.03561191e-05,-4.91218161e-05)
( 4.97256999e-05,-4.85466834e-05)
( 4.89936389e-05,-4.78775168e-05)
( 4.81613302e-05,-4.71154280e-05)
( 4.72303676e-05,-4.62617115e-05)
( 4.62025419e-05,-4.53178423e-05)
( 4.50798373e-05,-4.42854734e-05)
( 4.38644275e-05,-4.31664326e-05)
( 4.25586717e-05,-4.19627196e-05)
( 4.11651098e-05,-4.06765020e-05)
( 3.96864576e-05,-3.93101117e-05)
( 3.81256013e-05,-3.78660401e-05)
( 3.64855926e-05,-3.63469341e-05)
( 3.47696417e-05,-3.47555904e-05)
( 3.29811121e-05,-3.30949510e-05)
( 3.11235134e-05,-3.13680971e-05)
( 2.92004946e-05,-2.95782438e-05)
( 2.72158371e-05,-2.77287333e-05)
( 2.51734475e-05,-2.58230294e-05)
( 2.30773494e-05,-2.38647101e-05)
( 2.09316762e-05,-2.18574613e-05)
( 1.87406627e-05,-1.98050694e-05)
( 1.65086367e-05,-1.77114144e-05)
( 1.42400108e-05,-1.55804620e-05)
( 1.19392739e-05,-1.34162561e-05)
( 9.61098176e-06,-1.12229113e-05)
( 7.25974888e-06,-9.00460439e-06)
( 4.89023888e-06,-6.76556666e-06)
( 2.50715563e-06,-4.51007551e-06)
( 1.15233896e-07,-2.24244613e-06)
(-2.28076989e-06, 3.29768456e-08)
(-4.67608702e-06, 2.31182790e-06)
(-7.06594587e-06, 4.58972910e-06)
(-9.44558131e-06, 6.86229873e-06)
(-1.18102441e-05, 9.12515981e-06)
(-1.41552102e-05, 1.13739488e-05)
(-1.64757901e-05, 1.36043239e-05)
(-1.87673383e-05, 1.58119741e-05)
(-2.10252620e-05, 1.79926271e-05)
(-2.32450309e-05, 2.01420583e-05)
(-2.54221855e-05, 2.22560984e-05)
(-2.75523463e-05, 2.43306425e-05)
(-2.96312224e-05, 2.63616578e-05)
(-3.16546200e-05, 2.83451913e-05)
(-3.36184511e-05, 3.02773783e-05)
(-3.55187410e-05, 3.21544496e-05)
(-3.73516366e-05, 3.39727391e-05)
(-3.91134145e-05, 3.57286912e-05)
(-4.08004875e-05, 3.74188678e-05)
(-4.24094128e-05, 3.90399552e-05)
(-4.39368981e-05, 4.05887707e-05)
(-4.53798089e-05, 4.20622691e-05)
(-4.67351744e-05, 4.34575485e-05)
(-4.80001935e-05, 4.47718565e-05)
(-4.91722409e-05, 4.60025956e-05)
(-5.02488720e-05, 4.71473281e-05)
(-5.12278282e-05, 4.82037815e-05)
(-5.21070411e-05, 4.91698531e-05)
(-5.28846376e-05, 5.00436138e-05)
(-5.35589428e-05, 5.08233123e-05)
(-5.41284842e-05, 5.15073788e-05)
(-5.45919945e-05, 5.20944282e-05)
(-5.49484145e-05, 5.25832626e-05)
(-5.51968952e-05, 5.29728741e-05)
(-5.53367998e-05, 5.32624469e-05)
(-5.53677051e-05, 5.34513589e-05)
(-5.52894028e-05, 5.35391832e-05)
(-5.51018999e-05, 5.35256888e-05)
(-5.48054186e-05, 5.34108415e-05)
(-5.44003971e-05, 5.31948038e-05)
(-5.38874877e-05, 5.28779347e-05)
(-5.32675567e-05, 5.24607895e-05)
(-5.25416824e-05, 5.19441183e-05)
(-5.17111535e-05, 5.13288648e-05)
(-5.07774664e-05, 5.06161645e-05)
(-4.97423230e-05, 4.98073429e-05)
(-4.86076270e-05, 4.89039123e-05)
(-4.73754807e-05, 4.79075696e-05)
(-4.60481809e-05, 4.68201926e-05)
(-4.46282148e-05, 4.56438364e-05)
(-4.31182548e-05, 4.43807297e-05)
(-4.15211542e-05, 4.30332702e-05)
(-3.98399408e-05, 4.16040199e-05)
(-3.80778119e-05, 4.00957006e-05)
(-3.62381278e-05, 3.85111878e-05)
(-3.43244052e-05, 3.68535059e-05)
(-3.23403108e-05, 3.51258218e-05)
(-3.02896539e-05, 3.33314386e-05)
(-2.81763792e-05, 3.14737897e-05)
(-2.60045590e-05, 2.95564315e-05)
(-2.37783853e-05, 2.75830369e-05)
(-2.15021617e-05, 2.55573875e-05)
(-1.91802952e-05, 2.34833669e-05)
(-1.68172870e-05, 2.13649526e-05)
(-1.44177243e-05, 1.92062084e-05)
(-1.19862712e-05, 1.70112762e-05)
(-9.52765915e-06, 1.47843683e-05)
(-7.04667823e-06, 1.25297586e-05)
(-4.54816730e-06, 1.02517747e-05)
(-2.03700472e-06, 7.95478902e-06)
( 4.81901402e-07, 5.64321048e-06)
( 3.00362277e-06, 3.32147576e-06)
( 5.52322071e-06, 9.94040580e-07)
( 8.03575590e-06,-1.33462901e-06)
( 1.05362981e-05,-3.66006537e-06)
( 1.30199361e-05,-5.97780811e-06)
( 1.54817870e-05,-8.28341269e-06)
( 1.79170066e-05,-1.05724593e-05)
( 2.03207983e-05,-1.28405612e-05)
( 2.26884230e-05,-1.50833738e-05)
( 2.50152086e-05,-1.72966027e-05)
( 2.72965591e-05,-1.94760122e-05)
( 2.95279638e-05,-2.16174337e-05)
( 3.17050064e-05,-2.37167738e-05)
( 3.38233736e-05,-2.57700221e-05)
( 3.58788639e-05,-2.77732592e-05)
( 3.78673961e-05,-2.97226643e-05)
( 3.97850171e-05,-3.16145226e-05)
( 4.16279103e-05,-3.34452323e-05)
( 4.33924028e-05,-3.52113121e-05)
( 4.50749730e-05,-3.69094074e-05)
( 4.66722576e-05,-3.85362972e-05)
( 4.81810586e-05,-4.00888999e-05)
( 4.95983493e-05,-4.15642797e-05)
( 5.09212810e-05,-4.29596519e-05)
( 5.21471879e-05,-4.42723883e-05)
( 5.32735935e-05,-4.55000224e-05)
( 5.42982149e-05,-4.66402540e-05)
( 5.52189676e-05,-4.76909535e-05)
( 5.60339699e-05,-4.86501660e-05)
( 5.67415466e-05,-4.95161150e-05)
( 5.73402324e-05,-5.02872057e-05)
( 5.78287750e-05,-5.09620281e-05)
( 5.82061378e-05,-5.15393593e-05)
( 5.84715017e-05,-5.20181662e-05)
( 5.86242671e-05,-5.23976067e-05)
( 5.86640553e-05,-5.26770319e-05)
( 5.85907089e-05,-5.28559867e-05)
( 5.84042927e-05,-5.29342107e-05)
( 5.81050934e-05,-5.29116386e-05)
( 5.76936189e-05,-5.27883998e-05)
( 5.71705980e-05,-5.25648185e-05)
( 5.65369785e-05,-5.22414126e-05)
( 5.57939255e-05,-5.18188922e-05)
( 5.49428193e-05,-5.12981587e-05)
( 5.39852526e-05,-5.06803024e-05)
( 5.29230275e-05,-4.99666001e-05)
( 5.17581518e-05,-4.91585130e-05)
( 5.04928355e-05,-4.82576828e-05)
( 4.91294859e-05,-4.72659294e-05)
( 4.76707033e-05,-4.61852460e-05)
( 4.61192757e-05,-4.50177960e-05)
( 4.44781732e-05,-4.37659081e-05)
( 4.27505426e-05,-4.24320718e-05)
( 4.09397006e-05,-4.10189323e-05)
( 3.90491278e-05,-3.95292852e-05)
( 3.70824615e-05,-3.79660708e-05)
( 3.50434883e-05,-3.63323687e-05)
( 3.29361374e-05,-3.46313909e-05)
( 3.07644719e-05,-3.28664761e-05)
( 2.85326815e-05,-3.10410828e-05)
( 2.62450737e-05,-2.91587824e-05)
( 2.39060657e-05,-2.72232522e-05)
( 2.15201752e-05,-2.52382681e-05)
( 1.90920120e-05,-2.32076975e-05)
( 1.66262683e-05,-2.11354911e-05)
( 1.41277101e-05,-1.90256757e-05)
( 1.16011670e-05,-1.68823461e-05)
( 9.05152323e-06,-1.47096568e-05)
( 6.48370788e-06,-1.25118146e-05)
( 3.90268498e-06,-1.02930697e-05)
( 1.31344384e-06,-8.05770779e-06)
(-1.27901083e-06,-5.81004151e-06)
(-3.86966879e-06,-3.55440235e-06)
(-6.45352418e-06,-1.29513205e-06)
(-9.02558539e-06, 9.63425733e-07)
(-1.15808848e-05, 3.21693383e-06)
(-1.41144888e-05, 5.46106993e-06)
(-1.66215072e-05, 7.69153486e-06)
(-1.90971029e-05, 9.90406093e-06)
(-2.15365017e-05, 1.20944201e-05)
(-2.39350014e-05, 1.42584319e-05)
(-2.62879808e-05, 1.63919719e-05)
(-2.85909093e-05, 1.84909790e-05)
(-3.08393554e-05, 2.05514637e-05)
(-3.30289954e-05, 2.25695153e-05)
(-3.51556218e-05, 2.45413096e-05)
(-3.72151517e-05, 2.64631160e-05)
(-3.92036345e-05, 2.83313046e-05)
(-4.11172598e-05, 3.01423531e-05)
(-4.29523644e-05, 3.18928535e-05)
(-4.47054399e-05, 3.35795184e-05)
(-4.63731392e-05, 3.51991871e-05)
(-4.79522827e-05, 3.67488319e-05)
(-4.94398650e-05, 3.82255631e-05)
(-5.08330600e-05, 3.96266351e-05)
(-5.21292267e-05, 4.09494511e-05)
(-5.33259141e-05, 4.21915678e-05)
(-5.44208659e-05, 4.33507003e-05)
(-5.54120244e-05, 4.44247261e-05)
(-5.62975350e-05, 4.54116887e-05)
(-5.70757489e-05, 4.63098017e-05)
(-5.77452265e-05, 4.71174515e-05)
(-5.83047400e-05, 4.78332006e-05)
(-5.87532755e-05, 4.84557900e-05)
(-5.90900348e-05, 4.89841412e-05)
(-5.93144366e-05, 4.94173585e-05)
(-5.94261174e-05, 4.97547300e-05)
(-5.94249323e-05, 4.99957291e-05)
(-5.93109546e-05, 5.01400153e-05)
(-5.90844754e-05, 5.01874345e-05)
(-5.87460031e-05, 5.01380191e-05)
(-5.82962620e-05, 4.99919877e-05)
(-5.77361903e-05, 4.97497446e-05)
(-5.70669384e-05, 4.94118789e-05)
(-5.62898664e-05, 4.89791628e-05)
(-5.54065406e-05, 4.84525503e-05)
(-5.44187309e-05, 4.78331751e-05)
(-5.33284067e-05, 4.71223480e-05)
(-5.21377327e-05, 4.63215547e-05)
(-5.08490646e-05, 4.54324522e-05)
(-4.94649443e-05, 4.44568658e-05)
(-4.79880945e-05, 4.33967855e-05)
(-4.64214131e-05, 4.22543618e-05)
(-4.47679676e-05, 4.10319016e-05)
(-4.30309888e-05, 3.97318634e-05)
(-4.12138640e-05, 3.83568529e-05)
(-3.93201305e-05, 3.69096174e-05)
(-3.73534684e-05, 3.53930408e-05)
(-3.53176934e-05, 3.38101377e-05)
(-3.32167487e-05, 3.21640475e-05)
(-3.10546980e-05, 3.04580285e-05)
(-2.88357166e-05, 2.86954515e-05)
(-2.65640835e-05, 2.68797932e-05)
(-2.42441733e-05, 2.50146293e-05)
(-2.18804469e-05, 2.31036281e-05)
(-1.94774432e-05, 2.11505427e-05)
(-1.70397703e-05, 1.91592043e-05)
(-1.45720960e-05, 1.71335147e-05)
(-1.20791394e-05, 1.50774384e-05)
(-9.56566091e-06, 1.29949956e-05)
(-7.03645375e-06, 1.08902540e-05)
(-4.49633422e-06, 8.76732096e-06)
(-1.95013260e-06, 6.63033600e-06)
( 5.97316245e-07, 4.48346245e-06)
( 3.14118212e-06, 2.33087964e-06)
( 5.67664875e-06, 1.76774829e-07)
( 8.19892303e-06,-1.97466479e-06)
( 1.07032441e-05,-4.11926017e-06)
( 1.31848926e-05,-6.25284837e-06)
( 1.56391992e-05,-8.37129058e-06)
( 1.80615539e-05,-1.04704800e-05)
( 2.04474146e-05,-1.25463499e-05)
( 2.27923155e-05,-1.45948809e-05)
( 2.50918754e-05,-1.66121095e-05)
( 2.73418065e-05,-1.85941349e-05)
( 2.95379215e-05,-2.05371268e-05)
( 3.16761421e-05,-2.24373329e-05)
( 3.37525063e-05,-2.42910858e-05)
( 3.57631755e-05,-2.60948101e-05)
( 3.77044421e-05,-2.78450294e-05)
( 3.95727357e-05,-2.95383729e-05)
( 4.13646298e-05,-3.11715818e-05)
( 4.30768484e-05,-3.27415158e-05)
( 4.47062712e-05,-3.42451586e-05)
( 4.62499398e-05,-3.56796245e-05)
( 4.77050627e-05,-3.70421633e-05)
( 4.90690204e-05,-3.83301656e-05)
( 5.03393697e-05,-3.95411686e-05)
( 5.15138483e-05,-4.06728597e-05)
( 5.25903787e-05,-4.17230821e-05)
( 5.35670713e-05,-4.26898381e-05)
( 5.44422282e-05,-4.35712935e-05)
( 5.52143454e-05,-4.43657810e-05)
( 5.58821158e-05,-4.50718035e-05)
( 5.64444308e-05,-4.56880367e-05)
( 5.69003822e-05,-4.62133324e-05)
( 5.72492634e-05,-4.66467199e-05)
( 5.74905706e-05,-4.69874087e-05)
( 5.76240027e-05,-4.72347896e-05)
( 5.76494620e-05,-4.73884361e-05)
( 5.75670540e-05,-4.74481051e-05)
( 5.73770861e-05,-4.74137379e-05)
( 5.70800675e-05,-4.72854599e-05)
( 5.66767070e-05,-4.70635805e-05)
( 5.61679120e-05,-4.67485928e-05)
( 5.55547858e-05,-4.63411727e-05)
( 5.48386255e-05,-4.58421773e-05)
( 5.40209189e-05,-4.52526437e-05)
( 5.31033416e-05,-4.45737869e-05)
( 5.20877533e-05,-4.38069977e-05)
( 5.09761941e-05,-4.29538398e-05)
( 4.97708799e-05,-4.20160470e-05)
( 4.84741986e-05,-4.09955198e-05)
( 4.70887049e-05,-3.98943221e-05)
( 4.56171152e-05,-3.87146769e-05)
( 4.40623020e-05,-3.74589621e-05)
( 4.24272890e-05,-3.61297062e-05)
( 4.07152444e-05,-3.47295831e-05)
( 3.89294749e-05,-3.32614072e-05)
( 3.70734198e-05,-3.17281279e-05)
( 3.51506436e-05,-3.01328239e-05)
( 3.31648297e-05,-2.84786972e-05)
( 3.11197731e-05,-2.67690668e-05)
( 2.90193730e-05,-2.50073628e-05)
( 2.68676259e-05,-2.31971188e-05)
( 2.46686174e-05,-2.13419658e-05)
( 2.24265150e-05,-1.94456249e-05)
( 2.01455599e-05,-1.75118998e-05)
( 1.78300589e-05,-1.55446695e-05)
( 1.54843768e-05,-1.35478808e-05)
( 1.31129279e-05,-1.15255406e-05)
( 1.07201677e-05,-9.48170742e-06)
( 8.31058486e-06,-7.42048425e-06)
( 5.88869265e-06,-5.34600984e-06)
( 3.45902060e-06,-3.26245075e-06)
( 1.02610621e-06,-1.17399302e-06)
(-1.40551351e-06, 9.15166077e-07)
(-3.83131037e-06, 3.00082648e-06)
(-6.24677334e-06, 5.07879363e-06)
(-8.64741683e-06, 7.14488687e-06)
(-1.10287889e-05, 9.19494785e-06)
(-1.33864794e-05, 1.12248488e-05)
(-1.57161282e-05, 1.32305008e-05)
(-1.80134326e-05, 1.52078622e-05)
(-2.02741560e-05, 1.71529466e-05)
(-2.24941348e-05, 1.90618307e-05)
(-2.46692864e-05, 2.09306629e-05)
(-2.67956164e-05, 2.27556704e-05)
(-2.88692261e-05, 2.45331672e-05)
(-3.08863190e-05, 2.62595619e-05)
(-3.28432084e-05, 2.79313643e-05)
(-3.47363232e-05, 2.95451934e-05)
(-3.65622149e-05, 3.10977838e-05)
(-3.83175636e-05, 3.25859926e-05)
(-3.99991840e-05, 3.40068060e-05)
(-4.16040308e-05, 3.53573451e-05)
(-4.31292045e-05, 3.66348728e-05)
(-4.45719565e-05, 3.78367985e-05)
(-4.59296938e-05, 3.89606842e-05)
(-4.71999837e-05, 4.00042493e-05)
(-4.83805582e-05, 4.09653759e-05)
(-4.94693178e-05, 4.18421125e-05)
(-5.04643352e-05, 4.26326790e-05)
(-5.13638590e-05, 4.33354700e-05)
(-5.21663164e-05, 4.39490586e-05)
(-5.28703160e-05, 4.44721993e-05)
(-5.34746504e-05, 4.49038311e-05)
(-5.39782980e-05, 4.52430794e-05)
(-5.43804250e-05, 4.54892584e-05)
(-5.46803866e-05, 4.56418727e-05)
(-5.48777281e-05, 4.57006185e-05)
(-5.49721855e-05, 4.56653844e-05)
(-5.49636864e-05, 4.55362519e-05)
(-5.48523490e-05, 4.53134955e-05)
(-5.46384829e-05, 4.49975824e-05)
(-5.43225877e-05, 4.45891716e-05)
(-5.39053520e-05, 4.40891131e-05)
(-5.33876526e-05, 4.34984461e-05)
(-5.27705522e-05, 4.28183971e-05)
(-5.20552977e-05, 4.20503777e-05)
(-5.12433176e-05, 4.11959818e-05)
(-5.03362196e-05, 4.02569827e-05)
(-4.93357874e-05, 3.92353294e-05)
(-4.82439774e-05, 3.81331429e-05)
(-4.70629149e-05, 3.69527119e-05)
(-4.57948905e-05, 3.56964884e-05)
(-4.44423555e-05, 3.43670828e-05)
(-4.30079174e-05, 3.29672582e-05)
(-4.14943354e-05, 3.14999254e-05)
(-3.99045149e-05, 2.99681367e-05)
(-3.82415020e-05, 2.83750797e-05)
(-3.65084785e-05, 2.67240710e-05)
(-3.47087554e-05, 2.50185489e-05)
(-3.28457670e-05, 2.32620669e-05)
(-3.09230646e-05, 2.14582862e-05)
(-2.89443097e-05, 1.96109678e-05)
(-2.69132677e-05, 1.77239654e-05)
(-2.48338003e-05, 1.58012166e-05)
(-2.27098587e-05, 1.38467353e-05)
(-2.05454763e-05, 1.18646033e-05)
(-1.83447610e-05, 9.85896137e-06)
(-1.61118877e-05, 7.83400095e-06)
(-1.38510908e-05, 5.79395525e-06)
(-1.15666558e-05, 3.74309036e-06)
(-9.26291158e-06, 1.68569626e-06)
(-6.94422242e-06,-3.73922205e-07)
(-4.61497973e-06,-2.43145442e-06)
(-2.27959390e-06,-4.48259313e-06)
( 5.75139858e-08,-6.52304355e-06)
( 2.39192040e-06,-8.54853247e-06)
( 4.71920768e-06,-1.05548174e-05)
( 7.03497233e-06,-1.25376955e-05)
( 9.33483327e-06,-1.44930125e-05)
( 1.16144401e-05,-1.64166720e-05)
( 1.38694815e-05,-1.83046434e-05)
( 1.60956928e-05,-2.01529714e-05)
( 1.82888649e-05,-2.19577839e-05)
( 2.04448514e-05,-2.37153006e-05)
( 2.25595772e-05,-2.54218410e-05)
( 2.46290458e-05,-2.70738321e-05)
( 2.66493470e-05,-2.86678168e-05)
( 2.86166644e-05,-3.02004605e-05)
( 3.05272829e-05,-3.16685589e-05)
( 3.23775955e-05,-3.30690446e-05)
( 3.41641106e-05,-3.43989940e-05)
( 3.58834583e-05,-3.56556333e-05)
( 3.75323975e-05,-3.68363449e-05)
( 3.91078214e-05,-3.79386727e-05)
( 4.06067643e-05,-3.89603277e-05)
( 4.20264072e-05,-3.98991929e-05)
( 4.33640828e-05,-4.07533280e-05)
( 4.46172814e-05,-4.15209733e-05)
( 4.57836556e-05,-4.22005539e-05)
( 4.68610250e-05,-4.27906830e-05)
( 4.78473802e-05,-4.32901649e-05)
( 4.87408873e-05,-4.36979976e-05)
( 4.95398915e-05,-4.40133751e-05)
( 5.02429201e-05,-4.42356889e-05)
( 5.08486860e-05,-4.43645297e-05)
( 5.13560900e-05,-4.43996880e-05)
( 5.17642232e-05,-4.43411547e-05)
( 5.20723690e-05,-4.41891209e-05)
( 5.22800048e-05,-4.39439779e-05)
( 5.23868029e-05,-4.36063158e-05)
( 5.23926312e-05,-4.31769227e-05)
( 5.22975544e-05,-4.26567824e-05)
( 5.21018332e-05,-4.20470728e-05)
( 5.18059244e-05,-4.13491629e-05)
( 5.14104803e-05,-4.05646100e-05)
( 5.09163470e-05,-3.96951560e-05)
( 5.03245638e-05,-3.87427238e-05)
( 4.96363607e-05,-3.77094130e-05)
( 4.88531563e-05,-3.65974951e-05)
( 4.79765552e-05,-3.54094085e-05)
( 4.70083451e-05,-3.41477534e-05)
( 4.59504933e-05,-3.28152857e-05)
( 4.48051431e-05,-3.14149108e-05)
( 4.35746097e-05,-2.99496778e-05)
( 4.22613754e-05,-2.84227721e-05)
( 4.08680856e-05,-2.68375084e-05)
( 3.93975427e-05,-2.51973239e-05)
( 3.78527016e-05,-2.35057703e-05)
( 3.62366632e-05,-2.17665056e-05)
( 3.45526688e-05,-1.99832869e-05)
( 3.28040936e-05,-1.81599612e-05)
( 3.09944398e-05,-1.63004575e-05)
( 2.91273302e-05,-1.44087778e-05)
( 2.72065005e-05,-1.24889885e-05)
( 2.52357923e-05,-1.05452111e-05)
( 2.32191451e-05,-8.58161335e-06)
( 2.11605886e-05,-6.60240016e-06)
( 1.90642347e-05,-4.61180405e-06)
( 1.69342693e-05,-2.61407604e-06)
( 1.47749434e-05,-6.13476232e-07)
( 1.25905652e-05, 1.38573551e-06)
( 1.03854910e-05, 3.37930893e-06)
( 8.16411635e-06, 5.36301265e-06)
( 5.93086736e-06, 7.33264349e-06)
( 3.69019155e-06, 9.28403558e-06)
( 1.44654879e-06, 1.12130695e-05)
(-7.95597741e-07, 1.31156811e-05)
(-3.03179072e-06, 1.49878706e-05)
(-5.25758782e-06, 1.68257109e-05)
(-7.46857080e-06, 1.86253565e-05)
(-9.66035461e-06, 2.03830514e-05)
(-1.18285964e-05, 2.20951373e-05)
(-1.39690045e-05, 2.37580615e-05)
(-1.60773474e-05, 2.53683844e-05)
(-1.81494620e-05, 2.69227870e-05)
(-2.01812631e-05, 2.84180776e-05)
(-2.21687512e-05, 2.98511988e-05)
(-2.41080208e-05, 3.12192338e-05)
(-2.59952690e-05, 3.25194125e-05)
(-2.78268030e-05, 3.37491172e-05)
(-2.95990480e-05, 3.49058878e-05)
(-3.13085546e-05, 3.59874273e-05)
(-3.29520058e-05, 3.69916060e-05)
(-3.45262244e-05, 3.79164656e-05)
(-3.60281791e-05, 3.87602235e-05)
(-3.74549913e-05, 3.95212759e-05)
(-3.88039407e-05, 4.01982008e-05)
(-4.00724714e-05, 4.07897607e-05)
(-4.12581968e-05, 4.12949048e-05)
(-4.23589050e-05, 4.17127706e-05)
(-4.33725630e-05, 4.20426850e-05)
(-4.42973214e-05, 4.22841658e-05)
(-4.51315175e-05, 4.24369214e-05)
(-4.58736798e-05, 4.25008512e-05)
(-4.65225298e-05, 4.24760452e-05)
(-4.70769855e-05, 4.23627828e-05)
(-4.75361634e-05, 4.21615318e-05)
(-4.78993798e-05, 4.18729467e-05)
(-4.81661526e-05, 4.14978661e-05)
(-4.83362020e-05, 4.10373109e-05)
(-4.84094508e-05, 4.04924805e-05)
(-4.83860245e-05, 3.98647502e-05)
(-4.82662508e-05, 3.91556670e-05)
(-4.80506588e-05, 3.83669458e-05)
(-4.77399773e-05, 3.75004645e-05)
(-4.73351335e-05, 3.65582598e-05)
(-4.68372501e-05, 3.55425213e-05)
(-4.62476433e-05, 3.44555868e-05)
(-4.55678191e-05, 3.32999357e-05)
(-4.47994701e-05, 3.20781837e-05)
(-4.39444717e-05, 3.07930758e-05)
(-4.30048770e-05, 2.94474799e-05)
(-4.19829129e-05, 2.80443802e-05)
(-4.08809745e-05, 2.65868697e-05)
(-3.97016194e-05, 2.50781428e-05)
(-3.84475623e-05, 2.35214884e-05)
(-3.71216682e-05, 2.19202816e-05)
(-3.57269462e-05, 2.02779762e-05)
(-3.42665424e-05, 1.85980966e-05)
(-3.27437326e-05, 1.68842298e-05)
(-3.11619151e-05, 1.51400172e-05)
(-2.95246023e-05, 1.33691463e-05)
(-2.78354134e-05, 1.15753426e-05)
(-2.60980654e-05, 9.76236110e-06)
(-2.43163649e-05, 7.93397789e-06)
(-2.24941996e-05, 6.09398200e-06)
(-2.06355288e-05, 4.24616702e-06)
(-1.87443749e-05, 2.39432283e-06)
(-1.68248138e-05, 5.42227408e-07)
(-1.48809660e-05,-1.30636124e-06)
(-1.29169868e-05,-3.14771312e-06)
(-1.09370569e-05,-4.97813408e-06)
(-8.94537299e-06,-6.79397359e-06)
(-6.94613802e-06,-8.59163227e-06)
(-4.94355180e-06,-1.03675693e-05)
(-2.94180132e-06,-1.21183096e-05)
(-9.45051269e-07,-1.38404509e-05)
( 1.04256539e-06,-1.55306703e-05)
( 3.01695681e-06,-1.71857311e-05)
( 4.97408150e-06,-1.88024888e-05)
( 6.90995742e-06,-2.03778972e-05)
( 8.82067102e-06,-2.19090142e-05)
( 1.07023859e-05,-2.33930069e-05)
( 1.25513516e-05,-2.48271572e-05)
( 1.43639118e-05,-2.62088664e-05)
( 1.61365124e-05,-2.75356594e-05)
( 1.78657098e-05,-2.88051893e-05)
( 1.95481778e-05,-3.00152412e-05)
( 2.11807156e-05,-3.11637351e-05)
( 2.27602545e-05,-3.22487297e-05)
( 2.42838643e-05,-3.32684250e-05)
( 2.57487601e-05,-3.42211643e-05)
( 2.71523077e-05,-3.51054368e-05)
( 2.84920298e-05,-3.59198790e-05)
( 2.97656103e-05,-3.66632761e-05)
( 3.09709000e-05,-3.73345630e-05)
( 3.21059203e-05,-3.79328245e-05)
( 3.31688672e-05,-3.84572963e-05)
( 3.41581150e-05,-3.89073643e-05)
( 3.50722191e-05,-3.92825643e-05)
( 3.59099185e-05,-3.95825810e-05)
( 3.66701383e-05,-3.98072474e-05)
( 3.73519909e-05,-3.99565424e-05)
( 3.79547772e-05,-4.00305899e-05)
( 3.84779876e-05,-4.00296560e-05)
( 3.89213018e-05,-3.99541469e-05)
( 3.92845888e-05,-3.98046059e-05)
( 3.95679060e-05,-3.95817105e-05)
( 3.97714982e-05,-3.92862689e-05)
( 3.98957954e-05,-3.89192166e-05)
( 3.99414112e-05,-3.84816125e-05)
( 3.99091397e-05,-3.79746343e-05)
( 3.97999527e-05,-3.73995750e-05)
( 3.96149960e-05,-3.67578376e-05)
( 3.93555855e-05,-3.60509306e-05)
( 3.90232028e-05,-3.52804632e-05)
( 3.86194900e-05,-3.44481397e-05)
( 3.81462451e-05,-3.35557546e-05)
( 3.76054157e-05,-3.26051870e-05)
( 3.69990933e-05,-3.15983948e-05)
( 3.63295070e-05,-3.05374094e-05)
( 3.55990164e-05,-2.94243294e-05)
( 3.48101050e-05,-2.82613150e-05)
( 3.39653722e-05,-2.70505821e-05)
( 3.30675261e-05,-2.57943956e-05)
( 3.21193753e-05,-2.44950643e-05)
( 3.11238206e-05,-2.31549339e-05)
( 3.00838468e-05,-2.17763812e-05)
( 2.90025136e-05,-2.03618079e-05)
( 2.78829471e-05,-1.89136345e-05)
( 2.67283304e-05,-1.74342940e-05)
( 2.55418946e-05,-1.59262260e-05)
( 2.43269091e-05,-1.43918704e-05)
( 2.30866725e-05,-1.28336614e-05)
( 2.18245030e-05,-1.12540215e-05)
( 2.05437284e-05,-9.65535596e-06)
( 1.92476767e-05,-8.04004621e-06)
( 1.79396663e-05,-6.41044466e-06)
( 1.66229965e-05,-4.76886867e-06)
( 1.53009372e-05,-3.11759504e-06)
( 1.39767200e-05,-1.45885429e-06)
( 1.26535280e-05, 2.05174785e-07)
( 1.13344863e-05, 1.87237064e-06)
( 1.00226530e-05, 3.54067442e-06)
( 8.72100912e-06, 5.20809536e-06)
( 7.43244994e-06, 6.87271623e-06)
( 6.15977551e-06, 8.53269875e-06)
( 4.90568172e-06, 1.01862891e-05)
( 3.67275144e-06, 1.18318234e-05)
( 2.46344572e-06, 1.34677335e-05)
( 1.28009515e-06, 1.50925532e-05)
( 1.24891390e-07, 1.67049236e-05)
(-1.00012131e-06, 1.83036007e-05)
(-2.09305439e-06, 1.98874614e-05)
(-3.15218332e-06, 2.14555116e-05)
(-4.17595585e-06, 2.30068944e-05)
(-5.16300035e-06, 2.45408991e-05)
(-6.11213428e-06, 2.60569718e-05)
(-7.02237284e-06, 2.75547266e-05)
(-7.89293797e-06, 2.90339596e-05)
(-8.72326777e-06, 3.04946641e-05)
(-9.51302669e-06, 3.19370490e-05)
(-1.02621164e-05, 3.33615605e-05)
(-1.09706882e-05, 3.47689077e-05)
(-1.16391564e-05, 3.61600937e-05)
(-1.22682146e-05, 3.75364533e-05)
(-1.28588537e-05, 3.88996985e-05)
(-1.34123841e-05, 4.02519759e-05)
(-1.39304625e-05, 4.15959363e-05)
(-1.44151241e-05, 4.29348231e-05)
(-1.48688235e-05, 4.42725837e-05)
(-1.52944859e-05, 4.56140121e-05)
(-1.56955729e-05, 4.69649318e-05)
(-1.60761670e-05, 4.83324359e-05)
(-1.64410839e-05, 4.97252036e-05)
(-1.67960213e-05, 5.11539247e-05)
(-1.71477615e-05, 5.26318771e-05)
(-1.75044496e-05, 5.41757272e-05)
(-1.78759868e-05, 5.58066606e-05)
(-1.82745944e-05, 5.75520152e-05)
(-1.87156474e-05, 5.94477023e-05)
(-1.92189409e-05, 6.15419036e-05)
(-1.98106837e-05, 6.39009165e-05)
(-2.05267666e-05, 6.66187859e-05)
(-2.14183974e-05, 6.98339877e-05)
(-2.25624277e-05, 7.37601531e-05)
(-2.40818087e-05, 7.87472098e-05)
(-2.61904398e-05, 8.54160424e-05)
(-2.93053769e-05, 9.49968198e-05)
(-3.44140769e-05, 1.10441465e-04)
(-4.38247369e-05, 1.38689971e-04)
(-9.73482399e-05, 3.01203822e-04)
