% ======================================================
% L-Bracket Method of Moments Solution
% ======================================================
% Frequency: 9.900 GHz
% Wavelength: 0.030282 m
% Segments: N=3304 (1652 horiz + 1652 vert)
% Transmitter: (25.0000, 25.0000) m
%
% Solver: SSOR with hierarchical omega
% omega = 0.1000
% iterations = 361
% convergence = 9.55e-10
% time = 279.80 seconds
% ======================================================
% Format: (real, imaginary) current coefficients
% ======================================================
(-8.32556749e-07, 8.14979271e-07)
(-2.79620382e-06, 3.51881545e-06)
(-4.67005973e-06, 6.00904526e-06)
(-6.53526175e-06, 8.47912582e-06)
(-8.38677507e-06, 1.09263431e-05)
(-1.02213838e-05, 1.33486829e-05)
(-1.20356462e-05, 1.57426023e-05)
(-1.38260801e-05, 1.81040395e-05)
(-1.55892087e-05, 2.04287247e-05)
(-1.73215890e-05, 2.27123179e-05)
(-1.90198262e-05, 2.49504789e-05)
(-2.06805856e-05, 2.71389077e-05)
(-2.23006016e-05, 2.92733707e-05)
(-2.38766855e-05, 3.13497193e-05)
(-2.54057328e-05, 3.33639049e-05)
(-2.68847297e-05, 3.53119912e-05)
(-2.83107595e-05, 3.71901645e-05)
(-2.96810089e-05, 3.89947432e-05)
(-3.09927732e-05, 4.07221868e-05)
(-3.22434622e-05, 4.23691035e-05)
(-3.34306053e-05, 4.39322580e-05)
(-3.45518561e-05, 4.54085780e-05)
(-3.56049978e-05, 4.67951612e-05)
(-3.65879469e-05, 4.80892810e-05)
(-3.74987577e-05, 4.92883922e-05)
(-3.83356262e-05, 5.03901363e-05)
(-3.90968936e-05, 5.13923464e-05)
(-3.97810494e-05, 5.22930515e-05)
(-4.03867350e-05, 5.30904806e-05)
(-4.09127457e-05, 5.37830660e-05)
(-4.13580336e-05, 5.43694469e-05)
(-4.17217094e-05, 5.48484719e-05)
(-4.20030444e-05, 5.52192013e-05)
(-4.22014719e-05, 5.54809093e-05)
(-4.23165881e-05, 5.56330849e-05)
(-4.23481534e-05, 5.56754337e-05)
(-4.22960925e-05, 5.56078777e-05)
(-4.21604948e-05, 5.54305562e-05)
(-4.19416140e-05, 5.51438250e-05)
(-4.16398681e-05, 5.47482561e-05)
(-4.12558380e-05, 5.42446363e-05)
(-4.07902669e-05, 5.36339659e-05)
(-4.02440587e-05, 5.29174564e-05)
(-3.96182761e-05, 5.20965286e-05)
(-3.89141387e-05, 5.11728092e-05)
(-3.81330206e-05, 5.01481281e-05)
(-3.72764477e-05, 4.90245147e-05)
(-3.63460948e-05, 4.78041935e-05)
(-3.53437822e-05, 4.64895802e-05)
(-3.42714723e-05, 4.50832767e-05)
(-3.31312655e-05, 4.35880658e-05)
(-3.19253964e-05, 4.20069060e-05)
(-3.06562293e-05, 4.03429256e-05)
(-2.93262535e-05, 3.85994163e-05)
(-2.79380785e-05, 3.67798268e-05)
(-2.64944288e-05, 3.48877562e-05)
(-2.49981387e-05, 3.29269464e-05)
(-2.34521466e-05, 3.09012752e-05)
(-2.18594892e-05, 2.88147485e-05)
(-2.02232958e-05, 2.66714919e-05)
(-1.85467818e-05, 2.44757434e-05)
(-1.68332425e-05, 2.22318443e-05)
(-1.50860468e-05, 1.99442309e-05)
(-1.33086302e-05, 1.76174257e-05)
(-1.15044886e-05, 1.52560286e-05)
(-9.67717071e-06, 1.28647075e-05)
(-7.83027164e-06, 1.04481892e-05)
(-5.96742551e-06, 8.01125026e-06)
(-4.09229843e-06, 5.55870730e-06)
(-2.20858118e-06, 3.09540756e-06)
(-3.19981968e-07, 6.26219315e-07)
( 1.56978087e-06,-1.84397772e-06)
( 3.45698624e-06,-4.31030206e-06)
( 5.33791762e-06,-6.76788010e-06)
( 7.20887039e-06,-9.21185573e-06)
( 9.06615919e-06,-1.16373999e-05)
( 1.09061251e-05,-1.40397204e-05)
( 1.27251431e-05,-1.64140708e-05)
( 1.45196290e-05,-1.87557604e-05)
( 1.62860465e-05,-2.10601632e-05)
( 1.80209144e-05,-2.33227271e-05)
( 1.97208135e-05,-2.55389828e-05)
( 2.13823931e-05,-2.77045528e-05)
( 2.30023778e-05,-2.98151599e-05)
( 2.45775742e-05,-3.18666358e-05)
( 2.61048767e-05,-3.38549291e-05)
( 2.75812741e-05,-3.57761134e-05)
( 2.90038556e-05,-3.76263952e-05)
( 3.03698162e-05,-3.94021212e-05)
( 3.16764626e-05,-4.10997856e-05)
( 3.29212183e-05,-4.27160369e-05)
( 3.41016291e-05,-4.42476846e-05)
( 3.52153674e-05,-4.56917056e-05)
( 3.62602374e-05,-4.70452499e-05)
( 3.72341792e-05,-4.83056464e-05)
( 3.81352729e-05,-4.94704083e-05)
( 3.89617422e-05,-5.05372376e-05)
( 3.97119586e-05,-5.15040299e-05)
( 4.03844440e-05,-5.23688785e-05)
( 4.09778739e-05,-5.31300782e-05)
( 4.14910799e-05,-5.37861286e-05)
( 4.19230526e-05,-5.43357369e-05)
( 4.22729427e-05,-5.47778208e-05)
( 4.25400635e-05,-5.51115101e-05)
( 4.27238918e-05,-5.53361491e-05)
( 4.28240694e-05,-5.54512972e-05)
( 4.28404032e-05,-5.54567301e-05)
( 4.27728664e-05,-5.53524402e-05)
( 4.26215978e-05,-5.51386365e-05)
( 4.23869021e-05,-5.48157444e-05)
( 4.20692492e-05,-5.43844045e-05)
( 4.16692729e-05,-5.38454717e-05)
( 4.11877703e-05,-5.32000130e-05)
( 4.06256998e-05,-5.24493060e-05)
( 3.99841792e-05,-5.15948358e-05)
( 3.92644839e-05,-5.06382925e-05)
( 3.84680438e-05,-4.95815676e-05)
( 3.75964412e-05,-4.84267500e-05)
( 3.66514070e-05,-4.71761227e-05)
( 3.56348177e-05,-4.58321573e-05)
( 3.45486913e-05,-4.43975098e-05)
( 3.33951839e-05,-4.28750149e-05)
( 3.21765850e-05,-4.12676809e-05)
( 3.08953130e-05,-3.95786832e-05)
( 2.95539106e-05,-3.78113583e-05)
( 2.81550394e-05,-3.59691974e-05)
( 2.67014752e-05,-3.40558390e-05)
( 2.51961019e-05,-3.20750622e-05)
( 2.36419063e-05,-3.00307789e-05)
( 2.20419717e-05,-2.79270264e-05)
( 2.03994722e-05,-2.57679592e-05)
( 1.87176661e-05,-2.35578408e-05)
( 1.69998898e-05,-2.13010352e-05)
( 1.52495505e-05,-1.90019987e-05)
( 1.34701204e-05,-1.66652707e-05)
( 1.16651288e-05,-1.42954649e-05)
( 9.83815604e-06,-1.18972601e-05)
( 7.99282557e-06,-9.47539130e-06)
( 6.13279730e-06,-7.03463982e-06)
( 4.26176015e-06,-4.57982436e-06)
( 2.38342468e-06,-2.11579127e-06)
( 5.01515805e-07, 3.52594964e-07)
(-1.38023464e-06, 2.82046128e-06)
(-3.25809530e-06, 5.28293568e-06)
(-5.12834274e-06, 7.73515681e-06)
(-6.98726878e-06, 1.01722835e-05)
(-8.83118793e-06, 1.25895044e-05)
(-1.06564447e-05, 1.49820474e-05)
(-1.24594207e-05, 1.73451890e-05)
(-1.42365420e-05, 1.96742635e-05)
(-1.59842865e-05, 2.19646727e-05)
(-1.76991901e-05, 2.42118941e-05)
(-1.93778545e-05, 2.64114906e-05)
(-2.10169532e-05, 2.85591190e-05)
(-2.26132388e-05, 3.06505381e-05)
(-2.41635487e-05, 3.26816177e-05)
(-2.56648121e-05, 3.46483464e-05)
(-2.71140556e-05, 3.65468394e-05)
(-2.85084092e-05, 3.83733466e-05)
(-2.98451120e-05, 4.01242592e-05)
(-3.11215180e-05, 4.17961177e-05)
(-3.23351008e-05, 4.33856181e-05)
(-3.34834590e-05, 4.48896183e-05)
(-3.45643206e-05, 4.63051451e-05)
(-3.55755480e-05, 4.76293989e-05)
(-3.65151418e-05, 4.88597603e-05)
(-3.73812450e-05, 4.99937945e-05)
(-3.81721465e-05, 5.10292563e-05)
(-3.88862845e-05, 5.19640947e-05)
(-3.95222497e-05, 5.27964566e-05)
(-4.00787881e-05, 5.35246909e-05)
(-4.05548032e-05, 5.41473513e-05)
(-4.09493585e-05, 5.46631992e-05)
(-4.12616790e-05, 5.50712064e-05)
(-4.14911530e-05, 5.53705572e-05)
(-4.16373332e-05, 5.55606492e-05)
(-4.16999373e-05, 5.56410957e-05)
(-4.16788491e-05, 5.56117252e-05)
(-4.15741179e-05, 5.54725830e-05)
(-4.13859592e-05, 5.52239298e-05)
(-4.11147537e-05, 5.48662424e-05)
(-4.07610467e-05, 5.44002120e-05)
(-4.03255469e-05, 5.38267429e-05)
(-3.98091251e-05, 5.31469511e-05)
(-3.92128123e-05, 5.23621619e-05)
(-3.85377975e-05, 5.14739070e-05)
(-3.77854259e-05, 5.04839221e-05)
(-3.69571952e-05, 4.93941430e-05)
(-3.60547535e-05, 4.82067019e-05)
(-3.50798957e-05, 4.69239233e-05)
(-3.40345595e-05, 4.55483196e-05)
(-3.29208222e-05, 4.40825856e-05)
(-3.17408960e-05, 4.25295939e-05)
(-3.04971238e-05, 4.08923886e-05)
(-2.91919745e-05, 3.91741799e-05)
(-2.78280382e-05, 3.73783375e-05)
(-2.64080207e-05, 3.55083838e-05)
(-2.49347384e-05, 3.35679874e-05)
(-2.34111123e-05, 3.15609555e-05)
(-2.18401629e-05, 2.94912269e-05)
(-2.02250034e-05, 2.73628636e-05)
(-1.85688339e-05, 2.51800434e-05)
(-1.68749349e-05, 2.29470513e-05)
(-1.51466609e-05, 2.06682715e-05)
(-1.33874337e-05, 1.83481783e-05)
(-1.16007353e-05, 1.59913275e-05)
(-9.79010147e-06, 1.36023478e-05)
(-7.95911438e-06, 1.11859310e-05)
(-6.11139558e-06, 8.74682348e-06)
(-4.25059879e-06, 6.28981632e-06)
(-2.38040270e-06, 3.81973624e-06)
(-5.04503634e-07, 1.34143595e-06)
( 1.37339177e-06,-1.14021533e-06)
( 3.24957390e-06,-3.62034149e-06)
( 5.12033752e-06,-6.09406909e-06)
( 6.98198914e-06,-8.55653694e-06)
( 8.83085426e-06,-1.10029057e-05)
( 1.06632847e-05,-1.34283673e-05)
( 1.24756657e-05,-1.58281544e-05)
( 1.42644234e-05,-1.81975502e-05)
( 1.60260312e-05,-2.05318969e-05)
( 1.77570177e-05,-2.28266055e-05)
( 1.94539726e-05,-2.50771648e-05)
( 2.11135540e-05,-2.72791499e-05)
( 2.27324949e-05,-2.94282312e-05)
( 2.43076094e-05,-3.15201829e-05)
( 2.58357992e-05,-3.35508914e-05)
( 2.73140597e-05,-3.55163631e-05)
( 2.87394856e-05,-3.74127325e-05)
( 3.01092772e-05,-3.92362699e-05)
( 3.14207450e-05,-4.09833886e-05)
( 3.26713161e-05,-4.26506520e-05)
( 3.38585380e-05,-4.42347802e-05)
( 3.49800845e-05,-4.57326568e-05)
( 3.60337595e-05,-4.71413351e-05)
( 3.70175017e-05,-4.84580435e-05)
( 3.79293884e-05,-4.96801912e-05)
( 3.87676392e-05,-5.08053733e-05)
( 3.95306198e-05,-5.18313759e-05)
( 4.02168446e-05,-5.27561798e-05)
( 4.08249801e-05,-5.35779651e-05)
( 4.13538472e-05,-5.42951144e-05)
( 4.18024236e-05,-5.49062164e-05)
( 4.21698454e-05,-5.54100684e-05)
( 4.24554093e-05,-5.58056788e-05)
( 4.26585734e-05,-5.60922692e-05)
( 4.27789584e-05,-5.62692757e-05)
( 4.28163484e-05,-5.63363503e-05)
( 4.27706911e-05,-5.62933616e-05)
( 4.26420977e-05,-5.61403949e-05)
( 4.24308430e-05,-5.58777522e-05)
( 4.21373644e-05,-5.55059519e-05)
( 4.17622610e-05,-5.50257272e-05)
( 4.13062926e-05,-5.44380253e-05)
( 4.07703780e-05,-5.37440052e-05)
( 4.01555930e-05,-5.29450357e-05)
( 3.94631683e-05,-5.20426926e-05)
( 3.86944870e-05,-5.10387557e-05)
( 3.78510818e-05,-4.99352053e-05)
( 3.69346319e-05,-4.87342182e-05)
( 3.59469596e-05,-4.74381640e-05)
( 3.48900267e-05,-4.60495997e-05)
( 3.37659305e-05,-4.45712653e-05)
( 3.25768998e-05,-4.30060781e-05)
( 3.13252900e-05,-4.13571272e-05)
( 3.00135790e-05,-3.96276673e-05)
( 2.86443616e-05,-3.78211126e-05)
( 2.72203451e-05,-3.59410296e-05)
( 2.57443430e-05,-3.39911307e-05)
( 2.42192705e-05,-3.19752664e-05)
( 2.26481376e-05,-2.98974182e-05)
( 2.10340439e-05,-2.77616904e-05)
( 1.93801723e-05,-2.55723022e-05)
( 1.76897823e-05,-2.33335796e-05)
( 1.59662042e-05,-2.10499465e-05)
( 1.42128319e-05,-1.87259164e-05)
( 1.24331166e-05,-1.63660832e-05)
( 1.06305598e-05,-1.39751124e-05)
( 8.80870657e-06,-1.15577318e-05)
( 6.97113816e-06,-9.11872225e-06)
( 5.12146535e-06,-6.66290819e-06)
( 3.26332118e-06,-4.19514820e-06)
( 1.40035376e-06,-1.72032538e-06)
(-4.63780875e-07, 7.56662238e-07)
(-2.32542595e-06, 3.23091136e-06)
(-4.18093116e-06, 5.69752309e-06)
(-6.02665984e-06, 8.15161260e-06)
(-7.85899611e-06, 1.05883188e-05)
(-9.67435198e-06, 1.30028138e-05)
(-1.14691744e-05, 1.53903127e-05)
(-1.32399521e-05, 1.77460827e-05)
(-1.49832228e-05, 2.00654528e-05)
(-1.66955797e-05, 2.23438228e-05)
(-1.83736780e-05, 2.45766725e-05)
(-2.00142422e-05, 2.67595704e-05)
(-2.16140715e-05, 2.88881830e-05)
(-2.31700468e-05, 3.09582829e-05)
(-2.46791365e-05, 3.29657573e-05)
(-2.61384025e-05, 3.49066161e-05)
(-2.75450059e-05, 3.67770002e-05)
(-2.88962125e-05, 3.85731885e-05)
(-3.01893984e-05, 4.02916058e-05)
(-3.14220545e-05, 4.19288297e-05)
(-3.25917922e-05, 4.34815975e-05)
(-3.36963473e-05, 4.49468125e-05)
(-3.47335850e-05, 4.63215503e-05)
(-3.57015035e-05, 4.76030648e-05)
(-3.65982384e-05, 4.87887932e-05)
(-3.74220661e-05, 4.98763616e-05)
(-3.81714067e-05, 5.08635895e-05)
(-3.88448281e-05, 5.17484941e-05)
(-3.94410475e-05, 5.25292946e-05)
(-3.99589350e-05, 5.32044154e-05)
(-4.03975150e-05, 5.37724895e-05)
(-4.07559683e-05, 5.42323612e-05)
(-4.10336338e-05, 5.45830883e-05)
(-4.12300097e-05, 5.48239445e-05)
(-4.13447543e-05, 5.49544203e-05)
(-4.13776865e-05, 5.49742244e-05)
(-4.13287866e-05, 5.48832844e-05)
(-4.11981960e-05, 5.46817467e-05)
(-4.09862166e-05, 5.43699768e-05)
(-4.06933106e-05, 5.39485579e-05)
(-4.03200994e-05, 5.34182907e-05)
(-3.98673623e-05, 5.27801909e-05)
(-3.93360349e-05, 5.20354883e-05)
(-3.87272073e-05, 5.11856235e-05)
(-3.80421219e-05, 5.02322459e-05)
(-3.72821710e-05, 4.91772097e-05)
(-3.64488937e-05, 4.80225710e-05)
(-3.55439732e-05, 4.67705836e-05)
(-3.45692335e-05, 4.54236943e-05)
(-3.35266354e-05, 4.39845386e-05)
(-3.24182729e-05, 4.24559350e-05)
(-3.12463692e-05, 4.08408800e-05)
(-3.00132718e-05, 3.91425420e-05)
(-2.87214485e-05, 3.73642550e-05)
(-2.73734819e-05, 3.55095121e-05)
(-2.59720649e-05, 3.35819590e-05)
(-2.45199950e-05, 3.15853862e-05)
(-2.30201688e-05, 2.95237219e-05)
(-2.14755764e-05, 2.74010245e-05)
(-1.98892957e-05, 2.52214741e-05)
(-1.82644860e-05, 2.29893647e-05)
(-1.66043819e-05, 2.07090955e-05)
(-1.49122870e-05, 1.83851622e-05)
(-1.31915672e-05, 1.60221484e-05)
(-1.14456446e-05, 1.36247163e-05)
(-9.67799004e-06, 1.11975977e-05)
(-7.89211683e-06, 8.74558434e-06)
(-6.09157362e-06, 6.27351889e-06)
(-4.27993743e-06, 3.78628503e-06)
(-2.46080668e-06, 1.28879794e-06)
(-6.37794062e-07,-1.21400543e-06)
( 1.18548053e-06,-3.71717612e-06)
( 3.00539713e-06,-6.21576296e-06)
( 4.81834280e-06,-8.70482235e-06)
( 6.62071875e-06,-1.11794280e-05)
( 8.40894737e-06,-1.36346809e-05)
( 1.01794793e-05,-1.60657185e-05)
( 1.19288005e-05,-1.84677251e-05)
( 1.36534388e-05,-2.08359407e-05)
( 1.53499712e-05,-2.31656706e-05)
( 1.70150302e-05,-2.54522953e-05)
( 1.86453109e-05,-2.76912785e-05)
( 2.02375767e-05,-2.98781773e-05)
( 2.17886666e-05,-3.20086502e-05)
( 2.32955006e-05,-3.40784661e-05)
( 2.47550865e-05,-3.60835125e-05)
( 2.61645250e-05,-3.80198038e-05)
( 2.75210160e-05,-3.98834891e-05)
( 2.88218640e-05,-4.16708600e-05)
( 3.00644831e-05,-4.33783577e-05)
( 3.12464024e-05,-4.50025805e-05)
( 3.23652708e-05,-4.65402901e-05)
( 3.34188616e-05,-4.79884183e-05)
( 3.44050766e-05,-4.93440733e-05)
( 3.53219509e-05,-5.06045448e-05)
( 3.61676560e-05,-5.17673102e-05)
( 3.69405041e-05,-5.28300389e-05)
( 3.76389509e-05,-5.37905977e-05)
( 3.82615989e-05,-5.46470542e-05)
( 3.88072000e-05,-5.53976814e-05)
( 3.92746583e-05,-5.60409608e-05)
( 3.96630317e-05,-5.65755855e-05)
( 3.99715344e-05,-5.70004628e-05)
( 4.01995379e-05,-5.73147166e-05)
( 4.03465726e-05,-5.75176886e-05)
( 4.04123288e-05,-5.76089404e-05)
( 4.03966567e-05,-5.75882539e-05)
( 4.02995677e-05,-5.74556319e-05)
( 4.01212333e-05,-5.72112981e-05)
( 3.98619857e-05,-5.68556967e-05)
( 3.95223166e-05,-5.63894918e-05)
( 3.91028764e-05,-5.58135655e-05)
( 3.86044730e-05,-5.51290168e-05)
( 3.80280701e-05,-5.43371592e-05)
( 3.73747855e-05,-5.34395182e-05)
( 3.66458887e-05,-5.24378280e-05)
( 3.58427983e-05,-5.13340287e-05)
( 3.49670798e-05,-5.01302618e-05)
( 3.40204417e-05,-4.88288666e-05)
( 3.30047329e-05,-4.74323751e-05)
( 3.19219387e-05,-4.59435074e-05)
( 3.07741767e-05,-4.43651659e-05)
( 2.95636931e-05,-4.27004301e-05)
( 2.82928581e-05,-4.09525501e-05)
( 2.69641609e-05,-3.91249403e-05)
( 2.55802054e-05,-3.72211729e-05)
( 2.41437045e-05,-3.52449704e-05)
( 2.26574753e-05,-3.32001987e-05)
( 2.11244330e-05,-3.10908591e-05)
( 1.95475855e-05,-2.89210805e-05)
( 1.79300276e-05,-2.66951115e-05)
( 1.62749343e-05,-2.44173115e-05)
( 1.45855553e-05,-2.20921426e-05)
( 1.28652081e-05,-1.97241605e-05)
( 1.11172714e-05,-1.73180054e-05)
( 9.34517892e-06,-1.48783931e-05)
( 7.55241214e-06,-1.24101056e-05)
( 5.74249362e-06,-9.91798123e-06)
( 3.91898008e-06,-7.40690585e-06)
( 2.08545530e-06,-4.88180254e-06)
( 2.45523086e-07,-2.34762215e-06)
(-1.59719986e-06, 1.90666564e-07)
(-3.43909107e-06, 2.72808674e-06)
(-5.27652949e-06, 5.25966327e-06)
(-7.10590262e-06, 7.78043264e-06)
(-8.92361363e-06, 1.02854527e-05)
(-1.07260885e-05, 1.27698126e-05)
(-1.25097832e-05, 1.52286422e-05)
(-1.42711903e-05, 1.76571221e-05)
(-1.60068464e-05, 2.00504926e-05)
(-1.77133387e-05, 2.24040640e-05)
(-1.93873118e-05, 2.47132247e-05)
(-2.10254742e-05, 2.69734515e-05)
(-2.26246052e-05, 2.91803177e-05)
(-2.41815608e-05, 3.13295022e-05)
(-2.56932802e-05, 3.34167981e-05)
(-2.71567919e-05, 3.54381206e-05)
(-2.85692191e-05, 3.73895156e-05)
(-2.99277862e-05, 3.92671674e-05)
(-3.12298236e-05, 4.10674059e-05)
(-3.24727732e-05, 4.27867141e-05)
(-3.36541935e-05, 4.44217351e-05)
(-3.47717644e-05, 4.59692785e-05)
(-3.58232918e-05, 4.74263271e-05)
(-3.68067120e-05, 4.87900423e-05)
(-3.77200955e-05, 5.00577702e-05)
(-3.85616512e-05, 5.12270467e-05)
(-3.93297295e-05, 5.22956019e-05)
(-4.00228261e-05, 5.32613655e-05)
(-4.06395844e-05, 5.41224699e-05)
(-4.11787986e-05, 5.48772547e-05)
(-4.16394157e-05, 5.55242692e-05)
(-4.20205381e-05, 5.60622760e-05)
(-4.23214248e-05, 5.64902529e-05)
(-4.25414930e-05, 5.68073950e-05)
(-4.26803194e-05, 5.70131166e-05)
(-4.27376411e-05, 5.71070519e-05)
(-4.27133556e-05, 5.70890560e-05)
(-4.26075216e-05, 5.69592050e-05)
(-4.24203583e-05, 5.67177960e-05)
(-4.21522453e-05, 5.63653461e-05)
(-4.18037217e-05, 5.59025922e-05)
(-4.13754850e-05, 5.53304885e-05)
(-4.08683898e-05, 5.46502053e-05)
(-4.02834457e-05, 5.38631264e-05)
(-3.96218158e-05, 5.29708464e-05)
(-3.88848140e-05, 5.19751676e-05)
(-3.80739022e-05, 5.08780962e-05)
(-3.71906879e-05, 4.96818386e-05)
(-3.62369206e-05, 4.83887969e-05)
(-3.52144883e-05, 4.70015641e-05)
(-3.41254138e-05, 4.55229190e-05)
(-3.29718507e-05, 4.39558207e-05)
(-3.17560789e-05, 4.23034027e-05)
(-3.04805002e-05, 4.05689667e-05)
(-2.91476336e-05, 3.87559763e-05)
(-2.77601098e-05, 3.68680497e-05)
(-2.63206665e-05, 3.49089530e-05)
(-2.48321425e-05, 3.28825923e-05)
(-2.32974724e-05, 3.07930063e-05)
(-2.17196803e-05, 2.86443584e-05)
(-2.01018742e-05, 2.64409281e-05)
(-1.84472395e-05, 2.41871027e-05)
(-1.67590328e-05, 2.18873689e-05)
(-1.50405753e-05, 1.95463034e-05)
(-1.32952462e-05, 1.71685645e-05)
(-1.15264760e-05, 1.47588821e-05)
(-9.73773971e-06, 1.23220493e-05)
(-7.93254974e-06, 9.86291213e-06)
(-6.11444909e-06, 7.38636035e-06)
(-4.28700423e-06, 4.89731781e-06)
(-2.45379797e-06, 2.40073260e-06)
(-6.18422372e-07,-9.84326544e-08)
( 1.21552840e-06,-2.59521057e-06)
( 3.04446526e-06,-5.08463887e-06)
( 4.86481127e-06,-7.56177012e-06)
( 6.67300882e-06,-1.00216815e-05)
( 8.46552663e-06,-1.24594847e-05)
( 1.02388668e-05,-1.48703350e-05)
( 1.19895717e-05,-1.72494418e-05)
( 1.37142309e-05,-1.95920770e-05)
( 1.54094878e-05,-2.18935851e-05)
( 1.70720464e-05,-2.41493921e-05)
( 1.86986779e-05,-2.63550144e-05)
( 2.02862268e-05,-2.85060680e-05)
( 2.18316173e-05,-3.05982767e-05)
( 2.33318594e-05,-3.26274810e-05)
( 2.47840549e-05,-3.45896460e-05)
( 2.61854027e-05,-3.64808693e-05)
( 2.75332048e-05,-3.82973891e-05)
( 2.88248713e-05,-4.00355912e-05)
( 3.00579256e-05,-4.16920164e-05)
( 3.12300092e-05,-4.32633670e-05)
( 3.23388864e-05,-4.47465138e-05)
( 3.33824486e-05,-4.61385020e-05)
( 3.43587184e-05,-4.74365568e-05)
( 3.52658534e-05,-4.86380894e-05)
( 3.61021499e-05,-4.97407018e-05)
( 3.68660463e-05,-5.07421915e-05)
( 3.75561257e-05,-5.16405559e-05)
( 3.81711190e-05,-5.24339965e-05)
( 3.87099071e-05,-5.31209221e-05)
( 3.91715233e-05,-5.36999522e-05)
( 3.95551546e-05,-5.41699198e-05)
( 3.98601438e-05,-5.45298732e-05)
( 4.00859903e-05,-5.47790788e-05)
( 4.02323511e-05,-5.49170216e-05)
( 4.02990414e-05,-5.49434071e-05)
( 4.02860348e-05,-5.48581611e-05)
( 4.01934632e-05,-5.46614307e-05)
( 4.00216165e-05,-5.43535833e-05)
( 3.97709418e-05,-5.39352064e-05)
( 3.94420425e-05,-5.34071063e-05)
( 3.90356768e-05,-5.27703065e-05)
( 3.85527564e-05,-5.20260458e-05)
( 3.79943441e-05,-5.11757759e-05)
( 3.73616520e-05,-5.02211586e-05)
( 3.66560386e-05,-4.91640623e-05)
( 3.58790064e-05,-4.80065589e-05)
( 3.50321983e-05,-4.67509193e-05)
( 3.41173945e-05,-4.53996090e-05)
( 3.31365089e-05,-4.39552835e-05)
( 3.20915850e-05,-4.24207830e-05)
( 3.09847918e-05,-4.07991270e-05)
( 2.98184194e-05,-3.90935080e-05)
( 2.85948744e-05,-3.73072858e-05)
( 2.73166747e-05,-3.54439805e-05)
( 2.59864449e-05,-3.35072656e-05)
( 2.46069104e-05,-3.15009613e-05)
( 2.31808926e-05,-2.94290266e-05)
( 2.17113023e-05,-2.72955515e-05)
( 2.02011349e-05,-2.51047493e-05)
( 1.86534633e-05,-2.28609481e-05)
( 1.70714324e-05,-2.05685824e-05)
( 1.54582528e-05,-1.82321845e-05)
( 1.38171938e-05,-1.58563754e-05)
( 1.21515774e-05,-1.34458560e-05)
( 1.04647715e-05,-1.10053977e-05)
( 8.76018290e-06,-8.53983302e-06)
( 7.04125084e-06,-6.05404634e-06)
( 5.31143995e-06,-3.55296406e-06)
( 3.57423336e-06,-1.04154506e-06)
( 1.83312578e-06, 1.47522905e-06)
( 9.16165082e-08, 3.99236372e-06)
(-1.64679749e-06, 6.50486129e-06)
(-3.37862858e-06, 9.00773079e-06)
(-5.10040533e-06, 1.14959977e-05)
(-6.80867944e-06, 1.39647140e-05)
(-8.50003256e-06, 1.64089673e-05)
(-1.01710831e-05, 1.88238913e-05)
(-1.18184928e-05, 2.12046747e-05)
(-1.34389734e-05, 2.35465711e-05)
(-1.50292933e-05, 2.58449080e-05)
(-1.65862836e-05, 2.80950964e-05)
(-1.81068445e-05, 3.02926396e-05)
(-1.95879515e-05, 3.24331420e-05)
(-2.10266613e-05, 3.45123179e-05)
(-2.24201174e-05, 3.65260002e-05)
(-2.37655558e-05, 3.84701480e-05)
(-2.50603106e-05, 4.03408553e-05)
(-2.63018189e-05, 4.21343583e-05)
(-2.74876260e-05, 4.38470429e-05)
(-2.86153901e-05, 4.54754520e-05)
(-2.96828870e-05, 4.70162923e-05)
(-3.06880142e-05, 4.84664408e-05)
(-3.16287950e-05, 4.98229510e-05)
(-3.25033825e-05, 5.10830589e-05)
(-3.33100630e-05, 5.22441884e-05)
(-3.40472593e-05, 5.33039563e-05)
(-3.47135339e-05, 5.42601774e-05)
(-3.53075915e-05, 5.51108687e-05)
(-3.58282815e-05, 5.58542534e-05)
(-3.62746003e-05, 5.64887645e-05)
(-3.66456931e-05, 5.70130479e-05)
(-3.69408553e-05, 5.74259654e-05)
(-3.71595343e-05, 5.77265969e-05)
(-3.73013297e-05, 5.79142421e-05)
(-3.73659948e-05, 5.79884223e-05)
(-3.73534364e-05, 5.79488814e-05)
(-3.72637151e-05, 5.77955864e-05)
(-3.70970449e-05, 5.75287278e-05)
(-3.68537930e-05, 5.71487189e-05)
(-3.65344787e-05, 5.66561956e-05)
(-3.61397722e-05, 5.60520152e-05)
(-3.56704934e-05, 5.53372543e-05)
(-3.51276101e-05, 5.45132076e-05)
(-3.45122359e-05, 5.35813848e-05)
(-3.38256280e-05, 5.25435084e-05)
(-3.30691845e-05, 5.14015096e-05)
(-3.22444416e-05, 5.01575255e-05)
(-3.13530707e-05, 4.88138945e-05)
(-3.03968747e-05, 4.73731519e-05)
(-2.93777844e-05, 4.58380251e-05)
(-2.82978547e-05, 4.42114284e-05)
(-2.71592606e-05, 4.24964571e-05)
(-2.59642925e-05, 4.06963821e-05)
(-2.47153519e-05, 3.88146430e-05)
(-2.34149466e-05, 3.68548417e-05)
(-2.20656854e-05, 3.48207355e-05)
(-2.06702732e-05, 3.27162296e-05)
(-1.92315055e-05, 3.05453696e-05)
(-1.77522628e-05, 2.83123339e-05)
(-1.62355051e-05, 2.60214252e-05)
(-1.46842657e-05, 2.36770622e-05)
(-1.31016455e-05, 2.12837713e-05)
(-1.14908065e-05, 1.88461774e-05)
(-9.85496603e-06, 1.63689952e-05)
(-8.19738996e-06, 1.38570196e-05)
(-6.52138647e-06, 1.13151167e-05)
(-4.83029950e-06, 8.74821423e-06)
(-3.12750210e-06, 6.16129182e-06)
(-1.41638987e-06, 3.55937125e-06)
( 2.99625807e-07, 9.47506714e-07)
( 2.01712440e-06,-1.66922517e-06)
( 3.73268299e-06,-4.28573526e-06)
( 5.44288300e-06,-6.89693186e-06)
( 7.14431686e-06,-9.49773077e-06)
( 8.83359473e-06,-1.20830652e-05)
( 1.05073511e-05,-1.46478957e-05)
( 1.21622515e-05,-1.71872203e-05)
( 1.37949989e-05,-1.96960840e-05)
( 1.54023401e-05,-2.21695888e-05)
( 1.69810723e-05,-2.46029030e-05)
( 1.85280492e-05,-2.69912713e-05)
( 2.00401872e-05,-2.93300236e-05)
( 2.15144715e-05,-3.16145845e-05)
( 2.29479617e-05,-3.38404822e-05)
( 2.43377978e-05,-3.60033577e-05)
( 2.56812059e-05,-3.80989727e-05)
( 2.69755032e-05,-4.01232187e-05)
( 2.82181033e-05,-4.20721247e-05)
( 2.94065216e-05,-4.39418655e-05)
( 3.05383798e-05,-4.57287686e-05)
( 3.16114106e-05,-4.74293221e-05)
( 3.26234620e-05,-4.90401814e-05)
( 3.35725018e-05,-5.05581760e-05)
( 3.44566211e-05,-5.19803157e-05)
( 3.52740384e-05,-5.33037966e-05)
( 3.60231027e-05,-5.45260066e-05)
( 3.67022971e-05,-5.56445307e-05)
( 3.73102412e-05,-5.66571561e-05)
( 3.78456944e-05,-5.75618760e-05)
( 3.83075576e-05,-5.83568943e-05)
( 3.86948760e-05,-5.90406289e-05)
( 3.90068404e-05,-5.96117149e-05)
( 3.92427889e-05,-6.00690075e-05)
( 3.94022085e-05,-6.04115841e-05)
( 3.94847356e-05,-6.06387467e-05)
( 3.94901569e-05,-6.07500227e-05)
( 3.94184097e-05,-6.07451664e-05)
( 3.92695822e-05,-6.06241596e-05)
( 3.90439131e-05,-6.03872114e-05)
( 3.87417913e-05,-6.00347580e-05)
( 3.83637549e-05,-5.95674622e-05)
( 3.79104902e-05,-5.89862117e-05)
( 3.73828304e-05,-5.82921177e-05)
( 3.67817541e-05,-5.74865131e-05)
( 3.61083830e-05,-5.65709493e-05)
( 3.53639802e-05,-5.55471936e-05)
( 3.45499470e-05,-5.44172260e-05)
( 3.36678211e-05,-5.31832348e-05)
( 3.27192727e-05,-5.18476129e-05)
( 3.17061020e-05,-5.04129527e-05)
( 3.06302349e-05,-4.88820416e-05)
( 2.94937199e-05,-4.72578561e-05)
( 2.82987239e-05,-4.55435560e-05)
( 2.70475279e-05,-4.37424785e-05)
( 2.57425225e-05,-4.18581316e-05)
( 2.43862034e-05,-3.98941869e-05)
( 2.29811664e-05,-3.78544731e-05)
( 2.15301025e-05,-3.57429676e-05)
( 2.00357925e-05,-3.35637895e-05)
( 1.85011018e-05,-3.13211909e-05)
( 1.69289745e-05,-2.90195490e-05)
( 1.53224280e-05,-2.66633570e-05)
( 1.36845468e-05,-2.42572159e-05)
( 1.20184768e-05,-2.18058249e-05)
( 1.03274192e-05,-1.93139723e-05)
( 8.61462378e-06,-1.67865261e-05)
( 6.88338325e-06,-1.42284244e-05)
( 5.13702635e-06,-1.16446658e-05)
( 3.37891163e-06,-9.04029904e-06)
( 1.61242078e-06,-6.42041368e-06)
(-1.59047836e-07,-3.79012960e-06)
(-1.93208587e-06,-1.15458705e-06)
(-3.70328157e-06, 1.48106355e-06)
(-5.46922644e-06, 4.11167175e-06)
(-7.22652187e-06, 6.73209732e-06)
(-8.97178571e-06, 9.33722036e-06)
(-1.07016589e-05, 1.19219515e-05)
(-1.24128119e-05, 1.44812418e-05)
(-1.41019513e-05, 1.70100930e-05)
(-1.57658263e-05, 1.95035673e-05)
(-1.74012345e-05, 2.19567970e-05)
(-1.90050289e-05, 2.43649946e-05)
(-2.05741234e-05, 2.67234614e-05)
(-2.21054992e-05, 2.90275980e-05)
(-2.35962104e-05, 3.12729123e-05)
(-2.50433899e-05, 3.34550293e-05)
(-2.64442548e-05, 3.55696990e-05)
(-2.77961120e-05, 3.76128054e-05)
(-2.90963634e-05, 3.95803746e-05)
(-3.03425107e-05, 4.14685823e-05)
(-3.15321607e-05, 4.32737617e-05)
(-3.26630296e-05, 4.49924109e-05)
(-3.37329476e-05, 4.66211993e-05)
(-3.47398629e-05, 4.81569750e-05)
(-3.56818460e-05, 4.95967702e-05)
(-3.65570932e-05, 5.09378079e-05)
(-3.73639305e-05, 5.21775066e-05)
(-3.81008160e-05, 5.33134863e-05)
(-3.87663439e-05, 5.43435724e-05)
(-3.93592466e-05, 5.52658005e-05)
(-3.98783972e-05, 5.60784202e-05)
(-4.03228120e-05, 5.67798985e-05)
(-4.06916520e-05, 5.73689228e-05)
(-4.09842250e-05, 5.78444036e-05)
(-4.11999862e-05, 5.82054767e-05)
(-4.13385401e-05, 5.84515048e-05)
(-4.13996405e-05, 5.85820787e-05)
(-4.13831916e-05, 5.85970181e-05)
(-4.12892476e-05, 5.84963723e-05)
(-4.11180129e-05, 5.82804194e-05)
(-4.08698416e-05, 5.79496663e-05)
(-4.05452367e-05, 5.75048477e-05)
(-4.01448493e-05, 5.69469241e-05)
(-3.96694770e-05, 5.62770802e-05)
(-3.91200625e-05, 5.54967227e-05)
(-3.84976918e-05, 5.46074771e-05)
(-3.78035917e-05, 5.36111846e-05)
(-3.70391279e-05, 5.25098985e-05)
(-3.62058018e-05, 5.13058801e-05)
(-3.53052477e-05, 5.00015938e-05)
(-3.43392297e-05, 4.85997026e-05)
(-3.33096380e-05, 4.71030628e-05)
(-3.22184854e-05, 4.55147178e-05)
(-3.10679030e-05, 4.38378924e-05)
(-2.98601363e-05, 4.20759865e-05)
(-2.85975406e-05, 4.02325677e-05)
(-2.72825765e-05, 3.83113649e-05)
(-2.59178047e-05, 3.63162603e-05)
(-2.45058814e-05, 3.42512817e-05)
(-2.30495527e-05, 3.21205950e-05)
(-2.15516493e-05, 2.99284950e-05)
(-2.00150811e-05, 2.76793975e-05)
(-1.84428311e-05, 2.53778303e-05)
(-1.68379498e-05, 2.30284240e-05)
(-1.52035490e-05, 2.06359030e-05)
(-1.35427958e-05, 1.82050758e-05)
(-1.18589063e-05, 1.57408256e-05)
(-1.01551393e-05, 1.32481005e-05)
(-8.43478967e-06, 1.07319037e-05)
(-6.70118218e-06, 8.19728311e-06)
(-4.95766470e-06, 5.64932195e-06)
(-3.20760170e-06, 3.09312809e-06)
(-1.45436761e-06, 5.33824045e-07)
( 2.98659852e-07,-2.02346328e-06)
( 2.04810629e-06,-4.57361277e-06)
( 3.79060733e-06,-7.11151938e-06)
( 5.52281519e-06,-9.63210423e-06)
( 7.24140528e-06,-1.21303248e-05)
( 8.94308279e-06,-1.46011850e-05)
( 1.06245891e-05,-1.70397450e-05)
( 1.22827082e-05,-1.94411312e-05)
( 1.39142730e-05,-2.18005458e-05)
( 1.55161717e-05,-2.41132766e-05)
( 1.70853537e-05,-2.63747062e-05)
( 1.86188355e-05,-2.85803211e-05)
( 2.01137068e-05,-3.07257209e-05)
( 2.15671363e-05,-3.28066270e-05)
( 2.29763767e-05,-3.48188909e-05)
( 2.43387706e-05,-3.67585028e-05)
( 2.56517553e-05,-3.86215994e-05)
( 2.69128683e-05,-4.04044715e-05)
( 2.81197514e-05,-4.21035713e-05)
( 2.92701560e-05,-4.37155200e-05)
( 3.03619469e-05,-4.52371137e-05)
( 3.13931067e-05,-4.66653303e-05)
( 3.23617397e-05,-4.79973355e-05)
( 3.32660756e-05,-4.92304881e-05)
( 3.41044725e-05,-5.03623454e-05)
( 3.48754206e-05,-5.13906681e-05)
( 3.55775447e-05,-5.23134249e-05)
( 3.62096071e-05,-5.31287959e-05)
( 3.67705094e-05,-5.38351768e-05)
( 3.72592952e-05,-5.44311819e-05)
( 3.76751515e-05,-5.49156467e-05)
( 3.80174101e-05,-5.52876304e-05)
( 3.82855489e-05,-5.55464174e-05)
( 3.84791930e-05,-5.56915192e-05)
( 3.85981148e-05,-5.57226747e-05)
( 3.86422348e-05,-5.56398513e-05)
( 3.86116211e-05,-5.54432446e-05)
( 3.85064898e-05,-5.51332782e-05)
( 3.83272036e-05,-5.47106023e-05)
( 3.80742713e-05,-5.41760932e-05)
( 3.77483469e-05,-5.35308508e-05)
( 3.73502276e-05,-5.27761968e-05)
( 3.68808523e-05,-5.19136719e-05)
( 3.63412995e-05,-5.09450326e-05)
( 3.57327851e-05,-4.98722479e-05)
( 3.50566598e-05,-4.86974953e-05)
( 3.43144058e-05,-4.74231564e-05)
( 3.35076343e-05,-4.60518119e-05)
( 3.26380819e-05,-4.45862371e-05)
( 3.17076066e-05,-4.30293955e-05)
( 3.07181845e-05,-4.13844338e-05)
( 2.96719053e-05,-3.96546747e-05)
( 2.85709681e-05,-3.78436111e-05)
( 2.74176768e-05,-3.59548985e-05)
( 2.62144356e-05,-3.39923482e-05)
( 2.49637434e-05,-3.19599193e-05)
( 2.36681896e-05,-2.98617112e-05)
( 2.23304478e-05,-2.77019553e-05)
( 2.09532711e-05,-2.54850062e-05)
( 1.95394862e-05,-2.32153338e-05)
( 1.80919873e-05,-2.08975138e-05)
( 1.66137306e-05,-1.85362186e-05)
( 1.51077284e-05,-1.61362086e-05)
( 1.35770424e-05,-1.37023219e-05)
( 1.20247780e-05,-1.12394655e-05)
( 1.04540776e-05,-8.75260504e-06)
( 8.86811471e-06,-6.24675491e-06)
( 7.27008702e-06,-3.72696861e-06)
( 5.66321025e-06,-1.19832851e-06)
( 4.05071156e-06, 1.33406424e-06)
( 2.43582305e-06, 3.86509979e-06)
( 8.21775242e-07, 6.38966978e-06)
(-7.88209399e-07, 8.90267746e-06)
(-2.39092296e-06, 1.13990478e-05)
(-3.98317850e-06, 1.38737377e-05)
(-5.56181643e-06, 1.63217456e-05)
(-7.12371084e-06, 1.87381221e-05)
(-8.66577573e-06, 2.11179792e-05)
(-1.01849712e-05, 2.34565001e-05)
(-1.16783094e-05, 2.57489490e-05)
(-1.31428606e-05, 2.79906804e-05)
(-1.45757589e-05, 3.01771482e-05)
(-1.59742080e-05, 3.23039150e-05)
(-1.73354864e-05, 3.43666607e-05)
(-1.86569535e-05, 3.63611910e-05)
(-1.99360537e-05, 3.82834462e-05)
(-2.11703225e-05, 4.01295088e-05)
(-2.23573905e-05, 4.18956115e-05)
(-2.34949887e-05, 4.35781446e-05)
(-2.45809521e-05, 4.51736634e-05)
(-2.56132247e-05, 4.66788949e-05)
(-2.65898628e-05, 4.80907444e-05)
(-2.75090394e-05, 4.94063017e-05)
(-2.83690469e-05, 5.06228466e-05)
(-2.91683009e-05, 5.17378551e-05)
(-2.99053431e-05, 5.27490036e-05)
(-3.05788437e-05, 5.36541741e-05)
(-3.11876045e-05, 5.44514583e-05)
(-3.17305602e-05, 5.51391615e-05)
(-3.22067810e-05, 5.57158061e-05)
(-3.26154741e-05, 5.61801343e-05)
(-3.29559848e-05, 5.65311111e-05)
(-3.32277978e-05, 5.67679261e-05)
(-3.34305379e-05, 5.68899956e-05)
(-3.35639706e-05, 5.68969632e-05)
(-3.36280020e-05, 5.67887013e-05)
(-3.36226792e-05, 5.65653112e-05)
(-3.35481897e-05, 5.62271228e-05)
(-3.34048605e-05, 5.57746944e-05)
(-3.31931578e-05, 5.52088114e-05)
(-3.29136851e-05, 5.45304853e-05)
(-3.25671822e-05, 5.37409512e-05)
(-3.21545233e-05, 5.28416662e-05)
(-3.16767151e-05, 5.18343062e-05)
(-3.11348942e-05, 5.07207626e-05)
(-3.05303248e-05, 4.95031393e-05)
(-2.98643959e-05, 4.81837480e-05)
(-2.91386182e-05, 4.67651043e-05)
(-2.83546209e-05, 4.52499225e-05)
(-2.75141478e-05, 4.36411105e-05)
(-2.66190543e-05, 4.19417644e-05)
(-2.56713027e-05, 4.01551623e-05)
(-2.46729583e-05, 3.82847579e-05)
(-2.36261853e-05, 3.63341741e-05)
(-2.25332419e-05, 3.43071958e-05)
(-2.13964754e-05, 3.22077625e-05)
(-2.02183179e-05, 3.00399610e-05)
(-1.90012806e-05, 2.78080170e-05)
(-1.77479489e-05, 2.55162874e-05)
(-1.64609770e-05, 2.31692511e-05)
(-1.51430824e-05, 2.07715014e-05)
(-1.37970401e-05, 1.83277358e-05)
(-1.24256772e-05, 1.58427479e-05)
(-1.10318669e-05, 1.33214175e-05)
(-9.61852240e-06, 1.07687010e-05)
(-8.18859151e-06, 8.18962236e-06)
(-6.74505010e-06, 5.58926249e-06)
(-5.29089626e-06, 2.97274991e-06)
(-3.82914417e-06, 3.45250442e-07)
(-2.36281798e-06,-2.28804278e-06)
(-8.94945664e-07,-4.92191955e-06)
( 5.71447061e-07,-7.55116274e-06)
( 2.03334288e-06,-1.01705586e-05)
( 3.48773895e-06,-1.27749068e-05)
( 4.93165292e-06,-1.53590310e-05)
( 6.36212893e-06,-1.79177886e-05)
( 7.77624351e-06,-2.04460812e-05)
( 9.17111146e-06,-2.29388644e-05)
( 1.05438916e-05,-2.53911580e-05)
( 1.18917923e-05,-2.77980553e-05)
( 1.32120773e-05,-3.01547335e-05)
( 1.45020708e-05,-3.24564627e-05)
( 1.57591630e-05,-3.46986155e-05)
( 1.69808153e-05,-3.68766761e-05)
( 1.81645648e-05,-3.89862490e-05)
( 1.93080298e-05,-4.10230684e-05)
( 2.04089142e-05,-4.29830060e-05)
( 2.14650117e-05,-4.48620795e-05)
( 2.24742105e-05,-4.66564606e-05)
( 2.34344972e-05,-4.83624826e-05)
( 2.43439608e-05,-4.99766477e-05)
( 2.52007963e-05,-5.14956341e-05)
( 2.60033080e-05,-5.29163026e-05)
( 2.67499133e-05,-5.42357031e-05)
( 2.74391450e-05,-5.54510804e-05)
( 2.80696545e-05,-5.65598799e-05)
( 2.86402144e-05,-5.75597528e-05)
( 2.91497204e-05,-5.84485608e-05)
( 2.95971936e-05,-5.92243809e-05)
( 2.99817825e-05,-5.98855088e-05)
( 3.03027640e-05,-6.04304631e-05)
( 3.05595449e-05,-6.08579880e-05)
( 3.07516633e-05,-6.11670564e-05)
( 3.08787885e-05,-6.13568716e-05)
( 3.09407225e-05,-6.14268698e-05)
( 3.09373993e-05,-6.13767211e-05)
( 3.08688855e-05,-6.12063303e-05)
( 3.07353796e-05,-6.09158376e-05)
( 3.05372116e-05,-6.05056187e-05)
( 3.02748422e-05,-5.99762840e-05)
( 2.99488616e-05,-5.93286779e-05)
( 2.95599885e-05,-5.85638775e-05)
( 2.91090678e-05,-5.76831906e-05)
( 2.85970694e-05,-5.66881534e-05)
( 2.80250861e-05,-5.55805280e-05)
( 2.73943309e-05,-5.43622991e-05)
( 2.67061345e-05,-5.30356703e-05)
( 2.59619430e-05,-5.16030604e-05)
( 2.51633142e-05,-5.00670983e-05)
( 2.43119149e-05,-4.84306189e-05)
( 2.34095172e-05,-4.66966571e-05)
( 2.24579950e-05,-4.48684428e-05)
( 2.14593200e-05,-4.29493942e-05)
( 2.04155578e-05,-4.09431119e-05)
( 1.93288637e-05,-3.88533714e-05)
( 1.82014784e-05,-3.66841169e-05)
( 1.70357231e-05,-3.44394530e-05)
( 1.58339952e-05,-3.21236371e-05)
( 1.45987635e-05,-2.97410715e-05)
( 1.33325628e-05,-2.72962948e-05)
( 1.20379892e-05,-2.47939731e-05)
( 1.07176948e-05,-2.22388913e-05)
( 9.37438231e-06,-1.96359438e-05)
( 8.01079970e-06,-1.69901248e-05)
( 6.62973470e-06,-1.43065191e-05)
( 5.23400928e-06,-1.15902923e-05)
( 3.82647396e-06,-8.84668008e-06)
( 2.41000220e-06,-6.08097906e-06)
( 9.87484657e-07,-3.29853585e-06)
(-4.38176551e-07,-5.04736868e-07)
(-1.86407359e-06, 2.29500210e-06)
(-3.28729869e-06, 5.09524650e-06)
(-4.70494987e-06, 7.89055357e-06)
(-6.11413672e-06, 1.06754830e-05)
(-7.51198611e-06, 1.34446075e-05)
(-8.89564781e-06, 1.61925236e-05)
(-1.02623002e-05, 1.89138620e-05)
(-1.16091558e-05, 2.16032982e-05)
(-1.29334667e-05, 2.42555631e-05)
(-1.42325302e-05, 2.68654531e-05)
(-1.55036938e-05, 2.94278406e-05)
(-1.67443607e-05, 3.19376840e-05)
(-1.79519948e-05, 3.43900376e-05)
(-1.91241257e-05, 3.67800617e-05)
(-2.02583537e-05, 3.91030318e-05)
(-2.13523541e-05, 4.13543480e-05)
(-2.24038823e-05, 4.35295445e-05)
(-2.34107780e-05, 4.56242983e-05)
(-2.43709693e-05, 4.76344376e-05)
(-2.52824770e-05, 4.95559505e-05)
(-2.61434185e-05, 5.13849928e-05)
(-2.69520113e-05, 5.31178959e-05)
(-2.77065766e-05, 5.47511741e-05)
(-2.84055427e-05, 5.62815314e-05)
(-2.90474481e-05, 5.77058687e-05)
(-2.96309443e-05, 5.90212895e-05)
(-3.01547985e-05, 6.02251064e-05)
(-3.06178960e-05, 6.13148460e-05)
(-3.10192426e-05, 6.22882544e-05)
(-3.13579663e-05, 6.31433017e-05)
(-3.16333194e-05, 6.38781865e-05)
(-3.18446794e-05, 6.44913390e-05)
(-3.19915511e-05, 6.49814251e-05)
(-3.20735669e-05, 6.53473490e-05)
(-3.20904879e-05, 6.55882553e-05)
(-3.20422044e-05, 6.57035314e-05)
(-3.19287361e-05, 6.56928087e-05)
(-3.17502321e-05, 6.55559637e-05)
(-3.15069707e-05, 6.52931183e-05)
(-3.11993590e-05, 6.49046402e-05)
(-3.08279320e-05, 6.43911421e-05)
(-3.03933519e-05, 6.37534807e-05)
(-2.98964064e-05, 6.29927558e-05)
(-2.93380077e-05, 6.21103077e-05)
(-2.87191905e-05, 6.11077154e-05)
(-2.80411102e-05, 5.99867934e-05)
(-2.73050407e-05, 5.87495884e-05)
(-2.65123720e-05, 5.73983757e-05)
(-2.56646072e-05, 5.59356548e-05)
(-2.47633602e-05, 5.43641449e-05)
(-2.38103524e-05, 5.26867795e-05)
(-2.28074093e-05, 5.09067009e-05)
(-2.17564569e-05, 4.90272548e-05)
(-2.06595185e-05, 4.70519828e-05)
(-1.95187102e-05, 4.49846169e-05)
(-1.83362375e-05, 4.28290714e-05)
(-1.71143904e-05, 4.05894359e-05)
(-1.58555394e-05, 3.82699670e-05)
(-1.45621308e-05, 3.58750807e-05)
(-1.32366822e-05, 3.34093434e-05)
(-1.18817771e-05, 3.08774630e-05)
(-1.05000607e-05, 2.82842803e-05)
(-9.09423383e-06, 2.56347590e-05)
(-7.66704868e-06, 2.29339766e-05)
(-6.22130280e-06, 2.01871140e-05)
(-4.75983393e-06, 1.73994460e-05)
(-3.28551444e-06, 1.45763304e-05)
(-1.80124578e-06, 1.17231979e-05)
(-3.09952774e-07, 8.84554174e-06)
( 1.18542203e-06, 5.94890628e-06)
( 2.68192411e-06, 3.03887674e-06)
( 4.17659277e-06, 1.21068033e-07)
( 5.66646689e-06,-2.79888622e-06)
( 7.14859074e-06,-5.71534472e-06)
( 8.62001979e-06,-8.62266957e-06)
( 1.00778264e-05,-1.15152373e-05)
( 1.15191058e-05,-1.43874501e-05)
( 1.29409816e-05,-1.72337465e-05)
( 1.43406112e-05,-2.00486126e-05)
( 1.57151923e-05,-2.28265928e-05)
( 1.70619673e-05,-2.55623005e-05)
( 1.83782297e-05,-2.82504289e-05)
( 1.96613288e-05,-3.08857614e-05)
( 2.09086755e-05,-3.34631815e-05)
( 2.21177470e-05,-3.59776836e-05)
( 2.32860920e-05,-3.84243823e-05)
( 2.44113360e-05,-4.07985223e-05)
( 2.54911852e-05,-4.30954879e-05)
( 2.65234320e-05,-4.53108117e-05)
( 2.75059589e-05,-4.74401840e-05)
( 2.84367428e-05,-4.94794608e-05)
( 2.93138595e-05,-5.14246725e-05)
( 3.01354870e-05,-5.32720313e-05)
( 3.08999100e-05,-5.50179388e-05)
( 3.16055225e-05,-5.66589936e-05)
( 3.22508319e-05,-5.81919974e-05)
( 3.28344616e-05,-5.96139616e-05)
( 3.33551543e-05,-6.09221132e-05)
( 3.38117740e-05,-6.21139007e-05)
( 3.42033091e-05,-6.31869982e-05)
( 3.45288741e-05,-6.41393111e-05)
( 3.47877117e-05,-6.49689795e-05)
( 3.49791945e-05,-6.56743824e-05)
( 3.51028264e-05,-6.62541403e-05)
( 3.51582437e-05,-6.67071188e-05)
( 3.51452159e-05,-6.70324299e-05)
( 3.50636467e-05,-6.72294347e-05)
( 3.49135742e-05,-6.72977439e-05)
( 3.46951709e-05,-6.72372190e-05)
( 3.44087436e-05,-6.70479726e-05)
( 3.40547332e-05,-6.67303679e-05)
( 3.36337140e-05,-6.62850183e-05)
( 3.31463923e-05,-6.57127861e-05)
( 3.25936059e-05,-6.50147805e-05)
( 3.19763221e-05,-6.41923560e-05)
( 3.12956363e-05,-6.32471091e-05)
( 3.05527699e-05,-6.21808756e-05)
( 2.97490680e-05,-6.09957268e-05)
( 2.88859971e-05,-5.96939654e-05)
( 2.79651423e-05,-5.82781209e-05)
( 2.69882045e-05,-5.67509447e-05)
( 2.59569968e-05,-5.51154048e-05)
( 2.48734415e-05,-5.33746793e-05)
( 2.37395665e-05,-5.15321510e-05)
( 2.25575010e-05,-4.95914002e-05)
( 2.13294718e-05,-4.75561974e-05)
( 2.00577992e-05,-4.54304966e-05)
( 1.87448919e-05,-4.32184267e-05)
( 1.73932432e-05,-4.09242838e-05)
( 1.60054255e-05,-3.85525226e-05)
( 1.45840858e-05,-3.61077476e-05)
( 1.31319403e-05,-3.35947040e-05)
( 1.16517694e-05,-3.10182685e-05)
( 1.01464118e-05,-2.83834394e-05)
( 8.61875969e-06,-2.56953267e-05)
( 7.07175237e-06,-2.29591427e-05)
( 5.50837104e-06,-2.01801907e-05)
( 3.93163276e-06,-1.73638555e-05)
( 2.34458452e-06,-1.45155923e-05)
( 7.50297298e-07,-1.16409158e-05)
(-8.48139970e-07,-8.74539016e-06)
(-2.44762651e-06,-5.83461704e-06)
(-4.04505578e-06,-2.91422533e-06)
(-5.63732166e-06, 1.01401673e-08)
(-7.22132452e-06, 2.93282980e-06)
(-8.79397741e-06, 5.84820010e-06)
(-1.03522122e-05, 8.75062488e-06)
(-1.18929855e-05, 1.16345062e-05)
(-1.34132851e-05, 1.44942853e-05)
(-1.49101353e-05, 1.73244537e-05)
(-1.63806037e-05, 2.01195634e-05)
(-1.78218061e-05, 2.28742382e-05)
(-1.92309132e-05, 2.55831837e-05)
(-2.06051553e-05, 2.82411977e-05)
(-2.19418287e-05, 3.08431804e-05)
(-2.32383006e-05, 3.33841444e-05)
(-2.44920145e-05, 3.58592241e-05)
(-2.57004952e-05, 3.82636852e-05)
(-2.68613541e-05, 4.05929342e-05)
(-2.79722938e-05, 4.28425267e-05)
(-2.90311126e-05, 4.50081765e-05)
(-3.00357091e-05, 4.70857636e-05)
(-3.09840864e-05, 4.90713420e-05)
(-3.18743562e-05, 5.09611475e-05)
(-3.27047423e-05, 5.27516048e-05)
(-3.34735848e-05, 5.44393345e-05)
(-3.41793427e-05, 5.60211590e-05)
(-3.48205977e-05, 5.74941093e-05)
(-3.53960566e-05, 5.88554298e-05)
(-3.59045544e-05, 6.01025842e-05)
(-3.63450562e-05, 6.12332598e-05)
(-3.67166595e-05, 6.22453718e-05)
(-3.70185961e-05, 6.31370676e-05)
(-3.72502337e-05, 6.39067295e-05)
(-3.74110772e-05, 6.45529783e-05)
(-3.75007697e-05, 6.50746753e-05)
(-3.75190930e-05, 6.54709245e-05)
(-3.74659687e-05, 6.57410740e-05)
(-3.73414576e-05, 6.58847169e-05)
(-3.71457605e-05, 6.59016924e-05)
(-3.68792170e-05, 6.57920850e-05)
(-3.65423054e-05, 6.55562248e-05)
(-3.61356415e-05, 6.51946863e-05)
(-3.56599776e-05, 6.47082870e-05)
(-3.51162009e-05, 6.40980857e-05)
(-3.45053315e-05, 6.33653798e-05)
(-3.38285211e-05, 6.25117032e-05)
(-3.30870499e-05, 6.15388222e-05)
(-3.22823247e-05, 6.04487327e-05)
(-3.14158756e-05, 5.92436553e-05)
(-3.04893533e-05, 5.79260312e-05)
(-2.95045256e-05, 5.64985169e-05)
(-2.84632742e-05, 5.49639792e-05)
(-2.73675906e-05, 5.33254889e-05)
(-2.62195721e-05, 5.15863149e-05)
(-2.50214181e-05, 4.97499177e-05)
(-2.37754253e-05, 4.78199421e-05)
(-2.24839829e-05, 4.58002103e-05)
(-2.11495687e-05, 4.36947141e-05)
(-1.97747431e-05, 4.15076068e-05)
(-1.83621449e-05, 3.92431954e-05)
(-1.69144856e-05, 3.69059316e-05)
(-1.54345437e-05, 3.45004030e-05)
(-1.39251601e-05, 3.20313247e-05)
(-1.23892313e-05, 2.95035292e-05)
(-1.08297048e-05, 2.69219573e-05)
(-9.24957219e-06, 2.42916483e-05)
(-7.65186391e-06, 2.16177302e-05)
(-6.03964299e-06, 1.89054098e-05)
(-4.41599897e-06, 1.61599621e-05)
(-2.78404183e-06, 1.33867202e-05)
(-1.14689581e-06, 1.05910654e-05)
( 4.92306739e-07, 7.77841588e-06)
( 2.13043158e-06, 4.95421678e-06)
( 3.76434871e-06, 2.12392945e-06)
( 5.39093860e-06,-7.06979105e-07)
( 7.00709824e-06,-3.53304682e-06)
( 8.60974731e-06,-6.34882708e-06)
( 1.01958342e-05,-9.14889925e-06)
( 1.17623419e-05,-1.19278791e-05)
( 1.33062940e-05,-1.46804292e-05)
( 1.48247605e-05,-1.74012691e-05)
( 1.63148634e-05,-2.00851854e-05)
( 1.77737824e-05,-2.27270419e-05)
( 1.91987602e-05,-2.53217893e-05)
( 2.05871081e-05,-2.78644750e-05)
( 2.19362108e-05,-3.03502521e-05)
( 2.32435318e-05,-3.27743891e-05)
( 2.45066181e-05,-3.51322786e-05)
( 2.57231048e-05,-3.74194464e-05)
( 2.68907195e-05,-3.96315594e-05)
( 2.80072871e-05,-4.17644341e-05)
( 2.90707333e-05,-4.38140447e-05)
( 3.00790887e-05,-4.57765301e-05)
( 3.10304927e-05,-4.76482017e-05)
( 3.19231966e-05,-4.94255502e-05)
( 3.27555670e-05,-5.11052516e-05)
( 3.35260887e-05,-5.26841743e-05)
( 3.42333674e-05,-5.41593841e-05)
( 3.48761324e-05,-5.55281501e-05)
( 3.54532385e-05,-5.67879495e-05)
( 3.59636683e-05,-5.79364725e-05)
( 3.64065337e-05,-5.89716260e-05)
( 3.67810772e-05,-5.98915379e-05)
( 3.70866738e-05,-6.06945603e-05)
( 3.73228310e-05,-6.13792723e-05)
( 3.74891901e-05,-6.19444826e-05)
( 3.75855264e-05,-6.23892316e-05)
( 3.76117492e-05,-6.27127928e-05)
( 3.75679021e-05,-6.29146743e-05)
( 3.74541619e-05,-6.29946191e-05)
( 3.72708386e-05,-6.29526057e-05)
( 3.70183742e-05,-6.27888477e-05)
( 3.66973414e-05,-6.25037933e-05)
( 3.63084423e-05,-6.20981241e-05)
( 3.58525070e-05,-6.15727536e-05)
( 3.53304910e-05,-6.09288253e-05)
( 3.47434737e-05,-6.01677102e-05)
( 3.40926555e-05,-5.92910040e-05)
( 3.33793555e-05,-5.83005237e-05)
( 3.26050086e-05,-5.71983043e-05)
( 3.17711623e-05,-5.59865943e-05)
( 3.08794733e-05,-5.46678514e-05)
( 2.99317043e-05,-5.32447373e-05)
( 2.89297204e-05,-5.17201132e-05)
( 2.78754847e-05,-5.00970330e-05)
( 2.67710549e-05,-4.83787385e-05)
( 2.56185786e-05,-4.65686519e-05)
( 2.44202892e-05,-4.46703701e-05)
( 2.31785014e-05,-4.26876568e-05)
( 2.18956062e-05,-4.06244358e-05)
( 2.05740666e-05,-3.84847831e-05)
( 1.92164124e-05,-3.62729187e-05)
( 1.78252352e-05,-3.39931990e-05)
( 1.64031833e-05,-3.16501078e-05)
( 1.49529568e-05,-2.92482479e-05)
( 1.34773016e-05,-2.67923320e-05)
( 1.19790049e-05,-2.42871739e-05)
( 1.04608891e-05,-2.17376787e-05)
( 8.92580678e-06,-1.91488339e-05)
( 7.37663512e-06,-1.65256993e-05)
( 5.81627029e-06,-1.38733974e-05)
( 4.24762200e-06,-1.11971036e-05)
( 2.67360798e-06,-8.50203617e-06)
( 1.09714847e-06,-5.79344623e-06)
(-4.78839269e-07,-3.07660757e-06)
(-2.05144645e-06,-3.56806544e-07)
(-3.61777812e-06, 2.36066809e-06)
(-5.17495862e-06, 5.07053534e-06)
(-6.72013679e-06, 7.76753218e-06)
(-8.25049127e-06, 1.04464236e-05)
(-9.76323568e-06, 1.31020127e-05)
(-1.12556236e-05, 1.57291508e-05)
(-1.27249537e-05, 1.83227470e-05)
(-1.41685743e-05, 2.08777783e-05)
(-1.55838885e-05, 2.33892993e-05)
(-1.69683585e-05, 2.58524512e-05)
(-1.83195103e-05, 2.82624719e-05)
(-1.96349379e-05, 3.06147043e-05)
(-2.09123076e-05, 3.29046059e-05)
(-2.21493618e-05, 3.51277576e-05)
(-2.33439233e-05, 3.72798714e-05)
(-2.44938988e-05, 3.93567997e-05)
(-2.55972823e-05, 4.13545424e-05)
(-2.66521588e-05, 4.32692553e-05)
(-2.76567070e-05, 4.50972569e-05)
(-2.86092029e-05, 4.68350360e-05)
(-2.95080222e-05, 4.84792582e-05)
(-3.03516429e-05, 5.00267724e-05)
(-3.11386478e-05, 5.14746170e-05)
(-3.18677270e-05, 5.28200254e-05)
(-3.25376792e-05, 5.40604315e-05)
(-3.31474140e-05, 5.51934748e-05)
(-3.36959537e-05, 5.62170048e-05)
(-3.41824338e-05, 5.71290851e-05)
(-3.46061051e-05, 5.79279974e-05)
(-3.49663341e-05, 5.86122449e-05)
(-3.52626037e-05, 5.91805548e-05)
(-3.54945142e-05, 5.96318813e-05)
(-3.56617830e-05, 5.99654075e-05)
(-3.57642451e-05, 6.01805468e-05)
(-3.58018528e-05, 6.02769445e-05)
(-3.57746755e-05, 6.02544782e-05)
(-3.56828990e-05, 6.01132581e-05)
(-3.55268248e-05, 5.98536271e-05)
(-3.53068694e-05, 5.94761601e-05)
(-3.50235628e-05, 5.89816628e-05)
(-3.46775474e-05, 5.83711702e-05)
(-3.42695763e-05, 5.76459448e-05)
(-3.38005119e-05, 5.68074743e-05)
(-3.32713236e-05, 5.58574684e-05)
(-3.26830861e-05, 5.47978558e-05)
(-3.20369766e-05, 5.36307807e-05)
(-3.13342732e-05, 5.23585982e-05)
(-3.05763516e-05, 5.09838700e-05)
(-2.97646827e-05, 4.95093598e-05)
(-2.89008294e-05, 4.79380274e-05)
(-2.79864441e-05, 4.62730234e-05)
(-2.70232651e-05, 4.45176829e-05)
(-2.60131132e-05, 4.26755192e-05)
(-2.49578885e-05, 4.07502167e-05)
(-2.38595669e-05, 3.87456242e-05)
(-2.27201960e-05, 3.66657469e-05)
(-2.15418919e-05, 3.45147390e-05)
(-2.03268347e-05, 3.22968955e-05)
(-1.90772649e-05, 3.00166436e-05)
(-1.77954792e-05, 2.76785343e-05)
(-1.64838264e-05, 2.52872334e-05)
(-1.51447032e-05, 2.28475122e-05)
(-1.37805497e-05, 2.03642387e-05)
(-1.23938452e-05, 1.78423671e-05)
(-1.09871038e-05, 1.52869289e-05)
(-9.56287001e-06, 1.27030226e-05)
(-8.12371418e-06, 1.00958036e-05)
(-6.67222794e-06, 7.47047431e-06)
(-5.21101979e-06, 4.83227349e-06)
(-3.74271049e-06, 2.18646610e-06)
(-2.26992848e-06,-4.61667167e-07)
(-7.95305417e-07,-3.10684043e-06)
( 6.78528452e-07,-5.74377310e-06)
( 2.14894878e-06,-8.36720038e-06)
( 3.61334163e-06,-1.09718838e-05)
( 5.06910796e-06,-1.35526217e-05)
( 6.51366807e-06,-1.61042596e-05)
( 7.94446599e-06,-1.86217004e-05)
( 9.35897382e-06,-2.10999150e-05)
( 1.07546960e-05,-2.35339518e-05)
( 1.21291737e-05,-2.59189474e-05)
( 1.34799888e-05,-2.82501356e-05)
( 1.48047679e-05,-3.05228578e-05)
( 1.61011866e-05,-3.27325718e-05)
( 1.73669732e-05,-3.48748614e-05)
( 1.85999128e-05,-3.69454452e-05)
( 1.97978505e-05,-3.89401854e-05)
( 2.09586955e-05,-4.08550961e-05)
( 2.20804246e-05,-4.26863513e-05)
( 2.31610853e-05,-4.44302934e-05)
( 2.41987991e-05,-4.60834399e-05)
( 2.51917650e-05,-4.76424909e-05)
( 2.61382623e-05,-4.91043360e-05)
( 2.70366532e-05,-5.04660606e-05)
( 2.78853863e-05,-5.17249520e-05)
( 2.86829983e-05,-5.28785048e-05)
( 2.94281171e-05,-5.39244267e-05)
( 3.01194640e-05,-5.48606425e-05)
( 3.07558556e-05,-5.56852993e-05)
( 3.13362060e-05,-5.63967697e-05)
( 3.18595286e-05,-5.69936559e-05)
( 3.23249379e-05,-5.74747922e-05)
( 3.27316508e-05,-5.78392478e-05)
( 3.30789879e-05,-5.80863288e-05)
( 3.33663750e-05,-5.82155799e-05)
( 3.35933438e-05,-5.82267853e-05)
( 3.37595328e-05,-5.81199693e-05)
( 3.38646881e-05,-5.78953966e-05)
( 3.39086636e-05,-5.75535720e-05)
( 3.38914215e-05,-5.70952390e-05)
( 3.38130322e-05,-5.65213792e-05)
( 3.36736747e-05,-5.58332097e-05)
( 3.34736355e-05,-5.50321813e-05)
( 3.32133093e-05,-5.41199754e-05)
( 3.28931973e-05,-5.30985007e-05)
( 3.25139073e-05,-5.19698896e-05)
( 3.20761519e-05,-5.07364938e-05)
( 3.15807481e-05,-4.94008796e-05)
( 3.10286157e-05,-4.79658226e-05)
( 3.04207754e-05,-4.64343025e-05)
( 2.97583479e-05,-4.48094967e-05)
( 2.90425515e-05,-4.30947739e-05)
( 2.82747000e-05,-4.12936875e-05)
( 2.74562011e-05,-3.94099679e-05)
( 2.65885534e-05,-3.74475154e-05)
( 2.56733444e-05,-3.54103918e-05)
( 2.47122475e-05,-3.33028120e-05)
( 2.37070194e-05,-3.11291359e-05)
( 2.26594967e-05,-2.88938588e-05)
( 2.15715935e-05,-2.66016023e-05)
( 2.04452974e-05,-2.42571051e-05)
( 1.92826667e-05,-2.18652126e-05)
( 1.80858263e-05,-1.94308674e-05)
( 1.68569645e-05,-1.69590985e-05)
( 1.55983290e-05,-1.44550115e-05)
( 1.43122230e-05,-1.19237774e-05)
( 1.30010012e-05,-9.37062203e-06)
( 1.16670656e-05,-6.80081537e-06)
( 1.03128615e-05,-4.21966019e-06)
( 8.94087299e-06,-1.63248121e-06)
( 7.55361852e-06, 9.55386137e-07)
( 6.15364657e-06, 3.53860683e-06)
( 4.74353101e-06, 6.11185748e-06)
( 3.32586652e-06, 8.66983743e-06)
( 1.90326386e-06, 1.12072799e-05)
( 4.78345206e-07, 1.37189632e-05)
(-9.46260626e-07, 1.61997214e-05)
(-2.36792299e-06, 1.86444554e-05)
(-3.78401423e-06, 2.10481436e-05)
(-5.19191448e-06, 2.34058525e-05)
(-6.58901655e-06, 2.57127471e-05)
(-7.97273076e-06, 2.79641010e-05)
(-9.34048974e-06, 3.01553064e-05)
(-1.06897533e-05, 3.22818838e-05)
(-1.20180131e-05, 3.43394915e-05)
(-1.33227976e-05, 3.63239346e-05)
(-1.46016765e-05, 3.82311741e-05)
(-1.58522657e-05, 4.00573351e-05)
(-1.70722316e-05, 4.17987151e-05)
(-1.82592957e-05, 4.34517917e-05)
(-1.94112392e-05, 4.50132304e-05)
(-2.05259070e-05, 4.64798909e-05)
(-2.16012124e-05, 4.78488344e-05)
(-2.26351407e-05, 4.91173293e-05)
(-2.36257536e-05, 5.02828568e-05)
(-2.45711931e-05, 5.13431168e-05)
(-2.54696848e-05, 5.22960320e-05)
(-2.63195422e-05, 5.31397524e-05)
(-2.71191696e-05, 5.38726593e-05)
(-2.78670657e-05, 5.44933685e-05)
(-2.85618264e-05, 5.50007328e-05)
(-2.92021484e-05, 5.53938447e-05)
(-2.97868312e-05, 5.56720381e-05)
(-3.03147804e-05, 5.58348891e-05)
(-3.07850095e-05, 5.58822173e-05)
(-3.11966426e-05, 5.58140855e-05)
(-3.15489161e-05, 5.56307999e-05)
(-3.18411805e-05, 5.53329084e-05)
(-3.20729020e-05, 5.49212001e-05)
(-3.22436639e-05, 5.43967027e-05)
(-3.23531679e-05, 5.37606805e-05)
(-3.24012343e-05, 5.30146309e-05)
(-3.23878034e-05, 5.21602815e-05)
(-3.23129357e-05, 5.11995860e-05)
(-3.21768117e-05, 5.01347193e-05)
(-3.19797323e-05, 4.89680731e-05)
(-3.17221183e-05, 4.77022503e-05)
(-3.14045098e-05, 4.63400589e-05)
(-3.10275654e-05, 4.48845060e-05)
(-3.05920613e-05, 4.33387910e-05)
(-3.00988898e-05, 4.17062982e-05)
(-2.95490577e-05, 3.99905895e-05)
(-2.89436850e-05, 3.81953964e-05)
(-2.82840022e-05, 3.63246116e-05)
(-2.75713486e-05, 3.43822804e-05)
(-2.68071694e-05, 3.23725917e-05)
(-2.59930131e-05, 3.02998690e-05)
(-2.51305287e-05, 2.81685602e-05)
(-2.42214623e-05, 2.59832286e-05)
(-2.32676538e-05, 2.37485420e-05)
(-2.22710331e-05, 2.14692632e-05)
(-2.12336166e-05, 1.91502388e-05)
(-2.01575031e-05, 1.67963893e-05)
(-1.90448691e-05, 1.44126976e-05)
(-1.78979653e-05, 1.20041987e-05)
(-1.67191113e-05, 9.57596837e-06)
(-1.55106909e-05, 7.13311205e-06)
(-1.42751477e-05, 4.68075396e-06)
(-1.30149797e-05, 2.22402587e-06)
(-1.17327340e-05,-2.31944075e-07)
(-1.04310020e-05,-2.68204235e-06)
(-9.11241337e-06,-5.12118114e-06)
(-7.77963094e-06,-7.54430928e-06)
(-6.43534495e-06,-9.94642307e-06)
(-5.08226737e-06,-1.23225770e-05)
(-3.72312615e-06,-1.46678943e-05)
(-2.36065938e-06,-1.69775773e-05)
(-9.97609443e-07,-1.92469176e-05)
( 3.63282865e-07,-2.14713061e-05)
( 1.71928425e-06,-2.36462425e-05)
( 3.06767481e-06,-2.57673448e-05)
( 4.40575395e-06,-2.78303587e-05)
( 5.73084622e-06,-2.98311658e-05)
( 7.04030718e-06,-3.17657927e-05)
( 8.33152914e-06,-3.36304188e-05)
( 9.60194691e-06,-3.54213843e-05)
( 1.08490434e-05,-3.71351973e-05)
( 1.20703551e-05,-3.87685408e-05)
( 1.32634777e-05,-4.03182795e-05)
( 1.44260713e-05,-4.17814660e-05)
( 1.55558653e-05,-4.31553458e-05)
( 1.66506639e-05,-4.44373634e-05)
( 1.77083509e-05,-4.56251666e-05)
( 1.87268938e-05,-4.67166109e-05)
( 1.97043494e-05,-4.77097631e-05)
( 2.06388669e-05,-4.86029050e-05)
( 2.15286930e-05,-4.93945360e-05)
( 2.23721752e-05,-5.00833751e-05)
( 2.31677659e-05,-5.06683636e-05)
( 2.39140253e-05,-5.11486653e-05)
( 2.46096252e-05,-5.15236681e-05)
( 2.52533514e-05,-5.17929841e-05)
( 2.58441066e-05,-5.19564489e-05)
( 2.63809129e-05,-5.20141217e-05)
( 2.68629137e-05,-5.19662833e-05)
( 2.72893757e-05,-5.18134349e-05)
( 2.76596901e-05,-5.15562956e-05)
( 2.79733743e-05,-5.11957996e-05)
( 2.82300725e-05,-5.07330936e-05)
( 2.84295567e-05,-5.01695323e-05)
( 2.85717263e-05,-4.95066751e-05)
( 2.86566091e-05,-4.87462811e-05)
( 2.86843602e-05,-4.78903042e-05)
( 2.86552616e-05,-4.69408879e-05)
( 2.85697217e-05,-4.59003593e-05)
( 2.84282734e-05,-4.47712232e-05)
( 2.82315731e-05,-4.35561551e-05)
( 2.79803985e-05,-4.22579949e-05)
( 2.76756468e-05,-4.08797392e-05)
( 2.73183318e-05,-3.94245341e-05)
( 2.69095816e-05,-3.78956672e-05)
( 2.64506354e-05,-3.62965593e-05)
( 2.59428400e-05,-3.46307568e-05)
( 2.53876466e-05,-3.29019220e-05)
( 2.47866065e-05,-3.11138255e-05)
( 2.41413674e-05,-2.92703362e-05)
( 2.34536688e-05,-2.73754128e-05)
( 2.27253376e-05,-2.54330943e-05)
( 2.19582830e-05,-2.34474906e-05)
( 2.11544917e-05,-2.14227730e-05)
( 2.03160226e-05,-1.93631648e-05)
( 1.94450012e-05,-1.72729314e-05)
( 1.85436143e-05,-1.51563709e-05)
( 1.76141040e-05,-1.30178045e-05)
( 1.66587617e-05,-1.08615666e-05)
( 1.56799225e-05,-8.69199558e-06)
( 1.46799584e-05,-6.51342408e-06)
( 1.36612725e-05,-4.33016975e-06)
( 1.26262924e-05,-2.14652589e-06)
( 1.15774636e-05, 3.32476628e-08)
( 1.05172436e-05, 2.20493352e-06)
( 9.44809458e-06, 4.36436554e-06)
( 8.37247753e-06, 6.50743743e-06)
( 7.29284522e-06, 8.63011116e-06)
( 6.21163585e-06, 1.07284250e-05)
( 5.13126648e-06, 1.27985016e-05)
( 4.05412658e-06, 1.48365553e-05)
( 2.98257157e-06, 1.68388996e-05)
( 1.91891653e-06, 1.88019545e-05)
( 8.65429914e-07, 2.07222524e-05)
(-1.75672524e-07, 2.25964452e-05)
(-1.20223376e-06, 2.44213098e-05)
(-2.21216135e-06, 2.61937540e-05)
(-3.20343308e-06, 2.79108216e-05)
(-4.17410256e-06, 2.95696973e-05)
(-5.12230443e-06, 3.11677112e-05)
(-6.04625960e-06, 3.27023427e-05)
(-6.94428006e-06, 3.41712245e-05)
(-7.81477357e-06, 3.55721453e-05)
(-8.65624812e-06, 3.69030532e-05)
(-9.46731602e-06, 3.81620575e-05)
(-1.02466979e-05, 3.93474312e-05)
(-1.09932262e-05, 4.04576119e-05)
(-1.17058486e-05, 4.14912034e-05)
(-1.23836311e-05, 4.24469762e-05)
(-1.30257606e-05, 4.33238675e-05)
(-1.36315475e-05, 4.41209812e-05)
(-1.42004276e-05, 4.48375871e-05)
(-1.47319643e-05, 4.54731200e-05)
(-1.52258494e-05, 4.60271779e-05)
(-1.56819050e-05, 4.64995205e-05)
(-1.61000837e-05, 4.68900664e-05)
(-1.64804696e-05, 4.71988905e-05)
(-1.68232779e-05, 4.74262214e-05)
(-1.71288553e-05, 4.75724368e-05)
(-1.73976792e-05, 4.76380607e-05)
(-1.76303570e-05, 4.76237585e-05)
(-1.78276249e-05, 4.75303322e-05)
(-1.79903468e-05, 4.73587162e-05)
(-1.81195122e-05, 4.71099710e-05)
(-1.82162348e-05, 4.67852782e-05)
(-1.82817497e-05, 4.63859342e-05)
(-1.83174112e-05, 4.59133437e-05)
(-1.83246903e-05, 4.53690134e-05)
(-1.83051717e-05, 4.47545450e-05)
(-1.82605504e-05, 4.40716276e-05)
(-1.81926289e-05, 4.33220304e-05)
(-1.81033139e-05, 4.25075947e-05)
(-1.79946124e-05, 4.16302260e-05)
(-1.78686287e-05, 4.06918849e-05)
(-1.77275604e-05, 3.96945792e-05)
(-1.75736956e-05, 3.86403537e-05)
(-1.74094087e-05, 3.75312816e-05)
(-1.72371580e-05, 3.63694541e-05)
(-1.70594821e-05, 3.51569705e-05)
(-1.68789975e-05, 3.38959270e-05)
(-1.66983959e-05, 3.25884060e-05)
(-1.65204432e-05, 3.12364637e-05)
(-1.63479775e-05, 2.98421182e-05)
(-1.61839091e-05, 2.84073355e-05)
(-1.60312211e-05, 2.69340160e-05)
(-1.58929709e-05, 2.54239786e-05)
(-1.57722937e-05, 2.38789446e-05)
(-1.56724072e-05, 2.23005189e-05)
(-1.55966187e-05, 2.06901704e-05)
(-1.55483347e-05, 1.90492092e-05)
(-1.55310733e-05, 1.73787613e-05)
(-1.55484816e-05, 1.56797394e-05)
(-1.56043563e-05, 1.39528101e-05)
(-1.57026717e-05, 1.21983541e-05)
(-1.58476140e-05, 1.04164209e-05)
(-1.60436260e-05, 8.60667341e-06)
(-1.62954630e-05, 6.76832162e-06)
(-1.66082645e-05, 4.90004148e-06)
(-1.69876456e-05, 2.99987435e-06)
(-1.74398147e-05, 1.06510095e-06)
(-1.79717258e-05,-9.07918515e-07)
(-1.85912777e-05,-2.92395026e-06)
(-1.93075768e-05,-4.98915567e-06)
(-2.01312893e-05,-7.11144769e-06)
(-2.10751181e-05,-9.30097124e-06)
(-2.21544613e-05,-1.15707631e-05)
(-2.33883375e-05,-1.39376765e-05)
(-2.48007161e-05,-1.64237078e-05)
(-2.64224772e-05,-1.90579481e-05)
(-2.82943868e-05,-2.18795453e-05)
(-3.04717730e-05,-2.49423558e-05)
(-3.30321830e-05,-2.83225628e-05)
(-3.60885628e-05,-3.21317888e-05)
(-3.98133773e-05,-3.65410966e-05)
(-4.44863064e-05,-4.18284556e-05)
(-5.05986325e-05,-4.84826449e-05)
(-5.91139037e-05,-5.74627392e-05)
(-7.23187972e-05,-7.10452136e-05)
(-9.55666751e-05,-9.45599845e-05)
(-2.20588612e-04,-2.19334632e-04)
(-8.32563455e-07, 8.14989347e-07)
(-2.79620025e-06, 3.51881041e-06)
(-4.67006156e-06, 6.00904759e-06)
(-6.53526073e-06, 8.47912477e-06)
(-8.38677557e-06, 1.09263435e-05)
(-1.02213835e-05, 1.33486828e-05)
(-1.20356463e-05, 1.57426023e-05)
(-1.38260800e-05, 1.81040395e-05)
(-1.55892087e-05, 2.04287247e-05)
(-1.73215890e-05, 2.27123179e-05)
(-1.90198262e-05, 2.49504789e-05)
(-2.06805856e-05, 2.71389077e-05)
(-2.23006016e-05, 2.92733707e-05)
(-2.38766855e-05, 3.13497193e-05)
(-2.54057328e-05, 3.33639049e-05)
(-2.68847297e-05, 3.53119912e-05)
(-2.83107595e-05, 3.71901645e-05)
(-2.96810089e-05, 3.89947432e-05)
(-3.09927732e-05, 4.07221868e-05)
(-3.22434622e-05, 4.23691035e-05)
(-3.34306053e-05, 4.39322580e-05)
(-3.45518561e-05, 4.54085780e-05)
(-3.56049978e-05, 4.67951612e-05)
(-3.65879469e-05, 4.80892810e-05)
(-3.74987577e-05, 4.92883922e-05)
(-3.83356262e-05, 5.03901363e-05)
(-3.90968936e-05, 5.13923464e-05)
(-3.97810494e-05, 5.22930515e-05)
(-4.03867350e-05, 5.30904806e-05)
(-4.09127457e-05, 5.37830660e-05)
(-4.13580336e-05, 5.43694469e-05)
(-4.17217094e-05, 5.48484719e-05)
(-4.20030444e-05, 5.52192013e-05)
(-4.22014719e-05, 5.54809093e-05)
(-4.23165881e-05, 5.56330849e-05)
(-4.23481534e-05, 5.56754337e-05)
(-4.22960925e-05, 5.56078777e-05)
(-4.21604948e-05, 5.54305562e-05)
(-4.19416140e-05, 5.51438250e-05)
(-4.16398681e-05, 5.47482561e-05)
(-4.12558380e-05, 5.42446363e-05)
(-4.07902669e-05, 5.36339659e-05)
(-4.02440587e-05, 5.29174564e-05)
(-3.96182761e-05, 5.20965286e-05)
(-3.89141387e-05, 5.11728092e-05)
(-3.81330206e-05, 5.01481281e-05)
(-3.72764477e-05, 4.90245147e-05)
(-3.63460948e-05, 4.78041935e-05)
(-3.53437822e-05, 4.64895802e-05)
(-3.42714723e-05, 4.50832767e-05)
(-3.31312655e-05, 4.35880658e-05)
(-3.19253964e-05, 4.20069060e-05)
(-3.06562293e-05, 4.03429256e-05)
(-2.93262535e-05, 3.85994163e-05)
(-2.79380785e-05, 3.67798268e-05)
(-2.64944288e-05, 3.48877562e-05)
(-2.49981387e-05, 3.29269464e-05)
(-2.34521466e-05, 3.09012753e-05)
(-2.18594892e-05, 2.88147485e-05)
(-2.02232958e-05, 2.66714919e-05)
(-1.85467818e-05, 2.44757434e-05)
(-1.68332425e-05, 2.22318443e-05)
(-1.50860468e-05, 1.99442309e-05)
(-1.33086302e-05, 1.76174257e-05)
(-1.15044886e-05, 1.52560286e-05)
(-9.67717071e-06, 1.28647075e-05)
(-7.83027164e-06, 1.04481892e-05)
(-5.96742551e-06, 8.01125026e-06)
(-4.09229843e-06, 5.55870730e-06)
(-2.20858118e-06, 3.09540756e-06)
(-3.19981967e-07, 6.26219316e-07)
( 1.56978087e-06,-1.84397772e-06)
( 3.45698624e-06,-4.31030206e-06)
( 5.33791762e-06,-6.76788010e-06)
( 7.20887039e-06,-9.21185573e-06)
( 9.06615919e-06,-1.16373999e-05)
( 1.09061251e-05,-1.40397204e-05)
( 1.27251431e-05,-1.64140708e-05)
( 1.45196290e-05,-1.87557604e-05)
( 1.62860465e-05,-2.10601632e-05)
( 1.80209144e-05,-2.33227271e-05)
( 1.97208135e-05,-2.55389828e-05)
( 2.13823931e-05,-2.77045528e-05)
( 2.30023778e-05,-2.98151599e-05)
( 2.45775742e-05,-3.18666358e-05)
( 2.61048767e-05,-3.38549291e-05)
( 2.75812741e-05,-3.57761134e-05)
( 2.90038556e-05,-3.76263952e-05)
( 3.03698162e-05,-3.94021212e-05)
( 3.16764626e-05,-4.10997856e-05)
( 3.29212183e-05,-4.27160369e-05)
( 3.41016291e-05,-4.42476846e-05)
( 3.52153674e-05,-4.56917056e-05)
( 3.62602374e-05,-4.70452499e-05)
( 3.72341792e-05,-4.83056464e-05)
( 3.81352729e-05,-4.94704083e-05)
( 3.89617422e-05,-5.05372376e-05)
( 3.97119586e-05,-5.15040299e-05)
( 4.03844440e-05,-5.23688785e-05)
( 4.09778739e-05,-5.31300782e-05)
( 4.14910799e-05,-5.37861286e-05)
( 4.19230526e-05,-5.43357369e-05)
( 4.22729427e-05,-5.47778208e-05)
( 4.25400635e-05,-5.51115101e-05)
( 4.27238918e-05,-5.53361491e-05)
( 4.28240694e-05,-5.54512972e-05)
( 4.28404032e-05,-5.54567301e-05)
( 4.27728664e-05,-5.53524402e-05)
( 4.26215978e-05,-5.51386365e-05)
( 4.23869021e-05,-5.48157444e-05)
( 4.20692492e-05,-5.43844045e-05)
( 4.16692729e-05,-5.38454717e-05)
( 4.11877703e-05,-5.32000130e-05)
( 4.06256998e-05,-5.24493060e-05)
( 3.99841792e-05,-5.15948358e-05)
( 3.92644839e-05,-5.06382925e-05)
( 3.84680438e-05,-4.95815676e-05)
( 3.75964412e-05,-4.84267500e-05)
( 3.66514070e-05,-4.71761227e-05)
( 3.56348177e-05,-4.58321573e-05)
( 3.45486913e-05,-4.43975098e-05)
( 3.33951839e-05,-4.28750149e-05)
( 3.21765850e-05,-4.12676809e-05)
( 3.08953130e-05,-3.95786832e-05)
( 2.95539106e-05,-3.78113583e-05)
( 2.81550394e-05,-3.59691974e-05)
( 2.67014752e-05,-3.40558390e-05)
( 2.51961019e-05,-3.20750622e-05)
( 2.36419063e-05,-3.00307789e-05)
( 2.20419717e-05,-2.79270264e-05)
( 2.03994722e-05,-2.57679592e-05)
( 1.87176661e-05,-2.35578408e-05)
( 1.69998898e-05,-2.13010352e-05)
( 1.52495505e-05,-1.90019987e-05)
( 1.34701204e-05,-1.66652707e-05)
( 1.16651288e-05,-1.42954649e-05)
( 9.83815604e-06,-1.18972601e-05)
( 7.99282557e-06,-9.47539130e-06)
( 6.13279730e-06,-7.03463982e-06)
( 4.26176015e-06,-4.57982436e-06)
( 2.38342468e-06,-2.11579127e-06)
( 5.01515804e-07, 3.52594964e-07)
(-1.38023464e-06, 2.82046128e-06)
(-3.25809530e-06, 5.28293568e-06)
(-5.12834274e-06, 7.73515681e-06)
(-6.98726878e-06, 1.01722835e-05)
(-8.83118793e-06, 1.25895044e-05)
(-1.06564447e-05, 1.49820474e-05)
(-1.24594207e-05, 1.73451890e-05)
(-1.42365420e-05, 1.96742635e-05)
(-1.59842865e-05, 2.19646727e-05)
(-1.76991901e-05, 2.42118941e-05)
(-1.93778545e-05, 2.64114906e-05)
(-2.10169532e-05, 2.85591190e-05)
(-2.26132388e-05, 3.06505381e-05)
(-2.41635487e-05, 3.26816177e-05)
(-2.56648121e-05, 3.46483464e-05)
(-2.71140556e-05, 3.65468394e-05)
(-2.85084092e-05, 3.83733466e-05)
(-2.98451120e-05, 4.01242592e-05)
(-3.11215180e-05, 4.17961177e-05)
(-3.23351008e-05, 4.33856181e-05)
(-3.34834590e-05, 4.48896183e-05)
(-3.45643206e-05, 4.63051451e-05)
(-3.55755480e-05, 4.76293989e-05)
(-3.65151418e-05, 4.88597603e-05)
(-3.73812450e-05, 4.99937945e-05)
(-3.81721465e-05, 5.10292563e-05)
(-3.88862845e-05, 5.19640947e-05)
(-3.95222497e-05, 5.27964566e-05)
(-4.00787881e-05, 5.35246909e-05)
(-4.05548032e-05, 5.41473513e-05)
(-4.09493585e-05, 5.46631992e-05)
(-4.12616790e-05, 5.50712064e-05)
(-4.14911530e-05, 5.53705572e-05)
(-4.16373332e-05, 5.55606492e-05)
(-4.16999373e-05, 5.56410957e-05)
(-4.16788491e-05, 5.56117252e-05)
(-4.15741179e-05, 5.54725830e-05)
(-4.13859592e-05, 5.52239298e-05)
(-4.11147537e-05, 5.48662424e-05)
(-4.07610467e-05, 5.44002120e-05)
(-4.03255469e-05, 5.38267429e-05)
(-3.98091251e-05, 5.31469511e-05)
(-3.92128123e-05, 5.23621619e-05)
(-3.85377975e-05, 5.14739070e-05)
(-3.77854259e-05, 5.04839221e-05)
(-3.69571952e-05, 4.93941430e-05)
(-3.60547535e-05, 4.82067019e-05)
(-3.50798957e-05, 4.69239233e-05)
(-3.40345595e-05, 4.55483196e-05)
(-3.29208222e-05, 4.40825856e-05)
(-3.17408960e-05, 4.25295939e-05)
(-3.04971238e-05, 4.08923886e-05)
(-2.91919745e-05, 3.91741799e-05)
(-2.78280382e-05, 3.73783375e-05)
(-2.64080207e-05, 3.55083838e-05)
(-2.49347384e-05, 3.35679874e-05)
(-2.34111123e-05, 3.15609555e-05)
(-2.18401629e-05, 2.94912269e-05)
(-2.02250034e-05, 2.73628636e-05)
(-1.85688339e-05, 2.51800434e-05)
(-1.68749349e-05, 2.29470513e-05)
(-1.51466609e-05, 2.06682715e-05)
(-1.33874337e-05, 1.83481783e-05)
(-1.16007353e-05, 1.59913275e-05)
(-9.79010147e-06, 1.36023478e-05)
(-7.95911438e-06, 1.11859310e-05)
(-6.11139558e-06, 8.74682348e-06)
(-4.25059879e-06, 6.28981632e-06)
(-2.38040270e-06, 3.81973624e-06)
(-5.04503635e-07, 1.34143595e-06)
( 1.37339177e-06,-1.14021533e-06)
( 3.24957390e-06,-3.62034149e-06)
( 5.12033752e-06,-6.09406909e-06)
( 6.98198914e-06,-8.55653694e-06)
( 8.83085426e-06,-1.10029057e-05)
( 1.06632847e-05,-1.34283673e-05)
( 1.24756657e-05,-1.58281545e-05)
( 1.42644234e-05,-1.81975502e-05)
( 1.60260312e-05,-2.05318969e-05)
( 1.77570177e-05,-2.28266055e-05)
( 1.94539726e-05,-2.50771648e-05)
( 2.11135540e-05,-2.72791499e-05)
( 2.27324949e-05,-2.94282312e-05)
( 2.43076094e-05,-3.15201829e-05)
( 2.58357992e-05,-3.35508914e-05)
( 2.73140597e-05,-3.55163631e-05)
( 2.87394856e-05,-3.74127325e-05)
( 3.01092772e-05,-3.92362699e-05)
( 3.14207450e-05,-4.09833886e-05)
( 3.26713161e-05,-4.26506520e-05)
( 3.38585380e-05,-4.42347802e-05)
( 3.49800845e-05,-4.57326568e-05)
( 3.60337595e-05,-4.71413351e-05)
( 3.70175017e-05,-4.84580435e-05)
( 3.79293884e-05,-4.96801912e-05)
( 3.87676392e-05,-5.08053733e-05)
( 3.95306198e-05,-5.18313759e-05)
( 4.02168446e-05,-5.27561798e-05)
( 4.08249801e-05,-5.35779651e-05)
( 4.13538472e-05,-5.42951144e-05)
( 4.18024236e-05,-5.49062164e-05)
( 4.21698454e-05,-5.54100684e-05)
( 4.24554093e-05,-5.58056788e-05)
( 4.26585734e-05,-5.60922692e-05)
( 4.27789584e-05,-5.62692757e-05)
( 4.28163484e-05,-5.63363503e-05)
( 4.27706911e-05,-5.62933616e-05)
( 4.26420977e-05,-5.61403948e-05)
( 4.24308430e-05,-5.58777522e-05)
( 4.21373644e-05,-5.55059519e-05)
( 4.17622610e-05,-5.50257272e-05)
( 4.13062926e-05,-5.44380252e-05)
( 4.07703780e-05,-5.37440052e-05)
( 4.01555930e-05,-5.29450357e-05)
( 3.94631683e-05,-5.20426926e-05)
( 3.86944870e-05,-5.10387557e-05)
( 3.78510818e-05,-4.99352053e-05)
( 3.69346319e-05,-4.87342182e-05)
( 3.59469596e-05,-4.74381640e-05)
( 3.48900267e-05,-4.60495997e-05)
( 3.37659305e-05,-4.45712653e-05)
( 3.25768998e-05,-4.30060781e-05)
( 3.13252900e-05,-4.13571272e-05)
( 3.00135790e-05,-3.96276673e-05)
( 2.86443616e-05,-3.78211126e-05)
( 2.72203451e-05,-3.59410296e-05)
( 2.57443431e-05,-3.39911307e-05)
( 2.42192705e-05,-3.19752664e-05)
( 2.26481376e-05,-2.98974182e-05)
( 2.10340439e-05,-2.77616904e-05)
( 1.93801723e-05,-2.55723022e-05)
( 1.76897823e-05,-2.33335796e-05)
( 1.59662042e-05,-2.10499465e-05)
( 1.42128319e-05,-1.87259164e-05)
( 1.24331166e-05,-1.63660832e-05)
( 1.06305598e-05,-1.39751124e-05)
( 8.80870657e-06,-1.15577318e-05)
( 6.97113816e-06,-9.11872225e-06)
( 5.12146535e-06,-6.66290819e-06)
( 3.26332118e-06,-4.19514820e-06)
( 1.40035376e-06,-1.72032538e-06)
(-4.63780874e-07, 7.56662238e-07)
(-2.32542595e-06, 3.23091136e-06)
(-4.18093116e-06, 5.69752309e-06)
(-6.02665984e-06, 8.15161260e-06)
(-7.85899611e-06, 1.05883188e-05)
(-9.67435198e-06, 1.30028138e-05)
(-1.14691744e-05, 1.53903127e-05)
(-1.32399521e-05, 1.77460827e-05)
(-1.49832228e-05, 2.00654528e-05)
(-1.66955797e-05, 2.23438228e-05)
(-1.83736780e-05, 2.45766725e-05)
(-2.00142422e-05, 2.67595704e-05)
(-2.16140715e-05, 2.88881830e-05)
(-2.31700468e-05, 3.09582829e-05)
(-2.46791365e-05, 3.29657573e-05)
(-2.61384025e-05, 3.49066161e-05)
(-2.75450059e-05, 3.67770002e-05)
(-2.88962125e-05, 3.85731885e-05)
(-3.01893984e-05, 4.02916058e-05)
(-3.14220545e-05, 4.19288297e-05)
(-3.25917922e-05, 4.34815975e-05)
(-3.36963473e-05, 4.49468125e-05)
(-3.47335850e-05, 4.63215503e-05)
(-3.57015035e-05, 4.76030648e-05)
(-3.65982384e-05, 4.87887932e-05)
(-3.74220661e-05, 4.98763616e-05)
(-3.81714067e-05, 5.08635895e-05)
(-3.88448281e-05, 5.17484941e-05)
(-3.94410475e-05, 5.25292946e-05)
(-3.99589350e-05, 5.32044154e-05)
(-4.03975150e-05, 5.37724895e-05)
(-4.07559683e-05, 5.42323612e-05)
(-4.10336338e-05, 5.45830883e-05)
(-4.12300097e-05, 5.48239445e-05)
(-4.13447543e-05, 5.49544203e-05)
(-4.13776865e-05, 5.49742244e-05)
(-4.13287866e-05, 5.48832844e-05)
(-4.11981960e-05, 5.46817467e-05)
(-4.09862166e-05, 5.43699768e-05)
(-4.06933106e-05, 5.39485579e-05)
(-4.03200994e-05, 5.34182907e-05)
(-3.98673623e-05, 5.27801909e-05)
(-3.93360349e-05, 5.20354883e-05)
(-3.87272073e-05, 5.11856235e-05)
(-3.80421219e-05, 5.02322459e-05)
(-3.72821710e-05, 4.91772097e-05)
(-3.64488937e-05, 4.80225710e-05)
(-3.55439732e-05, 4.67705836e-05)
(-3.45692335e-05, 4.54236943e-05)
(-3.35266354e-05, 4.39845386e-05)
(-3.24182729e-05, 4.24559350e-05)
(-3.12463692e-05, 4.08408800e-05)
(-3.00132718e-05, 3.91425420e-05)
(-2.87214485e-05, 3.73642550e-05)
(-2.73734819e-05, 3.55095121e-05)
(-2.59720649e-05, 3.35819590e-05)
(-2.45199950e-05, 3.15853862e-05)
(-2.30201688e-05, 2.95237219e-05)
(-2.14755764e-05, 2.74010245e-05)
(-1.98892957e-05, 2.52214741e-05)
(-1.82644860e-05, 2.29893647e-05)
(-1.66043819e-05, 2.07090955e-05)
(-1.49122870e-05, 1.83851622e-05)
(-1.31915672e-05, 1.60221484e-05)
(-1.14456446e-05, 1.36247163e-05)
(-9.67799004e-06, 1.11975977e-05)
(-7.89211683e-06, 8.74558434e-06)
(-6.09157362e-06, 6.27351889e-06)
(-4.27993743e-06, 3.78628503e-06)
(-2.46080668e-06, 1.28879794e-06)
(-6.37794062e-07,-1.21400543e-06)
( 1.18548053e-06,-3.71717612e-06)
( 3.00539713e-06,-6.21576296e-06)
( 4.81834280e-06,-8.70482235e-06)
( 6.62071875e-06,-1.11794280e-05)
( 8.40894737e-06,-1.36346809e-05)
( 1.01794793e-05,-1.60657185e-05)
( 1.19288005e-05,-1.84677251e-05)
( 1.36534388e-05,-2.08359407e-05)
( 1.53499712e-05,-2.31656706e-05)
( 1.70150302e-05,-2.54522953e-05)
( 1.86453109e-05,-2.76912785e-05)
( 2.02375767e-05,-2.98781773e-05)
( 2.17886666e-05,-3.20086502e-05)
( 2.32955006e-05,-3.40784661e-05)
( 2.47550865e-05,-3.60835125e-05)
( 2.61645250e-05,-3.80198038e-05)
( 2.75210160e-05,-3.98834891e-05)
( 2.88218640e-05,-4.16708600e-05)
( 3.00644831e-05,-4.33783577e-05)
( 3.12464024e-05,-4.50025805e-05)
( 3.23652708e-05,-4.65402901e-05)
( 3.34188616e-05,-4.79884183e-05)
( 3.44050766e-05,-4.93440733e-05)
( 3.53219509e-05,-5.06045448e-05)
( 3.61676560e-05,-5.17673102e-05)
( 3.69405041e-05,-5.28300389e-05)
( 3.76389509e-05,-5.37905977e-05)
( 3.82615989e-05,-5.46470542e-05)
( 3.88072000e-05,-5.53976814e-05)
( 3.92746583e-05,-5.60409608e-05)
( 3.96630317e-05,-5.65755855e-05)
( 3.99715344e-05,-5.70004628e-05)
( 4.01995379e-05,-5.73147166e-05)
( 4.03465726e-05,-5.75176886e-05)
( 4.04123288e-05,-5.76089404e-05)
( 4.03966567e-05,-5.75882539e-05)
( 4.02995677e-05,-5.74556319e-05)
( 4.01212333e-05,-5.72112981e-05)
( 3.98619857e-05,-5.68556967e-05)
( 3.95223166e-05,-5.63894918e-05)
( 3.91028764e-05,-5.58135655e-05)
( 3.86044730e-05,-5.51290168e-05)
( 3.80280701e-05,-5.43371592e-05)
( 3.73747855e-05,-5.34395182e-05)
( 3.66458887e-05,-5.24378280e-05)
( 3.58427983e-05,-5.13340287e-05)
( 3.49670798e-05,-5.01302618e-05)
( 3.40204417e-05,-4.88288666e-05)
( 3.30047329e-05,-4.74323751e-05)
( 3.19219387e-05,-4.59435074e-05)
( 3.07741767e-05,-4.43651659e-05)
( 2.95636931e-05,-4.27004301e-05)
( 2.82928581e-05,-4.09525501e-05)
( 2.69641609e-05,-3.91249403e-05)
( 2.55802054e-05,-3.72211729e-05)
( 2.41437045e-05,-3.52449704e-05)
( 2.26574753e-05,-3.32001987e-05)
( 2.11244330e-05,-3.10908591e-05)
( 1.95475855e-05,-2.89210805e-05)
( 1.79300276e-05,-2.66951115e-05)
( 1.62749343e-05,-2.44173115e-05)
( 1.45855553e-05,-2.20921426e-05)
( 1.28652081e-05,-1.97241605e-05)
( 1.11172714e-05,-1.73180054e-05)
( 9.34517892e-06,-1.48783931e-05)
( 7.55241214e-06,-1.24101056e-05)
( 5.74249362e-06,-9.91798123e-06)
( 3.91898008e-06,-7.40690585e-06)
( 2.08545530e-06,-4.88180254e-06)
( 2.45523086e-07,-2.34762215e-06)
(-1.59719986e-06, 1.90666564e-07)
(-3.43909107e-06, 2.72808674e-06)
(-5.27652949e-06, 5.25966327e-06)
(-7.10590262e-06, 7.78043264e-06)
(-8.92361363e-06, 1.02854527e-05)
(-1.07260885e-05, 1.27698126e-05)
(-1.25097832e-05, 1.52286422e-05)
(-1.42711903e-05, 1.76571221e-05)
(-1.60068464e-05, 2.00504926e-05)
(-1.77133387e-05, 2.24040640e-05)
(-1.93873118e-05, 2.47132247e-05)
(-2.10254742e-05, 2.69734515e-05)
(-2.26246052e-05, 2.91803177e-05)
(-2.41815608e-05, 3.13295022e-05)
(-2.56932802e-05, 3.34167981e-05)
(-2.71567919e-05, 3.54381206e-05)
(-2.85692191e-05, 3.73895156e-05)
(-2.99277862e-05, 3.92671674e-05)
(-3.12298236e-05, 4.10674059e-05)
(-3.24727732e-05, 4.27867141e-05)
(-3.36541935e-05, 4.44217351e-05)
(-3.47717644e-05, 4.59692785e-05)
(-3.58232919e-05, 4.74263271e-05)
(-3.68067120e-05, 4.87900423e-05)
(-3.77200955e-05, 5.00577702e-05)
(-3.85616512e-05, 5.12270467e-05)
(-3.93297295e-05, 5.22956019e-05)
(-4.00228261e-05, 5.32613655e-05)
(-4.06395844e-05, 5.41224699e-05)
(-4.11787986e-05, 5.48772547e-05)
(-4.16394157e-05, 5.55242692e-05)
(-4.20205381e-05, 5.60622760e-05)
(-4.23214248e-05, 5.64902529e-05)
(-4.25414930e-05, 5.68073950e-05)
(-4.26803194e-05, 5.70131166e-05)
(-4.27376411e-05, 5.71070519e-05)
(-4.27133556e-05, 5.70890560e-05)
(-4.26075216e-05, 5.69592050e-05)
(-4.24203583e-05, 5.67177960e-05)
(-4.21522453e-05, 5.63653461e-05)
(-4.18037217e-05, 5.59025922e-05)
(-4.13754850e-05, 5.53304885e-05)
(-4.08683898e-05, 5.46502053e-05)
(-4.02834457e-05, 5.38631264e-05)
(-3.96218158e-05, 5.29708464e-05)
(-3.88848140e-05, 5.19751676e-05)
(-3.80739022e-05, 5.08780962e-05)
(-3.71906879e-05, 4.96818386e-05)
(-3.62369206e-05, 4.83887969e-05)
(-3.52144883e-05, 4.70015641e-05)
(-3.41254138e-05, 4.55229190e-05)
(-3.29718507e-05, 4.39558207e-05)
(-3.17560789e-05, 4.23034027e-05)
(-3.04805002e-05, 4.05689667e-05)
(-2.91476336e-05, 3.87559763e-05)
(-2.77601098e-05, 3.68680497e-05)
(-2.63206665e-05, 3.49089530e-05)
(-2.48321425e-05, 3.28825923e-05)
(-2.32974724e-05, 3.07930063e-05)
(-2.17196803e-05, 2.86443584e-05)
(-2.01018742e-05, 2.64409281e-05)
(-1.84472395e-05, 2.41871027e-05)
(-1.67590328e-05, 2.18873689e-05)
(-1.50405753e-05, 1.95463034e-05)
(-1.32952462e-05, 1.71685645e-05)
(-1.15264760e-05, 1.47588821e-05)
(-9.73773971e-06, 1.23220493e-05)
(-7.93254974e-06, 9.86291213e-06)
(-6.11444909e-06, 7.38636035e-06)
(-4.28700423e-06, 4.89731781e-06)
(-2.45379797e-06, 2.40073259e-06)
(-6.18422372e-07,-9.84326548e-08)
( 1.21552841e-06,-2.59521057e-06)
( 3.04446526e-06,-5.08463887e-06)
( 4.86481127e-06,-7.56177012e-06)
( 6.67300882e-06,-1.00216815e-05)
( 8.46552663e-06,-1.24594847e-05)
( 1.02388668e-05,-1.48703350e-05)
( 1.19895717e-05,-1.72494418e-05)
( 1.37142309e-05,-1.95920770e-05)
( 1.54094878e-05,-2.18935851e-05)
( 1.70720464e-05,-2.41493921e-05)
( 1.86986779e-05,-2.63550144e-05)
( 2.02862268e-05,-2.85060680e-05)
( 2.18316173e-05,-3.05982767e-05)
( 2.33318594e-05,-3.26274810e-05)
( 2.47840549e-05,-3.45896460e-05)
( 2.61854027e-05,-3.64808693e-05)
( 2.75332048e-05,-3.82973891e-05)
( 2.88248713e-05,-4.00355912e-05)
( 3.00579256e-05,-4.16920164e-05)
( 3.12300092e-05,-4.32633670e-05)
( 3.23388864e-05,-4.47465138e-05)
( 3.33824486e-05,-4.61385020e-05)
( 3.43587184e-05,-4.74365568e-05)
( 3.52658534e-05,-4.86380894e-05)
( 3.61021499e-05,-4.97407018e-05)
( 3.68660463e-05,-5.07421915e-05)
( 3.75561257e-05,-5.16405559e-05)
( 3.81711190e-05,-5.24339965e-05)
( 3.87099071e-05,-5.31209221e-05)
( 3.91715233e-05,-5.36999522e-05)
( 3.95551546e-05,-5.41699198e-05)
( 3.98601438e-05,-5.45298732e-05)
( 4.00859903e-05,-5.47790788e-05)
( 4.02323511e-05,-5.49170216e-05)
( 4.02990414e-05,-5.49434071e-05)
( 4.02860348e-05,-5.48581611e-05)
( 4.01934632e-05,-5.46614307e-05)
( 4.00216165e-05,-5.43535833e-05)
( 3.97709418e-05,-5.39352064e-05)
( 3.94420425e-05,-5.34071063e-05)
( 3.90356768e-05,-5.27703065e-05)
( 3.85527564e-05,-5.20260458e-05)
( 3.79943441e-05,-5.11757759e-05)
( 3.73616520e-05,-5.02211586e-05)
( 3.66560386e-05,-4.91640623e-05)
( 3.58790064e-05,-4.80065589e-05)
( 3.50321983e-05,-4.67509193e-05)
( 3.41173945e-05,-4.53996090e-05)
( 3.31365089e-05,-4.39552835e-05)
( 3.20915850e-05,-4.24207830e-05)
( 3.09847918e-05,-4.07991270e-05)
( 2.98184194e-05,-3.90935080e-05)
( 2.85948744e-05,-3.73072858e-05)
( 2.73166747e-05,-3.54439804e-05)
( 2.59864449e-05,-3.35072656e-05)
( 2.46069104e-05,-3.15009613e-05)
( 2.31808926e-05,-2.94290266e-05)
( 2.17113023e-05,-2.72955515e-05)
( 2.02011349e-05,-2.51047493e-05)
( 1.86534633e-05,-2.28609481e-05)
( 1.70714324e-05,-2.05685824e-05)
( 1.54582528e-05,-1.82321845e-05)
( 1.38171938e-05,-1.58563754e-05)
( 1.21515774e-05,-1.34458560e-05)
( 1.04647715e-05,-1.10053977e-05)
( 8.76018290e-06,-8.53983302e-06)
( 7.04125084e-06,-6.05404634e-06)
( 5.31143995e-06,-3.55296406e-06)
( 3.57423336e-06,-1.04154506e-06)
( 1.83312578e-06, 1.47522905e-06)
( 9.16165085e-08, 3.99236372e-06)
(-1.64679749e-06, 6.50486129e-06)
(-3.37862858e-06, 9.00773079e-06)
(-5.10040533e-06, 1.14959977e-05)
(-6.80867944e-06, 1.39647140e-05)
(-8.50003256e-06, 1.64089673e-05)
(-1.01710831e-05, 1.88238913e-05)
(-1.18184928e-05, 2.12046747e-05)
(-1.34389734e-05, 2.35465711e-05)
(-1.50292933e-05, 2.58449080e-05)
(-1.65862836e-05, 2.80950964e-05)
(-1.81068445e-05, 3.02926396e-05)
(-1.95879515e-05, 3.24331420e-05)
(-2.10266613e-05, 3.45123179e-05)
(-2.24201174e-05, 3.65260002e-05)
(-2.37655558e-05, 3.84701480e-05)
(-2.50603106e-05, 4.03408553e-05)
(-2.63018189e-05, 4.21343583e-05)
(-2.74876260e-05, 4.38470429e-05)
(-2.86153901e-05, 4.54754520e-05)
(-2.96828870e-05, 4.70162923e-05)
(-3.06880142e-05, 4.84664408e-05)
(-3.16287950e-05, 4.98229510e-05)
(-3.25033825e-05, 5.10830589e-05)
(-3.33100630e-05, 5.22441884e-05)
(-3.40472593e-05, 5.33039563e-05)
(-3.47135339e-05, 5.42601774e-05)
(-3.53075915e-05, 5.51108687e-05)
(-3.58282815e-05, 5.58542534e-05)
(-3.62746003e-05, 5.64887645e-05)
(-3.66456931e-05, 5.70130479e-05)
(-3.69408553e-05, 5.74259654e-05)
(-3.71595343e-05, 5.77265969e-05)
(-3.73013297e-05, 5.79142421e-05)
(-3.73659948e-05, 5.79884223e-05)
(-3.73534364e-05, 5.79488814e-05)
(-3.72637151e-05, 5.77955864e-05)
(-3.70970449e-05, 5.75287278e-05)
(-3.68537930e-05, 5.71487189e-05)
(-3.65344787e-05, 5.66561956e-05)
(-3.61397722e-05, 5.60520152e-05)
(-3.56704934e-05, 5.53372543e-05)
(-3.51276101e-05, 5.45132076e-05)
(-3.45122359e-05, 5.35813848e-05)
(-3.38256280e-05, 5.25435084e-05)
(-3.30691845e-05, 5.14015096e-05)
(-3.22444416e-05, 5.01575255e-05)
(-3.13530707e-05, 4.88138945e-05)
(-3.03968747e-05, 4.73731519e-05)
(-2.93777844e-05, 4.58380251e-05)
(-2.82978547e-05, 4.42114284e-05)
(-2.71592606e-05, 4.24964571e-05)
(-2.59642925e-05, 4.06963821e-05)
(-2.47153519e-05, 3.88146430e-05)
(-2.34149466e-05, 3.68548417e-05)
(-2.20656854e-05, 3.48207355e-05)
(-2.06702732e-05, 3.27162296e-05)
(-1.92315055e-05, 3.05453696e-05)
(-1.77522628e-05, 2.83123339e-05)
(-1.62355051e-05, 2.60214252e-05)
(-1.46842657e-05, 2.36770622e-05)
(-1.31016455e-05, 2.12837713e-05)
(-1.14908065e-05, 1.88461774e-05)
(-9.85496603e-06, 1.63689952e-05)
(-8.19738996e-06, 1.38570196e-05)
(-6.52138647e-06, 1.13151167e-05)
(-4.83029950e-06, 8.74821423e-06)
(-3.12750210e-06, 6.16129182e-06)
(-1.41638987e-06, 3.55937125e-06)
( 2.99625806e-07, 9.47506714e-07)
( 2.01712440e-06,-1.66922517e-06)
( 3.73268299e-06,-4.28573526e-06)
( 5.44288300e-06,-6.89693186e-06)
( 7.14431686e-06,-9.49773077e-06)
( 8.83359473e-06,-1.20830652e-05)
( 1.05073511e-05,-1.46478957e-05)
( 1.21622515e-05,-1.71872203e-05)
( 1.37949989e-05,-1.96960840e-05)
( 1.54023401e-05,-2.21695888e-05)
( 1.69810723e-05,-2.46029030e-05)
( 1.85280492e-05,-2.69912713e-05)
( 2.00401872e-05,-2.93300236e-05)
( 2.15144715e-05,-3.16145845e-05)
( 2.29479617e-05,-3.38404822e-05)
( 2.43377978e-05,-3.60033577e-05)
( 2.56812059e-05,-3.80989727e-05)
( 2.69755032e-05,-4.01232187e-05)
( 2.82181033e-05,-4.20721247e-05)
( 2.94065216e-05,-4.39418655e-05)
( 3.05383798e-05,-4.57287686e-05)
( 3.16114106e-05,-4.74293221e-05)
( 3.26234620e-05,-4.90401814e-05)
( 3.35725018e-05,-5.05581760e-05)
( 3.44566211e-05,-5.19803157e-05)
( 3.52740384e-05,-5.33037966e-05)
( 3.60231027e-05,-5.45260066e-05)
( 3.67022971e-05,-5.56445307e-05)
( 3.73102412e-05,-5.66571561e-05)
( 3.78456944e-05,-5.75618760e-05)
( 3.83075576e-05,-5.83568943e-05)
( 3.86948760e-05,-5.90406289e-05)
( 3.90068404e-05,-5.96117149e-05)
( 3.92427889e-05,-6.00690075e-05)
( 3.94022085e-05,-6.04115841e-05)
( 3.94847356e-05,-6.06387467e-05)
( 3.94901569e-05,-6.07500227e-05)
( 3.94184097e-05,-6.07451664e-05)
( 3.92695822e-05,-6.06241596e-05)
( 3.90439131e-05,-6.03872114e-05)
( 3.87417913e-05,-6.00347580e-05)
( 3.83637549e-05,-5.95674622e-05)
( 3.79104902e-05,-5.89862117e-05)
( 3.73828304e-05,-5.82921177e-05)
( 3.67817541e-05,-5.74865131e-05)
( 3.61083830e-05,-5.65709493e-05)
( 3.53639802e-05,-5.55471936e-05)
( 3.45499470e-05,-5.44172260e-05)
( 3.36678211e-05,-5.31832348e-05)
( 3.27192727e-05,-5.18476129e-05)
( 3.17061020e-05,-5.04129527e-05)
( 3.06302349e-05,-4.88820416e-05)
( 2.94937199e-05,-4.72578561e-05)
( 2.82987239e-05,-4.55435560e-05)
( 2.70475279e-05,-4.37424785e-05)
( 2.57425225e-05,-4.18581316e-05)
( 2.43862034e-05,-3.98941869e-05)
( 2.29811664e-05,-3.78544731e-05)
( 2.15301025e-05,-3.57429676e-05)
( 2.00357925e-05,-3.35637895e-05)
( 1.85011018e-05,-3.13211909e-05)
( 1.69289745e-05,-2.90195490e-05)
( 1.53224280e-05,-2.66633570e-05)
( 1.36845468e-05,-2.42572159e-05)
( 1.20184768e-05,-2.18058249e-05)
( 1.03274192e-05,-1.93139723e-05)
( 8.61462378e-06,-1.67865261e-05)
( 6.88338325e-06,-1.42284244e-05)
( 5.13702635e-06,-1.16446658e-05)
( 3.37891163e-06,-9.04029904e-06)
( 1.61242078e-06,-6.42041368e-06)
(-1.59047836e-07,-3.79012960e-06)
(-1.93208587e-06,-1.15458705e-06)
(-3.70328157e-06, 1.48106355e-06)
(-5.46922644e-06, 4.11167175e-06)
(-7.22652187e-06, 6.73209732e-06)
(-8.97178571e-06, 9.33722036e-06)
(-1.07016589e-05, 1.19219515e-05)
(-1.24128119e-05, 1.44812418e-05)
(-1.41019513e-05, 1.70100930e-05)
(-1.57658263e-05, 1.95035673e-05)
(-1.74012345e-05, 2.19567970e-05)
(-1.90050289e-05, 2.43649946e-05)
(-2.05741234e-05, 2.67234614e-05)
(-2.21054992e-05, 2.90275980e-05)
(-2.35962104e-05, 3.12729123e-05)
(-2.50433899e-05, 3.34550293e-05)
(-2.64442548e-05, 3.55696990e-05)
(-2.77961120e-05, 3.76128054e-05)
(-2.90963634e-05, 3.95803746e-05)
(-3.03425107e-05, 4.14685823e-05)
(-3.15321607e-05, 4.32737617e-05)
(-3.26630296e-05, 4.49924109e-05)
(-3.37329476e-05, 4.66211993e-05)
(-3.47398629e-05, 4.81569750e-05)
(-3.56818460e-05, 4.95967702e-05)
(-3.65570932e-05, 5.09378079e-05)
(-3.73639305e-05, 5.21775066e-05)
(-3.81008160e-05, 5.33134863e-05)
(-3.87663439e-05, 5.43435724e-05)
(-3.93592466e-05, 5.52658005e-05)
(-3.98783972e-05, 5.60784202e-05)
(-4.03228120e-05, 5.67798985e-05)
(-4.06916520e-05, 5.73689228e-05)
(-4.09842250e-05, 5.78444036e-05)
(-4.11999862e-05, 5.82054767e-05)
(-4.13385401e-05, 5.84515048e-05)
(-4.13996405e-05, 5.85820787e-05)
(-4.13831916e-05, 5.85970181e-05)
(-4.12892476e-05, 5.84963723e-05)
(-4.11180129e-05, 5.82804194e-05)
(-4.08698416e-05, 5.79496663e-05)
(-4.05452367e-05, 5.75048477e-05)
(-4.01448493e-05, 5.69469241e-05)
(-3.96694770e-05, 5.62770802e-05)
(-3.91200625e-05, 5.54967227e-05)
(-3.84976918e-05, 5.46074771e-05)
(-3.78035917e-05, 5.36111846e-05)
(-3.70391279e-05, 5.25098985e-05)
(-3.62058018e-05, 5.13058801e-05)
(-3.53052477e-05, 5.00015938e-05)
(-3.43392297e-05, 4.85997026e-05)
(-3.33096380e-05, 4.71030628e-05)
(-3.22184854e-05, 4.55147178e-05)
(-3.10679030e-05, 4.38378924e-05)
(-2.98601363e-05, 4.20759865e-05)
(-2.85975406e-05, 4.02325677e-05)
(-2.72825765e-05, 3.83113649e-05)
(-2.59178047e-05, 3.63162603e-05)
(-2.45058814e-05, 3.42512817e-05)
(-2.30495527e-05, 3.21205950e-05)
(-2.15516493e-05, 2.99284950e-05)
(-2.00150811e-05, 2.76793975e-05)
(-1.84428311e-05, 2.53778303e-05)
(-1.68379498e-05, 2.30284240e-05)
(-1.52035490e-05, 2.06359030e-05)
(-1.35427958e-05, 1.82050758e-05)
(-1.18589063e-05, 1.57408256e-05)
(-1.01551393e-05, 1.32481005e-05)
(-8.43478967e-06, 1.07319037e-05)
(-6.70118218e-06, 8.19728311e-06)
(-4.95766470e-06, 5.64932195e-06)
(-3.20760170e-06, 3.09312809e-06)
(-1.45436761e-06, 5.33824045e-07)
( 2.98659852e-07,-2.02346328e-06)
( 2.04810629e-06,-4.57361277e-06)
( 3.79060733e-06,-7.11151938e-06)
( 5.52281519e-06,-9.63210423e-06)
( 7.24140528e-06,-1.21303248e-05)
( 8.94308279e-06,-1.46011850e-05)
( 1.06245891e-05,-1.70397450e-05)
( 1.22827082e-05,-1.94411312e-05)
( 1.39142730e-05,-2.18005458e-05)
( 1.55161717e-05,-2.41132766e-05)
( 1.70853537e-05,-2.63747062e-05)
( 1.86188355e-05,-2.85803211e-05)
( 2.01137068e-05,-3.07257209e-05)
( 2.15671363e-05,-3.28066270e-05)
( 2.29763767e-05,-3.48188909e-05)
( 2.43387706e-05,-3.67585028e-05)
( 2.56517553e-05,-3.86215994e-05)
( 2.69128683e-05,-4.04044715e-05)
( 2.81197514e-05,-4.21035713e-05)
( 2.92701560e-05,-4.37155200e-05)
( 3.03619469e-05,-4.52371137e-05)
( 3.13931067e-05,-4.66653303e-05)
( 3.23617397e-05,-4.79973355e-05)
( 3.32660756e-05,-4.92304881e-05)
( 3.41044725e-05,-5.03623454e-05)
( 3.48754206e-05,-5.13906681e-05)
( 3.55775447e-05,-5.23134249e-05)
( 3.62096071e-05,-5.31287959e-05)
( 3.67705094e-05,-5.38351768e-05)
( 3.72592952e-05,-5.44311819e-05)
( 3.76751515e-05,-5.49156467e-05)
( 3.80174101e-05,-5.52876304e-05)
( 3.82855489e-05,-5.55464174e-05)
( 3.84791930e-05,-5.56915192e-05)
( 3.85981148e-05,-5.57226747e-05)
( 3.86422348e-05,-5.56398513e-05)
( 3.86116211e-05,-5.54432446e-05)
( 3.85064898e-05,-5.51332782e-05)
( 3.83272036e-05,-5.47106023e-05)
( 3.80742713e-05,-5.41760932e-05)
( 3.77483469e-05,-5.35308508e-05)
( 3.73502276e-05,-5.27761968e-05)
( 3.68808523e-05,-5.19136719e-05)
( 3.63412995e-05,-5.09450326e-05)
( 3.57327851e-05,-4.98722479e-05)
( 3.50566598e-05,-4.86974953e-05)
( 3.43144058e-05,-4.74231564e-05)
( 3.35076343e-05,-4.60518119e-05)
( 3.26380819e-05,-4.45862371e-05)
( 3.17076066e-05,-4.30293955e-05)
( 3.07181845e-05,-4.13844338e-05)
( 2.96719053e-05,-3.96546747e-05)
( 2.85709681e-05,-3.78436111e-05)
( 2.74176768e-05,-3.59548985e-05)
( 2.62144356e-05,-3.39923482e-05)
( 2.49637434e-05,-3.19599193e-05)
( 2.36681896e-05,-2.98617112e-05)
( 2.23304478e-05,-2.77019553e-05)
( 2.09532711e-05,-2.54850062e-05)
( 1.95394862e-05,-2.32153338e-05)
( 1.80919873e-05,-2.08975138e-05)
( 1.66137306e-05,-1.85362186e-05)
( 1.51077284e-05,-1.61362086e-05)
( 1.35770424e-05,-1.37023219e-05)
( 1.20247780e-05,-1.12394655e-05)
( 1.04540776e-05,-8.75260504e-06)
( 8.86811471e-06,-6.24675491e-06)
( 7.27008702e-06,-3.72696861e-06)
( 5.66321025e-06,-1.19832851e-06)
( 4.05071156e-06, 1.33406424e-06)
( 2.43582305e-06, 3.86509979e-06)
( 8.21775242e-07, 6.38966978e-06)
(-7.88209399e-07, 8.90267746e-06)
(-2.39092296e-06, 1.13990478e-05)
(-3.98317850e-06, 1.38737377e-05)
(-5.56181643e-06, 1.63217456e-05)
(-7.12371084e-06, 1.87381221e-05)
(-8.66577573e-06, 2.11179792e-05)
(-1.01849712e-05, 2.34565001e-05)
(-1.16783094e-05, 2.57489490e-05)
(-1.31428606e-05, 2.79906804e-05)
(-1.45757589e-05, 3.01771482e-05)
(-1.59742080e-05, 3.23039150e-05)
(-1.73354864e-05, 3.43666607e-05)
(-1.86569535e-05, 3.63611910e-05)
(-1.99360537e-05, 3.82834462e-05)
(-2.11703225e-05, 4.01295088e-05)
(-2.23573905e-05, 4.18956115e-05)
(-2.34949887e-05, 4.35781446e-05)
(-2.45809521e-05, 4.51736634e-05)
(-2.56132247e-05, 4.66788949e-05)
(-2.65898628e-05, 4.80907444e-05)
(-2.75090394e-05, 4.94063017e-05)
(-2.83690469e-05, 5.06228466e-05)
(-2.91683009e-05, 5.17378551e-05)
(-2.99053431e-05, 5.27490036e-05)
(-3.05788437e-05, 5.36541741e-05)
(-3.11876045e-05, 5.44514583e-05)
(-3.17305602e-05, 5.51391615e-05)
(-3.22067810e-05, 5.57158061e-05)
(-3.26154741e-05, 5.61801343e-05)
(-3.29559848e-05, 5.65311111e-05)
(-3.32277978e-05, 5.67679261e-05)
(-3.34305379e-05, 5.68899956e-05)
(-3.35639706e-05, 5.68969632e-05)
(-3.36280020e-05, 5.67887013e-05)
(-3.36226792e-05, 5.65653112e-05)
(-3.35481897e-05, 5.62271228e-05)
(-3.34048605e-05, 5.57746944e-05)
(-3.31931578e-05, 5.52088114e-05)
(-3.29136851e-05, 5.45304853e-05)
(-3.25671822e-05, 5.37409512e-05)
(-3.21545233e-05, 5.28416662e-05)
(-3.16767151e-05, 5.18343062e-05)
(-3.11348942e-05, 5.07207626e-05)
(-3.05303248e-05, 4.95031393e-05)
(-2.98643959e-05, 4.81837480e-05)
(-2.91386182e-05, 4.67651043e-05)
(-2.83546209e-05, 4.52499225e-05)
(-2.75141478e-05, 4.36411105e-05)
(-2.66190543e-05, 4.19417644e-05)
(-2.56713027e-05, 4.01551623e-05)
(-2.46729583e-05, 3.82847579e-05)
(-2.36261853e-05, 3.63341741e-05)
(-2.25332419e-05, 3.43071958e-05)
(-2.13964754e-05, 3.22077625e-05)
(-2.02183179e-05, 3.00399610e-05)
(-1.90012806e-05, 2.78080170e-05)
(-1.77479489e-05, 2.55162874e-05)
(-1.64609770e-05, 2.31692511e-05)
(-1.51430824e-05, 2.07715014e-05)
(-1.37970401e-05, 1.83277358e-05)
(-1.24256772e-05, 1.58427479e-05)
(-1.10318669e-05, 1.33214175e-05)
(-9.61852240e-06, 1.07687010e-05)
(-8.18859151e-06, 8.18962236e-06)
(-6.74505010e-06, 5.58926249e-06)
(-5.29089626e-06, 2.97274991e-06)
(-3.82914417e-06, 3.45250441e-07)
(-2.36281798e-06,-2.28804278e-06)
(-8.94945665e-07,-4.92191955e-06)
( 5.71447060e-07,-7.55116274e-06)
( 2.03334288e-06,-1.01705586e-05)
( 3.48773895e-06,-1.27749068e-05)
( 4.93165292e-06,-1.53590310e-05)
( 6.36212893e-06,-1.79177886e-05)
( 7.77624351e-06,-2.04460812e-05)
( 9.17111146e-06,-2.29388644e-05)
( 1.05438916e-05,-2.53911580e-05)
( 1.18917923e-05,-2.77980553e-05)
( 1.32120773e-05,-3.01547335e-05)
( 1.45020708e-05,-3.24564627e-05)
( 1.57591630e-05,-3.46986155e-05)
( 1.69808153e-05,-3.68766761e-05)
( 1.81645648e-05,-3.89862490e-05)
( 1.93080298e-05,-4.10230684e-05)
( 2.04089142e-05,-4.29830060e-05)
( 2.14650117e-05,-4.48620795e-05)
( 2.24742105e-05,-4.66564606e-05)
( 2.34344972e-05,-4.83624826e-05)
( 2.43439608e-05,-4.99766477e-05)
( 2.52007963e-05,-5.14956341e-05)
( 2.60033080e-05,-5.29163026e-05)
( 2.67499133e-05,-5.42357031e-05)
( 2.74391450e-05,-5.54510804e-05)
( 2.80696545e-05,-5.65598799e-05)
( 2.86402144e-05,-5.75597528e-05)
( 2.91497204e-05,-5.84485608e-05)
( 2.95971936e-05,-5.92243809e-05)
( 2.99817825e-05,-5.98855088e-05)
( 3.03027640e-05,-6.04304631e-05)
( 3.05595449e-05,-6.08579880e-05)
( 3.07516633e-05,-6.11670564e-05)
( 3.08787885e-05,-6.13568716e-05)
( 3.09407225e-05,-6.14268698e-05)
( 3.09373993e-05,-6.13767211e-05)
( 3.08688855e-05,-6.12063303e-05)
( 3.07353796e-05,-6.09158376e-05)
( 3.05372116e-05,-6.05056187e-05)
( 3.02748422e-05,-5.99762840e-05)
( 2.99488616e-05,-5.93286779e-05)
( 2.95599885e-05,-5.85638775e-05)
( 2.91090678e-05,-5.76831906e-05)
( 2.85970694e-05,-5.66881534e-05)
( 2.80250861e-05,-5.55805280e-05)
( 2.73943309e-05,-5.43622991e-05)
( 2.67061345e-05,-5.30356703e-05)
( 2.59619430e-05,-5.16030604e-05)
( 2.51633142e-05,-5.00670983e-05)
( 2.43119149e-05,-4.84306189e-05)
( 2.34095172e-05,-4.66966571e-05)
( 2.24579950e-05,-4.48684428e-05)
( 2.14593200e-05,-4.29493942e-05)
( 2.04155578e-05,-4.09431118e-05)
( 1.93288637e-05,-3.88533714e-05)
( 1.82014784e-05,-3.66841169e-05)
( 1.70357231e-05,-3.44394530e-05)
( 1.58339952e-05,-3.21236371e-05)
( 1.45987635e-05,-2.97410715e-05)
( 1.33325628e-05,-2.72962948e-05)
( 1.20379892e-05,-2.47939731e-05)
( 1.07176948e-05,-2.22388913e-05)
( 9.37438231e-06,-1.96359438e-05)
( 8.01079970e-06,-1.69901248e-05)
( 6.62973470e-06,-1.43065191e-05)
( 5.23400928e-06,-1.15902923e-05)
( 3.82647396e-06,-8.84668008e-06)
( 2.41000220e-06,-6.08097906e-06)
( 9.87484657e-07,-3.29853585e-06)
(-4.38176551e-07,-5.04736868e-07)
(-1.86407359e-06, 2.29500210e-06)
(-3.28729869e-06, 5.09524650e-06)
(-4.70494987e-06, 7.89055357e-06)
(-6.11413672e-06, 1.06754830e-05)
(-7.51198611e-06, 1.34446075e-05)
(-8.89564781e-06, 1.61925236e-05)
(-1.02623002e-05, 1.89138620e-05)
(-1.16091558e-05, 2.16032982e-05)
(-1.29334667e-05, 2.42555631e-05)
(-1.42325302e-05, 2.68654531e-05)
(-1.55036938e-05, 2.94278406e-05)
(-1.67443607e-05, 3.19376840e-05)
(-1.79519948e-05, 3.43900376e-05)
(-1.91241257e-05, 3.67800617e-05)
(-2.02583537e-05, 3.91030318e-05)
(-2.13523541e-05, 4.13543480e-05)
(-2.24038823e-05, 4.35295445e-05)
(-2.34107780e-05, 4.56242983e-05)
(-2.43709693e-05, 4.76344376e-05)
(-2.52824770e-05, 4.95559505e-05)
(-2.61434185e-05, 5.13849928e-05)
(-2.69520113e-05, 5.31178959e-05)
(-2.77065766e-05, 5.47511741e-05)
(-2.84055427e-05, 5.62815314e-05)
(-2.90474481e-05, 5.77058687e-05)
(-2.96309443e-05, 5.90212895e-05)
(-3.01547985e-05, 6.02251064e-05)
(-3.06178960e-05, 6.13148460e-05)
(-3.10192426e-05, 6.22882544e-05)
(-3.13579663e-05, 6.31433017e-05)
(-3.16333194e-05, 6.38781865e-05)
(-3.18446794e-05, 6.44913390e-05)
(-3.19915511e-05, 6.49814251e-05)
(-3.20735669e-05, 6.53473490e-05)
(-3.20904879e-05, 6.55882553e-05)
(-3.20422044e-05, 6.57035314e-05)
(-3.19287361e-05, 6.56928087e-05)
(-3.17502321e-05, 6.55559637e-05)
(-3.15069707e-05, 6.52931183e-05)
(-3.11993590e-05, 6.49046402e-05)
(-3.08279320e-05, 6.43911421e-05)
(-3.03933519e-05, 6.37534807e-05)
(-2.98964064e-05, 6.29927558e-05)
(-2.93380077e-05, 6.21103077e-05)
(-2.87191905e-05, 6.11077154e-05)
(-2.80411102e-05, 5.99867934e-05)
(-2.73050407e-05, 5.87495884e-05)
(-2.65123720e-05, 5.73983757e-05)
(-2.56646072e-05, 5.59356548e-05)
(-2.47633602e-05, 5.43641449e-05)
(-2.38103524e-05, 5.26867795e-05)
(-2.28074093e-05, 5.09067009e-05)
(-2.17564569e-05, 4.90272548e-05)
(-2.06595185e-05, 4.70519828e-05)
(-1.95187102e-05, 4.49846169e-05)
(-1.83362375e-05, 4.28290714e-05)
(-1.71143904e-05, 4.05894359e-05)
(-1.58555394e-05, 3.82699670e-05)
(-1.45621308e-05, 3.58750807e-05)
(-1.32366822e-05, 3.34093434e-05)
(-1.18817771e-05, 3.08774630e-05)
(-1.05000607e-05, 2.82842803e-05)
(-9.09423383e-06, 2.56347590e-05)
(-7.66704868e-06, 2.29339766e-05)
(-6.22130280e-06, 2.01871140e-05)
(-4.75983393e-06, 1.73994460e-05)
(-3.28551444e-06, 1.45763304e-05)
(-1.80124578e-06, 1.17231979e-05)
(-3.09952774e-07, 8.84554174e-06)
( 1.18542203e-06, 5.94890628e-06)
( 2.68192411e-06, 3.03887674e-06)
( 4.17659277e-06, 1.21068033e-07)
( 5.66646689e-06,-2.79888622e-06)
( 7.14859074e-06,-5.71534472e-06)
( 8.62001979e-06,-8.62266957e-06)
( 1.00778264e-05,-1.15152373e-05)
( 1.15191058e-05,-1.43874501e-05)
( 1.29409816e-05,-1.72337465e-05)
( 1.43406112e-05,-2.00486126e-05)
( 1.57151923e-05,-2.28265928e-05)
( 1.70619673e-05,-2.55623005e-05)
( 1.83782297e-05,-2.82504289e-05)
( 1.96613288e-05,-3.08857614e-05)
( 2.09086755e-05,-3.34631815e-05)
( 2.21177470e-05,-3.59776836e-05)
( 2.32860920e-05,-3.84243823e-05)
( 2.44113360e-05,-4.07985223e-05)
( 2.54911852e-05,-4.30954879e-05)
( 2.65234320e-05,-4.53108117e-05)
( 2.75059589e-05,-4.74401840e-05)
( 2.84367428e-05,-4.94794608e-05)
( 2.93138595e-05,-5.14246725e-05)
( 3.01354870e-05,-5.32720313e-05)
( 3.08999100e-05,-5.50179388e-05)
( 3.16055225e-05,-5.66589936e-05)
( 3.22508319e-05,-5.81919974e-05)
( 3.28344616e-05,-5.96139616e-05)
( 3.33551543e-05,-6.09221133e-05)
( 3.38117740e-05,-6.21139007e-05)
( 3.42033091e-05,-6.31869982e-05)
( 3.45288741e-05,-6.41393111e-05)
( 3.47877117e-05,-6.49689795e-05)
( 3.49791945e-05,-6.56743824e-05)
( 3.51028264e-05,-6.62541403e-05)
( 3.51582437e-05,-6.67071188e-05)
( 3.51452159e-05,-6.70324299e-05)
( 3.50636467e-05,-6.72294347e-05)
( 3.49135742e-05,-6.72977439e-05)
( 3.46951709e-05,-6.72372190e-05)
( 3.44087436e-05,-6.70479726e-05)
( 3.40547332e-05,-6.67303679e-05)
( 3.36337140e-05,-6.62850183e-05)
( 3.31463923e-05,-6.57127861e-05)
( 3.25936059e-05,-6.50147805e-05)
( 3.19763221e-05,-6.41923560e-05)
( 3.12956363e-05,-6.32471091e-05)
( 3.05527699e-05,-6.21808756e-05)
( 2.97490680e-05,-6.09957268e-05)
( 2.88859971e-05,-5.96939654e-05)
( 2.79651423e-05,-5.82781209e-05)
( 2.69882045e-05,-5.67509447e-05)
( 2.59569968e-05,-5.51154048e-05)
( 2.48734415e-05,-5.33746793e-05)
( 2.37395665e-05,-5.15321510e-05)
( 2.25575010e-05,-4.95914002e-05)
( 2.13294718e-05,-4.75561974e-05)
( 2.00577992e-05,-4.54304966e-05)
( 1.87448919e-05,-4.32184267e-05)
( 1.73932432e-05,-4.09242838e-05)
( 1.60054255e-05,-3.85525226e-05)
( 1.45840858e-05,-3.61077476e-05)
( 1.31319403e-05,-3.35947040e-05)
( 1.16517694e-05,-3.10182685e-05)
( 1.01464118e-05,-2.83834394e-05)
( 8.61875969e-06,-2.56953267e-05)
( 7.07175237e-06,-2.29591427e-05)
( 5.50837104e-06,-2.01801907e-05)
( 3.93163276e-06,-1.73638555e-05)
( 2.34458452e-06,-1.45155923e-05)
( 7.50297298e-07,-1.16409158e-05)
(-8.48139970e-07,-8.74539016e-06)
(-2.44762651e-06,-5.83461704e-06)
(-4.04505578e-06,-2.91422533e-06)
(-5.63732166e-06, 1.01401673e-08)
(-7.22132452e-06, 2.93282980e-06)
(-8.79397741e-06, 5.84820010e-06)
(-1.03522122e-05, 8.75062488e-06)
(-1.18929855e-05, 1.16345062e-05)
(-1.34132851e-05, 1.44942853e-05)
(-1.49101353e-05, 1.73244537e-05)
(-1.63806037e-05, 2.01195634e-05)
(-1.78218061e-05, 2.28742382e-05)
(-1.92309132e-05, 2.55831837e-05)
(-2.06051553e-05, 2.82411977e-05)
(-2.19418287e-05, 3.08431804e-05)
(-2.32383006e-05, 3.33841444e-05)
(-2.44920145e-05, 3.58592241e-05)
(-2.57004952e-05, 3.82636852e-05)
(-2.68613541e-05, 4.05929342e-05)
(-2.79722938e-05, 4.28425267e-05)
(-2.90311126e-05, 4.50081765e-05)
(-3.00357091e-05, 4.70857636e-05)
(-3.09840864e-05, 4.90713420e-05)
(-3.18743562e-05, 5.09611475e-05)
(-3.27047423e-05, 5.27516048e-05)
(-3.34735848e-05, 5.44393345e-05)
(-3.41793427e-05, 5.60211590e-05)
(-3.48205977e-05, 5.74941093e-05)
(-3.53960566e-05, 5.88554298e-05)
(-3.59045544e-05, 6.01025842e-05)
(-3.63450562e-05, 6.12332598e-05)
(-3.67166595e-05, 6.22453718e-05)
(-3.70185961e-05, 6.31370676e-05)
(-3.72502337e-05, 6.39067295e-05)
(-3.74110772e-05, 6.45529783e-05)
(-3.75007697e-05, 6.50746753e-05)
(-3.75190930e-05, 6.54709245e-05)
(-3.74659687e-05, 6.57410740e-05)
(-3.73414576e-05, 6.58847169e-05)
(-3.71457605e-05, 6.59016924e-05)
(-3.68792170e-05, 6.57920850e-05)
(-3.65423054e-05, 6.55562248e-05)
(-3.61356415e-05, 6.51946863e-05)
(-3.56599776e-05, 6.47082870e-05)
(-3.51162009e-05, 6.40980857e-05)
(-3.45053315e-05, 6.33653798e-05)
(-3.38285211e-05, 6.25117032e-05)
(-3.30870499e-05, 6.15388222e-05)
(-3.22823247e-05, 6.04487327e-05)
(-3.14158756e-05, 5.92436553e-05)
(-3.04893533e-05, 5.79260312e-05)
(-2.95045256e-05, 5.64985169e-05)
(-2.84632742e-05, 5.49639792e-05)
(-2.73675906e-05, 5.33254889e-05)
(-2.62195721e-05, 5.15863149e-05)
(-2.50214181e-05, 4.97499177e-05)
(-2.37754253e-05, 4.78199421e-05)
(-2.24839829e-05, 4.58002103e-05)
(-2.11495687e-05, 4.36947141e-05)
(-1.97747431e-05, 4.15076068e-05)
(-1.83621449e-05, 3.92431954e-05)
(-1.69144856e-05, 3.69059316e-05)
(-1.54345437e-05, 3.45004030e-05)
(-1.39251601e-05, 3.20313247e-05)
(-1.23892313e-05, 2.95035292e-05)
(-1.08297048e-05, 2.69219573e-05)
(-9.24957219e-06, 2.42916483e-05)
(-7.65186391e-06, 2.16177302e-05)
(-6.03964299e-06, 1.89054098e-05)
(-4.41599897e-06, 1.61599621e-05)
(-2.78404183e-06, 1.33867202e-05)
(-1.14689581e-06, 1.05910654e-05)
( 4.92306739e-07, 7.77841588e-06)
( 2.13043158e-06, 4.95421678e-06)
( 3.76434871e-06, 2.12392945e-06)
( 5.39093860e-06,-7.06979105e-07)
( 7.00709824e-06,-3.53304682e-06)
( 8.60974731e-06,-6.34882708e-06)
( 1.01958342e-05,-9.14889925e-06)
( 1.17623419e-05,-1.19278791e-05)
( 1.33062940e-05,-1.46804292e-05)
( 1.48247605e-05,-1.74012691e-05)
( 1.63148634e-05,-2.00851854e-05)
( 1.77737824e-05,-2.27270419e-05)
( 1.91987602e-05,-2.53217893e-05)
( 2.05871081e-05,-2.78644750e-05)
( 2.19362108e-05,-3.03502521e-05)
( 2.32435318e-05,-3.27743891e-05)
( 2.45066181e-05,-3.51322786e-05)
( 2.57231048e-05,-3.74194464e-05)
( 2.68907195e-05,-3.96315594e-05)
( 2.80072871e-05,-4.17644341e-05)
( 2.90707333e-05,-4.38140447e-05)
( 3.00790887e-05,-4.57765301e-05)
( 3.10304927e-05,-4.76482017e-05)
( 3.19231966e-05,-4.94255502e-05)
( 3.27555670e-05,-5.11052516e-05)
( 3.35260887e-05,-5.26841743e-05)
( 3.42333674e-05,-5.41593841e-05)
( 3.48761324e-05,-5.55281501e-05)
( 3.54532385e-05,-5.67879495e-05)
( 3.59636683e-05,-5.79364725e-05)
( 3.64065337e-05,-5.89716260e-05)
( 3.67810772e-05,-5.98915379e-05)
( 3.70866738e-05,-6.06945603e-05)
( 3.73228310e-05,-6.13792723e-05)
( 3.74891901e-05,-6.19444826e-05)
( 3.75855264e-05,-6.23892316e-05)
( 3.76117492e-05,-6.27127928e-05)
( 3.75679021e-05,-6.29146743e-05)
( 3.74541619e-05,-6.29946191e-05)
( 3.72708386e-05,-6.29526057e-05)
( 3.70183742e-05,-6.27888477e-05)
( 3.66973414e-05,-6.25037933e-05)
( 3.63084423e-05,-6.20981241e-05)
( 3.58525070e-05,-6.15727536e-05)
( 3.53304910e-05,-6.09288253e-05)
( 3.47434737e-05,-6.01677102e-05)
( 3.40926555e-05,-5.92910040e-05)
( 3.33793555e-05,-5.83005237e-05)
( 3.26050086e-05,-5.71983043e-05)
( 3.17711623e-05,-5.59865943e-05)
( 3.08794733e-05,-5.46678514e-05)
( 2.99317043e-05,-5.32447373e-05)
( 2.89297204e-05,-5.17201132e-05)
( 2.78754847e-05,-5.00970330e-05)
( 2.67710549e-05,-4.83787385e-05)
( 2.56185786e-05,-4.65686519e-05)
( 2.44202892e-05,-4.46703701e-05)
( 2.31785014e-05,-4.26876568e-05)
( 2.18956062e-05,-4.06244358e-05)
( 2.05740666e-05,-3.84847831e-05)
( 1.92164124e-05,-3.62729187e-05)
( 1.78252352e-05,-3.39931990e-05)
( 1.64031833e-05,-3.16501078e-05)
( 1.49529568e-05,-2.92482479e-05)
( 1.34773016e-05,-2.67923320e-05)
( 1.19790049e-05,-2.42871739e-05)
( 1.04608891e-05,-2.17376787e-05)
( 8.92580678e-06,-1.91488339e-05)
( 7.37663512e-06,-1.65256993e-05)
( 5.81627029e-06,-1.38733974e-05)
( 4.24762200e-06,-1.11971036e-05)
( 2.67360798e-06,-8.50203617e-06)
( 1.09714847e-06,-5.79344623e-06)
(-4.78839268e-07,-3.07660757e-06)
(-2.05144645e-06,-3.56806544e-07)
(-3.61777812e-06, 2.36066809e-06)
(-5.17495862e-06, 5.07053534e-06)
(-6.72013678e-06, 7.76753218e-06)
(-8.25049127e-06, 1.04464236e-05)
(-9.76323568e-06, 1.31020127e-05)
(-1.12556236e-05, 1.57291508e-05)
(-1.27249537e-05, 1.83227470e-05)
(-1.41685743e-05, 2.08777783e-05)
(-1.55838885e-05, 2.33892993e-05)
(-1.69683585e-05, 2.58524512e-05)
(-1.83195103e-05, 2.82624719e-05)
(-1.96349379e-05, 3.06147043e-05)
(-2.09123076e-05, 3.29046059e-05)
(-2.21493618e-05, 3.51277576e-05)
(-2.33439233e-05, 3.72798714e-05)
(-2.44938988e-05, 3.93567997e-05)
(-2.55972823e-05, 4.13545424e-05)
(-2.66521588e-05, 4.32692553e-05)
(-2.76567070e-05, 4.50972569e-05)
(-2.86092029e-05, 4.68350360e-05)
(-2.95080222e-05, 4.84792582e-05)
(-3.03516429e-05, 5.00267724e-05)
(-3.11386478e-05, 5.14746170e-05)
(-3.18677270e-05, 5.28200254e-05)
(-3.25376792e-05, 5.40604315e-05)
(-3.31474140e-05, 5.51934748e-05)
(-3.36959537e-05, 5.62170048e-05)
(-3.41824338e-05, 5.71290851e-05)
(-3.46061051e-05, 5.79279974e-05)
(-3.49663341e-05, 5.86122449e-05)
(-3.52626037e-05, 5.91805548e-05)
(-3.54945142e-05, 5.96318813e-05)
(-3.56617830e-05, 5.99654075e-05)
(-3.57642451e-05, 6.01805468e-05)
(-3.58018528e-05, 6.02769445e-05)
(-3.57746755e-05, 6.02544782e-05)
(-3.56828990e-05, 6.01132581e-05)
(-3.55268248e-05, 5.98536271e-05)
(-3.53068694e-05, 5.94761601e-05)
(-3.50235628e-05, 5.89816628e-05)
(-3.46775474e-05, 5.83711702e-05)
(-3.42695763e-05, 5.76459448e-05)
(-3.38005119e-05, 5.68074743e-05)
(-3.32713236e-05, 5.58574684e-05)
(-3.26830861e-05, 5.47978558e-05)
(-3.20369766e-05, 5.36307807e-05)
(-3.13342732e-05, 5.23585982e-05)
(-3.05763516e-05, 5.09838700e-05)
(-2.97646827e-05, 4.95093598e-05)
(-2.89008294e-05, 4.79380274e-05)
(-2.79864441e-05, 4.62730234e-05)
(-2.70232651e-05, 4.45176829e-05)
(-2.60131132e-05, 4.26755192e-05)
(-2.49578885e-05, 4.07502167e-05)
(-2.38595669e-05, 3.87456242e-05)
(-2.27201960e-05, 3.66657469e-05)
(-2.15418919e-05, 3.45147390e-05)
(-2.03268347e-05, 3.22968955e-05)
(-1.90772649e-05, 3.00166436e-05)
(-1.77954792e-05, 2.76785343e-05)
(-1.64838264e-05, 2.52872334e-05)
(-1.51447032e-05, 2.28475122e-05)
(-1.37805497e-05, 2.03642387e-05)
(-1.23938452e-05, 1.78423671e-05)
(-1.09871038e-05, 1.52869289e-05)
(-9.56287001e-06, 1.27030226e-05)
(-8.12371418e-06, 1.00958036e-05)
(-6.67222794e-06, 7.47047431e-06)
(-5.21101979e-06, 4.83227349e-06)
(-3.74271049e-06, 2.18646610e-06)
(-2.26992848e-06,-4.61667167e-07)
(-7.95305417e-07,-3.10684043e-06)
( 6.78528452e-07,-5.74377310e-06)
( 2.14894878e-06,-8.36720038e-06)
( 3.61334163e-06,-1.09718838e-05)
( 5.06910796e-06,-1.35526217e-05)
( 6.51366807e-06,-1.61042596e-05)
( 7.94446599e-06,-1.86217004e-05)
( 9.35897382e-06,-2.10999150e-05)
( 1.07546960e-05,-2.35339518e-05)
( 1.21291737e-05,-2.59189474e-05)
( 1.34799888e-05,-2.82501356e-05)
( 1.48047679e-05,-3.05228578e-05)
( 1.61011866e-05,-3.27325718e-05)
( 1.73669732e-05,-3.48748614e-05)
( 1.85999128e-05,-3.69454452e-05)
( 1.97978505e-05,-3.89401854e-05)
( 2.09586955e-05,-4.08550961e-05)
( 2.20804246e-05,-4.26863513e-05)
( 2.31610853e-05,-4.44302934e-05)
( 2.41987991e-05,-4.60834399e-05)
( 2.51917650e-05,-4.76424909e-05)
( 2.61382623e-05,-4.91043360e-05)
( 2.70366532e-05,-5.04660606e-05)
( 2.78853863e-05,-5.17249520e-05)
( 2.86829983e-05,-5.28785048e-05)
( 2.94281171e-05,-5.39244267e-05)
( 3.01194640e-05,-5.48606425e-05)
( 3.07558556e-05,-5.56852993e-05)
( 3.13362060e-05,-5.63967697e-05)
( 3.18595286e-05,-5.69936559e-05)
( 3.23249379e-05,-5.74747922e-05)
( 3.27316508e-05,-5.78392478e-05)
( 3.30789879e-05,-5.80863288e-05)
( 3.33663750e-05,-5.82155799e-05)
( 3.35933438e-05,-5.82267853e-05)
( 3.37595328e-05,-5.81199693e-05)
( 3.38646881e-05,-5.78953966e-05)
( 3.39086636e-05,-5.75535720e-05)
( 3.38914215e-05,-5.70952390e-05)
( 3.38130322e-05,-5.65213792e-05)
( 3.36736747e-05,-5.58332097e-05)
( 3.34736355e-05,-5.50321813e-05)
( 3.32133093e-05,-5.41199754e-05)
( 3.28931973e-05,-5.30985007e-05)
( 3.25139073e-05,-5.19698896e-05)
( 3.20761519e-05,-5.07364938e-05)
( 3.15807481e-05,-4.94008796e-05)
( 3.10286157e-05,-4.79658226e-05)
( 3.04207754e-05,-4.64343025e-05)
( 2.97583479e-05,-4.48094967e-05)
( 2.90425515e-05,-4.30947739e-05)
( 2.82747000e-05,-4.12936875e-05)
( 2.74562011e-05,-3.94099679e-05)
( 2.65885534e-05,-3.74475154e-05)
( 2.56733444e-05,-3.54103918e-05)
( 2.47122475e-05,-3.33028120e-05)
( 2.37070194e-05,-3.11291359e-05)
( 2.26594967e-05,-2.88938588e-05)
( 2.15715935e-05,-2.66016023e-05)
( 2.04452974e-05,-2.42571051e-05)
( 1.92826667e-05,-2.18652126e-05)
( 1.80858263e-05,-1.94308674e-05)
( 1.68569645e-05,-1.69590985e-05)
( 1.55983290e-05,-1.44550115e-05)
( 1.43122230e-05,-1.19237774e-05)
( 1.30010012e-05,-9.37062203e-06)
( 1.16670656e-05,-6.80081537e-06)
( 1.03128615e-05,-4.21966019e-06)
( 8.94087299e-06,-1.63248121e-06)
( 7.55361851e-06, 9.55386136e-07)
( 6.15364657e-06, 3.53860683e-06)
( 4.74353101e-06, 6.11185748e-06)
( 3.32586652e-06, 8.66983743e-06)
( 1.90326386e-06, 1.12072799e-05)
( 4.78345206e-07, 1.37189632e-05)
(-9.46260626e-07, 1.61997214e-05)
(-2.36792299e-06, 1.86444554e-05)
(-3.78401423e-06, 2.10481436e-05)
(-5.19191448e-06, 2.34058525e-05)
(-6.58901655e-06, 2.57127471e-05)
(-7.97273076e-06, 2.79641010e-05)
(-9.34048974e-06, 3.01553064e-05)
(-1.06897533e-05, 3.22818838e-05)
(-1.20180131e-05, 3.43394915e-05)
(-1.33227976e-05, 3.63239346e-05)
(-1.46016765e-05, 3.82311741e-05)
(-1.58522657e-05, 4.00573351e-05)
(-1.70722316e-05, 4.17987151e-05)
(-1.82592957e-05, 4.34517917e-05)
(-1.94112392e-05, 4.50132304e-05)
(-2.05259070e-05, 4.64798909e-05)
(-2.16012124e-05, 4.78488344e-05)
(-2.26351407e-05, 4.91173293e-05)
(-2.36257536e-05, 5.02828568e-05)
(-2.45711931e-05, 5.13431168e-05)
(-2.54696848e-05, 5.22960320e-05)
(-2.63195422e-05, 5.31397524e-05)
(-2.71191696e-05, 5.38726593e-05)
(-2.78670657e-05, 5.44933685e-05)
(-2.85618264e-05, 5.50007328e-05)
(-2.92021484e-05, 5.53938447e-05)
(-2.97868312e-05, 5.56720381e-05)
(-3.03147804e-05, 5.58348891e-05)
(-3.07850095e-05, 5.58822173e-05)
(-3.11966426e-05, 5.58140855e-05)
(-3.15489161e-05, 5.56307999e-05)
(-3.18411805e-05, 5.53329084e-05)
(-3.20729020e-05, 5.49212001e-05)
(-3.22436639e-05, 5.43967027e-05)
(-3.23531679e-05, 5.37606805e-05)
(-3.24012343e-05, 5.30146309e-05)
(-3.23878034e-05, 5.21602815e-05)
(-3.23129357e-05, 5.11995860e-05)
(-3.21768117e-05, 5.01347193e-05)
(-3.19797323e-05, 4.89680731e-05)
(-3.17221183e-05, 4.77022503e-05)
(-3.14045098e-05, 4.63400589e-05)
(-3.10275654e-05, 4.48845060e-05)
(-3.05920613e-05, 4.33387910e-05)
(-3.00988898e-05, 4.17062982e-05)
(-2.95490577e-05, 3.99905895e-05)
(-2.89436850e-05, 3.81953964e-05)
(-2.82840022e-05, 3.63246116e-05)
(-2.75713486e-05, 3.43822804e-05)
(-2.68071694e-05, 3.23725917e-05)
(-2.59930131e-05, 3.02998690e-05)
(-2.51305287e-05, 2.81685602e-05)
(-2.42214623e-05, 2.59832286e-05)
(-2.32676538e-05, 2.37485420e-05)
(-2.22710331e-05, 2.14692632e-05)
(-2.12336166e-05, 1.91502388e-05)
(-2.01575031e-05, 1.67963893e-05)
(-1.90448691e-05, 1.44126976e-05)
(-1.78979653e-05, 1.20041987e-05)
(-1.67191113e-05, 9.57596837e-06)
(-1.55106909e-05, 7.13311205e-06)
(-1.42751477e-05, 4.68075396e-06)
(-1.30149797e-05, 2.22402587e-06)
(-1.17327340e-05,-2.31944075e-07)
(-1.04310020e-05,-2.68204235e-06)
(-9.11241337e-06,-5.12118114e-06)
(-7.77963094e-06,-7.54430928e-06)
(-6.43534494e-06,-9.94642307e-06)
(-5.08226737e-06,-1.23225770e-05)
(-3.72312615e-06,-1.46678943e-05)
(-2.36065938e-06,-1.69775773e-05)
(-9.97609443e-07,-1.92469176e-05)
( 3.63282866e-07,-2.14713061e-05)
( 1.71928425e-06,-2.36462425e-05)
( 3.06767481e-06,-2.57673448e-05)
( 4.40575395e-06,-2.78303587e-05)
( 5.73084622e-06,-2.98311658e-05)
( 7.04030718e-06,-3.17657927e-05)
( 8.33152914e-06,-3.36304188e-05)
( 9.60194691e-06,-3.54213843e-05)
( 1.08490434e-05,-3.71351973e-05)
( 1.20703551e-05,-3.87685408e-05)
( 1.32634777e-05,-4.03182795e-05)
( 1.44260713e-05,-4.17814660e-05)
( 1.55558653e-05,-4.31553458e-05)
( 1.66506639e-05,-4.44373634e-05)
( 1.77083509e-05,-4.56251666e-05)
( 1.87268938e-05,-4.67166109e-05)
( 1.97043494e-05,-4.77097631e-05)
( 2.06388669e-05,-4.86029050e-05)
( 2.15286930e-05,-4.93945360e-05)
( 2.23721752e-05,-5.00833751e-05)
( 2.31677659e-05,-5.06683636e-05)
( 2.39140253e-05,-5.11486653e-05)
( 2.46096252e-05,-5.15236681e-05)
( 2.52533514e-05,-5.17929841e-05)
( 2.58441066e-05,-5.19564489e-05)
( 2.63809129e-05,-5.20141217e-05)
( 2.68629137e-05,-5.19662833e-05)
( 2.72893757e-05,-5.18134349e-05)
( 2.76596901e-05,-5.15562956e-05)
( 2.79733743e-05,-5.11957996e-05)
( 2.82300725e-05,-5.07330936e-05)
( 2.84295567e-05,-5.01695323e-05)
( 2.85717263e-05,-4.95066751e-05)
( 2.86566091e-05,-4.87462811e-05)
( 2.86843602e-05,-4.78903042e-05)
( 2.86552616e-05,-4.69408879e-05)
( 2.85697217e-05,-4.59003593e-05)
( 2.84282734e-05,-4.47712232e-05)
( 2.82315731e-05,-4.35561551e-05)
( 2.79803985e-05,-4.22579949e-05)
( 2.76756468e-05,-4.08797392e-05)
( 2.73183318e-05,-3.94245341e-05)
( 2.69095816e-05,-3.78956672e-05)
( 2.64506354e-05,-3.62965593e-05)
( 2.59428400e-05,-3.46307568e-05)
( 2.53876466e-05,-3.29019220e-05)
( 2.47866065e-05,-3.11138255e-05)
( 2.41413674e-05,-2.92703362e-05)
( 2.34536688e-05,-2.73754128e-05)
( 2.27253376e-05,-2.54330943e-05)
( 2.19582830e-05,-2.34474906e-05)
( 2.11544917e-05,-2.14227730e-05)
( 2.03160226e-05,-1.93631648e-05)
( 1.94450012e-05,-1.72729314e-05)
( 1.85436143e-05,-1.51563709e-05)
( 1.76141040e-05,-1.30178045e-05)
( 1.66587617e-05,-1.08615666e-05)
( 1.56799225e-05,-8.69199558e-06)
( 1.46799584e-05,-6.51342408e-06)
( 1.36612725e-05,-4.33016975e-06)
( 1.26262924e-05,-2.14652589e-06)
( 1.15774636e-05, 3.32476631e-08)
( 1.05172436e-05, 2.20493352e-06)
( 9.44809458e-06, 4.36436554e-06)
( 8.37247753e-06, 6.50743743e-06)
( 7.29284522e-06, 8.63011116e-06)
( 6.21163585e-06, 1.07284250e-05)
( 5.13126648e-06, 1.27985016e-05)
( 4.05412658e-06, 1.48365553e-05)
( 2.98257157e-06, 1.68388996e-05)
( 1.91891653e-06, 1.88019545e-05)
( 8.65429914e-07, 2.07222524e-05)
(-1.75672524e-07, 2.25964452e-05)
(-1.20223376e-06, 2.44213098e-05)
(-2.21216135e-06, 2.61937540e-05)
(-3.20343308e-06, 2.79108216e-05)
(-4.17410256e-06, 2.95696973e-05)
(-5.12230443e-06, 3.11677112e-05)
(-6.04625960e-06, 3.27023427e-05)
(-6.94428006e-06, 3.41712245e-05)
(-7.81477357e-06, 3.55721453e-05)
(-8.65624812e-06, 3.69030532e-05)
(-9.46731602e-06, 3.81620575e-05)
(-1.02466979e-05, 3.93474312e-05)
(-1.09932262e-05, 4.04576119e-05)
(-1.17058486e-05, 4.14912034e-05)
(-1.23836311e-05, 4.24469762e-05)
(-1.30257606e-05, 4.33238675e-05)
(-1.36315475e-05, 4.41209812e-05)
(-1.42004276e-05, 4.48375871e-05)
(-1.47319643e-05, 4.54731200e-05)
(-1.52258494e-05, 4.60271779e-05)
(-1.56819050e-05, 4.64995205e-05)
(-1.61000837e-05, 4.68900664e-05)
(-1.64804696e-05, 4.71988905e-05)
(-1.68232779e-05, 4.74262214e-05)
(-1.71288553e-05, 4.75724368e-05)
(-1.73976792e-05, 4.76380607e-05)
(-1.76303570e-05, 4.76237585e-05)
(-1.78276249e-05, 4.75303322e-05)
(-1.79903468e-05, 4.73587162e-05)
(-1.81195122e-05, 4.71099710e-05)
(-1.82162348e-05, 4.67852782e-05)
(-1.82817497e-05, 4.63859342e-05)
(-1.83174112e-05, 4.59133437e-05)
(-1.83246903e-05, 4.53690134e-05)
(-1.83051717e-05, 4.47545450e-05)
(-1.82605504e-05, 4.40716276e-05)
(-1.81926289e-05, 4.33220304e-05)
(-1.81033139e-05, 4.25075947e-05)
(-1.79946124e-05, 4.16302260e-05)
(-1.78686287e-05, 4.06918849e-05)
(-1.77275604e-05, 3.96945792e-05)
(-1.75736956e-05, 3.86403537e-05)
(-1.74094087e-05, 3.75312816e-05)
(-1.72371580e-05, 3.63694541e-05)
(-1.70594821e-05, 3.51569705e-05)
(-1.68789975e-05, 3.38959270e-05)
(-1.66983959e-05, 3.25884060e-05)
(-1.65204432e-05, 3.12364637e-05)
(-1.63479775e-05, 2.98421182e-05)
(-1.61839091e-05, 2.84073355e-05)
(-1.60312211e-05, 2.69340160e-05)
(-1.58929709e-05, 2.54239786e-05)
(-1.57722937e-05, 2.38789446e-05)
(-1.56724072e-05, 2.23005189e-05)
(-1.55966187e-05, 2.06901704e-05)
(-1.55483347e-05, 1.90492092e-05)
(-1.55310733e-05, 1.73787613e-05)
(-1.55484816e-05, 1.56797394e-05)
(-1.56043563e-05, 1.39528101e-05)
(-1.57026717e-05, 1.21983541e-05)
(-1.58476140e-05, 1.04164209e-05)
(-1.60436260e-05, 8.60667341e-06)
(-1.62954630e-05, 6.76832162e-06)
(-1.66082645e-05, 4.90004148e-06)
(-1.69876456e-05, 2.99987435e-06)
(-1.74398147e-05, 1.06510095e-06)
(-1.79717258e-05,-9.07918515e-07)
(-1.85912777e-05,-2.92395026e-06)
(-1.93075768e-05,-4.98915567e-06)
(-2.01312893e-05,-7.11144769e-06)
(-2.10751181e-05,-9.30097124e-06)
(-2.21544613e-05,-1.15707631e-05)
(-2.33883375e-05,-1.39376765e-05)
(-2.48007161e-05,-1.64237078e-05)
(-2.64224772e-05,-1.90579481e-05)
(-2.82943868e-05,-2.18795453e-05)
(-3.04717730e-05,-2.49423558e-05)
(-3.30321830e-05,-2.83225628e-05)
(-3.60885628e-05,-3.21317888e-05)
(-3.98133773e-05,-3.65410966e-05)
(-4.44863064e-05,-4.18284556e-05)
(-5.05986325e-05,-4.84826449e-05)
(-5.91139037e-05,-5.74627392e-05)
(-7.23187972e-05,-7.10452136e-05)
(-9.55666751e-05,-9.45599845e-05)
(-2.20588612e-04,-2.19334632e-04)
