% ======================================================
% L-Bracket Method of Moments Solution
% ======================================================
% Frequency: 8.800 GHz
% Wavelength: 0.034068 m
% Segments: N=2936 (1468 horiz + 1468 vert)
% Transmitter: (25.0000, 25.0000) m
%
% Solver: SSOR with hierarchical omega
% omega = 0.1010
% iterations = 378
% convergence = 9.99e-10
% time = 221.38 seconds
% ======================================================
% Format: (real, imaginary) current coefficients
% ======================================================
( 1.19861447e-06, 7.47947388e-07)
( 4.25969579e-06, 2.36663313e-06)
( 7.15376221e-06, 3.92791786e-06)
( 1.00317407e-05, 5.48347921e-06)
( 1.28870493e-05, 7.02836521e-06)
( 1.57153823e-05, 8.55946700e-06)
( 1.85117314e-05, 1.00737174e-05)
( 2.12708826e-05, 1.15681034e-05)
( 2.39875703e-05, 1.30396595e-05)
( 2.66565468e-05, 1.44854706e-05)
( 2.92726219e-05, 1.59026761e-05)
( 3.18306870e-05, 1.72884742e-05)
( 3.43257342e-05, 1.86401274e-05)
( 3.67528700e-05, 1.99549669e-05)
( 3.91073285e-05, 2.12303981e-05)
( 4.13844825e-05, 2.24639054e-05)
( 4.35798537e-05, 2.36530570e-05)
( 4.56891225e-05, 2.47955097e-05)
( 4.77081372e-05, 2.58890135e-05)
( 4.96329224e-05, 2.69314159e-05)
( 5.14596870e-05, 2.79206665e-05)
( 5.31848324e-05, 2.88548202e-05)
( 5.48049593e-05, 2.97320420e-05)
( 5.63168747e-05, 3.05506099e-05)
( 5.77175981e-05, 3.13089187e-05)
( 5.90043679e-05, 3.20054829e-05)
( 6.01746463e-05, 3.26389398e-05)
( 6.12261248e-05, 3.32080519e-05)
( 6.21567285e-05, 3.37117096e-05)
( 6.29646205e-05, 3.41489334e-05)
( 6.36482051e-05, 3.45188756e-05)
( 6.42061314e-05, 3.48208220e-05)
( 6.46372959e-05, 3.50541932e-05)
( 6.49408445e-05, 3.52185461e-05)
( 6.51161742e-05, 3.53135743e-05)
( 6.51629347e-05, 3.53391088e-05)
( 6.50810284e-05, 3.52951185e-05)
( 6.48706114e-05, 3.51817099e-05)
( 6.45320926e-05, 3.49991271e-05)
( 6.40661332e-05, 3.47477512e-05)
( 6.34736452e-05, 3.44280992e-05)
( 6.27557899e-05, 3.40408237e-05)
( 6.19139756e-05, 3.35867106e-05)
( 6.09498544e-05, 3.30666783e-05)
( 5.98653196e-05, 3.24817754e-05)
( 5.86625015e-05, 3.18331786e-05)
( 5.73437635e-05, 3.11221905e-05)
( 5.59116973e-05, 3.03502369e-05)
( 5.43691180e-05, 2.95188639e-05)
( 5.27190582e-05, 2.86297348e-05)
( 5.09647627e-05, 2.76846268e-05)
( 4.91096813e-05, 2.66854273e-05)
( 4.71574629e-05, 2.56341303e-05)
( 4.51119476e-05, 2.45328325e-05)
( 4.29771595e-05, 2.33837287e-05)
( 4.07572990e-05, 2.21891077e-05)
( 3.84567339e-05, 2.09513478e-05)
( 3.60799916e-05, 1.96729121e-05)
( 3.36317496e-05, 1.83563430e-05)
( 3.11168268e-05, 1.70042579e-05)
( 2.85401734e-05, 1.56193437e-05)
( 2.59068619e-05, 1.42043513e-05)
( 2.32220766e-05, 1.27620902e-05)
( 2.04911036e-05, 1.12954232e-05)
( 1.77193205e-05, 9.80726026e-06)
( 1.49121857e-05, 8.30055304e-06)
( 1.20752275e-05, 6.77828896e-06)
( 9.21403361e-06, 5.24348527e-06)
( 6.33424001e-06, 3.69918308e-06)
( 3.44151971e-06, 2.14844133e-06)
( 5.41571751e-07, 5.94330728e-07)
(-2.35989005e-06,-9.60072296e-07)
(-5.25714835e-06,-2.51169170e-06)
(-8.14449352e-06,-4.05745788e-06)
(-1.10162349e-05,-5.59431377e-06)
(-1.38667120e-05,-7.11922085e-06)
(-1.66903055e-05,-8.62916512e-06)
(-1.94814488e-05,-1.01211631e-05)
(-2.22346382e-05,-1.15922676e-05)
(-2.49444445e-05,-1.30395737e-05)
(-2.76055232e-05,-1.44602244e-05)
(-3.02126252e-05,-1.58514159e-05)
(-3.27606074e-05,-1.72104037e-05)
(-3.52444423e-05,-1.85345077e-05)
(-3.76592283e-05,-1.98211173e-05)
(-4.00001994e-05,-2.10676967e-05)
(-4.22627342e-05,-2.22717899e-05)
(-4.44423656e-05,-2.34310256e-05)
(-4.65347892e-05,-2.45431213e-05)
(-4.85358717e-05,-2.56058886e-05)
(-5.04416597e-05,-2.66172366e-05)
(-5.22483867e-05,-2.75751768e-05)
(-5.39524813e-05,-2.84778263e-05)
(-5.55505735e-05,-2.93234119e-05)
(-5.70395020e-05,-3.01102733e-05)
(-5.84163204e-05,-3.08368665e-05)
(-5.96783024e-05,-3.15017665e-05)
(-6.08229481e-05,-3.21036704e-05)
(-6.18479883e-05,-3.26413999e-05)
(-6.27513893e-05,-3.31139033e-05)
(-6.35313569e-05,-3.35202576e-05)
(-6.41863399e-05,-3.38596703e-05)
(-6.47150332e-05,-3.41314811e-05)
(-6.51163807e-05,-3.43351628e-05)
(-6.53895768e-05,-3.44703225e-05)
(-6.55340688e-05,-3.45367024e-05)
(-6.55495573e-05,-3.45341798e-05)
(-6.54359975e-05,-3.44627679e-05)
(-6.51935986e-05,-3.43226153e-05)
(-6.48228242e-05,-3.41140058e-05)
(-6.43243909e-05,-3.38373577e-05)
(-6.36992671e-05,-3.34932232e-05)
(-6.29486710e-05,-3.30822867e-05)
(-6.20740686e-05,-3.26053640e-05)
(-6.10771704e-05,-3.20634005e-05)
(-5.99599284e-05,-3.14574688e-05)
(-5.87245321e-05,-3.07887675e-05)
(-5.73734044e-05,-3.00586177e-05)
(-5.59091966e-05,-2.92684611e-05)
(-5.43347834e-05,-2.84198572e-05)
(-5.26532573e-05,-2.75144795e-05)
(-5.08679224e-05,-2.65541128e-05)
(-4.89822882e-05,-2.55406495e-05)
(-4.70000620e-05,-2.44760856e-05)
(-4.49251427e-05,-2.33625172e-05)
(-4.27616121e-05,-2.22021359e-05)
(-4.05137276e-05,-2.09972247e-05)
(-3.81859134e-05,-1.97501537e-05)
(-3.57827520e-05,-1.84633747e-05)
(-3.33089753e-05,-1.71394174e-05)
(-3.07694549e-05,-1.57808833e-05)
(-2.81691929e-05,-1.43904417e-05)
(-2.55133116e-05,-1.29708235e-05)
(-2.28070441e-05,-1.15248162e-05)
(-2.00557233e-05,-1.00552587e-05)
(-1.72647716e-05,-8.56503514e-06)
(-1.44396906e-05,-7.05706975e-06)
(-1.15860496e-05,-5.53432080e-06)
(-8.70947515e-06,-3.99977490e-06)
(-5.81563953e-06,-2.45644114e-06)
(-2.91024988e-06,-9.07345164e-07)
( 9.63186523e-10, 6.44476764e-07)
( 2.91225695e-06, 2.19598368e-06)
( 5.81788785e-06, 3.74413593e-06)
( 8.71212290e-06, 5.28590106e-06)
( 1.15892509e-05, 6.81825981e-06)
( 1.44435940e-05, 8.33821200e-06)
( 1.72695185e-05, 9.84278242e-06)
( 2.00614463e-05, 1.13290266e-05)
( 2.28138659e-05, 1.27940367e-05)
( 2.55213432e-05, 1.42349470e-05)
( 2.81785324e-05, 1.56489397e-05)
( 3.07801865e-05, 1.70332502e-05)
( 3.33211674e-05, 1.83851728e-05)
( 3.57964569e-05, 1.97020657e-05)
( 3.82011655e-05, 2.09813565e-05)
( 4.05305431e-05, 2.22205467e-05)
( 4.27799878e-05, 2.34172171e-05)
( 4.49450554e-05, 2.45690324e-05)
( 4.70214678e-05, 2.56737453e-05)
( 4.90051219e-05, 2.67292018e-05)
( 5.08920976e-05, 2.77333443e-05)
( 5.26786654e-05, 2.86842165e-05)
( 5.43612940e-05, 2.95799669e-05)
( 5.59366573e-05, 3.04188523e-05)
( 5.74016411e-05, 3.11992414e-05)
( 5.87533490e-05, 3.19196176e-05)
( 5.99891084e-05, 3.25785826e-05)
( 6.11064757e-05, 3.31748586e-05)
( 6.21032414e-05, 3.37072908e-05)
( 6.29774342e-05, 3.41748500e-05)
( 6.37273251e-05, 3.45766344e-05)
( 6.43514308e-05, 3.49118711e-05)
( 6.48485169e-05, 3.51799181e-05)
( 6.52175998e-05, 3.53802651e-05)
( 6.54579494e-05, 3.55125349e-05)
( 6.55690902e-05, 3.55764837e-05)
( 6.55508022e-05, 3.55720018e-05)
( 6.54031215e-05, 3.54991139e-05)
( 6.51263404e-05, 3.53579787e-05)
( 6.47210066e-05, 3.51488891e-05)
( 6.41879223e-05, 3.48722709e-05)
( 6.35281425e-05, 3.45286829e-05)
( 6.27429734e-05, 3.41188147e-05)
( 6.18339691e-05, 3.36434864e-05)
( 6.08029292e-05, 3.31036461e-05)
( 5.96518949e-05, 3.25003687e-05)
( 5.83831453e-05, 3.18348534e-05)
( 5.69991924e-05, 3.11084215e-05)
( 5.55027770e-05, 3.03225138e-05)
( 5.38968623e-05, 2.94786877e-05)
( 5.21846289e-05, 2.85786141e-05)
( 5.03694679e-05, 2.76240742e-05)
( 4.84549748e-05, 2.66169563e-05)
( 4.64449418e-05, 2.55592515e-05)
( 4.43433507e-05, 2.44530501e-05)
( 4.21543652e-05, 2.33005377e-05)
( 3.98823220e-05, 2.21039904e-05)
( 3.75317230e-05, 2.08657709e-05)
( 3.51072258e-05, 1.95883234e-05)
( 3.26136349e-05, 1.82741692e-05)
( 3.00558920e-05, 1.69259012e-05)
( 2.74390663e-05, 1.55461796e-05)
( 2.47683444e-05, 1.41377258e-05)
( 2.20490202e-05, 1.27033177e-05)
( 1.92864841e-05, 1.12457841e-05)
( 1.64862128e-05, 9.76799881e-06)
( 1.36537580e-05, 8.27287543e-06)
( 1.07947357e-05, 6.76336139e-06)
( 7.91481511e-06, 5.24243222e-06)
( 5.01970715e-06, 3.71308568e-06)
( 2.11515342e-06, 2.17833589e-06)
(-7.93085308e-07, 6.41207357e-07)
(-3.69924045e-06,-8.95270947e-07)
(-6.59754705e-06,-2.42807155e-06)
(-9.48225519e-06,-3.95417444e-06)
(-1.23476414e-05,-5.47057303e-06)
(-1.51880199e-05,-6.97428006e-06)
(-1.79977541e-05,-8.46233349e-06)
(-2.07712673e-05,-9.93180236e-06)
(-2.35030544e-05,-1.13797925e-05)
(-2.61876923e-05,-1.28034524e-05)
(-2.88198506e-05,-1.41999785e-05)
(-3.13943027e-05,-1.55666212e-05)
(-3.39059354e-05,-1.69006898e-05)
(-3.63497598e-05,-1.81995584e-05)
(-3.87209207e-05,-1.94606702e-05)
(-4.10147061e-05,-2.06815436e-05)
(-4.32265572e-05,-2.18597763e-05)
(-4.53520766e-05,-2.29930504e-05)
(-4.73870378e-05,-2.40791370e-05)
(-4.93273927e-05,-2.51159004e-05)
(-5.11692807e-05,-2.61013026e-05)
(-5.29090353e-05,-2.70334073e-05)
(-5.45431920e-05,-2.79103833e-05)
(-5.60684950e-05,-2.87305089e-05)
(-5.74819037e-05,-2.94921745e-05)
(-5.87805984e-05,-3.01938865e-05)
(-5.99619864e-05,-3.08342698e-05)
(-6.10237069e-05,-3.14120708e-05)
(-6.19636356e-05,-3.19261597e-05)
(-6.27798888e-05,-3.23755328e-05)
(-6.34708275e-05,-3.27593147e-05)
(-6.40350604e-05,-3.30767598e-05)
(-6.44714467e-05,-3.33272539e-05)
(-6.47790983e-05,-3.35103155e-05)
(-6.49573818e-05,-3.36255965e-05)
(-6.50059194e-05,-3.36728833e-05)
(-6.49245898e-05,-3.36520971e-05)
(-6.47135286e-05,-3.35632936e-05)
(-6.43731277e-05,-3.34066639e-05)
(-6.39040350e-05,-3.31825332e-05)
(-6.33071525e-05,-3.28913607e-05)
(-6.25836351e-05,-3.25337384e-05)
(-6.17348878e-05,-3.21103902e-05)
(-6.07625635e-05,-3.16221704e-05)
(-5.96685591e-05,-3.10700619e-05)
(-5.84550122e-05,-3.04551746e-05)
(-5.71242966e-05,-2.97787428e-05)
(-5.56790179e-05,-2.90421228e-05)
(-5.41220078e-05,-2.82467908e-05)
(-5.24563193e-05,-2.73943392e-05)
(-5.06852199e-05,-2.64864739e-05)
(-4.88121855e-05,-2.55250110e-05)
(-4.68408935e-05,-2.45118730e-05)
(-4.47752153e-05,-2.34490848e-05)
(-4.26192092e-05,-2.23387702e-05)
(-4.03771117e-05,-2.11831475e-05)
(-3.80533295e-05,-1.99845248e-05)
(-3.56524307e-05,-1.87452959e-05)
(-3.31791357e-05,-1.74679350e-05)
(-3.06383081e-05,-1.61549924e-05)
(-2.80349448e-05,-1.48090891e-05)
(-2.53741662e-05,-1.34329115e-05)
(-2.26612063e-05,-1.20292063e-05)
(-1.99014020e-05,-1.06007751e-05)
(-1.71001828e-05,-9.15046846e-06)
(-1.42630600e-05,-7.68118055e-06)
(-1.13956159e-05,-6.19584336e-06)
(-8.50349242e-06,-4.69742078e-06)
(-5.59238054e-06,-3.18890278e-06)
(-2.66800856e-06,-1.67329942e-06)
( 2.63868972e-07,-1.53634911e-07)
( 3.19748268e-06, 1.36705845e-06)
( 6.12705976e-06, 2.88574629e-06)
( 9.04683533e-06, 4.39939819e-06)
( 1.19510639e-05, 5.90499373e-06)
( 1.48340305e-05, 7.39952847e-06)
( 1.76900623e-05, 8.88001998e-06)
( 2.05135394e-05, 1.03435137e-05)
( 2.32989063e-05, 1.17870890e-05)
( 2.60406825e-05, 1.32078647e-05)
( 2.87334735e-05, 1.46030050e-05)
( 3.13719816e-05, 1.59697251e-05)
( 3.39510158e-05, 1.73052969e-05)
( 3.64655028e-05, 1.86070539e-05)
( 3.89104961e-05, 1.98723973e-05)
( 4.12811866e-05, 2.10988003e-05)
( 4.35729115e-05, 2.22838139e-05)
( 4.57811636e-05, 2.34250713e-05)
( 4.79016004e-05, 2.45202928e-05)
( 4.99300524e-05, 2.55672902e-05)
( 5.18625314e-05, 2.65639713e-05)
( 5.36952382e-05, 2.75083438e-05)
( 5.54245703e-05, 2.83985197e-05)
( 5.70471290e-05, 2.92327186e-05)
( 5.85597256e-05, 3.00092716e-05)
( 5.99593885e-05, 3.07266242e-05)
( 6.12433680e-05, 3.13833397e-05)
( 6.24091428e-05, 3.19781019e-05)
( 6.34544238e-05, 3.25097179e-05)
( 6.43771597e-05, 3.29771202e-05)
( 6.51755402e-05, 3.33793689e-05)
( 6.58479999e-05, 3.37156535e-05)
( 6.63932213e-05, 3.39852946e-05)
( 6.68101372e-05, 3.41877451e-05)
( 6.70979333e-05, 3.43225915e-05)
( 6.72560490e-05, 3.43895543e-05)
( 6.72841791e-05, 3.43884888e-05)
( 6.71822742e-05, 3.43193853e-05)
( 6.69505406e-05, 3.41823692e-05)
( 6.65894401e-05, 3.39777002e-05)
( 6.60996889e-05, 3.37057726e-05)
( 6.54822562e-05, 3.33671137e-05)
( 6.47383624e-05, 3.29623830e-05)
( 6.38694766e-05, 3.24923710e-05)
( 6.28773134e-05, 3.19579973e-05)
( 6.17638300e-05, 3.13603088e-05)
( 6.05312219e-05, 3.07004779e-05)
( 5.91819189e-05, 2.99797995e-05)
( 5.77185800e-05, 2.91996888e-05)
( 5.61440882e-05, 2.83616785e-05)
( 5.44615451e-05, 2.74674154e-05)
( 5.26742644e-05, 2.65186572e-05)
( 5.07857654e-05, 2.55172690e-05)
( 4.87997664e-05, 2.44652196e-05)
( 4.67201770e-05, 2.33645772e-05)
( 4.45510905e-05, 2.22175056e-05)
( 4.22967758e-05, 2.10262599e-05)
( 3.99616693e-05, 1.97931814e-05)
( 3.75503655e-05, 1.85206935e-05)
( 3.50676087e-05, 1.72112967e-05)
( 3.25182832e-05, 1.58675633e-05)
( 2.99074035e-05, 1.44921325e-05)
( 2.72401051e-05, 1.30877051e-05)
( 2.45216338e-05, 1.16570379e-05)
( 2.17573356e-05, 1.02029383e-05)
( 1.89526461e-05, 8.72825900e-06)
( 1.61130798e-05, 7.23589160e-06)
( 1.32442195e-05, 5.72876143e-06)
( 1.03517049e-05, 4.20982144e-06)
( 7.44122188e-06, 2.68204636e-06)
( 4.51849100e-06, 1.14842677e-06)
( 1.58925649e-06,-3.88036859e-07)
(-1.34072516e-06,-1.92434016e-06)
(-4.26569651e-06,-3.45748081e-06)
(-7.17991048e-06,-4.98446454e-06)
(-1.00776417e-05,-6.50231105e-06)
(-1.29531975e-05,-8.00805994e-06)
(-1.58009298e-05,-9.49877660e-06)
(-1.86152452e-05,-1.09715580e-05)
(-2.13906169e-05,-1.24235384e-05)
(-2.41215951e-05,-1.38518951e-05)
(-2.68028176e-05,-1.52538541e-05)
(-2.94290209e-05,-1.66266952e-05)
(-3.19950499e-05,-1.79677578e-05)
(-3.44958684e-05,-1.92744459e-05)
(-3.69265691e-05,-2.05442332e-05)
(-3.92823829e-05,-2.17746684e-05)
(-4.15586885e-05,-2.29633793e-05)
(-4.37510215e-05,-2.41080782e-05)
(-4.58550830e-05,-2.52065659e-05)
(-4.78667485e-05,-2.62567363e-05)
(-4.97820753e-05,-2.72565800e-05)
(-5.15973108e-05,-2.82041889e-05)
(-5.33089000e-05,-2.90977594e-05)
(-5.49134919e-05,-2.99355960e-05)
(-5.64079466e-05,-3.07161145e-05)
(-5.77893412e-05,-3.14378453e-05)
(-5.90549758e-05,-3.20994360e-05)
(-6.02023788e-05,-3.26996539e-05)
(-6.12293114e-05,-3.32373886e-05)
(-6.21337724e-05,-3.37116537e-05)
(-6.29140022e-05,-3.41215892e-05)
(-6.35684858e-05,-3.44664625e-05)
(-6.40959565e-05,-3.47456700e-05)
(-6.44953978e-05,-3.49587381e-05)
(-6.47660456e-05,-3.51053243e-05)
(-6.49073898e-05,-3.51852171e-05)
(-6.49191755e-05,-3.51983370e-05)
(-6.48014032e-05,-3.51447361e-05)
(-6.45543288e-05,-3.50245979e-05)
(-6.41784636e-05,-3.48382370e-05)
(-6.36745727e-05,-3.45860981e-05)
(-6.30436740e-05,-3.42687550e-05)
(-6.22870361e-05,-3.38869097e-05)
(-6.14061757e-05,-3.34413902e-05)
(-6.04028547e-05,-3.29331494e-05)
(-5.92790771e-05,-3.23632628e-05)
(-5.80370844e-05,-3.17329259e-05)
(-5.66793521e-05,-3.10434523e-05)
(-5.52085839e-05,-3.02962707e-05)
(-5.36277075e-05,-2.94929218e-05)
(-5.19398678e-05,-2.86350554e-05)
(-5.01484216e-05,-2.77244268e-05)
(-4.82569305e-05,-2.67628934e-05)
(-4.62691543e-05,-2.57524106e-05)
(-4.41890432e-05,-2.46950282e-05)
(-4.20207306e-05,-2.35928860e-05)
(-3.97685246e-05,-2.24482097e-05)
(-3.74368997e-05,-2.12633058e-05)
(-3.50304881e-05,-2.00405580e-05)
(-3.25540705e-05,-1.87824212e-05)
(-3.00125666e-05,-1.74914175e-05)
(-2.74110259e-05,-1.61701308e-05)
(-2.47546173e-05,-1.48212014e-05)
(-2.20486193e-05,-1.34473211e-05)
(-1.92984094e-05,-1.20512276e-05)
(-1.65094537e-05,-1.06356990e-05)
(-1.36872962e-05,-9.20354867e-06)
(-1.08375475e-05,-7.75761900e-06)
(-7.96587438e-06,-6.30077629e-06)
(-5.07798827e-06,-4.83590482e-06)
(-2.17963410e-06,-3.36590121e-06)
( 7.23421000e-07,-1.89366864e-06)
( 3.62539903e-06,-4.22111188e-07)
( 6.52052250e-06, 1.04587200e-06)
( 9.40302583e-06, 2.50739234e-06)
( 1.22671667e-05, 3.95957754e-06)
( 1.51072373e-05, 5.39957723e-06)
( 1.79175757e-05, 6.82456859e-06)
( 2.06925770e-05, 8.23176183e-06)
( 2.34267042e-05, 9.61840571e-06)
( 2.61144994e-05, 1.09817929e-05)
( 2.87505944e-05, 1.23192652e-05)
( 3.13297214e-05, 1.36282190e-05)
( 3.38467234e-05, 1.49061098e-05)
( 3.62965642e-05, 1.61504579e-05)
( 3.86743388e-05, 1.73588524e-05)
( 4.09752827e-05, 1.85289566e-05)
( 4.31947814e-05, 1.96585122e-05)
( 4.53283799e-05, 2.07453435e-05)
( 4.73717910e-05, 2.17873619e-05)
( 4.93209044e-05, 2.27825697e-05)
( 5.11717942e-05, 2.37290641e-05)
( 5.29207274e-05, 2.46250409e-05)
( 5.45641709e-05, 2.54687975e-05)
( 5.60987986e-05, 2.62587368e-05)
( 5.75214980e-05, 2.69933697e-05)
( 5.88293769e-05, 2.76713182e-05)
( 6.00197684e-05, 2.82913179e-05)
( 6.10902369e-05, 2.88522203e-05)
( 6.20385826e-05, 2.93529953e-05)
( 6.28628463e-05, 2.97927325e-05)
( 6.35613131e-05, 3.01706434e-05)
( 6.41325158e-05, 3.04860627e-05)
( 6.45752383e-05, 3.07384493e-05)
( 6.48885177e-05, 3.09273875e-05)
( 6.50716466e-05, 3.10525874e-05)
( 6.51241743e-05, 3.11138858e-05)
( 6.50459083e-05, 3.11112458e-05)
( 6.48369143e-05, 3.10447573e-05)
( 6.44975164e-05, 3.09146364e-05)
( 6.40282965e-05, 3.07212251e-05)
( 6.34300936e-05, 3.04649903e-05)
( 6.27040016e-05, 3.01465226e-05)
( 6.18513681e-05, 2.97665356e-05)
( 6.08737912e-05, 2.93258640e-05)
( 5.97731166e-05, 2.88254619e-05)
( 5.85514345e-05, 2.82664007e-05)
( 5.72110749e-05, 2.76498672e-05)
( 5.57546037e-05, 2.69771611e-05)
( 5.41848175e-05, 2.62496922e-05)
( 5.25047383e-05, 2.54689775e-05)
( 5.07176074e-05, 2.46366386e-05)
( 4.88268796e-05, 2.37543977e-05)
( 4.68362158e-05, 2.28240750e-05)
( 4.47494766e-05, 2.18475842e-05)
( 4.25707143e-05, 2.08269293e-05)
( 4.03041651e-05, 1.97642004e-05)
( 3.79542409e-05, 1.86615696e-05)
( 3.55255208e-05, 1.75212862e-05)
( 3.30227417e-05, 1.63456733e-05)
( 3.04507897e-05, 1.51371220e-05)
( 2.78146898e-05, 1.38980874e-05)
( 2.51195967e-05, 1.26310837e-05)
( 2.23707844e-05, 1.13386788e-05)
( 1.95736355e-05, 1.00234898e-05)
( 1.67336314e-05, 8.68817740e-06)
( 1.38563410e-05, 7.33544084e-06)
( 1.09474098e-05, 5.96801257e-06)
( 8.01254884e-06, 4.58865288e-06)
( 5.05752361e-06, 3.20014446e-06)
( 2.08814249e-06, 1.80528693e-06)
(-8.89754588e-07, 4.06891334e-07)
(-3.87030767e-06,-9.92225344e-07)
(-6.84764835e-06,-2.38924573e-06)
(-9.81591134e-06,-3.78135758e-06)
(-1.27692461e-05,-5.16575929e-06)
(-1.57018281e-05,-6.53966537e-06)
(-1.86078711e-05,-7.90031192e-06)
(-2.14816374e-05,-9.24496202e-06)
(-2.43174504e-05,-1.05709111e-05)
(-2.71097050e-05,-1.18754921e-05)
(-2.98528791e-05,-1.31560811e-05)
(-3.25415443e-05,-1.44101019e-05)
(-3.51703770e-05,-1.56350312e-05)
(-3.77341686e-05,-1.68284041e-05)
(-4.02278359e-05,-1.79878179e-05)
(-4.26464314e-05,-1.91109377e-05)
(-4.49851531e-05,-2.01955004e-05)
(-4.72393536e-05,-2.12393196e-05)
(-4.94045501e-05,-2.22402891e-05)
(-5.14764325e-05,-2.31963881e-05)
(-5.34508728e-05,-2.41056840e-05)
(-5.53239325e-05,-2.49663370e-05)
(-5.70918713e-05,-2.57766032e-05)
(-5.87511537e-05,-2.65348386e-05)
(-6.02984569e-05,-2.72395014e-05)
(-6.17306767e-05,-2.78891559e-05)
(-6.30449343e-05,-2.84824746e-05)
(-6.42385818e-05,-2.90182415e-05)
(-6.53092075e-05,-2.94953537e-05)
(-6.62546407e-05,-2.99128242e-05)
(-6.70729564e-05,-3.02697835e-05)
(-6.77624789e-05,-3.05654814e-05)
(-6.83217851e-05,-3.07992882e-05)
(-6.87497078e-05,-3.09706965e-05)
(-6.90453376e-05,-3.10793217e-05)
(-6.92080253e-05,-3.11249030e-05)
(-6.92373829e-05,-3.11073036e-05)
(-6.91332846e-05,-3.10265116e-05)
(-6.88958669e-05,-3.08826393e-05)
(-6.85255288e-05,-3.06759235e-05)
(-6.80229309e-05,-3.04067248e-05)
(-6.73889941e-05,-3.00755270e-05)
(-6.66248979e-05,-2.96829363e-05)
(-6.57320781e-05,-2.92296796e-05)
(-6.47122243e-05,-2.87166039e-05)
(-6.35672762e-05,-2.81446738e-05)
(-6.22994203e-05,-2.75149704e-05)
(-6.09110851e-05,-2.68286886e-05)
(-5.94049369e-05,-2.60871352e-05)
(-5.77838743e-05,-2.52917261e-05)
(-5.60510225e-05,-2.44439836e-05)
(-5.42097273e-05,-2.35455334e-05)
(-5.22635484e-05,-2.25981018e-05)
(-5.02162525e-05,-2.16035116e-05)
(-4.80718061e-05,-2.05636794e-05)
(-4.58343672e-05,-1.94806112e-05)
(-4.35082775e-05,-1.83563987e-05)
(-4.10980538e-05,-1.71932156e-05)
(-3.86083790e-05,-1.59933126e-05)
(-3.60440930e-05,-1.47590138e-05)
(-3.34101829e-05,-1.34927115e-05)
(-3.07117734e-05,-1.21968619e-05)
(-2.79541169e-05,-1.08739804e-05)
(-2.51425824e-05,-9.52663634e-06)
(-2.22826457e-05,-8.15744817e-06)
(-1.93798781e-05,-6.76907836e-06)
(-1.64399355e-05,-5.36422811e-06)
(-1.34685475e-05,-3.94563211e-06)
(-1.04715055e-05,-2.51605319e-06)
(-7.45465187e-06,-1.07827689e-06)
(-4.42386797e-06, 3.64893985e-07)
(-1.38506271e-06, 1.81064484e-06)
( 1.65583914e-06, 3.25615482e-06)
( 4.69290872e-06, 4.69860236e-06)
( 7.72022477e-06, 6.13517066e-06)
( 1.07318853e-05, 7.56305326e-06)
( 1.37220195e-05, 8.97945952e-06)
( 1.66847989e-05, 1.03816201e-05)
( 1.96144492e-05, 1.17667925e-05)
( 2.25052620e-05, 1.31322661e-05)
( 2.53516052e-05, 1.44753681e-05)
( 2.81479352e-05, 1.57934680e-05)
( 3.08888069e-05, 1.70839836e-05)
( 3.35688852e-05, 1.83443852e-05)
( 3.61829552e-05, 1.95722014e-05)
( 3.87259325e-05, 2.07650234e-05)
( 4.11928734e-05, 2.19205101e-05)
( 4.35789845e-05, 2.30363923e-05)
( 4.58796323e-05, 2.41104776e-05)
( 4.80903524e-05, 2.51406544e-05)
( 5.02068580e-05, 2.61248964e-05)
( 5.22250489e-05, 2.70612662e-05)
( 5.41410190e-05, 2.79479194e-05)
( 5.59510645e-05, 2.87831080e-05)
( 5.76516910e-05, 2.95651841e-05)
( 5.92396201e-05, 3.02926032e-05)
( 6.07117964e-05, 3.09639269e-05)
( 6.20653931e-05, 3.15778258e-05)
( 6.32978180e-05, 3.21330827e-05)
( 6.44067179e-05, 3.26285941e-05)
( 6.53899839e-05, 3.30633730e-05)
( 6.62457550e-05, 3.34365509e-05)
( 6.69724222e-05, 3.37473791e-05)
( 6.75686313e-05, 3.39952303e-05)
( 6.80332858e-05, 3.41796002e-05)
( 6.83655485e-05, 3.43001079e-05)
( 6.85648440e-05, 3.43564974e-05)
( 6.86308586e-05, 3.43486372e-05)
( 6.85635421e-05, 3.42765213e-05)
( 6.83631069e-05, 3.41402691e-05)
( 6.80300280e-05, 3.39401246e-05)
( 6.75650417e-05, 3.36764566e-05)
( 6.69691443e-05, 3.33497576e-05)
( 6.62435902e-05, 3.29606429e-05)
( 6.53898887e-05, 3.25098494e-05)
( 6.44098018e-05, 3.19982342e-05)
( 6.33053399e-05, 3.14267726e-05)
( 6.20787583e-05, 3.07965565e-05)
( 6.07325524e-05, 3.01087921e-05)
( 5.92694525e-05, 2.93647974e-05)
( 5.76924189e-05, 2.85659999e-05)
( 5.60046352e-05, 2.77139332e-05)
( 5.42095028e-05, 2.68102345e-05)
( 5.23106331e-05, 2.58566412e-05)
( 5.03118414e-05, 2.48549871e-05)
( 4.82171383e-05, 2.38071994e-05)
( 4.60307221e-05, 2.27152940e-05)
( 4.37569707e-05, 2.15813725e-05)
( 4.14004323e-05, 2.04076172e-05)
( 3.89658167e-05, 1.91962871e-05)
( 3.64579859e-05, 1.79497134e-05)
( 3.38819443e-05, 1.66702948e-05)
( 3.12428288e-05, 1.53604928e-05)
( 2.85458987e-05, 1.40228269e-05)
( 2.57965248e-05, 1.26598691e-05)
( 2.30001795e-05, 1.12742396e-05)
( 2.01624249e-05, 9.86860084e-06)
( 1.72889029e-05, 8.44565260e-06)
( 1.43853230e-05, 7.00812660e-06)
( 1.14574516e-05, 5.55878099e-06)
( 8.51110008e-06, 4.10039493e-06)
( 5.55211382e-06, 2.63576308e-06)
( 2.58636017e-06, 1.16769003e-06)
(-3.80283024e-07,-3.01015254e-07)
(-3.34193905e-06,-1.76754496e-06)
(-6.29274401e-06,-3.22909803e-06)
(-9.22685841e-06,-4.68288570e-06)
(-1.21384787e-05,-6.12613700e-06)
(-1.50218489e-05,-7.55610422e-06)
(-1.78712716e-05,-8.97006838e-06)
(-2.06811197e-05,-1.03653446e-05)
(-2.34458473e-05,-1.17392872e-05)
(-2.61600006e-05,-1.30892953e-05)
(-2.88182288e-05,-1.44128176e-05)
(-3.14152945e-05,-1.57073574e-05)
(-3.39460842e-05,-1.69704779e-05)
(-3.64056183e-05,-1.81998064e-05)
(-3.87890609e-05,-1.93930394e-05)
(-4.10917295e-05,-2.05479468e-05)
(-4.33091038e-05,-2.16623764e-05)
(-4.54368351e-05,-2.27342581e-05)
(-4.74707545e-05,-2.37616081e-05)
(-4.94068812e-05,-2.47425320e-05)
(-5.12414303e-05,-2.56752295e-05)
(-5.29708204e-05,-2.65579971e-05)
(-5.45916804e-05,-2.73892317e-05)
(-5.61008560e-05,-2.81674335e-05)
(-5.74954164e-05,-2.88912090e-05)
(-5.87726593e-05,-2.95592734e-05)
(-5.99301168e-05,-3.01704535e-05)
(-6.09655600e-05,-3.07236893e-05)
(-6.18770030e-05,-3.12180362e-05)
(-6.26627075e-05,-3.16526668e-05)
(-6.33211852e-05,-3.20268724e-05)
(-6.38512015e-05,-3.23400638e-05)
(-6.42517777e-05,-3.25917730e-05)
(-6.45221922e-05,-3.27816534e-05)
(-6.46619830e-05,-3.29094805e-05)
(-6.46709473e-05,-3.29751521e-05)
(-6.45491428e-05,-3.29786884e-05)
(-6.42968870e-05,-3.29202317e-05)
(-6.39147568e-05,-3.28000460e-05)
(-6.34035870e-05,-3.26185160e-05)
(-6.27644686e-05,-3.23761464e-05)
(-6.19987470e-05,-3.20735606e-05)
(-6.11080186e-05,-3.17114993e-05)
(-6.00941282e-05,-3.12908188e-05)
(-5.89591650e-05,-3.08124888e-05)
(-5.77054584e-05,-3.02775907e-05)
(-5.63355733e-05,-2.96873151e-05)
(-5.48523051e-05,-2.90429589e-05)
(-5.32586742e-05,-2.83459230e-05)
(-5.15579197e-05,-2.75977089e-05)
(-4.97534932e-05,-2.67999156e-05)
(-4.78490518e-05,-2.59542366e-05)
(-4.58484508e-05,-2.50624557e-05)
(-4.37557362e-05,-2.41264435e-05)
(-4.15751366e-05,-2.31481538e-05)
(-3.93110547e-05,-2.21296191e-05)
(-3.69680587e-05,-2.10729464e-05)
(-3.45508731e-05,-1.99803132e-05)
(-3.20643696e-05,-1.88539624e-05)
(-2.95135571e-05,-1.76961985e-05)
(-2.69035721e-05,-1.65093818e-05)
(-2.42396684e-05,-1.52959246e-05)
(-2.15272065e-05,-1.40582854e-05)
(-1.87716433e-05,-1.27989645e-05)
(-1.59785213e-05,-1.15204985e-05)
(-1.31534574e-05,-1.02254552e-05)
(-1.03021320e-05,-8.91642877e-06)
(-7.43027751e-06,-7.59603385e-06)
(-4.54366739e-06,-6.26690074e-06)
(-1.64810446e-06,-4.93166995e-06)
( 1.25059048e-06,-3.59298683e-06)
( 4.14659018e-06,-2.25349633e-06)
( 7.03407241e-06,-9.15837688e-07)
( 9.90723152e-06, 4.17360902e-07)
( 1.27602899e-05, 1.74348747e-06)
( 1.55875094e-05, 3.05995149e-06)
( 1.83832026e-05, 4.36418906e-06)
( 2.11417442e-05, 5.65366790e-06)
( 2.38575821e-05, 6.92589243e-06)
( 2.65252481e-05, 8.17840863e-06)
( 2.91393692e-05, 9.40880890e-06)
( 3.16946780e-05, 1.06147367e-05)
( 3.41860228e-05, 1.17938913e-05)
( 3.66083784e-05, 1.29440321e-05)
( 3.89568555e-05, 1.40629829e-05)
( 4.12267109e-05, 1.51486364e-05)
( 4.34133565e-05, 1.61989580e-05)
( 4.55123683e-05, 1.72119897e-05)
( 4.75194956e-05, 1.81858541e-05)
( 4.94306694e-05, 1.91187575e-05)
( 5.12420099e-05, 2.00089937e-05)
( 5.29498348e-05, 2.08549468e-05)
( 5.45506666e-05, 2.16550947e-05)
( 5.60412391e-05, 2.24080114e-05)
( 5.74185043e-05, 2.31123698e-05)
( 5.86796384e-05, 2.37669443e-05)
( 5.98220473e-05, 2.43706128e-05)
( 6.08433720e-05, 2.49223584e-05)
( 6.17414932e-05, 2.54212716e-05)
( 6.25145356e-05, 2.58665518e-05)
( 6.31608718e-05, 2.62575082e-05)
( 6.36791255e-05, 2.65935613e-05)
( 6.40681742e-05, 2.68742435e-05)
( 6.43271519e-05, 2.70991999e-05)
( 6.44554505e-05, 2.72681886e-05)
( 6.44527214e-05, 2.73810810e-05)
( 6.43188762e-05, 2.74378615e-05)
( 6.40540869e-05, 2.74386273e-05)
( 6.36587860e-05, 2.73835883e-05)
( 6.31336653e-05, 2.72730655e-05)
( 6.24796753e-05, 2.71074910e-05)
( 6.16980228e-05, 2.68874062e-05)
( 6.07901692e-05, 2.66134604e-05)
( 5.97578273e-05, 2.62864098e-05)
( 5.86029585e-05, 2.59071149e-05)
( 5.73277687e-05, 2.54765390e-05)
( 5.59347044e-05, 2.49957457e-05)
( 5.44264480e-05, 2.44658969e-05)
( 5.28059121e-05, 2.38882494e-05)
( 5.10762349e-05, 2.32641532e-05)
( 4.92407734e-05, 2.25950475e-05)
( 4.73030969e-05, 2.18824582e-05)
( 4.52669808e-05, 2.11279943e-05)
( 4.31363985e-05, 2.03333447e-05)
( 4.09155142e-05, 1.95002743e-05)
( 3.86086747e-05, 1.86306204e-05)
( 3.62204010e-05, 1.77262890e-05)
( 3.37553793e-05, 1.67892503e-05)
( 3.12184522e-05, 1.58215350e-05)
( 2.86146092e-05, 1.48252300e-05)
( 2.59489767e-05, 1.38024739e-05)
( 2.32268084e-05, 1.27554526e-05)
( 2.04534748e-05, 1.16863951e-05)
( 1.76344530e-05, 1.05975684e-05)
( 1.47753154e-05, 9.49127321e-06)
( 1.18817196e-05, 8.36983924e-06)
( 8.95939664e-06, 7.23562031e-06)
( 6.01414015e-06, 6.09098963e-06)
( 3.05179491e-06, 4.93833503e-06)
( 7.82453495e-08, 3.78005410e-06)
(-2.90059600e-06, 2.61854938e-06)
(-5.87880010e-06, 1.45622350e-06)
(-8.85043310e-06, 2.95474428e-07)
(-1.18095680e-05,-8.61309374e-07)
(-1.47502963e-05,-2.01175368e-06)
(-1.76667397e-05,-3.15350321e-06)
(-2.05530617e-05,-4.28422635e-06)
(-2.34034791e-05,-5.40161968e-06)
(-2.62122735e-05,-6.50341259e-06)
(-2.89738025e-05,-7.58737169e-06)
(-3.16825112e-05,-8.65130523e-06)
(-3.43329426e-05,-9.69306734e-06)
(-3.69197491e-05,-1.07105623e-05)
(-3.94377030e-05,-1.17017484e-05)
(-4.18817064e-05,-1.26646423e-05)
(-4.42468021e-05,-1.35973224e-05)
(-4.65281829e-05,-1.44979328e-05)
(-4.87212018e-05,-1.53646870e-05)
(-5.08213806e-05,-1.61958709e-05)
(-5.28244197e-05,-1.69898464e-05)
(-5.47262060e-05,-1.77450545e-05)
(-5.65228218e-05,-1.84600180e-05)
(-5.82105522e-05,-1.91333446e-05)
(-5.97858932e-05,-1.97637292e-05)
(-6.12455584e-05,-2.03499566e-05)
(-6.25864856e-05,-2.08909037e-05)
(-6.38058437e-05,-2.13855412e-05)
(-6.49010378e-05,-2.18329361e-05)
(-6.58697151e-05,-2.22322528e-05)
(-6.67097696e-05,-2.25827549e-05)
(-6.74193463e-05,-2.28838064e-05)
(-6.79968456e-05,-2.31348728e-05)
(-6.84409265e-05,-2.33355222e-05)
(-6.87505093e-05,-2.34854253e-05)
(-6.89247784e-05,-2.35843568e-05)
(-6.89631841e-05,-2.36321951e-05)
(-6.88654438e-05,-2.36289224e-05)
(-6.86315431e-05,-2.35746248e-05)
(-6.82617360e-05,-2.34694918e-05)
(-6.77565447e-05,-2.33138158e-05)
(-6.71167591e-05,-2.31079914e-05)
(-6.63434352e-05,-2.28525144e-05)
(-6.54378935e-05,-2.25479809e-05)
(-6.44017168e-05,-2.21950855e-05)
(-6.32367474e-05,-2.17946205e-05)
(-6.19450835e-05,-2.13474733e-05)
(-6.05290755e-05,-2.08546254e-05)
(-5.89913219e-05,-2.03171498e-05)
(-5.73346643e-05,-1.97362088e-05)
(-5.55621818e-05,-1.91130519e-05)
(-5.36771858e-05,-1.84490129e-05)
(-5.16832133e-05,-1.77455073e-05)
(-4.95840202e-05,-1.70040292e-05)
(-4.73835746e-05,-1.62261489e-05)
(-4.50860486e-05,-1.54135088e-05)
(-4.26958109e-05,-1.45678208e-05)
(-4.02174182e-05,-1.36908624e-05)
(-3.76556060e-05,-1.27844734e-05)
(-3.50152805e-05,-1.18505522e-05)
(-3.23015082e-05,-1.08910516e-05)
(-2.95195063e-05,-9.90797556e-06)
(-2.66746332e-05,-8.90337449e-06)
(-2.37723773e-05,-7.87934164e-06)
(-2.08183467e-05,-6.83800874e-06)
(-1.78182584e-05,-5.78154178e-06)
(-1.47779272e-05,-4.71213671e-06)
(-1.17032538e-05,-3.63201507e-06)
(-8.60021406e-06,-2.54341957e-06)
(-5.47484674e-06,-1.44860966e-06)
(-2.33324192e-06,-3.49857021e-07)
( 8.18470972e-07, 7.50558905e-07)
( 3.97413523e-06, 1.85035546e-06)
( 7.12757892e-06, 2.94725127e-06)
( 1.02726271e-05, 4.03897078e-06)
( 1.34031138e-05, 5.12324875e-06)
( 1.65128945e-05, 6.19783473e-06)
( 1.95958579e-05, 7.26049755e-06)
( 2.26459382e-05, 8.30902968e-06)
( 2.56571272e-05, 9.34125165e-06)
( 2.86234858e-05, 1.03550164e-05)
( 3.15391563e-05, 1.13482133e-05)
( 3.43983737e-05, 1.23187727e-05)
( 3.71954771e-05, 1.32646699e-05)
( 3.99249211e-05, 1.41839289e-05)
( 4.25812871e-05, 1.50746266e-05)
( 4.51592936e-05, 1.59348968e-05)
( 4.76538070e-05, 1.67629335e-05)
( 5.00598520e-05, 1.75569945e-05)
( 5.23726212e-05, 1.83154054e-05)
( 5.45874852e-05, 1.90365623e-05)
( 5.67000016e-05, 1.97189356e-05)
( 5.87059239e-05, 2.03610726e-05)
( 6.06012103e-05, 2.09616006e-05)
( 6.23820317e-05, 2.15192297e-05)
( 6.40447794e-05, 2.20327554e-05)
( 6.55860726e-05, 2.25010610e-05)
( 6.70027650e-05, 2.29231199e-05)
( 6.82919517e-05, 2.32979977e-05)
( 6.94509746e-05, 2.36248541e-05)
( 7.04774281e-05, 2.39029446e-05)
( 7.13691641e-05, 2.41316223e-05)
( 7.21242967e-05, 2.43103390e-05)
( 7.27412054e-05, 2.44386465e-05)
( 7.32185394e-05, 2.45161974e-05)
( 7.35552198e-05, 2.45427463e-05)
( 7.37504426e-05, 2.45181500e-05)
( 7.38036798e-05, 2.44423680e-05)
( 7.37146812e-05, 2.43154629e-05)
( 7.34834749e-05, 2.41375999e-05)
( 7.31103676e-05, 2.39090473e-05)
( 7.25959440e-05, 2.36301755e-05)
( 7.19410661e-05, 2.33014567e-05)
( 7.11468714e-05, 2.29234638e-05)
( 7.02147714e-05, 2.24968697e-05)
( 6.91464483e-05, 2.20224462e-05)
( 6.79438525e-05, 2.15010621e-05)
( 6.66091985e-05, 2.09336819e-05)
( 6.51449612e-05, 2.03213642e-05)
( 6.35538706e-05, 1.96652595e-05)
( 6.18389072e-05, 1.89666081e-05)
( 6.00032958e-05, 1.82267376e-05)
( 5.80504996e-05, 1.74470609e-05)
( 5.59842133e-05, 1.66290729e-05)
( 5.38083562e-05, 1.57743482e-05)
( 5.15270645e-05, 1.48845377e-05)
( 4.91446832e-05, 1.39613656e-05)
( 4.66657577e-05, 1.30066262e-05)
( 4.40950252e-05, 1.20221803e-05)
( 4.14374049e-05, 1.10099516e-05)
( 3.86979891e-05, 9.97192303e-06)
( 3.58820328e-05, 8.91013308e-06)
( 3.29949434e-05, 7.82667154e-06)
( 3.00422705e-05, 6.72367560e-06)
( 2.70296947e-05, 5.60332568e-06)
( 2.39630165e-05, 4.46784113e-06)
( 2.08481451e-05, 3.31947591e-06)
( 1.76910867e-05, 2.16051415e-06)
( 1.44979327e-05, 9.93265692e-07)
( 1.12748479e-05,-1.79938521e-07)
( 8.02805806e-06,-1.35675099e-06)
( 4.76383792e-06,-2.53481233e-06)
( 1.48849885e-06,-3.71175594e-06)
(-1.79162361e-06,-4.88521272e-06)
(-5.07018222e-06,-6.05281575e-06)
(-8.34083052e-06,-7.21220506e-06)
(-1.15972353e-05,-8.36103232e-06)
(-1.48330891e-05,-9.49696551e-06)
(-1.80421225e-05,-1.06176937e-05)
(-2.12181167e-05,-1.17209315e-05)
(-2.43549156e-05,-1.28044241e-05)
(-2.74464379e-05,-1.38659511e-05)
(-3.04866892e-05,-1.49033319e-05)
(-3.34697735e-05,-1.59144292e-05)
(-3.63899053e-05,-1.68971543e-05)
(-3.92414206e-05,-1.78494704e-05)
(-4.20187881e-05,-1.87693977e-05)
(-4.47166203e-05,-1.96550167e-05)
(-4.73296838e-05,-2.05044726e-05)
(-4.98529099e-05,-2.13159790e-05)
(-5.22814041e-05,-2.20878216e-05)
(-5.46104563e-05,-2.28183617e-05)
(-5.68355498e-05,-2.35060397e-05)
(-5.89523698e-05,-2.41493785e-05)
(-6.09568127e-05,-2.47469863e-05)
(-6.28449932e-05,-2.52975599e-05)
(-6.46132527e-05,-2.57998870e-05)
(-6.62581659e-05,-2.62528496e-05)
(-6.77765479e-05,-2.66554254e-05)
(-6.91654602e-05,-2.70066908e-05)
(-7.04222164e-05,-2.73058226e-05)
(-7.15443876e-05,-2.75521000e-05)
(-7.25298071e-05,-2.77449061e-05)
(-7.33765744e-05,-2.78837294e-05)
(-7.40830592e-05,-2.79681649e-05)
(-7.46479040e-05,-2.79979153e-05)
(-7.50700275e-05,-2.79727916e-05)
(-7.53486258e-05,-2.78927139e-05)
(-7.54831746e-05,-2.77577115e-05)
(-7.54734296e-05,-2.75679232e-05)
(-7.53194271e-05,-2.73235972e-05)
(-7.50214842e-05,-2.70250907e-05)
(-7.45801975e-05,-2.66728694e-05)
(-7.39964419e-05,-2.62675069e-05)
(-7.32713694e-05,-2.58096835e-05)
(-7.24064060e-05,-2.53001853e-05)
(-7.14032492e-05,-2.47399024e-05)
(-7.02638643e-05,-2.41298276e-05)
(-6.89904808e-05,-2.34710546e-05)
(-6.75855877e-05,-2.27647756e-05)
(-6.60519283e-05,-2.20122796e-05)
(-6.43924952e-05,-2.12149494e-05)
(-6.26105239e-05,-2.03742593e-05)
(-6.07094865e-05,-1.94917724e-05)
(-5.86930848e-05,-1.85691371e-05)
(-5.65652430e-05,-1.76080844e-05)
(-5.43300998e-05,-1.66104243e-05)
(-5.19920002e-05,-1.55780425e-05)
(-4.95554868e-05,-1.45128962e-05)
(-4.70252912e-05,-1.34170108e-05)
(-4.44063240e-05,-1.22924759e-05)
(-4.17036659e-05,-1.11414408e-05)
(-3.89225569e-05,-9.96611038e-06)
(-3.60683865e-05,-8.76874109e-06)
(-3.31466827e-05,-7.55163606e-06)
(-3.01631015e-05,-6.31714074e-06)
(-2.71234155e-05,-5.06763817e-06)
(-2.40335027e-05,-3.80554424e-06)
(-2.08993348e-05,-2.53330290e-06)
(-1.77269659e-05,-1.25338124e-06)
(-1.45225201e-05, 3.17354122e-08)
(-1.12921798e-05, 1.31954849e-06)
(-8.04217365e-06, 2.60755116e-06)
(-4.77876428e-06, 3.89323339e-06)
(-1.50823614e-06, 5.17408696e-06)
( 1.76311677e-06, 6.44761051e-06)
( 5.02900317e-06, 7.71131457e-06)
( 8.28314669e-06, 8.96272656e-06)
( 1.15192981e-05, 1.01993958e-05)
( 1.47312475e-05, 1.14188983e-05)
( 1.79128363e-05, 1.26188420e-05)
( 2.10579689e-05, 1.37968711e-05)
( 2.41606251e-05, 1.49506712e-05)
( 2.72148710e-05, 1.60779737e-05)
( 3.02148709e-05, 1.71765607e-05)
( 3.31548987e-05, 1.82442692e-05)
( 3.60293481e-05, 1.92789953e-05)
( 3.88327445e-05, 2.02786990e-05)
( 4.15597545e-05, 2.12414079e-05)
( 4.42051967e-05, 2.21652211e-05)
( 4.67640514e-05, 2.30483133e-05)
( 4.92314702e-05, 2.38889383e-05)
( 5.16027852e-05, 2.46854328e-05)
( 5.38735180e-05, 2.54362192e-05)
( 5.60393880e-05, 2.61398092e-05)
( 5.80963207e-05, 2.67948067e-05)
( 6.00404551e-05, 2.73999104e-05)
( 6.18681512e-05, 2.79539169e-05)
( 6.35759969e-05, 2.84557223e-05)
( 6.51608141e-05, 2.89043251e-05)
( 6.66196647e-05, 2.92988279e-05)
( 6.79498560e-05, 2.96384391e-05)
( 6.91489460e-05, 2.99224746e-05)
( 7.02147472e-05, 3.01503591e-05)
( 7.11453313e-05, 3.03216271e-05)
( 7.19390321e-05, 3.04359240e-05)
( 7.25944486e-05, 3.04930064e-05)
( 7.31104476e-05, 3.04927428e-05)
( 7.34861652e-05, 3.04351140e-05)
( 7.37210089e-05, 3.03202124e-05)
( 7.38146575e-05, 3.01482424e-05)
( 7.37670623e-05, 2.99195197e-05)
( 7.35784464e-05, 2.96344703e-05)
( 7.32493039e-05, 2.92936301e-05)
( 7.27803993e-05, 2.88976433e-05)
( 7.21727648e-05, 2.84472611e-05)
( 7.14276990e-05, 2.79433402e-05)
( 7.05467634e-05, 2.73868412e-05)
( 6.95317792e-05, 2.67788260e-05)
( 6.83848240e-05, 2.61204562e-05)
( 6.71082268e-05, 2.54129902e-05)
( 6.57045640e-05, 2.46577810e-05)
( 6.41766534e-05, 2.38562729e-05)
( 6.25275493e-05, 2.30099992e-05)
( 6.07605359e-05, 2.21205783e-05)
( 5.88791205e-05, 2.11897109e-05)
( 5.68870273e-05, 2.02191764e-05)
( 5.47881892e-05, 1.92108292e-05)
( 5.25867407e-05, 1.81665948e-05)
( 5.02870091e-05, 1.70884661e-05)
( 4.78935065e-05, 1.59784994e-05)
( 4.54109207e-05, 1.48388100e-05)
( 4.28441060e-05, 1.36715681e-05)
( 4.01980737e-05, 1.24789943e-05)
( 3.74779826e-05, 1.12633554e-05)
( 3.46891285e-05, 1.00269594e-05)
( 3.18369341e-05, 8.77215145e-06)
( 2.89269386e-05, 7.50130872e-06)
( 2.59647868e-05, 6.21683589e-06)
( 2.29562182e-05, 4.92116031e-06)
( 1.99070558e-05, 3.61672724e-06)
( 1.68231951e-05, 2.30599499e-06)
( 1.37105926e-05, 9.91430105e-07)
( 1.05752540e-05,-3.24497479e-07)
( 7.42322322e-06,-1.63931925e-06)
( 4.26057047e-06,-2.95057293e-06)
( 1.09338054e-06,-4.25580730e-06)
(-2.07225875e-06,-5.55258684e-06)
(-5.23026825e-06,-6.83849655e-06)
(-8.37458910e-06,-8.11114649e-06)
(-1.14991943e-05,-9.36817639e-06)
(-1.45981004e-05,-1.06072601e-05)
(-1.76653786e-05,-1.18261102e-05)
(-2.06951662e-05,-1.30224820e-05)
(-2.36816778e-05,-1.41941778e-05)
(-2.66192165e-05,-1.53390515e-05)
(-2.95021842e-05,-1.64550117e-05)
(-3.23250926e-05,-1.75400266e-05)
(-3.50825738e-05,-1.85921266e-05)
(-3.77693898e-05,-1.96094090e-05)
(-4.03804432e-05,-2.05900407e-05)
(-4.29107863e-05,-2.15322615e-05)
(-4.53556305e-05,-2.24343879e-05)
(-4.77103557e-05,-2.32948153e-05)
(-4.99705185e-05,-2.41120212e-05)
(-5.21318611e-05,-2.48845677e-05)
(-5.41903187e-05,-2.56111042e-05)
(-5.61420276e-05,-2.62903693e-05)
(-5.79833324e-05,-2.69211930e-05)
(-5.97107926e-05,-2.75024988e-05)
(-6.13211893e-05,-2.80333053e-05)
(-6.28115308e-05,-2.85127274e-05)
(-6.41790588e-05,-2.89399783e-05)
(-6.54212529e-05,-2.93143698e-05)
(-6.65358357e-05,-2.96353139e-05)
(-6.75207769e-05,-2.99023232e-05)
(-6.83742966e-05,-3.01150115e-05)
(-6.90948693e-05,-3.02730940e-05)
(-6.96812262e-05,-3.03763879e-05)
(-7.01323576e-05,-3.04248117e-05)
(-7.04475145e-05,-3.04183853e-05)
(-7.06262102e-05,-3.03572296e-05)
(-7.06682209e-05,-3.02415657e-05)
(-7.05735862e-05,-3.00717142e-05)
(-7.03426084e-05,-2.98480942e-05)
(-6.99758525e-05,-2.95712220e-05)
(-6.94741444e-05,-2.92417097e-05)
(-6.88385694e-05,-2.88602638e-05)
(-6.80704701e-05,-2.84276836e-05)
(-6.71714438e-05,-2.79448590e-05)
(-6.61433390e-05,-2.74127688e-05)
(-6.49882519e-05,-2.68324782e-05)
(-6.37085225e-05,-2.62051368e-05)
(-6.23067298e-05,-2.55319759e-05)
(-6.07856867e-05,-2.48143058e-05)
(-5.91484348e-05,-2.40535136e-05)
(-5.73982384e-05,-2.32510595e-05)
(-5.55385780e-05,-2.24084744e-05)
(-5.35731437e-05,-2.15273569e-05)
(-5.15058279e-05,-2.06093696e-05)
(-4.93407183e-05,-1.96562360e-05)
(-4.70820891e-05,-1.86697375e-05)
(-4.47343936e-05,-1.76517093e-05)
(-4.23022551e-05,-1.66040373e-05)
(-3.97904582e-05,-1.55286543e-05)
(-3.72039395e-05,-1.44275363e-05)
(-3.45477780e-05,-1.33026989e-05)
(-3.18271853e-05,-1.21561934e-05)
(-2.90474958e-05,-1.09901030e-05)
(-2.62141561e-05,-9.80653920e-06)
(-2.33327147e-05,-8.60763733e-06)
(-2.04088112e-05,-7.39555324e-06)
(-1.74481653e-05,-6.17245913e-06)
(-1.44565660e-05,-4.94053967e-06)
(-1.14398603e-05,-3.70198813e-06)
(-8.40394192e-06,-2.45900245e-06)
(-5.35473987e-06,-1.21378138e-06)
(-2.29820705e-06, 3.14793881e-08)
( 7.59691302e-07, 1.27459102e-06)
( 3.81298912e-06, 2.51337534e-06)
( 6.85573109e-06, 3.74566858e-06)
( 9.88198416e-06, 4.96932507e-06)
( 1.28858491e-05, 6.18222084e-06)
( 1.58614717e-05, 7.38225728e-06)
( 1.88030546e-05, 8.56736456e-06)
( 2.17048681e-05, 9.73550514e-06)
( 2.45612615e-05, 1.08846771e-05)
( 2.73666741e-05, 1.20129174e-05)
( 3.01156459e-05, 1.31183051e-05)
( 3.28028283e-05, 1.41989645e-05)
( 3.54229947e-05, 1.52530681e-05)
( 3.79710504e-05, 1.62788395e-05)
( 4.04420429e-05, 1.72745563e-05)
( 4.28311712e-05, 1.82385526e-05)
( 4.51337955e-05, 1.91692218e-05)
( 4.73454461e-05, 2.00650189e-05)
( 4.94618326e-05, 2.09244631e-05)
( 5.14788516e-05, 2.17461398e-05)
( 5.33925955e-05, 2.25287028e-05)
( 5.51993598e-05, 2.32708764e-05)
( 5.68956505e-05, 2.39714569e-05)
( 5.84781911e-05, 2.46293150e-05)
( 5.99439291e-05, 2.52433967e-05)
( 6.12900420e-05, 2.58127253e-05)
( 6.25139429e-05, 2.63364025e-05)
( 6.36132857e-05, 2.68136097e-05)
( 6.45859699e-05, 2.72436091e-05)
( 6.54301448e-05, 2.76257445e-05)
( 6.61442133e-05, 2.79594423e-05)
( 6.67268347e-05, 2.82442121e-05)
( 6.71769284e-05, 2.84796475e-05)
( 6.74936751e-05, 2.86654258e-05)
( 6.76765192e-05, 2.88013092e-05)
( 6.77251700e-05, 2.88871443e-05)
( 6.76396020e-05, 2.89228624e-05)
( 6.74200556e-05, 2.89084794e-05)
( 6.70670362e-05, 2.88440951e-05)
( 6.65813140e-05, 2.87298937e-05)
( 6.59639219e-05, 2.85661424e-05)
( 6.52161541e-05, 2.83531913e-05)
( 6.43395635e-05, 2.80914726e-05)
( 6.33359589e-05, 2.77814994e-05)
( 6.22074011e-05, 2.74238651e-05)
( 6.09561997e-05, 2.70192422e-05)
( 5.95849077e-05, 2.65683806e-05)
( 5.80963174e-05, 2.60721070e-05)
( 5.64934547e-05, 2.55313229e-05)
( 5.47795728e-05, 2.49470033e-05)
( 5.29581464e-05, 2.43201947e-05)
( 5.10328648e-05, 2.36520137e-05)
( 4.90076243e-05, 2.29436450e-05)
( 4.68865207e-05, 2.21963391e-05)
( 4.46738415e-05, 2.14114106e-05)
( 4.23740571e-05, 2.05902361e-05)
( 3.99918121e-05, 1.97342514e-05)
( 3.75319160e-05, 1.88449497e-05)
( 3.49993338e-05, 1.79238787e-05)
( 3.23991757e-05, 1.69726386e-05)
( 2.97366877e-05, 1.59928790e-05)
( 2.70172404e-05, 1.49862965e-05)
( 2.42463185e-05, 1.39546321e-05)
( 2.14295099e-05, 1.28996678e-05)
( 1.85724946e-05, 1.18232246e-05)
( 1.56810330e-05, 1.07271588e-05)
( 1.27609545e-05, 9.61335926e-06)
( 9.81814580e-06, 8.48374466e-06)
( 6.85853884e-06, 7.34026003e-06)
( 3.88809907e-06, 6.18487376e-06)
( 9.12813272e-07, 5.01957449e-06)
(-2.06132255e-06, 3.84636779e-06)
(-5.02831530e-06, 2.66727303e-06)
(-7.98218698e-06, 1.48432003e-06)
(-1.09169868e-05, 2.99545847e-07)
(-1.38268033e-05,-8.85008586e-07)
(-1.67057764e-05,-2.06730175e-06)
(-1.95481092e-05,-3.24529489e-06)
(-2.23480801e-05,-4.41695532e-06)
(-2.51000544e-05,-5.58025979e-06)
(-2.77984955e-05,-6.73319779e-06)
(-3.04379767e-05,-7.87377490e-06)
(-3.30131922e-05,-9.00001608e-06)
(-3.55189676e-05,-1.01099690e-05)
(-3.79502714e-05,-1.12017072e-05)
(-4.03022243e-05,-1.22733335e-05)
(-4.25701101e-05,-1.33229830e-05)
(-4.47493850e-05,-1.43488266e-05)
(-4.68356872e-05,-1.53490737e-05)
(-4.88248457e-05,-1.63219754e-05)
(-5.07128890e-05,-1.72658280e-05)
(-5.24960535e-05,-1.81789752e-05)
(-5.41707911e-05,-1.90598115e-05)
(-5.57337767e-05,-1.99067851e-05)
(-5.71819150e-05,-2.07184005e-05)
(-5.85123470e-05,-2.14932210e-05)
(-5.97224561e-05,-2.22298718e-05)
(-6.08098731e-05,-2.29270420e-05)
(-6.17724818e-05,-2.35834877e-05)
(-6.26084228e-05,-2.41980336e-05)
(-6.33160977e-05,-2.47695757e-05)
(-6.38941727e-05,-2.52970834e-05)
(-6.43415808e-05,-2.57796014e-05)
(-6.46575245e-05,-2.62162517e-05)
(-6.48414772e-05,-2.66062355e-05)
(-6.48931846e-05,-2.69488346e-05)
(-6.48126649e-05,-2.72434130e-05)
(-6.46002091e-05,-2.74894188e-05)
(-6.42563803e-05,-2.76863847e-05)
(-6.37820122e-05,-2.78339299e-05)
(-6.31782079e-05,-2.79317605e-05)
(-6.24463370e-05,-2.79796707e-05)
(-6.15880332e-05,-2.79775436e-05)
(-6.06051907e-05,-2.79253515e-05)
(-5.94999600e-05,-2.78231562e-05)
(-5.82747437e-05,-2.76711098e-05)
(-5.69321912e-05,-2.74694543e-05)
(-5.54751929e-05,-2.72185217e-05)
(-5.39068747e-05,-2.69187339e-05)
(-5.22305909e-05,-2.65706020e-05)
(-5.04499171e-05,-2.61747261e-05)
(-4.85686427e-05,-2.57317944e-05)
(-4.65907630e-05,-2.52425822e-05)
(-4.45204707e-05,-2.47079512e-05)
(-4.23621467e-05,-2.41288479e-05)
(-4.01203512e-05,-2.35063025e-05)
(-3.77998135e-05,-2.28414274e-05)
(-3.54054227e-05,-2.21354149e-05)
(-3.29422164e-05,-2.13895363e-05)
(-3.04153710e-05,-2.06051390e-05)
(-2.78301895e-05,-1.97836448e-05)
(-2.51920915e-05,-1.89265473e-05)
(-2.25066005e-05,-1.80354095e-05)
(-1.97793330e-05,-1.71118613e-05)
(-1.70159861e-05,-1.61575965e-05)
(-1.42223255e-05,-1.51743697e-05)
(-1.14041733e-05,-1.41639937e-05)
(-8.56739542e-06,-1.31283359e-05)
(-5.71788927e-06,-1.20693149e-05)
(-2.86157122e-06,-1.09888976e-05)
(-4.36394757e-09,-9.88909473e-06)
( 2.84781614e-06,-8.77195793e-06)
( 5.68907143e-06,-7.63957551e-06)
( 8.51353569e-06,-6.49406870e-06)
( 1.13153865e-05,-5.33758758e-06)
( 1.40888574e-05,-4.17230703e-06)
( 1.68282507e-05,-3.00042258e-06)
( 1.95279486e-05,-1.82414612e-06)
( 2.21824261e-05,-6.45701645e-07)
( 2.47862617e-05, 5.32679124e-07)
( 2.73341497e-05, 1.70876112e-06)
( 2.98209107e-05, 2.88031036e-06)
( 3.22415029e-05, 4.04509844e-06)
( 3.45910324e-05, 5.20090698e-06)
( 3.68647637e-05, 6.34553211e-06)
( 3.90581293e-05, 7.47678901e-06)
( 4.11667394e-05, 8.59251632e-06)
( 4.31863913e-05, 9.69058065e-06)
( 4.51130771e-05, 1.07688810e-05)
( 4.69429933e-05, 1.18253530e-05)
( 4.86725474e-05, 1.28579737e-05)
( 5.02983661e-05, 1.38647652e-05)
( 5.18173013e-05, 1.48437992e-05)
( 5.32264374e-05, 1.57932015e-05)
( 5.45230962e-05, 1.67111551e-05)
( 5.57048427e-05, 1.75959051e-05)
( 5.67694897e-05, 1.84457620e-05)
( 5.77151018e-05, 1.92591055e-05)
( 5.85399995e-05, 2.00343880e-05)
( 5.92427616e-05, 2.07701383e-05)
( 5.98222283e-05, 2.14649648e-05)
( 6.02775024e-05, 2.21175584e-05)
( 6.06079513e-05, 2.27266957e-05)
( 6.08132073e-05, 2.32912418e-05)
( 6.08931679e-05, 2.38101530e-05)
( 6.08479952e-05, 2.42824789e-05)
( 6.06781150e-05, 2.47073649e-05)
( 6.03842151e-05, 2.50840543e-05)
( 5.99672431e-05, 2.54118900e-05)
( 5.94284038e-05, 2.56903161e-05)
( 5.87691555e-05, 2.59188793e-05)
( 5.79912064e-05, 2.60972302e-05)
( 5.70965103e-05, 2.62251241e-05)
( 5.60872612e-05, 2.63024217e-05)
( 5.49658881e-05, 2.63290898e-05)
( 5.37350491e-05, 2.63052011e-05)
( 5.23976246e-05, 2.62309347e-05)
( 5.09567106e-05, 2.61065754e-05)
( 4.94156111e-05, 2.59325135e-05)
( 4.77778304e-05, 2.57092438e-05)
( 4.60470646e-05, 2.54373650e-05)
( 4.42271933e-05, 2.51175780e-05)
( 4.23222699e-05, 2.47506847e-05)
( 4.03365129e-05, 2.43375863e-05)
( 3.82742954e-05, 2.38792810e-05)
( 3.61401357e-05, 2.33768624e-05)
( 3.39386865e-05, 2.28315164e-05)
( 3.16747244e-05, 2.22445191e-05)
( 2.93531389e-05, 2.16172335e-05)
( 2.69789217e-05, 2.09511066e-05)
( 2.45571550e-05, 2.02476662e-05)
( 2.20930001e-05, 1.95085171e-05)
( 1.95916864e-05, 1.87353376e-05)
( 1.70584988e-05, 1.79298754e-05)
( 1.44987670e-05, 1.70939439e-05)
( 1.19178527e-05, 1.62294174e-05)
( 9.32113870e-06, 1.53382272e-05)
( 6.71401638e-06, 1.44223567e-05)
( 4.10187434e-06, 1.34838368e-05)
( 1.49008657e-06, 1.25247411e-05)
(-1.11599920e-06, 1.15471808e-05)
(-3.71107294e-06, 1.05532998e-05)
(-6.28987377e-06, 9.54526950e-06)
(-8.84720106e-06, 8.52528348e-06)
(-1.13779255e-05, 7.49555227e-06)
(-1.38769999e-05, 6.45829792e-06)
(-1.63394695e-05, 5.41574868e-06)
(-1.87604828e-05, 4.37013347e-06)
(-2.11353008e-05, 3.32367650e-06)
(-2.34593072e-05, 2.27859180e-06)
(-2.57280175e-05, 1.23707775e-06)
(-2.79370881e-05, 2.01311737e-07)
(-3.00823250e-05,-8.26555277e-07)
(-3.21596915e-05,-1.84440402e-06)
(-3.41653166e-05,-2.85015217e-06)
(-3.60955021e-05,-3.84175948e-06)
(-3.79467295e-05,-4.81723289e-06)
(-3.97156665e-05,-5.77463139e-06)
(-4.13991730e-05,-6.71207091e-06)
(-4.29943067e-05,-7.62772895e-06)
(-4.44983280e-05,-8.51984909e-06)
(-4.59087046e-05,-9.38674541e-06)
(-4.72231153e-05,-1.02268066e-05)
(-4.84394538e-05,-1.10385000e-05)
(-4.95558315e-05,-1.18203752e-05)
(-5.05705800e-05,-1.25710681e-05)
(-5.14822528e-05,-1.32893036e-05)
(-5.22896269e-05,-1.39738992e-05)
(-5.29917037e-05,-1.46237677e-05)
(-5.35877090e-05,-1.52379197e-05)
(-5.40770929e-05,-1.58154663e-05)
(-5.44595293e-05,-1.63556207e-05)
(-5.47349143e-05,-1.68577006e-05)
(-5.49033646e-05,-1.73211290e-05)
(-5.49652150e-05,-1.77454361e-05)
(-5.49210161e-05,-1.81302600e-05)
(-5.47715302e-05,-1.84753472e-05)
(-5.45177285e-05,-1.87805533e-05)
(-5.41607860e-05,-1.90458425e-05)
(-5.37020774e-05,-1.92712879e-05)
(-5.31431719e-05,-1.94570708e-05)
(-5.24858273e-05,-1.96034794e-05)
(-5.17319844e-05,-1.97109084e-05)
(-5.08837606e-05,-1.97798566e-05)
(-4.99434431e-05,-1.98109261e-05)
(-4.89134820e-05,-1.98048195e-05)
(-4.77964825e-05,-1.97623376e-05)
(-4.65951977e-05,-1.96843772e-05)
(-4.53125202e-05,-1.95719277e-05)
(-4.39514740e-05,-1.94260683e-05)
(-4.25152057e-05,-1.92479639e-05)
(-4.10069763e-05,-1.90388620e-05)
(-3.94301513e-05,-1.88000884e-05)
(-3.77881926e-05,-1.85330429e-05)
(-3.60846483e-05,-1.82391951e-05)
(-3.43231436e-05,-1.79200793e-05)
(-3.25073712e-05,-1.75772900e-05)
(-3.06410816e-05,-1.72124767e-05)
(-2.87280730e-05,-1.68273385e-05)
(-2.67721822e-05,-1.64236186e-05)
(-2.47772740e-05,-1.60030991e-05)
(-2.27472318e-05,-1.55675947e-05)
(-2.06859474e-05,-1.51189472e-05)
(-1.85973117e-05,-1.46590195e-05)
(-1.64852041e-05,-1.41896893e-05)
(-1.43534839e-05,-1.37128432e-05)
(-1.22059795e-05,-1.32303701e-05)
(-1.00464796e-05,-1.27441555e-05)
(-7.87872373e-06,-1.22560746e-05)
(-5.70639265e-06,-1.17679864e-05)
(-3.53309937e-06,-1.12817271e-05)
(-1.36238010e-06,-1.07991040e-05)
( 8.02314636e-07,-1.03218891e-05)
( 2.95762876e-06,-9.85181291e-06)
( 5.10030921e-06,-9.39055834e-06)
( 7.22721437e-06,-8.93975458e-06)
( 9.33532241e-06,-8.50097111e-06)
( 1.14217395e-05,-8.07571188e-06)
( 1.34837078e-05,-7.66540949e-06)
( 1.55186136e-05,-7.27141963e-06)
( 1.75239952e-05,-6.89501560e-06)
( 1.94975510e-05,-6.53738298e-06)
( 2.14371472e-05,-6.19961452e-06)
( 2.33408265e-05,-5.88270520e-06)
( 2.52068159e-05,-5.58754737e-06)
( 2.70335356e-05,-5.31492625e-06)
( 2.88196080e-05,-5.06551551e-06)
( 3.05638674e-05,-4.83987305e-06)
( 3.22653700e-05,-4.63843703e-06)
( 3.39234059e-05,-4.46152203e-06)
( 3.55375112e-05,-4.30931545e-06)
( 3.71074820e-05,-4.18187403e-06)
( 3.86333914e-05,-4.07912060e-06)
( 4.01156071e-05,-4.00084086e-06)
( 4.15548145e-05,-3.94668039e-06)
( 4.29520417e-05,-3.91614166e-06)
( 4.43086912e-05,-3.90858113e-06)
( 4.56265773e-05,-3.92320629e-06)
( 4.69079722e-05,-3.95907263e-06)
( 4.81556622e-05,-4.01508051e-06)
( 4.93730183e-05,-4.08997168e-06)
( 5.05640842e-05,-4.18232547e-06)
( 5.17336878e-05,-4.29055443e-06)
( 5.28875840e-05,-4.41289919e-06)
( 5.40326388e-05,-4.54742247e-06)
( 5.51770700e-05,-4.69200159e-06)
( 5.63307661e-05,-4.84431949e-06)
( 5.75057133e-05,-5.00185347e-06)
( 5.87165781e-05,-5.16186107e-06)
( 5.99815137e-05,-5.32136235e-06)
( 6.13233014e-05,-5.47711748e-06)
( 6.27709985e-05,-5.62559819e-06)
( 6.43623825e-05,-5.76295169e-06)
( 6.61476838e-05,-5.88495517e-06)
( 6.81954882e-05,-5.98695929e-06)
( 7.06024633e-05,-6.06382117e-06)
( 7.35102064e-05,-6.10983302e-06)
( 7.71362738e-05,-6.11867288e-06)
( 8.18359298e-05,-6.08346663e-06)
( 8.82381597e-05,-5.99726852e-06)
( 9.75874282e-05,-5.85508446e-06)
( 1.12867647e-04,-5.66357305e-06)
( 1.41091198e-04,-5.45641358e-06)
( 3.05035238e-04,-6.82969961e-06)
( 1.19860989e-06, 7.47958799e-07)
( 4.25969829e-06, 2.36662737e-06)
( 7.15376088e-06, 3.92792058e-06)
( 1.00317415e-05, 5.48347791e-06)
( 1.28870488e-05, 7.02836570e-06)
( 1.57153825e-05, 8.55946682e-06)
( 1.85117313e-05, 1.00737174e-05)
( 2.12708826e-05, 1.15681034e-05)
( 2.39875703e-05, 1.30396595e-05)
( 2.66565468e-05, 1.44854706e-05)
( 2.92726219e-05, 1.59026761e-05)
( 3.18306870e-05, 1.72884742e-05)
( 3.43257342e-05, 1.86401274e-05)
( 3.67528700e-05, 1.99549669e-05)
( 3.91073285e-05, 2.12303981e-05)
( 4.13844825e-05, 2.24639054e-05)
( 4.35798537e-05, 2.36530570e-05)
( 4.56891225e-05, 2.47955096e-05)
( 4.77081372e-05, 2.58890135e-05)
( 4.96329224e-05, 2.69314159e-05)
( 5.14596870e-05, 2.79206665e-05)
( 5.31848324e-05, 2.88548202e-05)
( 5.48049593e-05, 2.97320420e-05)
( 5.63168747e-05, 3.05506099e-05)
( 5.77175981e-05, 3.13089187e-05)
( 5.90043679e-05, 3.20054829e-05)
( 6.01746463e-05, 3.26389398e-05)
( 6.12261248e-05, 3.32080519e-05)
( 6.21567285e-05, 3.37117096e-05)
( 6.29646205e-05, 3.41489334e-05)
( 6.36482051e-05, 3.45188756e-05)
( 6.42061314e-05, 3.48208220e-05)
( 6.46372959e-05, 3.50541932e-05)
( 6.49408445e-05, 3.52185461e-05)
( 6.51161742e-05, 3.53135743e-05)
( 6.51629347e-05, 3.53391088e-05)
( 6.50810284e-05, 3.52951185e-05)
( 6.48706114e-05, 3.51817099e-05)
( 6.45320926e-05, 3.49991271e-05)
( 6.40661332e-05, 3.47477512e-05)
( 6.34736452e-05, 3.44280992e-05)
( 6.27557899e-05, 3.40408237e-05)
( 6.19139756e-05, 3.35867106e-05)
( 6.09498544e-05, 3.30666783e-05)
( 5.98653196e-05, 3.24817754e-05)
( 5.86625015e-05, 3.18331786e-05)
( 5.73437635e-05, 3.11221905e-05)
( 5.59116973e-05, 3.03502369e-05)
( 5.43691180e-05, 2.95188639e-05)
( 5.27190582e-05, 2.86297348e-05)
( 5.09647627e-05, 2.76846268e-05)
( 4.91096813e-05, 2.66854273e-05)
( 4.71574629e-05, 2.56341303e-05)
( 4.51119476e-05, 2.45328325e-05)
( 4.29771595e-05, 2.33837287e-05)
( 4.07572990e-05, 2.21891077e-05)
( 3.84567339e-05, 2.09513479e-05)
( 3.60799916e-05, 1.96729121e-05)
( 3.36317496e-05, 1.83563430e-05)
( 3.11168268e-05, 1.70042579e-05)
( 2.85401734e-05, 1.56193437e-05)
( 2.59068619e-05, 1.42043513e-05)
( 2.32220766e-05, 1.27620902e-05)
( 2.04911036e-05, 1.12954232e-05)
( 1.77193205e-05, 9.80726026e-06)
( 1.49121857e-05, 8.30055304e-06)
( 1.20752275e-05, 6.77828896e-06)
( 9.21403362e-06, 5.24348527e-06)
( 6.33424001e-06, 3.69918308e-06)
( 3.44151971e-06, 2.14844133e-06)
( 5.41571752e-07, 5.94330729e-07)
(-2.35989005e-06,-9.60072295e-07)
(-5.25714835e-06,-2.51169170e-06)
(-8.14449352e-06,-4.05745788e-06)
(-1.10162349e-05,-5.59431377e-06)
(-1.38667120e-05,-7.11922085e-06)
(-1.66903055e-05,-8.62916512e-06)
(-1.94814488e-05,-1.01211631e-05)
(-2.22346382e-05,-1.15922676e-05)
(-2.49444445e-05,-1.30395737e-05)
(-2.76055232e-05,-1.44602244e-05)
(-3.02126252e-05,-1.58514159e-05)
(-3.27606074e-05,-1.72104037e-05)
(-3.52444423e-05,-1.85345077e-05)
(-3.76592283e-05,-1.98211173e-05)
(-4.00001994e-05,-2.10676967e-05)
(-4.22627342e-05,-2.22717899e-05)
(-4.44423656e-05,-2.34310256e-05)
(-4.65347892e-05,-2.45431213e-05)
(-4.85358717e-05,-2.56058886e-05)
(-5.04416597e-05,-2.66172366e-05)
(-5.22483867e-05,-2.75751768e-05)
(-5.39524813e-05,-2.84778263e-05)
(-5.55505735e-05,-2.93234119e-05)
(-5.70395020e-05,-3.01102733e-05)
(-5.84163204e-05,-3.08368665e-05)
(-5.96783024e-05,-3.15017665e-05)
(-6.08229481e-05,-3.21036704e-05)
(-6.18479883e-05,-3.26413999e-05)
(-6.27513893e-05,-3.31139033e-05)
(-6.35313569e-05,-3.35202576e-05)
(-6.41863399e-05,-3.38596703e-05)
(-6.47150332e-05,-3.41314811e-05)
(-6.51163807e-05,-3.43351628e-05)
(-6.53895768e-05,-3.44703225e-05)
(-6.55340688e-05,-3.45367024e-05)
(-6.55495573e-05,-3.45341798e-05)
(-6.54359975e-05,-3.44627679e-05)
(-6.51935986e-05,-3.43226153e-05)
(-6.48228242e-05,-3.41140058e-05)
(-6.43243909e-05,-3.38373577e-05)
(-6.36992671e-05,-3.34932232e-05)
(-6.29486710e-05,-3.30822867e-05)
(-6.20740686e-05,-3.26053640e-05)
(-6.10771704e-05,-3.20634005e-05)
(-5.99599284e-05,-3.14574688e-05)
(-5.87245321e-05,-3.07887675e-05)
(-5.73734044e-05,-3.00586177e-05)
(-5.59091966e-05,-2.92684611e-05)
(-5.43347834e-05,-2.84198572e-05)
(-5.26532573e-05,-2.75144795e-05)
(-5.08679224e-05,-2.65541128e-05)
(-4.89822882e-05,-2.55406495e-05)
(-4.70000620e-05,-2.44760856e-05)
(-4.49251427e-05,-2.33625172e-05)
(-4.27616121e-05,-2.22021359e-05)
(-4.05137276e-05,-2.09972247e-05)
(-3.81859134e-05,-1.97501537e-05)
(-3.57827520e-05,-1.84633747e-05)
(-3.33089753e-05,-1.71394174e-05)
(-3.07694549e-05,-1.57808833e-05)
(-2.81691929e-05,-1.43904417e-05)
(-2.55133116e-05,-1.29708235e-05)
(-2.28070441e-05,-1.15248162e-05)
(-2.00557233e-05,-1.00552587e-05)
(-1.72647716e-05,-8.56503514e-06)
(-1.44396906e-05,-7.05706975e-06)
(-1.15860496e-05,-5.53432080e-06)
(-8.70947515e-06,-3.99977490e-06)
(-5.81563953e-06,-2.45644114e-06)
(-2.91024988e-06,-9.07345163e-07)
( 9.63185805e-10, 6.44476765e-07)
( 2.91225695e-06, 2.19598369e-06)
( 5.81788785e-06, 3.74413593e-06)
( 8.71212290e-06, 5.28590106e-06)
( 1.15892509e-05, 6.81825981e-06)
( 1.44435940e-05, 8.33821200e-06)
( 1.72695185e-05, 9.84278242e-06)
( 2.00614463e-05, 1.13290266e-05)
( 2.28138659e-05, 1.27940367e-05)
( 2.55213432e-05, 1.42349470e-05)
( 2.81785324e-05, 1.56489397e-05)
( 3.07801865e-05, 1.70332502e-05)
( 3.33211674e-05, 1.83851728e-05)
( 3.57964569e-05, 1.97020657e-05)
( 3.82011655e-05, 2.09813565e-05)
( 4.05305431e-05, 2.22205467e-05)
( 4.27799878e-05, 2.34172171e-05)
( 4.49450554e-05, 2.45690324e-05)
( 4.70214678e-05, 2.56737453e-05)
( 4.90051219e-05, 2.67292018e-05)
( 5.08920976e-05, 2.77333443e-05)
( 5.26786654e-05, 2.86842165e-05)
( 5.43612940e-05, 2.95799669e-05)
( 5.59366573e-05, 3.04188523e-05)
( 5.74016411e-05, 3.11992414e-05)
( 5.87533490e-05, 3.19196176e-05)
( 5.99891084e-05, 3.25785826e-05)
( 6.11064757e-05, 3.31748586e-05)
( 6.21032414e-05, 3.37072908e-05)
( 6.29774342e-05, 3.41748500e-05)
( 6.37273251e-05, 3.45766344e-05)
( 6.43514308e-05, 3.49118711e-05)
( 6.48485169e-05, 3.51799181e-05)
( 6.52175998e-05, 3.53802651e-05)
( 6.54579494e-05, 3.55125349e-05)
( 6.55690902e-05, 3.55764837e-05)
( 6.55508022e-05, 3.55720018e-05)
( 6.54031215e-05, 3.54991139e-05)
( 6.51263404e-05, 3.53579787e-05)
( 6.47210066e-05, 3.51488891e-05)
( 6.41879223e-05, 3.48722709e-05)
( 6.35281425e-05, 3.45286829e-05)
( 6.27429734e-05, 3.41188147e-05)
( 6.18339691e-05, 3.36434864e-05)
( 6.08029292e-05, 3.31036461e-05)
( 5.96518949e-05, 3.25003687e-05)
( 5.83831453e-05, 3.18348534e-05)
( 5.69991924e-05, 3.11084215e-05)
( 5.55027770e-05, 3.03225138e-05)
( 5.38968623e-05, 2.94786877e-05)
( 5.21846289e-05, 2.85786141e-05)
( 5.03694679e-05, 2.76240742e-05)
( 4.84549748e-05, 2.66169563e-05)
( 4.64449418e-05, 2.55592515e-05)
( 4.43433507e-05, 2.44530501e-05)
( 4.21543652e-05, 2.33005377e-05)
( 3.98823220e-05, 2.21039904e-05)
( 3.75317230e-05, 2.08657709e-05)
( 3.51072258e-05, 1.95883234e-05)
( 3.26136349e-05, 1.82741692e-05)
( 3.00558920e-05, 1.69259012e-05)
( 2.74390663e-05, 1.55461796e-05)
( 2.47683444e-05, 1.41377258e-05)
( 2.20490202e-05, 1.27033177e-05)
( 1.92864841e-05, 1.12457841e-05)
( 1.64862128e-05, 9.76799881e-06)
( 1.36537580e-05, 8.27287543e-06)
( 1.07947357e-05, 6.76336139e-06)
( 7.91481511e-06, 5.24243222e-06)
( 5.01970715e-06, 3.71308568e-06)
( 2.11515342e-06, 2.17833589e-06)
(-7.93085308e-07, 6.41207356e-07)
(-3.69924045e-06,-8.95270948e-07)
(-6.59754705e-06,-2.42807155e-06)
(-9.48225519e-06,-3.95417444e-06)
(-1.23476414e-05,-5.47057303e-06)
(-1.51880199e-05,-6.97428006e-06)
(-1.79977541e-05,-8.46233350e-06)
(-2.07712673e-05,-9.93180236e-06)
(-2.35030544e-05,-1.13797925e-05)
(-2.61876923e-05,-1.28034524e-05)
(-2.88198506e-05,-1.41999785e-05)
(-3.13943027e-05,-1.55666212e-05)
(-3.39059354e-05,-1.69006898e-05)
(-3.63497598e-05,-1.81995584e-05)
(-3.87209207e-05,-1.94606702e-05)
(-4.10147061e-05,-2.06815436e-05)
(-4.32265572e-05,-2.18597763e-05)
(-4.53520766e-05,-2.29930504e-05)
(-4.73870378e-05,-2.40791370e-05)
(-4.93273927e-05,-2.51159004e-05)
(-5.11692807e-05,-2.61013026e-05)
(-5.29090353e-05,-2.70334073e-05)
(-5.45431920e-05,-2.79103833e-05)
(-5.60684950e-05,-2.87305089e-05)
(-5.74819037e-05,-2.94921745e-05)
(-5.87805984e-05,-3.01938865e-05)
(-5.99619864e-05,-3.08342698e-05)
(-6.10237069e-05,-3.14120708e-05)
(-6.19636356e-05,-3.19261597e-05)
(-6.27798888e-05,-3.23755328e-05)
(-6.34708275e-05,-3.27593147e-05)
(-6.40350604e-05,-3.30767598e-05)
(-6.44714467e-05,-3.33272539e-05)
(-6.47790983e-05,-3.35103155e-05)
(-6.49573818e-05,-3.36255965e-05)
(-6.50059194e-05,-3.36728833e-05)
(-6.49245898e-05,-3.36520971e-05)
(-6.47135286e-05,-3.35632936e-05)
(-6.43731277e-05,-3.34066639e-05)
(-6.39040350e-05,-3.31825332e-05)
(-6.33071525e-05,-3.28913607e-05)
(-6.25836351e-05,-3.25337384e-05)
(-6.17348878e-05,-3.21103902e-05)
(-6.07625635e-05,-3.16221704e-05)
(-5.96685591e-05,-3.10700619e-05)
(-5.84550122e-05,-3.04551746e-05)
(-5.71242966e-05,-2.97787428e-05)
(-5.56790179e-05,-2.90421228e-05)
(-5.41220078e-05,-2.82467908e-05)
(-5.24563193e-05,-2.73943392e-05)
(-5.06852199e-05,-2.64864739e-05)
(-4.88121855e-05,-2.55250110e-05)
(-4.68408935e-05,-2.45118730e-05)
(-4.47752153e-05,-2.34490848e-05)
(-4.26192092e-05,-2.23387702e-05)
(-4.03771117e-05,-2.11831475e-05)
(-3.80533295e-05,-1.99845248e-05)
(-3.56524307e-05,-1.87452959e-05)
(-3.31791357e-05,-1.74679350e-05)
(-3.06383081e-05,-1.61549924e-05)
(-2.80349448e-05,-1.48090891e-05)
(-2.53741662e-05,-1.34329115e-05)
(-2.26612063e-05,-1.20292063e-05)
(-1.99014020e-05,-1.06007751e-05)
(-1.71001828e-05,-9.15046846e-06)
(-1.42630600e-05,-7.68118055e-06)
(-1.13956159e-05,-6.19584336e-06)
(-8.50349242e-06,-4.69742078e-06)
(-5.59238054e-06,-3.18890278e-06)
(-2.66800856e-06,-1.67329942e-06)
( 2.63868972e-07,-1.53634911e-07)
( 3.19748268e-06, 1.36705845e-06)
( 6.12705976e-06, 2.88574629e-06)
( 9.04683533e-06, 4.39939819e-06)
( 1.19510639e-05, 5.90499372e-06)
( 1.48340305e-05, 7.39952847e-06)
( 1.76900623e-05, 8.88001998e-06)
( 2.05135394e-05, 1.03435137e-05)
( 2.32989063e-05, 1.17870890e-05)
( 2.60406825e-05, 1.32078647e-05)
( 2.87334735e-05, 1.46030050e-05)
( 3.13719816e-05, 1.59697251e-05)
( 3.39510158e-05, 1.73052969e-05)
( 3.64655028e-05, 1.86070539e-05)
( 3.89104961e-05, 1.98723972e-05)
( 4.12811866e-05, 2.10988003e-05)
( 4.35729115e-05, 2.22838139e-05)
( 4.57811636e-05, 2.34250713e-05)
( 4.79016004e-05, 2.45202928e-05)
( 4.99300524e-05, 2.55672902e-05)
( 5.18625314e-05, 2.65639713e-05)
( 5.36952382e-05, 2.75083438e-05)
( 5.54245703e-05, 2.83985197e-05)
( 5.70471290e-05, 2.92327186e-05)
( 5.85597256e-05, 3.00092716e-05)
( 5.99593885e-05, 3.07266242e-05)
( 6.12433680e-05, 3.13833397e-05)
( 6.24091428e-05, 3.19781019e-05)
( 6.34544238e-05, 3.25097179e-05)
( 6.43771597e-05, 3.29771202e-05)
( 6.51755402e-05, 3.33793689e-05)
( 6.58479999e-05, 3.37156535e-05)
( 6.63932213e-05, 3.39852946e-05)
( 6.68101372e-05, 3.41877451e-05)
( 6.70979333e-05, 3.43225915e-05)
( 6.72560490e-05, 3.43895543e-05)
( 6.72841791e-05, 3.43884888e-05)
( 6.71822742e-05, 3.43193853e-05)
( 6.69505406e-05, 3.41823692e-05)
( 6.65894401e-05, 3.39777002e-05)
( 6.60996889e-05, 3.37057726e-05)
( 6.54822562e-05, 3.33671137e-05)
( 6.47383624e-05, 3.29623830e-05)
( 6.38694766e-05, 3.24923710e-05)
( 6.28773134e-05, 3.19579973e-05)
( 6.17638300e-05, 3.13603088e-05)
( 6.05312219e-05, 3.07004779e-05)
( 5.91819189e-05, 2.99797995e-05)
( 5.77185800e-05, 2.91996888e-05)
( 5.61440882e-05, 2.83616785e-05)
( 5.44615451e-05, 2.74674154e-05)
( 5.26742644e-05, 2.65186572e-05)
( 5.07857654e-05, 2.55172690e-05)
( 4.87997664e-05, 2.44652196e-05)
( 4.67201770e-05, 2.33645772e-05)
( 4.45510905e-05, 2.22175056e-05)
( 4.22967758e-05, 2.10262599e-05)
( 3.99616693e-05, 1.97931814e-05)
( 3.75503655e-05, 1.85206935e-05)
( 3.50676087e-05, 1.72112967e-05)
( 3.25182832e-05, 1.58675633e-05)
( 2.99074035e-05, 1.44921325e-05)
( 2.72401051e-05, 1.30877051e-05)
( 2.45216338e-05, 1.16570379e-05)
( 2.17573356e-05, 1.02029383e-05)
( 1.89526461e-05, 8.72825900e-06)
( 1.61130798e-05, 7.23589160e-06)
( 1.32442195e-05, 5.72876143e-06)
( 1.03517049e-05, 4.20982144e-06)
( 7.44122188e-06, 2.68204636e-06)
( 4.51849100e-06, 1.14842678e-06)
( 1.58925649e-06,-3.88036858e-07)
(-1.34072516e-06,-1.92434016e-06)
(-4.26569651e-06,-3.45748081e-06)
(-7.17991048e-06,-4.98446454e-06)
(-1.00776417e-05,-6.50231105e-06)
(-1.29531975e-05,-8.00805994e-06)
(-1.58009298e-05,-9.49877660e-06)
(-1.86152452e-05,-1.09715580e-05)
(-2.13906169e-05,-1.24235384e-05)
(-2.41215951e-05,-1.38518951e-05)
(-2.68028176e-05,-1.52538541e-05)
(-2.94290209e-05,-1.66266952e-05)
(-3.19950499e-05,-1.79677578e-05)
(-3.44958684e-05,-1.92744459e-05)
(-3.69265691e-05,-2.05442332e-05)
(-3.92823829e-05,-2.17746684e-05)
(-4.15586885e-05,-2.29633793e-05)
(-4.37510215e-05,-2.41080782e-05)
(-4.58550830e-05,-2.52065659e-05)
(-4.78667485e-05,-2.62567363e-05)
(-4.97820753e-05,-2.72565800e-05)
(-5.15973108e-05,-2.82041889e-05)
(-5.33089000e-05,-2.90977594e-05)
(-5.49134919e-05,-2.99355960e-05)
(-5.64079465e-05,-3.07161145e-05)
(-5.77893412e-05,-3.14378453e-05)
(-5.90549758e-05,-3.20994360e-05)
(-6.02023788e-05,-3.26996539e-05)
(-6.12293114e-05,-3.32373886e-05)
(-6.21337724e-05,-3.37116537e-05)
(-6.29140022e-05,-3.41215892e-05)
(-6.35684858e-05,-3.44664625e-05)
(-6.40959565e-05,-3.47456700e-05)
(-6.44953978e-05,-3.49587381e-05)
(-6.47660456e-05,-3.51053243e-05)
(-6.49073898e-05,-3.51852171e-05)
(-6.49191755e-05,-3.51983370e-05)
(-6.48014032e-05,-3.51447361e-05)
(-6.45543288e-05,-3.50245979e-05)
(-6.41784636e-05,-3.48382370e-05)
(-6.36745727e-05,-3.45860981e-05)
(-6.30436740e-05,-3.42687550e-05)
(-6.22870361e-05,-3.38869097e-05)
(-6.14061757e-05,-3.34413902e-05)
(-6.04028547e-05,-3.29331494e-05)
(-5.92790771e-05,-3.23632628e-05)
(-5.80370844e-05,-3.17329259e-05)
(-5.66793521e-05,-3.10434523e-05)
(-5.52085839e-05,-3.02962707e-05)
(-5.36277075e-05,-2.94929218e-05)
(-5.19398678e-05,-2.86350554e-05)
(-5.01484216e-05,-2.77244268e-05)
(-4.82569305e-05,-2.67628934e-05)
(-4.62691543e-05,-2.57524106e-05)
(-4.41890432e-05,-2.46950282e-05)
(-4.20207306e-05,-2.35928860e-05)
(-3.97685246e-05,-2.24482097e-05)
(-3.74368997e-05,-2.12633058e-05)
(-3.50304881e-05,-2.00405580e-05)
(-3.25540705e-05,-1.87824212e-05)
(-3.00125666e-05,-1.74914175e-05)
(-2.74110259e-05,-1.61701308e-05)
(-2.47546173e-05,-1.48212014e-05)
(-2.20486193e-05,-1.34473211e-05)
(-1.92984094e-05,-1.20512276e-05)
(-1.65094537e-05,-1.06356990e-05)
(-1.36872962e-05,-9.20354867e-06)
(-1.08375475e-05,-7.75761900e-06)
(-7.96587438e-06,-6.30077629e-06)
(-5.07798827e-06,-4.83590482e-06)
(-2.17963410e-06,-3.36590121e-06)
( 7.23421000e-07,-1.89366864e-06)
( 3.62539903e-06,-4.22111188e-07)
( 6.52052250e-06, 1.04587200e-06)
( 9.40302583e-06, 2.50739234e-06)
( 1.22671667e-05, 3.95957754e-06)
( 1.51072373e-05, 5.39957723e-06)
( 1.79175757e-05, 6.82456859e-06)
( 2.06925770e-05, 8.23176183e-06)
( 2.34267042e-05, 9.61840571e-06)
( 2.61144994e-05, 1.09817929e-05)
( 2.87505944e-05, 1.23192652e-05)
( 3.13297214e-05, 1.36282190e-05)
( 3.38467234e-05, 1.49061098e-05)
( 3.62965642e-05, 1.61504579e-05)
( 3.86743388e-05, 1.73588524e-05)
( 4.09752827e-05, 1.85289566e-05)
( 4.31947814e-05, 1.96585122e-05)
( 4.53283799e-05, 2.07453435e-05)
( 4.73717910e-05, 2.17873619e-05)
( 4.93209044e-05, 2.27825697e-05)
( 5.11717942e-05, 2.37290641e-05)
( 5.29207274e-05, 2.46250409e-05)
( 5.45641709e-05, 2.54687975e-05)
( 5.60987986e-05, 2.62587368e-05)
( 5.75214980e-05, 2.69933697e-05)
( 5.88293769e-05, 2.76713182e-05)
( 6.00197684e-05, 2.82913179e-05)
( 6.10902369e-05, 2.88522203e-05)
( 6.20385826e-05, 2.93529953e-05)
( 6.28628463e-05, 2.97927325e-05)
( 6.35613131e-05, 3.01706434e-05)
( 6.41325158e-05, 3.04860627e-05)
( 6.45752383e-05, 3.07384493e-05)
( 6.48885177e-05, 3.09273875e-05)
( 6.50716466e-05, 3.10525874e-05)
( 6.51241743e-05, 3.11138858e-05)
( 6.50459083e-05, 3.11112458e-05)
( 6.48369143e-05, 3.10447573e-05)
( 6.44975164e-05, 3.09146364e-05)
( 6.40282965e-05, 3.07212251e-05)
( 6.34300936e-05, 3.04649903e-05)
( 6.27040016e-05, 3.01465226e-05)
( 6.18513681e-05, 2.97665356e-05)
( 6.08737912e-05, 2.93258640e-05)
( 5.97731166e-05, 2.88254619e-05)
( 5.85514345e-05, 2.82664007e-05)
( 5.72110749e-05, 2.76498672e-05)
( 5.57546037e-05, 2.69771611e-05)
( 5.41848175e-05, 2.62496922e-05)
( 5.25047383e-05, 2.54689775e-05)
( 5.07176074e-05, 2.46366386e-05)
( 4.88268796e-05, 2.37543977e-05)
( 4.68362158e-05, 2.28240750e-05)
( 4.47494766e-05, 2.18475842e-05)
( 4.25707143e-05, 2.08269293e-05)
( 4.03041651e-05, 1.97642004e-05)
( 3.79542409e-05, 1.86615696e-05)
( 3.55255208e-05, 1.75212862e-05)
( 3.30227417e-05, 1.63456733e-05)
( 3.04507897e-05, 1.51371220e-05)
( 2.78146898e-05, 1.38980874e-05)
( 2.51195967e-05, 1.26310837e-05)
( 2.23707844e-05, 1.13386788e-05)
( 1.95736355e-05, 1.00234898e-05)
( 1.67336314e-05, 8.68817740e-06)
( 1.38563410e-05, 7.33544084e-06)
( 1.09474098e-05, 5.96801257e-06)
( 8.01254884e-06, 4.58865288e-06)
( 5.05752361e-06, 3.20014446e-06)
( 2.08814249e-06, 1.80528693e-06)
(-8.89754588e-07, 4.06891334e-07)
(-3.87030767e-06,-9.92225345e-07)
(-6.84764835e-06,-2.38924573e-06)
(-9.81591134e-06,-3.78135758e-06)
(-1.27692461e-05,-5.16575929e-06)
(-1.57018281e-05,-6.53966538e-06)
(-1.86078711e-05,-7.90031192e-06)
(-2.14816374e-05,-9.24496202e-06)
(-2.43174504e-05,-1.05709111e-05)
(-2.71097050e-05,-1.18754921e-05)
(-2.98528791e-05,-1.31560811e-05)
(-3.25415443e-05,-1.44101019e-05)
(-3.51703770e-05,-1.56350312e-05)
(-3.77341686e-05,-1.68284041e-05)
(-4.02278359e-05,-1.79878179e-05)
(-4.26464314e-05,-1.91109377e-05)
(-4.49851531e-05,-2.01955004e-05)
(-4.72393536e-05,-2.12393196e-05)
(-4.94045501e-05,-2.22402891e-05)
(-5.14764325e-05,-2.31963881e-05)
(-5.34508728e-05,-2.41056840e-05)
(-5.53239325e-05,-2.49663370e-05)
(-5.70918713e-05,-2.57766033e-05)
(-5.87511537e-05,-2.65348386e-05)
(-6.02984569e-05,-2.72395014e-05)
(-6.17306767e-05,-2.78891559e-05)
(-6.30449343e-05,-2.84824746e-05)
(-6.42385818e-05,-2.90182415e-05)
(-6.53092075e-05,-2.94953537e-05)
(-6.62546407e-05,-2.99128242e-05)
(-6.70729564e-05,-3.02697835e-05)
(-6.77624789e-05,-3.05654814e-05)
(-6.83217851e-05,-3.07992882e-05)
(-6.87497078e-05,-3.09706965e-05)
(-6.90453376e-05,-3.10793217e-05)
(-6.92080253e-05,-3.11249030e-05)
(-6.92373829e-05,-3.11073036e-05)
(-6.91332846e-05,-3.10265116e-05)
(-6.88958669e-05,-3.08826393e-05)
(-6.85255288e-05,-3.06759235e-05)
(-6.80229309e-05,-3.04067248e-05)
(-6.73889941e-05,-3.00755270e-05)
(-6.66248979e-05,-2.96829363e-05)
(-6.57320781e-05,-2.92296796e-05)
(-6.47122243e-05,-2.87166039e-05)
(-6.35672762e-05,-2.81446738e-05)
(-6.22994203e-05,-2.75149704e-05)
(-6.09110851e-05,-2.68286886e-05)
(-5.94049369e-05,-2.60871352e-05)
(-5.77838743e-05,-2.52917261e-05)
(-5.60510225e-05,-2.44439836e-05)
(-5.42097273e-05,-2.35455334e-05)
(-5.22635484e-05,-2.25981018e-05)
(-5.02162525e-05,-2.16035116e-05)
(-4.80718061e-05,-2.05636794e-05)
(-4.58343672e-05,-1.94806112e-05)
(-4.35082775e-05,-1.83563987e-05)
(-4.10980538e-05,-1.71932156e-05)
(-3.86083790e-05,-1.59933126e-05)
(-3.60440930e-05,-1.47590138e-05)
(-3.34101829e-05,-1.34927115e-05)
(-3.07117734e-05,-1.21968619e-05)
(-2.79541169e-05,-1.08739804e-05)
(-2.51425824e-05,-9.52663634e-06)
(-2.22826457e-05,-8.15744817e-06)
(-1.93798781e-05,-6.76907836e-06)
(-1.64399355e-05,-5.36422811e-06)
(-1.34685475e-05,-3.94563211e-06)
(-1.04715055e-05,-2.51605319e-06)
(-7.45465187e-06,-1.07827689e-06)
(-4.42386797e-06, 3.64893985e-07)
(-1.38506271e-06, 1.81064484e-06)
( 1.65583914e-06, 3.25615482e-06)
( 4.69290872e-06, 4.69860236e-06)
( 7.72022477e-06, 6.13517066e-06)
( 1.07318853e-05, 7.56305326e-06)
( 1.37220195e-05, 8.97945952e-06)
( 1.66847989e-05, 1.03816201e-05)
( 1.96144492e-05, 1.17667925e-05)
( 2.25052620e-05, 1.31322661e-05)
( 2.53516052e-05, 1.44753681e-05)
( 2.81479352e-05, 1.57934680e-05)
( 3.08888069e-05, 1.70839836e-05)
( 3.35688852e-05, 1.83443852e-05)
( 3.61829552e-05, 1.95722014e-05)
( 3.87259325e-05, 2.07650234e-05)
( 4.11928734e-05, 2.19205101e-05)
( 4.35789845e-05, 2.30363923e-05)
( 4.58796323e-05, 2.41104776e-05)
( 4.80903524e-05, 2.51406544e-05)
( 5.02068580e-05, 2.61248964e-05)
( 5.22250489e-05, 2.70612662e-05)
( 5.41410190e-05, 2.79479194e-05)
( 5.59510645e-05, 2.87831080e-05)
( 5.76516910e-05, 2.95651841e-05)
( 5.92396201e-05, 3.02926032e-05)
( 6.07117964e-05, 3.09639269e-05)
( 6.20653931e-05, 3.15778258e-05)
( 6.32978180e-05, 3.21330827e-05)
( 6.44067179e-05, 3.26285941e-05)
( 6.53899839e-05, 3.30633730e-05)
( 6.62457550e-05, 3.34365509e-05)
( 6.69724222e-05, 3.37473791e-05)
( 6.75686313e-05, 3.39952303e-05)
( 6.80332858e-05, 3.41796002e-05)
( 6.83655485e-05, 3.43001079e-05)
( 6.85648440e-05, 3.43564974e-05)
( 6.86308586e-05, 3.43486372e-05)
( 6.85635421e-05, 3.42765213e-05)
( 6.83631069e-05, 3.41402691e-05)
( 6.80300280e-05, 3.39401246e-05)
( 6.75650417e-05, 3.36764566e-05)
( 6.69691443e-05, 3.33497576e-05)
( 6.62435902e-05, 3.29606429e-05)
( 6.53898887e-05, 3.25098494e-05)
( 6.44098018e-05, 3.19982342e-05)
( 6.33053399e-05, 3.14267726e-05)
( 6.20787583e-05, 3.07965565e-05)
( 6.07325524e-05, 3.01087921e-05)
( 5.92694525e-05, 2.93647974e-05)
( 5.76924189e-05, 2.85659999e-05)
( 5.60046352e-05, 2.77139332e-05)
( 5.42095028e-05, 2.68102345e-05)
( 5.23106331e-05, 2.58566412e-05)
( 5.03118414e-05, 2.48549871e-05)
( 4.82171383e-05, 2.38071994e-05)
( 4.60307221e-05, 2.27152940e-05)
( 4.37569707e-05, 2.15813725e-05)
( 4.14004323e-05, 2.04076172e-05)
( 3.89658167e-05, 1.91962871e-05)
( 3.64579859e-05, 1.79497134e-05)
( 3.38819443e-05, 1.66702948e-05)
( 3.12428288e-05, 1.53604928e-05)
( 2.85458987e-05, 1.40228269e-05)
( 2.57965248e-05, 1.26598691e-05)
( 2.30001795e-05, 1.12742396e-05)
( 2.01624249e-05, 9.86860084e-06)
( 1.72889029e-05, 8.44565260e-06)
( 1.43853230e-05, 7.00812660e-06)
( 1.14574516e-05, 5.55878099e-06)
( 8.51110008e-06, 4.10039493e-06)
( 5.55211382e-06, 2.63576308e-06)
( 2.58636017e-06, 1.16769003e-06)
(-3.80283024e-07,-3.01015254e-07)
(-3.34193905e-06,-1.76754496e-06)
(-6.29274402e-06,-3.22909803e-06)
(-9.22685841e-06,-4.68288570e-06)
(-1.21384787e-05,-6.12613700e-06)
(-1.50218489e-05,-7.55610422e-06)
(-1.78712716e-05,-8.97006838e-06)
(-2.06811197e-05,-1.03653445e-05)
(-2.34458473e-05,-1.17392872e-05)
(-2.61600006e-05,-1.30892953e-05)
(-2.88182288e-05,-1.44128176e-05)
(-3.14152945e-05,-1.57073574e-05)
(-3.39460842e-05,-1.69704779e-05)
(-3.64056183e-05,-1.81998064e-05)
(-3.87890609e-05,-1.93930394e-05)
(-4.10917295e-05,-2.05479468e-05)
(-4.33091038e-05,-2.16623764e-05)
(-4.54368351e-05,-2.27342581e-05)
(-4.74707545e-05,-2.37616081e-05)
(-4.94068812e-05,-2.47425320e-05)
(-5.12414303e-05,-2.56752295e-05)
(-5.29708204e-05,-2.65579971e-05)
(-5.45916804e-05,-2.73892317e-05)
(-5.61008560e-05,-2.81674335e-05)
(-5.74954164e-05,-2.88912090e-05)
(-5.87726593e-05,-2.95592734e-05)
(-5.99301168e-05,-3.01704535e-05)
(-6.09655600e-05,-3.07236893e-05)
(-6.18770030e-05,-3.12180362e-05)
(-6.26627075e-05,-3.16526668e-05)
(-6.33211852e-05,-3.20268724e-05)
(-6.38512015e-05,-3.23400638e-05)
(-6.42517777e-05,-3.25917730e-05)
(-6.45221922e-05,-3.27816534e-05)
(-6.46619830e-05,-3.29094805e-05)
(-6.46709473e-05,-3.29751521e-05)
(-6.45491428e-05,-3.29786884e-05)
(-6.42968870e-05,-3.29202317e-05)
(-6.39147568e-05,-3.28000460e-05)
(-6.34035870e-05,-3.26185160e-05)
(-6.27644686e-05,-3.23761464e-05)
(-6.19987470e-05,-3.20735606e-05)
(-6.11080186e-05,-3.17114993e-05)
(-6.00941282e-05,-3.12908188e-05)
(-5.89591650e-05,-3.08124888e-05)
(-5.77054584e-05,-3.02775907e-05)
(-5.63355733e-05,-2.96873151e-05)
(-5.48523051e-05,-2.90429589e-05)
(-5.32586742e-05,-2.83459230e-05)
(-5.15579197e-05,-2.75977089e-05)
(-4.97534932e-05,-2.67999156e-05)
(-4.78490518e-05,-2.59542366e-05)
(-4.58484508e-05,-2.50624557e-05)
(-4.37557362e-05,-2.41264435e-05)
(-4.15751366e-05,-2.31481538e-05)
(-3.93110547e-05,-2.21296191e-05)
(-3.69680587e-05,-2.10729464e-05)
(-3.45508731e-05,-1.99803132e-05)
(-3.20643696e-05,-1.88539624e-05)
(-2.95135571e-05,-1.76961985e-05)
(-2.69035721e-05,-1.65093818e-05)
(-2.42396684e-05,-1.52959246e-05)
(-2.15272065e-05,-1.40582854e-05)
(-1.87716433e-05,-1.27989645e-05)
(-1.59785213e-05,-1.15204985e-05)
(-1.31534574e-05,-1.02254552e-05)
(-1.03021320e-05,-8.91642877e-06)
(-7.43027751e-06,-7.59603385e-06)
(-4.54366739e-06,-6.26690074e-06)
(-1.64810446e-06,-4.93166995e-06)
( 1.25059048e-06,-3.59298683e-06)
( 4.14659018e-06,-2.25349633e-06)
( 7.03407241e-06,-9.15837689e-07)
( 9.90723152e-06, 4.17360901e-07)
( 1.27602899e-05, 1.74348747e-06)
( 1.55875094e-05, 3.05995149e-06)
( 1.83832026e-05, 4.36418906e-06)
( 2.11417442e-05, 5.65366790e-06)
( 2.38575821e-05, 6.92589243e-06)
( 2.65252481e-05, 8.17840863e-06)
( 2.91393692e-05, 9.40880890e-06)
( 3.16946780e-05, 1.06147367e-05)
( 3.41860228e-05, 1.17938913e-05)
( 3.66083784e-05, 1.29440321e-05)
( 3.89568555e-05, 1.40629829e-05)
( 4.12267109e-05, 1.51486364e-05)
( 4.34133565e-05, 1.61989580e-05)
( 4.55123683e-05, 1.72119897e-05)
( 4.75194956e-05, 1.81858541e-05)
( 4.94306694e-05, 1.91187575e-05)
( 5.12420099e-05, 2.00089937e-05)
( 5.29498348e-05, 2.08549468e-05)
( 5.45506666e-05, 2.16550947e-05)
( 5.60412391e-05, 2.24080114e-05)
( 5.74185043e-05, 2.31123698e-05)
( 5.86796384e-05, 2.37669443e-05)
( 5.98220473e-05, 2.43706128e-05)
( 6.08433720e-05, 2.49223584e-05)
( 6.17414932e-05, 2.54212716e-05)
( 6.25145356e-05, 2.58665518e-05)
( 6.31608718e-05, 2.62575082e-05)
( 6.36791255e-05, 2.65935613e-05)
( 6.40681742e-05, 2.68742435e-05)
( 6.43271519e-05, 2.70991999e-05)
( 6.44554505e-05, 2.72681886e-05)
( 6.44527214e-05, 2.73810810e-05)
( 6.43188762e-05, 2.74378615e-05)
( 6.40540869e-05, 2.74386273e-05)
( 6.36587860e-05, 2.73835883e-05)
( 6.31336653e-05, 2.72730655e-05)
( 6.24796753e-05, 2.71074910e-05)
( 6.16980228e-05, 2.68874062e-05)
( 6.07901692e-05, 2.66134604e-05)
( 5.97578273e-05, 2.62864098e-05)
( 5.86029585e-05, 2.59071149e-05)
( 5.73277687e-05, 2.54765390e-05)
( 5.59347044e-05, 2.49957457e-05)
( 5.44264480e-05, 2.44658969e-05)
( 5.28059121e-05, 2.38882494e-05)
( 5.10762349e-05, 2.32641532e-05)
( 4.92407734e-05, 2.25950475e-05)
( 4.73030969e-05, 2.18824582e-05)
( 4.52669808e-05, 2.11279943e-05)
( 4.31363985e-05, 2.03333447e-05)
( 4.09155142e-05, 1.95002743e-05)
( 3.86086747e-05, 1.86306204e-05)
( 3.62204010e-05, 1.77262890e-05)
( 3.37553793e-05, 1.67892503e-05)
( 3.12184522e-05, 1.58215350e-05)
( 2.86146092e-05, 1.48252300e-05)
( 2.59489767e-05, 1.38024739e-05)
( 2.32268084e-05, 1.27554526e-05)
( 2.04534748e-05, 1.16863951e-05)
( 1.76344530e-05, 1.05975684e-05)
( 1.47753154e-05, 9.49127321e-06)
( 1.18817196e-05, 8.36983924e-06)
( 8.95939664e-06, 7.23562031e-06)
( 6.01414015e-06, 6.09098963e-06)
( 3.05179491e-06, 4.93833503e-06)
( 7.82453499e-08, 3.78005410e-06)
(-2.90059600e-06, 2.61854938e-06)
(-5.87880010e-06, 1.45622350e-06)
(-8.85043310e-06, 2.95474428e-07)
(-1.18095680e-05,-8.61309374e-07)
(-1.47502963e-05,-2.01175368e-06)
(-1.76667397e-05,-3.15350321e-06)
(-2.05530617e-05,-4.28422635e-06)
(-2.34034791e-05,-5.40161968e-06)
(-2.62122735e-05,-6.50341259e-06)
(-2.89738025e-05,-7.58737169e-06)
(-3.16825112e-05,-8.65130523e-06)
(-3.43329426e-05,-9.69306734e-06)
(-3.69197491e-05,-1.07105623e-05)
(-3.94377030e-05,-1.17017484e-05)
(-4.18817064e-05,-1.26646423e-05)
(-4.42468021e-05,-1.35973224e-05)
(-4.65281829e-05,-1.44979328e-05)
(-4.87212018e-05,-1.53646870e-05)
(-5.08213806e-05,-1.61958709e-05)
(-5.28244197e-05,-1.69898464e-05)
(-5.47262060e-05,-1.77450545e-05)
(-5.65228218e-05,-1.84600180e-05)
(-5.82105522e-05,-1.91333446e-05)
(-5.97858932e-05,-1.97637292e-05)
(-6.12455584e-05,-2.03499566e-05)
(-6.25864856e-05,-2.08909037e-05)
(-6.38058437e-05,-2.13855412e-05)
(-6.49010378e-05,-2.18329361e-05)
(-6.58697151e-05,-2.22322528e-05)
(-6.67097696e-05,-2.25827549e-05)
(-6.74193463e-05,-2.28838064e-05)
(-6.79968456e-05,-2.31348728e-05)
(-6.84409265e-05,-2.33355222e-05)
(-6.87505093e-05,-2.34854253e-05)
(-6.89247784e-05,-2.35843569e-05)
(-6.89631841e-05,-2.36321951e-05)
(-6.88654438e-05,-2.36289224e-05)
(-6.86315431e-05,-2.35746248e-05)
(-6.82617360e-05,-2.34694918e-05)
(-6.77565447e-05,-2.33138158e-05)
(-6.71167591e-05,-2.31079914e-05)
(-6.63434352e-05,-2.28525144e-05)
(-6.54378935e-05,-2.25479809e-05)
(-6.44017168e-05,-2.21950855e-05)
(-6.32367474e-05,-2.17946205e-05)
(-6.19450835e-05,-2.13474733e-05)
(-6.05290755e-05,-2.08546254e-05)
(-5.89913219e-05,-2.03171498e-05)
(-5.73346643e-05,-1.97362088e-05)
(-5.55621818e-05,-1.91130519e-05)
(-5.36771858e-05,-1.84490129e-05)
(-5.16832133e-05,-1.77455073e-05)
(-4.95840202e-05,-1.70040292e-05)
(-4.73835746e-05,-1.62261489e-05)
(-4.50860486e-05,-1.54135088e-05)
(-4.26958109e-05,-1.45678208e-05)
(-4.02174182e-05,-1.36908624e-05)
(-3.76556060e-05,-1.27844734e-05)
(-3.50152805e-05,-1.18505522e-05)
(-3.23015082e-05,-1.08910516e-05)
(-2.95195063e-05,-9.90797556e-06)
(-2.66746332e-05,-8.90337449e-06)
(-2.37723773e-05,-7.87934164e-06)
(-2.08183467e-05,-6.83800874e-06)
(-1.78182584e-05,-5.78154178e-06)
(-1.47779272e-05,-4.71213671e-06)
(-1.17032538e-05,-3.63201507e-06)
(-8.60021406e-06,-2.54341957e-06)
(-5.47484674e-06,-1.44860966e-06)
(-2.33324192e-06,-3.49857021e-07)
( 8.18470972e-07, 7.50558905e-07)
( 3.97413523e-06, 1.85035546e-06)
( 7.12757892e-06, 2.94725127e-06)
( 1.02726271e-05, 4.03897078e-06)
( 1.34031138e-05, 5.12324875e-06)
( 1.65128945e-05, 6.19783473e-06)
( 1.95958579e-05, 7.26049755e-06)
( 2.26459382e-05, 8.30902968e-06)
( 2.56571272e-05, 9.34125165e-06)
( 2.86234858e-05, 1.03550164e-05)
( 3.15391563e-05, 1.13482133e-05)
( 3.43983737e-05, 1.23187727e-05)
( 3.71954771e-05, 1.32646699e-05)
( 3.99249211e-05, 1.41839289e-05)
( 4.25812871e-05, 1.50746266e-05)
( 4.51592936e-05, 1.59348968e-05)
( 4.76538070e-05, 1.67629335e-05)
( 5.00598520e-05, 1.75569945e-05)
( 5.23726212e-05, 1.83154054e-05)
( 5.45874852e-05, 1.90365623e-05)
( 5.67000016e-05, 1.97189356e-05)
( 5.87059239e-05, 2.03610726e-05)
( 6.06012103e-05, 2.09616006e-05)
( 6.23820317e-05, 2.15192297e-05)
( 6.40447794e-05, 2.20327554e-05)
( 6.55860726e-05, 2.25010610e-05)
( 6.70027650e-05, 2.29231199e-05)
( 6.82919517e-05, 2.32979977e-05)
( 6.94509746e-05, 2.36248541e-05)
( 7.04774281e-05, 2.39029446e-05)
( 7.13691641e-05, 2.41316223e-05)
( 7.21242967e-05, 2.43103390e-05)
( 7.27412054e-05, 2.44386465e-05)
( 7.32185394e-05, 2.45161974e-05)
( 7.35552198e-05, 2.45427463e-05)
( 7.37504426e-05, 2.45181500e-05)
( 7.38036798e-05, 2.44423680e-05)
( 7.37146812e-05, 2.43154629e-05)
( 7.34834749e-05, 2.41375999e-05)
( 7.31103676e-05, 2.39090473e-05)
( 7.25959440e-05, 2.36301755e-05)
( 7.19410661e-05, 2.33014567e-05)
( 7.11468714e-05, 2.29234638e-05)
( 7.02147714e-05, 2.24968697e-05)
( 6.91464483e-05, 2.20224462e-05)
( 6.79438525e-05, 2.15010621e-05)
( 6.66091985e-05, 2.09336819e-05)
( 6.51449612e-05, 2.03213642e-05)
( 6.35538706e-05, 1.96652595e-05)
( 6.18389072e-05, 1.89666081e-05)
( 6.00032958e-05, 1.82267376e-05)
( 5.80504996e-05, 1.74470609e-05)
( 5.59842133e-05, 1.66290729e-05)
( 5.38083562e-05, 1.57743482e-05)
( 5.15270645e-05, 1.48845377e-05)
( 4.91446832e-05, 1.39613656e-05)
( 4.66657577e-05, 1.30066262e-05)
( 4.40950252e-05, 1.20221803e-05)
( 4.14374049e-05, 1.10099516e-05)
( 3.86979891e-05, 9.97192303e-06)
( 3.58820328e-05, 8.91013308e-06)
( 3.29949434e-05, 7.82667154e-06)
( 3.00422705e-05, 6.72367560e-06)
( 2.70296947e-05, 5.60332568e-06)
( 2.39630165e-05, 4.46784113e-06)
( 2.08481451e-05, 3.31947591e-06)
( 1.76910867e-05, 2.16051415e-06)
( 1.44979327e-05, 9.93265692e-07)
( 1.12748479e-05,-1.79938521e-07)
( 8.02805806e-06,-1.35675099e-06)
( 4.76383792e-06,-2.53481233e-06)
( 1.48849885e-06,-3.71175594e-06)
(-1.79162361e-06,-4.88521272e-06)
(-5.07018222e-06,-6.05281575e-06)
(-8.34083052e-06,-7.21220506e-06)
(-1.15972353e-05,-8.36103232e-06)
(-1.48330891e-05,-9.49696551e-06)
(-1.80421225e-05,-1.06176937e-05)
(-2.12181167e-05,-1.17209315e-05)
(-2.43549156e-05,-1.28044241e-05)
(-2.74464379e-05,-1.38659511e-05)
(-3.04866892e-05,-1.49033319e-05)
(-3.34697735e-05,-1.59144292e-05)
(-3.63899053e-05,-1.68971543e-05)
(-3.92414206e-05,-1.78494704e-05)
(-4.20187881e-05,-1.87693977e-05)
(-4.47166203e-05,-1.96550167e-05)
(-4.73296838e-05,-2.05044726e-05)
(-4.98529099e-05,-2.13159790e-05)
(-5.22814041e-05,-2.20878216e-05)
(-5.46104563e-05,-2.28183617e-05)
(-5.68355498e-05,-2.35060397e-05)
(-5.89523698e-05,-2.41493785e-05)
(-6.09568127e-05,-2.47469863e-05)
(-6.28449932e-05,-2.52975599e-05)
(-6.46132527e-05,-2.57998870e-05)
(-6.62581659e-05,-2.62528496e-05)
(-6.77765479e-05,-2.66554254e-05)
(-6.91654602e-05,-2.70066908e-05)
(-7.04222164e-05,-2.73058226e-05)
(-7.15443876e-05,-2.75521000e-05)
(-7.25298071e-05,-2.77449061e-05)
(-7.33765744e-05,-2.78837294e-05)
(-7.40830592e-05,-2.79681649e-05)
(-7.46479040e-05,-2.79979153e-05)
(-7.50700275e-05,-2.79727916e-05)
(-7.53486258e-05,-2.78927139e-05)
(-7.54831746e-05,-2.77577115e-05)
(-7.54734296e-05,-2.75679232e-05)
(-7.53194271e-05,-2.73235972e-05)
(-7.50214842e-05,-2.70250907e-05)
(-7.45801975e-05,-2.66728694e-05)
(-7.39964419e-05,-2.62675069e-05)
(-7.32713694e-05,-2.58096835e-05)
(-7.24064060e-05,-2.53001853e-05)
(-7.14032492e-05,-2.47399024e-05)
(-7.02638643e-05,-2.41298276e-05)
(-6.89904808e-05,-2.34710546e-05)
(-6.75855877e-05,-2.27647756e-05)
(-6.60519283e-05,-2.20122796e-05)
(-6.43924952e-05,-2.12149494e-05)
(-6.26105239e-05,-2.03742593e-05)
(-6.07094865e-05,-1.94917724e-05)
(-5.86930848e-05,-1.85691371e-05)
(-5.65652430e-05,-1.76080844e-05)
(-5.43300998e-05,-1.66104243e-05)
(-5.19920002e-05,-1.55780425e-05)
(-4.95554868e-05,-1.45128962e-05)
(-4.70252912e-05,-1.34170108e-05)
(-4.44063240e-05,-1.22924759e-05)
(-4.17036659e-05,-1.11414408e-05)
(-3.89225569e-05,-9.96611038e-06)
(-3.60683865e-05,-8.76874109e-06)
(-3.31466827e-05,-7.55163606e-06)
(-3.01631015e-05,-6.31714074e-06)
(-2.71234155e-05,-5.06763817e-06)
(-2.40335027e-05,-3.80554424e-06)
(-2.08993348e-05,-2.53330290e-06)
(-1.77269659e-05,-1.25338124e-06)
(-1.45225201e-05, 3.17354120e-08)
(-1.12921798e-05, 1.31954849e-06)
(-8.04217365e-06, 2.60755116e-06)
(-4.77876428e-06, 3.89323339e-06)
(-1.50823614e-06, 5.17408696e-06)
( 1.76311677e-06, 6.44761051e-06)
( 5.02900317e-06, 7.71131457e-06)
( 8.28314669e-06, 8.96272656e-06)
( 1.15192981e-05, 1.01993958e-05)
( 1.47312475e-05, 1.14188983e-05)
( 1.79128363e-05, 1.26188420e-05)
( 2.10579689e-05, 1.37968711e-05)
( 2.41606251e-05, 1.49506712e-05)
( 2.72148710e-05, 1.60779737e-05)
( 3.02148709e-05, 1.71765607e-05)
( 3.31548987e-05, 1.82442692e-05)
( 3.60293481e-05, 1.92789953e-05)
( 3.88327445e-05, 2.02786990e-05)
( 4.15597545e-05, 2.12414079e-05)
( 4.42051967e-05, 2.21652211e-05)
( 4.67640514e-05, 2.30483133e-05)
( 4.92314702e-05, 2.38889383e-05)
( 5.16027852e-05, 2.46854328e-05)
( 5.38735180e-05, 2.54362192e-05)
( 5.60393880e-05, 2.61398092e-05)
( 5.80963207e-05, 2.67948066e-05)
( 6.00404551e-05, 2.73999104e-05)
( 6.18681512e-05, 2.79539169e-05)
( 6.35759969e-05, 2.84557223e-05)
( 6.51608141e-05, 2.89043251e-05)
( 6.66196647e-05, 2.92988279e-05)
( 6.79498560e-05, 2.96384391e-05)
( 6.91489460e-05, 2.99224746e-05)
( 7.02147472e-05, 3.01503591e-05)
( 7.11453313e-05, 3.03216271e-05)
( 7.19390321e-05, 3.04359240e-05)
( 7.25944486e-05, 3.04930064e-05)
( 7.31104476e-05, 3.04927428e-05)
( 7.34861652e-05, 3.04351140e-05)
( 7.37210089e-05, 3.03202124e-05)
( 7.38146575e-05, 3.01482424e-05)
( 7.37670623e-05, 2.99195197e-05)
( 7.35784464e-05, 2.96344703e-05)
( 7.32493039e-05, 2.92936301e-05)
( 7.27803993e-05, 2.88976433e-05)
( 7.21727648e-05, 2.84472611e-05)
( 7.14276990e-05, 2.79433402e-05)
( 7.05467634e-05, 2.73868412e-05)
( 6.95317792e-05, 2.67788260e-05)
( 6.83848240e-05, 2.61204562e-05)
( 6.71082268e-05, 2.54129902e-05)
( 6.57045640e-05, 2.46577810e-05)
( 6.41766534e-05, 2.38562729e-05)
( 6.25275493e-05, 2.30099992e-05)
( 6.07605359e-05, 2.21205783e-05)
( 5.88791205e-05, 2.11897109e-05)
( 5.68870273e-05, 2.02191764e-05)
( 5.47881892e-05, 1.92108292e-05)
( 5.25867407e-05, 1.81665948e-05)
( 5.02870091e-05, 1.70884661e-05)
( 4.78935065e-05, 1.59784994e-05)
( 4.54109207e-05, 1.48388100e-05)
( 4.28441060e-05, 1.36715681e-05)
( 4.01980737e-05, 1.24789943e-05)
( 3.74779826e-05, 1.12633554e-05)
( 3.46891285e-05, 1.00269594e-05)
( 3.18369341e-05, 8.77215145e-06)
( 2.89269386e-05, 7.50130872e-06)
( 2.59647868e-05, 6.21683589e-06)
( 2.29562182e-05, 4.92116031e-06)
( 1.99070558e-05, 3.61672724e-06)
( 1.68231951e-05, 2.30599499e-06)
( 1.37105926e-05, 9.91430105e-07)
( 1.05752540e-05,-3.24497478e-07)
( 7.42322322e-06,-1.63931925e-06)
( 4.26057047e-06,-2.95057293e-06)
( 1.09338054e-06,-4.25580730e-06)
(-2.07225875e-06,-5.55258684e-06)
(-5.23026825e-06,-6.83849655e-06)
(-8.37458910e-06,-8.11114649e-06)
(-1.14991943e-05,-9.36817639e-06)
(-1.45981004e-05,-1.06072601e-05)
(-1.76653786e-05,-1.18261102e-05)
(-2.06951662e-05,-1.30224820e-05)
(-2.36816778e-05,-1.41941778e-05)
(-2.66192165e-05,-1.53390515e-05)
(-2.95021842e-05,-1.64550117e-05)
(-3.23250926e-05,-1.75400266e-05)
(-3.50825738e-05,-1.85921266e-05)
(-3.77693898e-05,-1.96094090e-05)
(-4.03804432e-05,-2.05900407e-05)
(-4.29107863e-05,-2.15322615e-05)
(-4.53556305e-05,-2.24343879e-05)
(-4.77103557e-05,-2.32948153e-05)
(-4.99705185e-05,-2.41120212e-05)
(-5.21318611e-05,-2.48845677e-05)
(-5.41903187e-05,-2.56111042e-05)
(-5.61420276e-05,-2.62903693e-05)
(-5.79833324e-05,-2.69211930e-05)
(-5.97107926e-05,-2.75024988e-05)
(-6.13211892e-05,-2.80333053e-05)
(-6.28115308e-05,-2.85127274e-05)
(-6.41790588e-05,-2.89399783e-05)
(-6.54212529e-05,-2.93143698e-05)
(-6.65358357e-05,-2.96353139e-05)
(-6.75207769e-05,-2.99023232e-05)
(-6.83742966e-05,-3.01150115e-05)
(-6.90948693e-05,-3.02730940e-05)
(-6.96812262e-05,-3.03763879e-05)
(-7.01323576e-05,-3.04248117e-05)
(-7.04475145e-05,-3.04183853e-05)
(-7.06262102e-05,-3.03572296e-05)
(-7.06682209e-05,-3.02415657e-05)
(-7.05735862e-05,-3.00717142e-05)
(-7.03426084e-05,-2.98480942e-05)
(-6.99758525e-05,-2.95712220e-05)
(-6.94741444e-05,-2.92417097e-05)
(-6.88385694e-05,-2.88602638e-05)
(-6.80704701e-05,-2.84276836e-05)
(-6.71714438e-05,-2.79448590e-05)
(-6.61433390e-05,-2.74127688e-05)
(-6.49882519e-05,-2.68324782e-05)
(-6.37085225e-05,-2.62051368e-05)
(-6.23067298e-05,-2.55319759e-05)
(-6.07856867e-05,-2.48143058e-05)
(-5.91484348e-05,-2.40535136e-05)
(-5.73982384e-05,-2.32510595e-05)
(-5.55385780e-05,-2.24084744e-05)
(-5.35731437e-05,-2.15273569e-05)
(-5.15058279e-05,-2.06093696e-05)
(-4.93407183e-05,-1.96562360e-05)
(-4.70820891e-05,-1.86697375e-05)
(-4.47343936e-05,-1.76517093e-05)
(-4.23022551e-05,-1.66040373e-05)
(-3.97904582e-05,-1.55286543e-05)
(-3.72039395e-05,-1.44275363e-05)
(-3.45477780e-05,-1.33026989e-05)
(-3.18271853e-05,-1.21561934e-05)
(-2.90474958e-05,-1.09901030e-05)
(-2.62141561e-05,-9.80653920e-06)
(-2.33327147e-05,-8.60763733e-06)
(-2.04088112e-05,-7.39555324e-06)
(-1.74481653e-05,-6.17245913e-06)
(-1.44565660e-05,-4.94053967e-06)
(-1.14398603e-05,-3.70198813e-06)
(-8.40394192e-06,-2.45900245e-06)
(-5.35473987e-06,-1.21378138e-06)
(-2.29820705e-06, 3.14793882e-08)
( 7.59691302e-07, 1.27459102e-06)
( 3.81298912e-06, 2.51337534e-06)
( 6.85573109e-06, 3.74566858e-06)
( 9.88198416e-06, 4.96932507e-06)
( 1.28858491e-05, 6.18222084e-06)
( 1.58614717e-05, 7.38225728e-06)
( 1.88030546e-05, 8.56736456e-06)
( 2.17048681e-05, 9.73550514e-06)
( 2.45612615e-05, 1.08846771e-05)
( 2.73666741e-05, 1.20129174e-05)
( 3.01156459e-05, 1.31183051e-05)
( 3.28028283e-05, 1.41989645e-05)
( 3.54229947e-05, 1.52530681e-05)
( 3.79710504e-05, 1.62788395e-05)
( 4.04420429e-05, 1.72745563e-05)
( 4.28311712e-05, 1.82385526e-05)
( 4.51337955e-05, 1.91692218e-05)
( 4.73454461e-05, 2.00650189e-05)
( 4.94618326e-05, 2.09244631e-05)
( 5.14788516e-05, 2.17461398e-05)
( 5.33925955e-05, 2.25287028e-05)
( 5.51993598e-05, 2.32708764e-05)
( 5.68956505e-05, 2.39714569e-05)
( 5.84781911e-05, 2.46293150e-05)
( 5.99439291e-05, 2.52433967e-05)
( 6.12900420e-05, 2.58127253e-05)
( 6.25139429e-05, 2.63364025e-05)
( 6.36132857e-05, 2.68136097e-05)
( 6.45859699e-05, 2.72436091e-05)
( 6.54301448e-05, 2.76257445e-05)
( 6.61442133e-05, 2.79594423e-05)
( 6.67268347e-05, 2.82442121e-05)
( 6.71769284e-05, 2.84796475e-05)
( 6.74936751e-05, 2.86654258e-05)
( 6.76765192e-05, 2.88013092e-05)
( 6.77251700e-05, 2.88871443e-05)
( 6.76396020e-05, 2.89228624e-05)
( 6.74200556e-05, 2.89084794e-05)
( 6.70670362e-05, 2.88440951e-05)
( 6.65813140e-05, 2.87298937e-05)
( 6.59639219e-05, 2.85661424e-05)
( 6.52161541e-05, 2.83531913e-05)
( 6.43395635e-05, 2.80914726e-05)
( 6.33359589e-05, 2.77814994e-05)
( 6.22074011e-05, 2.74238651e-05)
( 6.09561997e-05, 2.70192422e-05)
( 5.95849077e-05, 2.65683806e-05)
( 5.80963174e-05, 2.60721070e-05)
( 5.64934547e-05, 2.55313229e-05)
( 5.47795728e-05, 2.49470033e-05)
( 5.29581464e-05, 2.43201947e-05)
( 5.10328648e-05, 2.36520137e-05)
( 4.90076243e-05, 2.29436450e-05)
( 4.68865207e-05, 2.21963391e-05)
( 4.46738415e-05, 2.14114106e-05)
( 4.23740571e-05, 2.05902361e-05)
( 3.99918121e-05, 1.97342514e-05)
( 3.75319160e-05, 1.88449497e-05)
( 3.49993338e-05, 1.79238787e-05)
( 3.23991757e-05, 1.69726386e-05)
( 2.97366877e-05, 1.59928790e-05)
( 2.70172404e-05, 1.49862965e-05)
( 2.42463185e-05, 1.39546321e-05)
( 2.14295099e-05, 1.28996678e-05)
( 1.85724946e-05, 1.18232246e-05)
( 1.56810330e-05, 1.07271588e-05)
( 1.27609545e-05, 9.61335926e-06)
( 9.81814581e-06, 8.48374466e-06)
( 6.85853884e-06, 7.34026003e-06)
( 3.88809907e-06, 6.18487376e-06)
( 9.12813272e-07, 5.01957449e-06)
(-2.06132255e-06, 3.84636779e-06)
(-5.02831530e-06, 2.66727303e-06)
(-7.98218698e-06, 1.48432003e-06)
(-1.09169868e-05, 2.99545846e-07)
(-1.38268033e-05,-8.85008586e-07)
(-1.67057764e-05,-2.06730175e-06)
(-1.95481092e-05,-3.24529489e-06)
(-2.23480801e-05,-4.41695532e-06)
(-2.51000544e-05,-5.58025979e-06)
(-2.77984955e-05,-6.73319779e-06)
(-3.04379767e-05,-7.87377490e-06)
(-3.30131922e-05,-9.00001608e-06)
(-3.55189676e-05,-1.01099690e-05)
(-3.79502714e-05,-1.12017072e-05)
(-4.03022243e-05,-1.22733335e-05)
(-4.25701101e-05,-1.33229830e-05)
(-4.47493850e-05,-1.43488266e-05)
(-4.68356872e-05,-1.53490737e-05)
(-4.88248457e-05,-1.63219754e-05)
(-5.07128890e-05,-1.72658280e-05)
(-5.24960535e-05,-1.81789752e-05)
(-5.41707911e-05,-1.90598115e-05)
(-5.57337767e-05,-1.99067851e-05)
(-5.71819150e-05,-2.07184005e-05)
(-5.85123470e-05,-2.14932210e-05)
(-5.97224561e-05,-2.22298718e-05)
(-6.08098731e-05,-2.29270420e-05)
(-6.17724818e-05,-2.35834877e-05)
(-6.26084228e-05,-2.41980336e-05)
(-6.33160977e-05,-2.47695757e-05)
(-6.38941727e-05,-2.52970834e-05)
(-6.43415808e-05,-2.57796014e-05)
(-6.46575245e-05,-2.62162517e-05)
(-6.48414772e-05,-2.66062355e-05)
(-6.48931846e-05,-2.69488346e-05)
(-6.48126649e-05,-2.72434130e-05)
(-6.46002091e-05,-2.74894188e-05)
(-6.42563803e-05,-2.76863847e-05)
(-6.37820122e-05,-2.78339299e-05)
(-6.31782079e-05,-2.79317605e-05)
(-6.24463370e-05,-2.79796707e-05)
(-6.15880332e-05,-2.79775436e-05)
(-6.06051907e-05,-2.79253515e-05)
(-5.94999600e-05,-2.78231562e-05)
(-5.82747437e-05,-2.76711098e-05)
(-5.69321912e-05,-2.74694543e-05)
(-5.54751929e-05,-2.72185217e-05)
(-5.39068747e-05,-2.69187339e-05)
(-5.22305909e-05,-2.65706020e-05)
(-5.04499171e-05,-2.61747261e-05)
(-4.85686427e-05,-2.57317944e-05)
(-4.65907630e-05,-2.52425822e-05)
(-4.45204707e-05,-2.47079512e-05)
(-4.23621467e-05,-2.41288479e-05)
(-4.01203512e-05,-2.35063025e-05)
(-3.77998135e-05,-2.28414274e-05)
(-3.54054227e-05,-2.21354149e-05)
(-3.29422164e-05,-2.13895363e-05)
(-3.04153710e-05,-2.06051390e-05)
(-2.78301895e-05,-1.97836448e-05)
(-2.51920915e-05,-1.89265472e-05)
(-2.25066005e-05,-1.80354095e-05)
(-1.97793330e-05,-1.71118613e-05)
(-1.70159861e-05,-1.61575965e-05)
(-1.42223255e-05,-1.51743697e-05)
(-1.14041733e-05,-1.41639937e-05)
(-8.56739542e-06,-1.31283359e-05)
(-5.71788927e-06,-1.20693149e-05)
(-2.86157122e-06,-1.09888976e-05)
(-4.36394727e-09,-9.88909473e-06)
( 2.84781614e-06,-8.77195793e-06)
( 5.68907143e-06,-7.63957551e-06)
( 8.51353569e-06,-6.49406870e-06)
( 1.13153865e-05,-5.33758758e-06)
( 1.40888574e-05,-4.17230703e-06)
( 1.68282507e-05,-3.00042258e-06)
( 1.95279486e-05,-1.82414612e-06)
( 2.21824261e-05,-6.45701645e-07)
( 2.47862617e-05, 5.32679124e-07)
( 2.73341497e-05, 1.70876112e-06)
( 2.98209107e-05, 2.88031036e-06)
( 3.22415029e-05, 4.04509844e-06)
( 3.45910324e-05, 5.20090698e-06)
( 3.68647637e-05, 6.34553211e-06)
( 3.90581293e-05, 7.47678901e-06)
( 4.11667394e-05, 8.59251632e-06)
( 4.31863913e-05, 9.69058065e-06)
( 4.51130771e-05, 1.07688810e-05)
( 4.69429933e-05, 1.18253530e-05)
( 4.86725474e-05, 1.28579737e-05)
( 5.02983661e-05, 1.38647651e-05)
( 5.18173013e-05, 1.48437992e-05)
( 5.32264374e-05, 1.57932015e-05)
( 5.45230962e-05, 1.67111551e-05)
( 5.57048427e-05, 1.75959051e-05)
( 5.67694897e-05, 1.84457620e-05)
( 5.77151018e-05, 1.92591055e-05)
( 5.85399995e-05, 2.00343880e-05)
( 5.92427616e-05, 2.07701383e-05)
( 5.98222283e-05, 2.14649648e-05)
( 6.02775024e-05, 2.21175584e-05)
( 6.06079513e-05, 2.27266957e-05)
( 6.08132073e-05, 2.32912418e-05)
( 6.08931679e-05, 2.38101530e-05)
( 6.08479952e-05, 2.42824789e-05)
( 6.06781150e-05, 2.47073649e-05)
( 6.03842151e-05, 2.50840543e-05)
( 5.99672431e-05, 2.54118900e-05)
( 5.94284038e-05, 2.56903161e-05)
( 5.87691555e-05, 2.59188793e-05)
( 5.79912064e-05, 2.60972302e-05)
( 5.70965103e-05, 2.62251241e-05)
( 5.60872612e-05, 2.63024217e-05)
( 5.49658881e-05, 2.63290898e-05)
( 5.37350491e-05, 2.63052011e-05)
( 5.23976246e-05, 2.62309347e-05)
( 5.09567106e-05, 2.61065754e-05)
( 4.94156111e-05, 2.59325135e-05)
( 4.77778304e-05, 2.57092438e-05)
( 4.60470646e-05, 2.54373650e-05)
( 4.42271933e-05, 2.51175780e-05)
( 4.23222699e-05, 2.47506847e-05)
( 4.03365129e-05, 2.43375863e-05)
( 3.82742954e-05, 2.38792810e-05)
( 3.61401357e-05, 2.33768624e-05)
( 3.39386865e-05, 2.28315164e-05)
( 3.16747244e-05, 2.22445191e-05)
( 2.93531389e-05, 2.16172335e-05)
( 2.69789217e-05, 2.09511066e-05)
( 2.45571550e-05, 2.02476662e-05)
( 2.20930001e-05, 1.95085171e-05)
( 1.95916864e-05, 1.87353376e-05)
( 1.70584988e-05, 1.79298754e-05)
( 1.44987670e-05, 1.70939439e-05)
( 1.19178527e-05, 1.62294174e-05)
( 9.32113870e-06, 1.53382272e-05)
( 6.71401638e-06, 1.44223567e-05)
( 4.10187434e-06, 1.34838368e-05)
( 1.49008657e-06, 1.25247411e-05)
(-1.11599920e-06, 1.15471808e-05)
(-3.71107294e-06, 1.05532998e-05)
(-6.28987377e-06, 9.54526950e-06)
(-8.84720106e-06, 8.52528348e-06)
(-1.13779255e-05, 7.49555227e-06)
(-1.38769999e-05, 6.45829792e-06)
(-1.63394695e-05, 5.41574868e-06)
(-1.87604828e-05, 4.37013347e-06)
(-2.11353008e-05, 3.32367650e-06)
(-2.34593072e-05, 2.27859180e-06)
(-2.57280175e-05, 1.23707776e-06)
(-2.79370881e-05, 2.01311737e-07)
(-3.00823250e-05,-8.26555276e-07)
(-3.21596915e-05,-1.84440402e-06)
(-3.41653166e-05,-2.85015217e-06)
(-3.60955021e-05,-3.84175948e-06)
(-3.79467295e-05,-4.81723289e-06)
(-3.97156665e-05,-5.77463139e-06)
(-4.13991730e-05,-6.71207091e-06)
(-4.29943067e-05,-7.62772895e-06)
(-4.44983280e-05,-8.51984909e-06)
(-4.59087046e-05,-9.38674541e-06)
(-4.72231153e-05,-1.02268066e-05)
(-4.84394538e-05,-1.10385000e-05)
(-4.95558315e-05,-1.18203752e-05)
(-5.05705800e-05,-1.25710681e-05)
(-5.14822528e-05,-1.32893036e-05)
(-5.22896269e-05,-1.39738992e-05)
(-5.29917037e-05,-1.46237677e-05)
(-5.35877090e-05,-1.52379197e-05)
(-5.40770929e-05,-1.58154663e-05)
(-5.44595293e-05,-1.63556207e-05)
(-5.47349143e-05,-1.68577006e-05)
(-5.49033646e-05,-1.73211290e-05)
(-5.49652150e-05,-1.77454361e-05)
(-5.49210161e-05,-1.81302600e-05)
(-5.47715302e-05,-1.84753472e-05)
(-5.45177285e-05,-1.87805533e-05)
(-5.41607860e-05,-1.90458425e-05)
(-5.37020774e-05,-1.92712879e-05)
(-5.31431719e-05,-1.94570708e-05)
(-5.24858273e-05,-1.96034794e-05)
(-5.17319844e-05,-1.97109084e-05)
(-5.08837606e-05,-1.97798566e-05)
(-4.99434431e-05,-1.98109261e-05)
(-4.89134820e-05,-1.98048195e-05)
(-4.77964825e-05,-1.97623376e-05)
(-4.65951977e-05,-1.96843772e-05)
(-4.53125202e-05,-1.95719277e-05)
(-4.39514740e-05,-1.94260683e-05)
(-4.25152057e-05,-1.92479639e-05)
(-4.10069763e-05,-1.90388620e-05)
(-3.94301513e-05,-1.88000884e-05)
(-3.77881926e-05,-1.85330429e-05)
(-3.60846483e-05,-1.82391951e-05)
(-3.43231436e-05,-1.79200793e-05)
(-3.25073712e-05,-1.75772900e-05)
(-3.06410816e-05,-1.72124767e-05)
(-2.87280730e-05,-1.68273385e-05)
(-2.67721822e-05,-1.64236186e-05)
(-2.47772740e-05,-1.60030991e-05)
(-2.27472318e-05,-1.55675947e-05)
(-2.06859474e-05,-1.51189472e-05)
(-1.85973117e-05,-1.46590195e-05)
(-1.64852041e-05,-1.41896893e-05)
(-1.43534839e-05,-1.37128432e-05)
(-1.22059795e-05,-1.32303701e-05)
(-1.00464796e-05,-1.27441555e-05)
(-7.87872373e-06,-1.22560746e-05)
(-5.70639265e-06,-1.17679864e-05)
(-3.53309937e-06,-1.12817271e-05)
(-1.36238010e-06,-1.07991040e-05)
( 8.02314636e-07,-1.03218891e-05)
( 2.95762876e-06,-9.85181291e-06)
( 5.10030921e-06,-9.39055834e-06)
( 7.22721437e-06,-8.93975458e-06)
( 9.33532241e-06,-8.50097111e-06)
( 1.14217395e-05,-8.07571188e-06)
( 1.34837078e-05,-7.66540949e-06)
( 1.55186136e-05,-7.27141963e-06)
( 1.75239952e-05,-6.89501560e-06)
( 1.94975510e-05,-6.53738298e-06)
( 2.14371472e-05,-6.19961452e-06)
( 2.33408265e-05,-5.88270520e-06)
( 2.52068159e-05,-5.58754737e-06)
( 2.70335356e-05,-5.31492625e-06)
( 2.88196080e-05,-5.06551551e-06)
( 3.05638674e-05,-4.83987305e-06)
( 3.22653700e-05,-4.63843703e-06)
( 3.39234059e-05,-4.46152203e-06)
( 3.55375112e-05,-4.30931545e-06)
( 3.71074820e-05,-4.18187403e-06)
( 3.86333914e-05,-4.07912060e-06)
( 4.01156071e-05,-4.00084086e-06)
( 4.15548145e-05,-3.94668039e-06)
( 4.29520417e-05,-3.91614166e-06)
( 4.43086912e-05,-3.90858113e-06)
( 4.56265773e-05,-3.92320629e-06)
( 4.69079722e-05,-3.95907263e-06)
( 4.81556622e-05,-4.01508051e-06)
( 4.93730183e-05,-4.08997168e-06)
( 5.05640842e-05,-4.18232547e-06)
( 5.17336878e-05,-4.29055443e-06)
( 5.28875840e-05,-4.41289919e-06)
( 5.40326388e-05,-4.54742247e-06)
( 5.51770700e-05,-4.69200159e-06)
( 5.63307661e-05,-4.84431949e-06)
( 5.75057133e-05,-5.00185347e-06)
( 5.87165781e-05,-5.16186107e-06)
( 5.99815137e-05,-5.32136235e-06)
( 6.13233014e-05,-5.47711748e-06)
( 6.27709985e-05,-5.62559819e-06)
( 6.43623825e-05,-5.76295169e-06)
( 6.61476838e-05,-5.88495517e-06)
( 6.81954882e-05,-5.98695929e-06)
( 7.06024633e-05,-6.06382117e-06)
( 7.35102064e-05,-6.10983302e-06)
( 7.71362738e-05,-6.11867288e-06)
( 8.18359298e-05,-6.08346663e-06)
( 8.82381597e-05,-5.99726852e-06)
( 9.75874282e-05,-5.85508446e-06)
( 1.12867647e-04,-5.66357305e-06)
( 1.41091198e-04,-5.45641358e-06)
( 3.05035238e-04,-6.82969961e-06)
