% ======================================================
% L-Bracket Method of Moments Solution
% ======================================================
% Frequency: 9.000 GHz
% Wavelength: 0.033311 m
% Segments: N=3004 (1502 horiz + 1502 vert)
% Transmitter: (25.0000, 25.0000) m
%
% Solver: SSOR with hierarchical omega
% omega = 0.1070
% iterations = 363
% convergence = 9.85e-10
% time = 230.74 seconds
% ======================================================
% Format: (real, imaginary) current coefficients
% ======================================================
(-1.35720879e-06, 2.31008908e-08)
(-4.80059907e-06, 1.96819276e-07)
(-8.05849339e-06, 3.48869759e-07)
(-1.12984889e-05, 4.98885018e-07)
(-1.45130543e-05, 6.47071643e-07)
(-1.76972829e-05, 7.93510320e-07)
(-2.08455035e-05, 9.38081948e-07)
(-2.39518297e-05, 1.08059081e-06)
(-2.70103221e-05, 1.22080978e-06)
(-3.00150656e-05, 1.35849665e-06)
(-3.29602118e-05, 1.49340323e-06)
(-3.58400061e-05, 1.62527997e-06)
(-3.86488083e-05, 1.75387878e-06)
(-4.13811085e-05, 1.87895494e-06)
(-4.40315413e-05, 2.00026831e-06)
(-4.65948984e-05, 2.11758446e-06)
(-4.90661402e-05, 2.23067533e-06)
(-5.14404067e-05, 2.33932001e-06)
(-5.37130278e-05, 2.44330525e-06)
(-5.58795329e-05, 2.54242603e-06)
(-5.79356601e-05, 2.63648596e-06)
(-5.98773647e-05, 2.72529780e-06)
(-6.17008278e-05, 2.80868377e-06)
(-6.34024633e-05, 2.88647596e-06)
(-6.49789258e-05, 2.95851667e-06)
(-6.64271167e-05, 3.02465872e-06)
(-6.77441907e-05, 3.08476577e-06)
(-6.89275614e-05, 3.13871253e-06)
(-6.99749063e-05, 3.18638509e-06)
(-7.08841717e-05, 3.22768110e-06)
(-7.16535762e-05, 3.26250998e-06)
(-7.22816149e-05, 3.29079314e-06)
(-7.27670619e-05, 3.31246410e-06)
(-7.31089730e-05, 3.32746867e-06)
(-7.33066873e-05, 3.33576505e-06)
(-7.33598285e-05, 3.33732394e-06)
(-7.32683059e-05, 3.33212863e-06)
(-7.30323143e-05, 3.32017502e-06)
(-7.26523337e-05, 3.30147169e-06)
(-7.21291284e-05, 3.27603990e-06)
(-7.14637453e-05, 3.24391356e-06)
(-7.06575118e-05, 3.20513922e-06)
(-6.97120332e-05, 3.15977602e-06)
(-6.86291899e-05, 3.10789559e-06)
(-6.74111330e-05, 3.04958196e-06)
(-6.60602803e-05, 2.98493143e-06)
(-6.45793117e-05, 2.91405244e-06)
(-6.29711636e-05, 2.83706538e-06)
(-6.12390233e-05, 2.75410244e-06)
(-5.93863225e-05, 2.66530735e-06)
(-5.74167306e-05, 2.57083517e-06)
(-5.53341473e-05, 2.47085207e-06)
(-5.31426953e-05, 2.36553500e-06)
(-5.08467114e-05, 2.25507141e-06)
(-4.84507388e-05, 2.13965898e-06)
(-4.59595172e-05, 2.01950521e-06)
(-4.33779743e-05, 1.89482716e-06)
(-4.07112153e-05, 1.76585096e-06)
(-3.79645135e-05, 1.63281155e-06)
(-3.51432992e-05, 1.49595216e-06)
(-3.22531495e-05, 1.35552395e-06)
(-2.92997770e-05, 1.21178555e-06)
(-2.62890186e-05, 1.06500260e-06)
(-2.32268240e-05, 9.15447278e-07)
(-2.01192439e-05, 7.63397817e-07)
(-1.69724180e-05, 6.09138005e-07)
(-1.37925632e-05, 4.52956665e-07)
(-1.05859608e-05, 2.95147137e-07)
(-7.35894446e-06, 1.36006745e-07)
(-4.11788782e-06,-2.41637608e-08)
(-8.69191537e-07,-1.85060746e-07)
( 2.38072904e-06,-3.46378267e-07)
( 5.62545664e-06,-5.07808630e-07)
( 8.85858469e-06,-6.69042983e-07)
( 1.20737299e-05,-8.29771881e-07)
( 1.52645451e-05,-9.89685888e-07)
( 1.84247311e-05,-1.14847615e-06)
( 2.15480501e-05,-1.30583501e-06)
( 2.46283370e-05,-1.46145658e-06)
( 2.76595122e-05,-1.61503733e-06)
( 3.06355932e-05,-1.76627671e-06)
( 3.35507066e-05,-1.91487772e-06)
( 3.63990996e-05,-2.06054748e-06)
( 3.91751512e-05,-2.20299782e-06)
( 4.18733835e-05,-2.34194589e-06)
( 4.44884724e-05,-2.47711467e-06)
( 4.70152578e-05,-2.60823359e-06)
( 4.94487541e-05,-2.73503902e-06)
( 5.17841600e-05,-2.85727486e-06)
( 5.40168677e-05,-2.97469304e-06)
( 5.61424721e-05,-3.08705406e-06)
( 5.81567795e-05,-3.19412747e-06)
( 6.00558156e-05,-3.29569237e-06)
( 6.18358339e-05,-3.39153788e-06)
( 6.34933222e-05,-3.48146358e-06)
( 6.50250102e-05,-3.56527999e-06)
( 6.64278756e-05,-3.64280894e-06)
( 6.76991502e-05,-3.71388399e-06)
( 6.88363251e-05,-3.77835083e-06)
( 6.98371558e-05,-3.83606757e-06)
( 7.06996665e-05,-3.88690514e-06)
( 7.14221543e-05,-3.93074758e-06)
( 7.20031918e-05,-3.96749230e-06)
( 7.24416307e-05,-3.99705038e-06)
( 7.27366036e-05,-4.01934676e-06)
( 7.28875255e-05,-4.03432049e-06)
( 7.28940956e-05,-4.04192489e-06)
( 7.27562973e-05,-4.04212770e-06)
( 7.24743982e-05,-4.03491122e-06)
( 7.20489501e-05,-4.02027237e-06)
( 7.14807872e-05,-3.99822283e-06)
( 7.07710250e-05,-3.96878899e-06)
( 6.99210578e-05,-3.93201204e-06)
( 6.89325559e-05,-3.88794787e-06)
( 6.78074624e-05,-3.83666709e-06)
( 6.65479895e-05,-3.77825491e-06)
( 6.51566139e-05,-3.71281103e-06)
( 6.36360720e-05,-3.64044952e-06)
( 6.19893545e-05,-3.56129861e-06)
( 6.02197003e-05,-3.47550052e-06)
( 5.83305907e-05,-3.38321123e-06)
( 5.63257418e-05,-3.28460021e-06)
( 5.42090978e-05,-3.17985011e-06)
( 5.19848226e-05,-3.06915648e-06)
( 4.96572924e-05,-2.95272741e-06)
( 4.72310861e-05,-2.83078312e-06)
( 4.47109774e-05,-2.70355563e-06)
( 4.21019242e-05,-2.57128826e-06)
( 3.94090600e-05,-2.43423524e-06)
( 3.66376828e-05,-2.29266117e-06)
( 3.37932453e-05,-2.14684059e-06)
( 3.08813441e-05,-1.99705738e-06)
( 2.79077083e-05,-1.84360427e-06)
( 2.48781886e-05,-1.68678227e-06)
( 2.17987456e-05,-1.52690003e-06)
( 1.86754384e-05,-1.36427330e-06)
( 1.55144119e-05,-1.19922425e-06)
( 1.23218858e-05,-1.03208090e-06)
( 9.10414132e-06,-8.63176387e-07)
( 5.86750950e-06,-6.92848338e-07)
( 2.61835849e-06,-5.21438197e-07)
(-6.36918927e-07,-3.49290510e-07)
(-3.89191793e-06,-1.76752242e-07)
(-7.14023426e-06,-4.17204662e-09)
(-1.03754768e-05, 1.68100419e-07)
(-1.35912802e-05, 3.39715249e-07)
(-1.67813175e-05, 5.10322987e-07)
(-1.99393121e-05, 6.79575364e-07)
(-2.30590508e-05, 8.47126029e-07)
(-2.61343957e-05, 1.01263126e-06)
(-2.91592960e-05, 1.17575071e-06)
(-3.21278006e-05, 1.33614811e-06)
(-3.50340690e-05, 1.49349196e-06)
(-3.78723834e-05, 1.64745630e-06)
(-4.06371598e-05, 1.79772133e-06)
(-4.33229588e-05, 1.94397414e-06)
(-4.59244967e-05, 2.08590939e-06)
(-4.84366555e-05, 2.22322994e-06)
(-5.08544930e-05, 2.35564752e-06)
(-5.31732531e-05, 2.48288333e-06)
(-5.53883743e-05, 2.60466868e-06)
(-5.74954995e-05, 2.72074558e-06)
(-5.94904839e-05, 2.83086728e-06)
(-6.13694038e-05, 2.93479886e-06)
(-6.31285639e-05, 3.03231772e-06)
(-6.47645046e-05, 3.12321409e-06)
(-6.62740092e-05, 3.20729151e-06)
(-6.76541096e-05, 3.28436729e-06)
(-6.89020930e-05, 3.35427290e-06)
(-7.00155065e-05, 3.41685437e-06)
(-7.09921622e-05, 3.47197267e-06)
(-7.18301419e-05, 3.51950403e-06)
(-7.25278001e-05, 3.55934022e-06)
(-7.30837682e-05, 3.59138884e-06)
(-7.34969564e-05, 3.61557353e-06)
(-7.37665562e-05, 3.63183421e-06)
(-7.38920423e-05, 3.64012719e-06)
(-7.38731731e-05, 3.64042534e-06)
(-7.37099916e-05, 3.63271818e-06)
(-7.34028252e-05, 3.61701192e-06)
(-7.29522850e-05, 3.59332951e-06)
(-7.23592647e-05, 3.56171061e-06)
(-7.16249390e-05, 3.52221156e-06)
(-7.07507611e-05, 3.47490528e-06)
(-6.97384599e-05, 3.41988116e-06)
(-6.85900367e-05, 3.35724493e-06)
(-6.73077612e-05, 3.28711842e-06)
(-6.58941671e-05, 3.20963939e-06)
(-6.43520473e-05, 3.12496122e-06)
(-6.26844479e-05, 3.03325268e-06)
(-6.08946628e-05, 2.93469756e-06)
(-5.89862270e-05, 2.82949432e-06)
(-5.69629095e-05, 2.71785572e-06)
(-5.48287063e-05, 2.60000837e-06)
(-5.25878319e-05, 2.47619232e-06)
(-5.02447118e-05, 2.34666053e-06)
(-4.78039733e-05, 2.21167843e-06)
(-4.52704363e-05, 2.07152330e-06)
(-4.26491043e-05, 1.92648379e-06)
(-3.99451542e-05, 1.77685928e-06)
(-3.71639261e-05, 1.62295929e-06)
(-3.43109129e-05, 1.46510287e-06)
(-3.13917495e-05, 1.30361790e-06)
(-2.84122018e-05, 1.13884046e-06)
(-2.53781548e-05, 9.71114126e-07)
(-2.22956020e-05, 8.00789262e-07)
(-1.91706324e-05, 6.28222293e-07)
(-1.60094196e-05, 4.53774987e-07)
(-1.28182088e-05, 2.77813696e-07)
(-9.60330500e-06, 1.00708603e-07)
(-6.37106033e-06,-7.71670473e-08)
(-3.12786159e-06,-2.55437709e-07)
( 1.19882379e-07,-4.33726328e-07)
( 3.36575329e-06,-6.11655107e-07)
( 6.60333612e-06,-7.88846307e-07)
( 9.82623177e-06,-9.64923011e-07)
( 1.30280697e-05,-1.13950992e-06)
( 1.62025203e-05,-1.31223412e-06)
( 1.93433080e-05,-1.48272588e-06)
( 2.24442228e-05,-1.65061936e-06)
( 2.54991334e-05,-1.81555346e-06)
( 2.85019984e-05,-1.97717248e-06)
( 3.14468793e-05,-2.13512692e-06)
( 3.43279513e-05,-2.28907417e-06)
( 3.71395154e-05,-2.43867924e-06)
( 3.98760093e-05,-2.58361545e-06)
( 4.25320189e-05,-2.72356508e-06)
( 4.51022883e-05,-2.85822008e-06)
( 4.75817308e-05,-2.98728266e-06)
( 4.99654389e-05,-3.11046593e-06)
( 5.22486937e-05,-3.22749448e-06)
( 5.44269744e-05,-3.33810498e-06)
( 5.64959674e-05,-3.44204667e-06)
( 5.84515749e-05,-3.53908193e-06)
( 6.02899225e-05,-3.62898674e-06)
( 6.20073675e-05,-3.71155115e-06)
( 6.36005060e-05,-3.78657970e-06)
( 6.50661793e-05,-3.85389185e-06)
( 6.64014806e-05,-3.91332233e-06)
( 6.76037605e-05,-3.96472148e-06)
( 6.86706325e-05,-4.00795555e-06)
( 6.95999774e-05,-4.04290700e-06)
( 7.03899480e-05,-4.06947471e-06)
( 7.10389725e-05,-4.08757421e-06)
( 7.15457576e-05,-4.09713785e-06)
( 7.19092912e-05,-4.09811490e-06)
( 7.21288445e-05,-4.09047171e-06)
( 7.22039734e-05,-4.07419175e-06)
( 7.21345192e-05,-4.04927564e-06)
( 7.19206094e-05,-4.01574113e-06)
( 7.15626571e-05,-3.97362312e-06)
( 7.10613606e-05,-3.92297354e-06)
( 7.04177016e-05,-3.86386126e-06)
( 6.96329435e-05,-3.79637195e-06)
( 6.87086292e-05,-3.72060791e-06)
( 6.76465775e-05,-3.63668784e-06)
( 6.64488802e-05,-3.54474665e-06)
( 6.51178974e-05,-3.44493514e-06)
( 6.36562533e-05,-3.33741972e-06)
( 6.20668308e-05,-3.22238207e-06)
( 6.03527660e-05,-3.10001878e-06)
( 5.85174417e-05,-2.97054096e-06)
( 5.65644812e-05,-2.83417381e-06)
( 5.44977408e-05,-2.69115617e-06)
( 5.23213024e-05,-2.54174004e-06)
( 5.00394652e-05,-2.38619013e-06)
( 4.76567374e-05,-2.22478324e-06)
( 4.51778275e-05,-2.05780780e-06)
( 4.26076345e-05,-1.88556327e-06)
( 3.99512387e-05,-1.70835953e-06)
( 3.72138914e-05,-1.52651629e-06)
( 3.44010045e-05,-1.34036246e-06)
( 3.15181402e-05,-1.15023551e-06)
( 2.85709992e-05,-9.56480771e-07)
( 2.55654105e-05,-7.59450826e-07)
( 2.25073190e-05,-5.59504771e-07)
( 1.94027739e-05,-3.57007525e-07)
( 1.62579174e-05,-1.52329130e-07)
( 1.30789714e-05, 5.41559660e-08)
( 9.87222643e-06, 2.62069652e-07)
( 6.64402820e-06, 4.71030865e-07)
( 3.40076563e-06, 6.80656345e-07)
( 1.48857966e-07, 8.90561351e-07)
(-3.10525783e-06, 1.10036042e-06)
(-6.35513987e-06, 1.30966811e-06)
(-9.59435408e-06, 1.51809972e-06)
(-1.28164869e-05, 1.72527204e-06)
(-1.60151581e-05, 1.93080407e-06)
(-1.91840331e-05, 2.13431779e-06)
(-2.23168361e-05, 2.33543882e-06)
(-2.54073618e-05, 2.53379715e-06)
(-2.84494882e-05, 2.72902789e-06)
(-3.14371885e-05, 2.92077188e-06)
(-3.43645431e-05, 3.10867645e-06)
(-3.72257513e-05, 3.29239602e-06)
(-4.00151427e-05, 3.47159280e-06)
(-4.27271888e-05, 3.64593741e-06)
(-4.53565132e-05, 3.81510948e-06)
(-4.78979032e-05, 3.97879828e-06)
(-5.03463194e-05, 4.13670329e-06)
(-5.26969058e-05, 4.28853477e-06)
(-5.49449998e-05, 4.43401429e-06)
(-5.70861410e-05, 4.57287527e-06)
(-5.91160801e-05, 4.70486344e-06)
(-6.10307876e-05, 4.82973738e-06)
(-6.28264615e-05, 4.94726889e-06)
(-6.44995348e-05, 5.05724348e-06)
(-6.60466828e-05, 5.15946075e-06)
(-6.74648295e-05, 5.25373474e-06)
(-6.87511536e-05, 5.33989431e-06)
(-6.99030943e-05, 5.41778343e-06)
(-7.09183564e-05, 5.48726151e-06)
(-7.17949145e-05, 5.54820359e-06)
(-7.25310172e-05, 5.60050068e-06)
(-7.31251907e-05, 5.64405986e-06)
(-7.35762414e-05, 5.67880453e-06)
(-7.38832585e-05, 5.70467450e-06)
(-7.40456157e-05, 5.72162614e-06)
(-7.40629724e-05, 5.72963248e-06)
(-7.39352744e-05, 5.72868320e-06)
(-7.36627541e-05, 5.71878474e-06)
(-7.32459296e-05, 5.69996021e-06)
(-7.26856043e-05, 5.67224944e-06)
(-7.19828647e-05, 5.63570883e-06)
(-7.11390785e-05, 5.59041134e-06)
(-7.01558921e-05, 5.53644628e-06)
(-6.90352268e-05, 5.47391924e-06)
(-6.77792753e-05, 5.40295182e-06)
(-6.63904973e-05, 5.32368150e-06)
(-6.48716148e-05, 5.23626135e-06)
(-6.32256061e-05, 5.14085978e-06)
(-6.14557006e-05, 5.03766023e-06)
(-5.95653719e-05, 4.92686086e-06)
(-5.75583311e-05, 4.80867420e-06)
(-5.54385193e-05, 4.68332676e-06)
(-5.32101001e-05, 4.55105867e-06)
(-5.08774508e-05, 4.41212319e-06)
(-4.84451544e-05, 4.26678634e-06)
(-4.59179897e-05, 4.11532633e-06)
(-4.33009227e-05, 3.95803318e-06)
(-4.05990960e-05, 3.79520812e-06)
(-3.78178190e-05, 3.62716306e-06)
(-3.49625573e-05, 3.45422009e-06)
(-3.20389221e-05, 3.27671085e-06)
(-2.90526584e-05, 3.09497594e-06)
(-2.60096345e-05, 2.90936437e-06)
(-2.29158298e-05, 2.72023283e-06)
(-1.97773230e-05, 2.52794515e-06)
(-1.66002803e-05, 2.33287157e-06)
(-1.33909430e-05, 2.13538814e-06)
(-1.01556154e-05, 1.93587598e-06)
(-6.90065201e-06, 1.73472059e-06)
(-3.63244510e-06, 1.53231121e-06)
(-3.57412157e-07, 1.32904006e-06)
( 2.91801691e-06, 1.12530162e-06)
( 6.18741244e-06, 9.21491933e-07)
( 9.44435774e-06, 7.18007872e-07)
( 1.26824618e-05, 5.15246388e-07)
( 1.58953717e-05, 3.13603807e-07)
( 1.90767857e-05, 1.13475066e-07)
( 2.22204649e-05,-8.47470094e-08)
( 2.53202463e-05,-2.80672432e-07)
( 2.83700544e-05,-4.73914804e-07)
( 3.13639135e-05,-6.64092038e-07)
( 3.42959596e-05,-8.50827070e-07)
( 3.71604515e-05,-1.03374859e-06)
( 3.99517825e-05,-1.21249177e-06)
( 4.26644913e-05,-1.38669891e-06)
( 4.52932728e-05,-1.55602021e-06)
( 4.78329886e-05,-1.72011436e-06)
( 5.02786770e-05,-1.87864931e-06)
( 5.26255627e-05,-2.03130283e-06)
( 5.48690665e-05,-2.17776324e-06)
( 5.70048140e-05,-2.31772996e-06)
( 5.90286443e-05,-2.45091417e-06)
( 6.09366181e-05,-2.57703938e-06)
( 6.27250255e-05,-2.69584199e-06)
( 6.43903934e-05,-2.80707189e-06)
( 6.59294919e-05,-2.91049292e-06)
( 6.73393413e-05,-3.00588345e-06)
( 6.86172170e-05,-3.09303681e-06)
( 6.97606557e-05,-3.17176177e-06)
( 7.07674596e-05,-3.24188298e-06)
( 7.16357012e-05,-3.30324137e-06)
( 7.23637263e-05,-3.35569455e-06)
( 7.29501580e-05,-3.39911711e-06)
( 7.33938990e-05,-3.43340102e-06)
( 7.36941333e-05,-3.45845586e-06)
( 7.38503286e-05,-3.47420911e-06)
( 7.38622365e-05,-3.48060639e-06)
( 7.37298934e-05,-3.47761164e-06)
( 7.34536202e-05,-3.46520731e-06)
( 7.30340214e-05,-3.44339446e-06)
( 7.24719843e-05,-3.41219290e-06)
( 7.17686768e-05,-3.37164126e-06)
( 7.09255449e-05,-3.32179695e-06)
( 6.99443105e-05,-3.26273626e-06)
( 6.88269670e-05,-3.19455426e-06)
( 6.75757760e-05,-3.11736472e-06)
( 6.61932625e-05,-3.03130004e-06)
( 6.46822098e-05,-2.93651109e-06)
( 6.30456542e-05,-2.83316703e-06)
( 6.12868785e-05,-2.72145507e-06)
( 5.94094060e-05,-2.60158027e-06)
( 5.74169932e-05,-2.47376521e-06)
( 5.53136222e-05,-2.33824969e-06)
( 5.31034932e-05,-2.19529036e-06)
( 5.07910159e-05,-2.04516033e-06)
( 4.83808005e-05,-1.88814877e-06)
( 4.58776493e-05,-1.72456042e-06)
( 4.32865464e-05,-1.55471510e-06)
( 4.06126483e-05,-1.37894720e-06)
( 3.78612736e-05,-1.19760512e-06)
( 3.50378924e-05,-1.01105066e-06)
( 3.21481154e-05,-8.19658444e-07)
( 2.91976830e-05,-6.23815230e-07)
( 2.61924541e-05,-4.23919251e-07)
( 2.31383940e-05,-2.20379524e-07)
( 2.00415631e-05,-1.36150911e-08)
( 1.69081046e-05, 1.95945710e-07)
( 1.37442327e-05, 4.07866032e-07)
( 1.05562201e-05, 6.21701336e-07)
( 7.35038573e-06, 8.37000184e-07)
( 4.13308212e-06, 1.05330511e-06)
( 9.10683110e-07, 1.27015347e-06)
(-2.31042887e-06, 1.48707832e-06)
(-5.52387532e-06, 1.70360930e-06)
(-8.72329427e-06, 1.91927357e-06)
(-1.19023528e-05, 2.13359670e-06)
(-1.50547595e-05, 2.34610361e-06)
(-1.81742770e-05, 2.55631952e-06)
(-2.12547339e-05, 2.76377089e-06)
(-2.42900374e-05, 2.96798634e-06)
(-2.72741849e-05, 3.16849765e-06)
(-3.02012759e-05, 3.36484070e-06)
(-3.30655238e-05, 3.55655642e-06)
(-3.58612671e-05, 3.74319173e-06)
(-3.85829807e-05, 3.92430049e-06)
(-4.12252864e-05, 4.09944449e-06)
(-4.37829640e-05, 4.26819432e-06)
(-4.62509610e-05, 4.43013029e-06)
(-4.86244031e-05, 4.58484343e-06)
(-5.08986034e-05, 4.73193626e-06)
(-5.30690716e-05, 4.87102378e-06)
(-5.51315232e-05, 5.00173424e-06)
(-5.70818873e-05, 5.12371008e-06)
(-5.89163153e-05, 5.23660864e-06)
(-6.06311878e-05, 5.34010305e-06)
(-6.22231223e-05, 5.43388295e-06)
(-6.36889793e-05, 5.51765524e-06)
(-6.50258689e-05, 5.59114481e-06)
(-6.62311561e-05, 5.65409519e-06)
(-6.73024664e-05, 5.70626923e-06)
(-6.82376901e-05, 5.74744970e-06)
(-6.90349865e-05, 5.77743990e-06)
(-6.96927876e-05, 5.79606413e-06)
(-7.02098011e-05, 5.80316827e-06)
(-7.05850132e-05, 5.79862020e-06)
(-7.08176900e-05, 5.78231025e-06)
(-7.09073795e-05, 5.75415153e-06)
(-7.08539124e-05, 5.71408032e-06)
(-7.06574019e-05, 5.66205632e-06)
(-7.03182442e-05, 5.59806293e-06)
(-6.98371174e-05, 5.52210738e-06)
(-6.92149799e-05, 5.43422098e-06)
(-6.84530690e-05, 5.33445912e-06)
(-6.75528981e-05, 5.22290139e-06)
(-6.65162538e-05, 5.09965154e-06)
(-6.53451927e-05, 4.96483747e-06)
(-6.40420368e-05, 4.81861109e-06)
(-6.26093693e-05, 4.66114821e-06)
(-6.10500297e-05, 4.49264832e-06)
(-5.93671076e-05, 4.31333434e-06)
(-5.75639373e-05, 4.12345233e-06)
(-5.56440908e-05, 3.92327115e-06)
(-5.36113710e-05, 3.71308204e-06)
(-5.14698042e-05, 3.49319817e-06)
(-4.92236321e-05, 3.26395417e-06)
(-4.68773035e-05, 3.02570557e-06)
(-4.44354657e-05, 2.77882819e-06)
(-4.19029552e-05, 2.52371756e-06)
(-3.92847881e-05, 2.26078818e-06)
(-3.65861508e-05, 1.99047280e-06)
(-3.38123890e-05, 1.71322170e-06)
(-3.09689978e-05, 1.42950182e-06)
(-2.80616107e-05, 1.13979595e-06)
(-2.50959886e-05, 8.44601828e-07)
(-2.20780082e-05, 5.44431228e-07)
(-1.90136511e-05, 2.39808977e-07)
(-1.59089911e-05,-6.87280063e-08)
(-1.27701832e-05,-3.80631764e-07)
(-9.60345087e-06,-6.95344326e-07)
(-6.41507404e-06,-1.01229880e-06)
(-3.21137680e-06,-1.33092048e-06)
( 1.28514164e-09,-1.65062795e-06)
( 3.21653690e-06,-1.97083426e-06)
( 6.42799697e-06,-2.29094806e-06)
( 9.62928979e-06,-2.61037482e-06)
( 1.28140583e-05,-2.92851797e-06)
( 1.59759763e-05,-3.24478013e-06)
( 1.91087613e-05,-3.55856433e-06)
( 2.22061863e-05,-3.86927521e-06)
( 2.52620927e-05,-4.17632024e-06)
( 2.82704018e-05,-4.47911094e-06)
( 3.12251273e-05,-4.77706410e-06)
( 3.41203868e-05,-5.06960299e-06)
( 3.69504135e-05,-5.35615855e-06)
( 3.97095674e-05,-5.63617061e-06)
( 4.23923469e-05,-5.90908904e-06)
( 4.49933990e-05,-6.17437491e-06)
( 4.75075304e-05,-6.43150168e-06)
( 4.99297173e-05,-6.67995627e-06)
( 5.22551160e-05,-6.91924019e-06)
( 5.44790716e-05,-7.14887062e-06)
( 5.65971280e-05,-7.36838142e-06)
( 5.86050361e-05,-7.57732419e-06)
( 6.04987626e-05,-7.77526922e-06)
( 6.22744980e-05,-7.96180646e-06)
( 6.39286637e-05,-8.13654639e-06)
( 6.54579198e-05,-8.29912093e-06)
( 6.68591711e-05,-8.44918426e-06)
( 6.81295736e-05,-8.58641357e-06)
( 6.92665401e-05,-8.71050985e-06)
( 7.02677453e-05,-8.82119853e-06)
( 7.11311306e-05,-8.91823016e-06)
( 7.18549080e-05,-9.00138096e-06)
( 7.24375638e-05,-9.07045340e-06)
( 7.28778618e-05,-9.12527665e-06)
( 7.31748455e-05,-9.16570704e-06)
( 7.33278403e-05,-9.19162841e-06)
( 7.33364550e-05,-9.20295244e-06)
( 7.32005822e-05,-9.19961889e-06)
( 7.29203992e-05,-9.18159583e-06)
( 7.24963672e-05,-9.14887976e-06)
( 7.19292309e-05,-9.10149572e-06)
( 7.12200167e-05,-9.03949726e-06)
( 7.03700313e-05,-8.96296646e-06)
( 6.93808585e-05,-8.87201380e-06)
( 6.82543568e-05,-8.76677799e-06)
( 6.69926556e-05,-8.64742581e-06)
( 6.55981511e-05,-8.51415176e-06)
( 6.40735015e-05,-8.36717779e-06)
( 6.24216221e-05,-8.20675284e-06)
( 6.06456794e-05,-8.03315244e-06)
( 5.87490853e-05,-7.84667820e-06)
( 5.67354900e-05,-7.64765719e-06)
( 5.46087753e-05,-7.43644139e-06)
( 5.23730466e-05,-7.21340698e-06)
( 5.00326255e-05,-6.97895360e-06)
( 4.75920406e-05,-6.73350361e-06)
( 4.50560192e-05,-6.47750126e-06)
( 4.24294780e-05,-6.21141180e-06)
( 3.97175132e-05,-5.93572055e-06)
( 3.69253907e-05,-5.65093199e-06)
( 3.40585358e-05,-5.35756871e-06)
( 3.11225225e-05,-5.05617039e-06)
( 2.81230626e-05,-4.74729272e-06)
( 2.50659945e-05,-4.43150627e-06)
( 2.19572718e-05,-4.10939538e-06)
( 1.88029514e-05,-3.78155692e-06)
( 1.56091818e-05,-3.44859918e-06)
( 1.23821910e-05,-3.11114054e-06)
( 9.12827411e-06,-2.76980829e-06)
( 5.85378114e-06,-2.42523734e-06)
( 2.56510443e-06,-2.07806891e-06)
(-7.31333904e-07,-1.72894926e-06)
(-4.02909465e-06,-1.37852836e-06)
(-7.32173415e-06,-1.02745857e-06)
(-1.06028170e-05,-6.76393329e-07)
(-1.38659287e-05,-3.25985788e-07)
(-1.71046883e-05, 2.31124772e-08)
(-2.03127611e-05, 3.70252828e-07)
(-2.34838709e-05, 7.14790855e-07)
(-2.66118127e-05, 1.05608772e-06)
(-2.96904646e-05, 1.39351142e-06)
(-3.27138001e-05, 1.72643812e-06)
(-3.56759000e-05, 2.05425340e-06)
(-3.85709639e-05, 2.37635348e-06)
(-4.13933219e-05, 2.69214650e-06)
(-4.41374456e-05, 3.00105369e-06)
(-4.67979592e-05, 3.30251056e-06)
(-4.93696500e-05, 3.59596804e-06)
(-5.18474786e-05, 3.88089358e-06)
(-5.42265893e-05, 4.15677227e-06)
(-5.65023191e-05, 4.42310784e-06)
(-5.86702074e-05, 4.67942369e-06)
(-6.07260047e-05, 4.92526384e-06)
(-6.26656809e-05, 5.16019386e-06)
(-6.44854333e-05, 5.38380172e-06)
(-6.61816944e-05, 5.59569865e-06)
(-6.77511385e-05, 5.79551991e-06)
(-6.91906887e-05, 5.98292549e-06)
(-7.04975228e-05, 6.15760083e-06)
(-7.16690790e-05, 6.31925742e-06)
(-7.27030610e-05, 6.46763335e-06)
(-7.35974421e-05, 6.60249388e-06)
(-7.43504702e-05, 6.72363185e-06)
(-7.49606701e-05, 6.83086811e-06)
(-7.54268476e-05, 6.92405183e-06)
(-7.57480908e-05, 7.00306082e-06)
(-7.59237726e-05, 7.06780174e-06)
(-7.59535521e-05, 7.11821027e-06)
(-7.58373744e-05, 7.15425120e-06)
(-7.55754718e-05, 7.17591851e-06)
(-7.51683625e-05, 7.18323533e-06)
(-7.46168501e-05, 7.17625386e-06)
(-7.39220219e-05, 7.15505527e-06)
(-7.30852464e-05, 7.11974949e-06)
(-7.21081713e-05, 7.07047495e-06)
(-7.09927196e-05, 7.00739830e-06)
(-6.97410862e-05, 6.93071400e-06)
(-6.83557333e-05, 6.84064397e-06)
(-6.68393857e-05, 6.73743704e-06)
(-6.51950253e-05, 6.62136845e-06)
(-6.34258854e-05, 6.49273927e-06)
(-6.15354440e-05, 6.35187579e-06)
(-5.95274170e-05, 6.19912875e-06)
(-5.74057512e-05, 6.03487271e-06)
(-5.51746160e-05, 5.85950520e-06)
(-5.28383952e-05, 5.67344588e-06)
(-5.04016786e-05, 5.47713576e-06)
(-4.78692529e-05, 5.27103616e-06)
(-4.52460919e-05, 5.05562787e-06)
(-4.25373466e-05, 4.83141008e-06)
(-3.97483357e-05, 4.59889939e-06)
(-3.68845342e-05, 4.35862875e-06)
(-3.39515630e-05, 4.11114633e-06)
(-3.09551777e-05, 3.85701445e-06)
(-2.79012573e-05, 3.59680839e-06)
(-2.47957921e-05, 3.33111521e-06)
(-2.16448726e-05, 3.06053261e-06)
(-1.84546766e-05, 2.78566764e-06)
(-1.52314575e-05, 2.50713552e-06)
(-1.19815318e-05, 2.22555834e-06)
(-8.71126644e-06, 1.94156385e-06)
(-5.42706644e-06, 1.65578415e-06)
(-2.13536194e-06, 1.36885443e-06)
( 1.15740436e-06, 1.08141166e-06)
( 4.44479002e-06, 7.94093330e-07)
( 7.72036559e-06, 5.07536146e-07)
( 1.09777273e-05, 2.22374738e-07)
( 1.42105100e-05,-6.07596026e-08)
( 1.74123991e-05,-3.41240215e-07)
( 2.05771439e-05,-6.18446321e-07)
( 2.36985694e-05,-8.91764289e-07)
( 2.67705887e-05,-1.16058885e-06)
( 2.97872148e-05,-1.42432435e-06)
( 3.27425729e-05,-1.68238593e-06)
( 3.56309115e-05,-1.93420069e-06)
( 3.84466141e-05,-2.17920890e-06)
( 4.11842102e-05,-2.41686506e-06)
( 4.38383858e-05,-2.64663907e-06)
( 4.64039945e-05,-2.86801725e-06)
( 4.88760670e-05,-3.08050339e-06)
( 5.12498212e-05,-3.28361982e-06)
( 5.35206716e-05,-3.47690826e-06)
( 5.56842384e-05,-3.65993088e-06)
( 5.77363558e-05,-3.83227111e-06)
( 5.96730804e-05,-3.99353453e-06)
( 6.14906990e-05,-4.14334966e-06)
( 6.31857357e-05,-4.28136877e-06)
( 6.47549588e-05,-4.40726852e-06)
( 6.61953869e-05,-4.52075075e-06)
( 6.75042952e-05,-4.62154301e-06)
( 6.86792201e-05,-4.70939918e-06)
( 6.97179646e-05,-4.78410000e-06)
( 7.06186023e-05,-4.84545355e-06)
( 7.13794808e-05,-4.89329565e-06)
( 7.19992255e-05,-4.92749029e-06)
( 7.24767417e-05,-4.94792988e-06)
( 7.28112166e-05,-4.95453558e-06)
( 7.30021212e-05,-4.94725748e-06)
( 7.30492109e-05,-4.92607476e-06)
( 7.29525258e-05,-4.89099582e-06)
( 7.27123909e-05,-4.84205830e-06)
( 7.23294147e-05,-4.77932907e-06)
( 7.18044883e-05,-4.70290421e-06)
( 7.11387835e-05,-4.61290884e-06)
( 7.03337499e-05,-4.50949699e-06)
( 6.93911125e-05,-4.39285135e-06)
( 6.83128674e-05,-4.26318301e-06)
( 6.71012786e-05,-4.12073108e-06)
( 6.57588724e-05,-3.96576238e-06)
( 6.42884331e-05,-3.79857092e-06)
( 6.26929965e-05,-3.61947745e-06)
( 6.09758447e-05,-3.42882890e-06)
( 5.91404986e-05,-3.22699779e-06)
( 5.71907112e-05,-3.01438161e-06)
( 5.51304598e-05,-2.79140206e-06)
( 5.29639384e-05,-2.55850440e-06)
( 5.06955487e-05,-2.31615659e-06)
( 4.83298917e-05,-2.06484848e-06)
( 4.58717581e-05,-1.80509096e-06)
( 4.33261188e-05,-1.53741501e-06)
( 4.06981152e-05,-1.26237077e-06)
( 3.79930484e-05,-9.80526523e-07)
( 3.52163691e-05,-6.92467660e-07)
( 3.23736661e-05,-3.98795632e-07)
( 2.94706557e-05,-1.00126830e-07)
( 2.65131699e-05, 2.02908552e-07)
( 2.35071449e-05, 5.09667672e-07)
( 2.04586092e-05, 8.19496249e-07)
( 1.73736716e-05, 1.13172976e-06)
( 1.42585090e-05, 1.44569473e-06)
( 1.11193542e-05, 1.76070993e-06)
( 7.96248306e-06, 2.07608774e-06)
( 4.79420272e-06, 2.39113540e-06)
( 1.62083848e-06, 2.70515635e-06)
(-1.55127858e-06, 3.01745158e-06)
(-4.71582415e-06, 3.32732095e-06)
(-7.86649331e-06, 3.63406455e-06)
(-1.09970130e-05, 3.93698407e-06)
(-1.41011545e-05, 4.23538418e-06)
(-1.71727457e-05, 4.52857387e-06)
(-2.02056834e-05, 4.81586782e-06)
(-2.31939455e-05, 5.09658777e-06)
(-2.61316026e-05, 5.37006392e-06)
(-2.90128300e-05, 5.63563620e-06)
(-3.18319191e-05, 5.89265567e-06)
(-3.45832888e-05, 6.14048584e-06)
(-3.72614961e-05, 6.37850396e-06)
(-3.98612476e-05, 6.60610235e-06)
(-4.23774090e-05, 6.82268964e-06)
(-4.48050161e-05, 7.02769208e-06)
(-4.71392837e-05, 7.22055467e-06)
(-4.93756158e-05, 7.40074248e-06)
(-5.15096140e-05, 7.56774174e-06)
(-5.35370867e-05, 7.72106102e-06)
(-5.54540566e-05, 7.86023231e-06)
(-5.72567692e-05, 7.98481212e-06)
(-5.89416997e-05, 8.09438249e-06)
(-6.05055600e-05, 8.18855201e-06)
(-6.19453050e-05, 8.26695674e-06)
(-6.32581388e-05, 8.32926112e-06)
(-6.44415197e-05, 8.37515884e-06)
(-6.54931657e-05, 8.40437367e-06)
(-6.64110581e-05, 8.41666017e-06)
(-6.71934462e-05, 8.41180444e-06)
(-6.78388501e-05, 8.38962475e-06)
(-6.83460636e-05, 8.34997214e-06)
(-6.87141567e-05, 8.29273100e-06)
(-6.89424770e-05, 8.21781949e-06)
(-6.90306512e-05, 8.12519001e-06)
(-6.89785853e-05, 8.01482954e-06)
(-6.87864649e-05, 7.88675997e-06)
(-6.84547548e-05, 7.74103828e-06)
(-6.79841979e-05, 7.57775676e-06)
(-6.73758132e-05, 7.39704311e-06)
(-6.66308944e-05, 7.19906045e-06)
(-6.57510066e-05, 6.98400733e-06)
(-6.47379834e-05, 6.75211761e-06)
(-6.35939228e-05, 6.50366033e-06)
(-6.23211836e-05, 6.23893942e-06)
(-6.09223800e-05, 5.95829348e-06)
(-5.94003764e-05, 5.66209534e-06)
(-5.77582821e-05, 5.35075167e-06)
(-5.59994442e-05, 5.02470247e-06)
(-5.41274420e-05, 4.68442048e-06)
(-5.21460787e-05, 4.33041056e-06)
(-5.00593746e-05, 3.96320898e-06)
(-4.78715586e-05, 3.58338265e-06)
(-4.55870600e-05, 3.19152825e-06)
(-4.32104995e-05, 2.78827139e-06)
(-4.07466801e-05, 2.37426560e-06)
(-3.82005775e-05, 1.95019131e-06)
(-3.55773302e-05, 1.51675477e-06)
(-3.28822292e-05, 1.07468688e-06)
(-3.01207076e-05, 6.24742050e-07)
(-2.72983298e-05, 1.67696850e-07)
(-2.44207803e-05,-2.95651242e-07)
(-2.14938525e-05,-7.64485221e-07)
(-1.85234374e-05,-1.23796998e-06)
(-1.55155116e-05,-1.71525378e-06)
(-1.24761256e-05,-2.19546972e-06)
(-9.41139176e-06,-2.67773733e-06)
(-6.32747243e-06,-3.16116415e-06)
(-3.23056737e-06,-3.64484735e-06)
(-1.26901758e-07,-4.12787541e-06)
( 2.97728627e-06,-4.60932979e-06)
( 6.07575789e-06,-5.08828666e-06)
( 9.16228598e-06,-5.56381868e-06)
( 1.22306674e-05,-6.03499672e-06)
( 1.52747353e-05,-6.50089170e-06)
( 1.82883712e-05,-6.96057635e-06)
( 2.12655172e-05,-7.41312705e-06)
( 2.42001880e-05,-7.85762566e-06)
( 2.70864826e-05,-8.29316134e-06)
( 2.99185959e-05,-8.71883240e-06)
( 3.26908305e-05,-9.13374809e-06)
( 3.53976076e-05,-9.53703047e-06)
( 3.80334781e-05,-9.92781620e-06)
( 4.05931336e-05,-1.03052583e-05)
( 4.30714166e-05,-1.06685282e-05)
( 4.54633308e-05,-1.10168169e-05)
( 4.77640510e-05,-1.13493374e-05)
( 4.99689329e-05,-1.16653260e-05)
( 5.20735216e-05,-1.19640441e-05)
( 5.40735610e-05,-1.22447798e-05)
( 5.59650022e-05,-1.25068496e-05)
( 5.77440112e-05,-1.27495999e-05)
( 5.94069768e-05,-1.29724082e-05)
( 6.09505173e-05,-1.31746854e-05)
( 6.23714880e-05,-1.33558762e-05)
( 6.36669866e-05,-1.35154613e-05)
( 6.48343596e-05,-1.36529580e-05)
( 6.58712071e-05,-1.37679220e-05)
( 6.67753880e-05,-1.38599483e-05)
( 6.75450240e-05,-1.39286721e-05)
( 6.81785035e-05,-1.39737703e-05)
( 6.86744846e-05,-1.39949621e-05)
( 6.90318983e-05,-1.39920099e-05)
( 6.92499502e-05,-1.39647203e-05)
( 6.93281224e-05,-1.39129445e-05)
( 6.92661744e-05,-1.38365791e-05)
( 6.90641439e-05,-1.37355668e-05)
( 6.87223467e-05,-1.36098964e-05)
( 6.82413761e-05,-1.34596036e-05)
( 6.76221018e-05,-1.32847712e-05)
( 6.68656685e-05,-1.30855288e-05)
( 6.59734936e-05,-1.28620538e-05)
( 6.49472643e-05,-1.26145703e-05)
( 6.37889348e-05,-1.23433499e-05)
( 6.25007223e-05,-1.20487111e-05)
( 6.10851027e-05,-1.17310188e-05)
( 5.95448059e-05,-1.13906844e-05)
( 5.78828106e-05,-1.10281649e-05)
( 5.61023384e-05,-1.06439626e-05)
( 5.42068477e-05,-1.02386241e-05)
( 5.22000269e-05,-9.81273979e-06)
( 5.00857873e-05,-9.36694293e-06)
( 4.78682553e-05,-8.90190856e-06)
( 4.55517648e-05,-8.41835259e-06)
( 4.31408485e-05,-7.91703056e-06)
( 4.06402289e-05,-7.39873645e-06)
( 3.80548095e-05,-6.86430137e-06)
( 3.53896650e-05,-6.31459211e-06)
( 3.26500313e-05,-5.75050972e-06)
( 2.98412957e-05,-5.17298790e-06)
( 2.69689859e-05,-4.58299139e-06)
( 2.40387595e-05,-3.98151423e-06)
( 2.10563928e-05,-3.36957802e-06)
( 1.80277695e-05,-2.74823004e-06)
( 1.49588694e-05,-2.11854134e-06)
( 1.18557563e-05,-1.48160480e-06)
( 8.72456639e-06,-8.38533078e-07)
( 5.57149632e-06,-1.90456551e-07)
( 2.40279073e-06, 4.61478832e-07)
(-7.75269831e-07, 1.11611370e-06)
(-3.95638124e-06, 1.77227745e-06)
(-7.13422824e-06, 2.42879054e-06)
(-1.03024968e-05, 3.08446671e-06)
(-1.34548867e-05, 3.73811529e-06)
(-1.65851237e-05, 4.38854353e-06)
(-1.96869720e-05, 5.03455894e-06)
(-2.27542468e-05, 5.67497159e-06)
(-2.57808260e-05, 6.30859652e-06)
(-2.87606627e-05, 6.93425604e-06)
(-3.16877971e-05, 7.55078210e-06)
(-3.45563682e-05, 8.15701864e-06)
(-3.73606253e-05, 8.75182388e-06)
(-4.00949396e-05, 9.33407265e-06)
(-4.27538155e-05, 9.90265869e-06)
(-4.53319010e-05, 1.04564969e-05)
(-4.78239991e-05, 1.09945254e-05)
(-5.02250772e-05, 1.15157080e-05)
(-5.25302782e-05, 1.20190361e-05)
(-5.47349293e-05, 1.25035310e-05)
(-5.68345518e-05, 1.29682457e-05)
(-5.88248702e-05, 1.34122670e-05)
(-6.07018203e-05, 1.38347172e-05)
(-6.24615578e-05, 1.42347566e-05)
(-6.41004659e-05, 1.46115844e-05)
(-6.56151625e-05, 1.49644411e-05)
(-6.70025073e-05, 1.52926098e-05)
(-6.82596081e-05, 1.55954178e-05)
(-6.93838266e-05, 1.58722380e-05)
(-7.03727837e-05, 1.61224905e-05)
(-7.12243650e-05, 1.63456438e-05)
(-7.19367245e-05, 1.65412155e-05)
(-7.25082888e-05, 1.67087744e-05)
(-7.29377605e-05, 1.68479405e-05)
(-7.32241208e-05, 1.69583864e-05)
(-7.33666319e-05, 1.70398380e-05)
(-7.33648387e-05, 1.70920750e-05)
(-7.32185699e-05, 1.71149319e-05)
(-7.29279386e-05, 1.71082978e-05)
(-7.24933424e-05, 1.70721175e-05)
(-7.19154626e-05, 1.70063910e-05)
(-7.11952636e-05, 1.69111742e-05)
(-7.03339910e-05, 1.67865786e-05)
(-6.93331692e-05, 1.66327713e-05)
(-6.81945990e-05, 1.64499746e-05)
(-6.69203542e-05, 1.62384660e-05)
(-6.55127777e-05, 1.59985776e-05)
(-6.39744771e-05, 1.57306953e-05)
(-6.23083201e-05, 1.54352586e-05)
(-6.05174286e-05, 1.51127594e-05)
(-5.86051733e-05, 1.47637414e-05)
(-5.65751670e-05, 1.43887990e-05)
(-5.44312576e-05, 1.39885760e-05)
(-5.21775212e-05, 1.35637649e-05)
(-4.98182537e-05, 1.31151052e-05)
(-4.73579630e-05, 1.26433821e-05)
(-4.48013602e-05, 1.21494250e-05)
(-4.21533502e-05, 1.16341060e-05)
(-3.94190228e-05, 1.10983383e-05)
(-3.66036424e-05, 1.05430741e-05)
(-3.37126376e-05, 9.96930315e-06)
(-3.07515915e-05, 9.37805078e-06)
(-2.77262298e-05, 8.77037575e-06)
(-2.46424106e-05, 8.14736831e-06)
(-2.15061122e-05, 7.51014809e-06)
(-1.83234219e-05, 6.85986193e-06)
(-1.51005239e-05, 6.19768161e-06)
(-1.18436873e-05, 5.52480167e-06)
(-8.55925388e-06, 4.84243695e-06)
(-5.25362547e-06, 4.15182037e-06)
(-1.93325153e-06, 3.45420045e-06)
( 1.39538353e-06, 2.75083889e-06)
( 4.72577313e-06, 2.04300814e-06)
( 8.05140130e-06, 1.33198890e-06)
( 1.13657555e-05, 6.19067669e-07)
( 1.46623395e-05,-9.44657805e-08)
( 1.79346862e-05,-8.07320909e-07)
( 2.11763703e-05,-1.51820889e-06)
( 2.43810211e-05,-2.22584513e-06)
( 2.75423349e-05,-2.92895171e-06)
( 3.06540881e-05,-3.62625994e-06)
( 3.37101485e-05,-4.31651269e-06)
( 3.67044885e-05,-4.99846692e-06)
( 3.96311963e-05,-5.67089599e-06)
( 4.24844880e-05,-6.33259206e-06)
( 4.52587191e-05,-6.98236838e-06)
( 4.79483958e-05,-7.61906158e-06)
( 5.05481854e-05,-8.24153383e-06)
( 5.30529278e-05,-8.84867509e-06)
( 5.54576450e-05,-9.43940513e-06)
( 5.77575517e-05,-1.00126756e-05)
( 5.99480642e-05,-1.05674721e-05)
( 6.20248102e-05,-1.11028157e-05)
( 6.39836373e-05,-1.16177655e-05)
( 6.58206212e-05,-1.21114195e-05)
( 6.75320738e-05,-1.25829170e-05)
( 6.91145505e-05,-1.30314397e-05)
( 7.05648574e-05,-1.34562134e-05)
( 7.18800573e-05,-1.38565093e-05)
( 7.30574761e-05,-1.42316456e-05)
( 7.40947081e-05,-1.45809884e-05)
( 7.49896206e-05,-1.49039527e-05)
( 7.57403588e-05,-1.52000038e-05)
( 7.63453493e-05,-1.54686582e-05)
( 7.68033032e-05,-1.57094839e-05)
( 7.71132192e-05,-1.59221018e-05)
( 7.72743855e-05,-1.61061857e-05)
( 7.72863815e-05,-1.62614633e-05)
( 7.71490784e-05,-1.63877160e-05)
( 7.68626403e-05,-1.64847800e-05)
( 7.64275231e-05,-1.65525456e-05)
( 7.58444746e-05,-1.65909581e-05)
( 7.51145328e-05,-1.66000169e-05)
( 7.42390238e-05,-1.65797761e-05)
( 7.32195597e-05,-1.65303440e-05)
( 7.20580351e-05,-1.64518825e-05)
( 7.07566240e-05,-1.63446071e-05)
( 6.93177752e-05,-1.62087860e-05)
( 6.77442078e-05,-1.60447394e-05)
( 6.60389058e-05,-1.58528392e-05)
( 6.42051124e-05,-1.56335077e-05)
( 6.22463237e-05,-1.53872168e-05)
( 6.01662819e-05,-1.51144870e-05)
( 5.79689680e-05,-1.48158862e-05)
( 5.56585938e-05,-1.44920286e-05)
( 5.32395940e-05,-1.41435734e-05)
( 5.07166174e-05,-1.37712233e-05)
( 4.80945177e-05,-1.33757231e-05)
( 4.53783441e-05,-1.29578582e-05)
( 4.25733312e-05,-1.25184531e-05)
( 3.96848891e-05,-1.20583696e-05)
( 3.67185924e-05,-1.15785049e-05)
( 3.36801693e-05,-1.10797902e-05)
( 3.05754905e-05,-1.05631887e-05)
( 2.74105576e-05,-1.00296935e-05)
( 2.41914914e-05,-9.48032590e-06)
( 2.09245193e-05,-8.91613337e-06)
( 1.76159639e-05,-8.33818738e-06)
( 1.42722298e-05,-7.74758145e-06)
( 1.08997916e-05,-7.14542901e-06)
( 7.50518071e-06,-6.53286128e-06)
( 4.09497256e-06,-5.91102508e-06)
( 6.75773870e-07,-5.28108070e-06)
(-2.74579053e-06,-4.64419968e-06)
(-6.16309070e-06,-4.00156262e-06)
(-9.56950464e-06,-3.35435694e-06)
(-1.29584313e-05,-2.70377470e-06)
(-1.63233037e-05,-2.05101038e-06)
(-1.96576016e-05,-1.39725866e-06)
(-2.29548646e-05,-7.43712212e-07)
(-2.62087045e-05,-9.15595495e-08)
(-2.94128184e-05, 5.58017189e-07)
(-3.25610003e-05, 1.20384435e-06)
(-3.56471542e-05, 1.84475893e-06)
(-3.86653054e-05, 2.47961061e-06)
(-4.16096122e-05, 3.10726391e-06)
(-4.44743780e-05, 3.72660012e-06)
(-4.72540618e-05, 4.33651938e-06)
(-4.99432892e-05, 4.93594257e-06)
(-5.25368632e-05, 5.52381322e-06)
(-5.50297740e-05, 6.09909940e-06)
(-5.74172091e-05, 6.66079547e-06)
(-5.96945624e-05, 7.20792390e-06)
(-6.18574435e-05, 7.73953687e-06)
(-6.39016857e-05, 8.25471797e-06)
(-6.58233547e-05, 8.75258377e-06)
(-6.76187559e-05, 9.23228527e-06)
(-6.92844417e-05, 9.69300938e-06)
(-7.08172179e-05, 1.01339803e-05)
(-7.22141503e-05, 1.05544607e-05)
(-7.34725697e-05, 1.09537532e-05)
(-7.45900778e-05, 1.13312012e-05)
(-7.55645509e-05, 1.16861901e-05)
(-7.63941447e-05, 1.20181484e-05)
(-7.70772973e-05, 1.23265485e-05)
(-7.76127321e-05, 1.26109075e-05)
(-7.79994605e-05, 1.28707879e-05)
(-7.82367833e-05, 1.31057985e-05)
(-7.83242921e-05, 1.33155948e-05)
(-7.82618697e-05, 1.34998796e-05)
(-7.80496904e-05, 1.36584032e-05)
(-7.76882195e-05, 1.37909640e-05)
(-7.71782117e-05, 1.38974086e-05)
(-7.65207102e-05, 1.39776322e-05)
(-7.57170437e-05, 1.40315781e-05)
(-7.47688241e-05, 1.40592385e-05)
(-7.36779430e-05, 1.40606535e-05)
(-7.24465676e-05, 1.40359118e-05)
(-7.10771366e-05, 1.39851499e-05)
(-6.95723549e-05, 1.39085518e-05)
(-6.79351884e-05, 1.38063487e-05)
(-6.61688577e-05, 1.36788186e-05)
(-6.42768319e-05, 1.35262853e-05)
(-6.22628214e-05, 1.33491182e-05)
(-6.01307704e-05, 1.31477313e-05)
(-5.78848493e-05, 1.29225825e-05)
(-5.55294460e-05, 1.26741724e-05)
(-5.30691576e-05, 1.24030437e-05)
(-5.05087807e-05, 1.21097802e-05)
(-4.78533023e-05, 1.17950051e-05)
(-4.51078897e-05, 1.14593806e-05)
(-4.22778804e-05, 1.11036061e-05)
(-3.93687713e-05, 1.07284169e-05)
(-3.63862081e-05, 1.03345834e-05)
(-3.33359740e-05, 9.92290891e-06)
(-3.02239785e-05, 9.49422860e-06)
(-2.70562454e-05, 9.04940789e-06)
(-2.38389014e-05, 8.58934079e-06)
(-2.05781639e-05, 8.11494831e-06)
(-1.72803287e-05, 7.62717669e-06)
(-1.39517578e-05, 7.12699576e-06)
(-1.05988671e-05, 6.61539706e-06)
(-7.22811346e-06, 6.09339209e-06)
(-3.84598270e-06, 5.56201043e-06)
(-4.58976540e-07, 5.02229782e-06)
( 2.92639987e-06, 4.47531428e-06)
( 6.30365058e-06, 3.92213217e-06)
( 9.66630145e-06, 3.36383417e-06)
( 1.30079126e-05, 2.80151133e-06)
( 1.63220911e-05, 2.23626104e-06)
( 1.96025029e-05, 1.66918504e-06)
( 2.28428852e-05, 1.10138732e-06)
( 2.60370588e-05, 5.33972145e-07)
( 2.91789394e-05,-3.19580219e-08)
( 3.22625498e-05,-5.95304564e-07)
( 3.52820308e-05,-1.15497476e-06)
( 3.82316528e-05,-1.70988382e-06)
( 4.11058266e-05,-2.25895690e-06)
( 4.38991140e-05,-2.80113114e-06)
( 4.66062379e-05,-3.33535765e-06)
( 4.92220928e-05,-3.86060352e-06)
( 5.17417539e-05,-4.37585372e-06)
( 5.41604868e-05,-4.88011309e-06)
( 5.64737561e-05,-5.37240821e-06)
( 5.86772339e-05,-5.85178927e-06)
( 6.07668082e-05,-6.31733192e-06)
( 6.27385901e-05,-6.76813904e-06)
( 6.45889213e-05,-7.20334248e-06)
( 6.63143807e-05,-7.62210479e-06)
( 6.79117909e-05,-8.02362086e-06)
( 6.93782237e-05,-8.40711950e-06)
( 7.07110055e-05,-8.77186500e-06)
( 7.19077223e-05,-9.11715860e-06)
( 7.29662236e-05,-9.44233992e-06)
( 7.38846266e-05,-9.74678831e-06)
( 7.46613194e-05,-1.00299241e-05)
( 7.52949632e-05,-1.02912099e-05)
( 7.57844955e-05,-1.05301517e-05)
( 7.61291307e-05,-1.07462998e-05)
( 7.63283619e-05,-1.09392501e-05)
( 7.63819615e-05,-1.11086446e-05)
( 7.62899808e-05,-1.12541726e-05)
( 7.60527501e-05,-1.13755713e-05)
( 7.56708773e-05,-1.14726263e-05)
( 7.51452463e-05,-1.15451723e-05)
( 7.44770154e-05,-1.15930935e-05)
( 7.36676143e-05,-1.16163242e-05)
( 7.27187411e-05,-1.16148488e-05)
( 7.16323587e-05,-1.15887019e-05)
( 7.04106908e-05,-1.15379687e-05)
( 6.90562171e-05,-1.14627850e-05)
( 6.75716685e-05,-1.13633366e-05)
( 6.59600211e-05,-1.12398597e-05)
( 6.42244908e-05,-1.10926401e-05)
( 6.23685261e-05,-1.09220130e-05)
( 6.03958019e-05,-1.07283627e-05)
( 5.83102118e-05,-1.05121216e-05)
( 5.61158605e-05,-1.02737696e-05)
( 5.38170556e-05,-1.00138334e-05)
( 5.14182992e-05,-9.73288555e-06)
( 4.89242791e-05,-9.43154337e-06)
( 4.63398595e-05,-9.11046791e-06)
( 4.36700716e-05,-8.77036270e-06)
( 4.09201037e-05,-8.41197251e-06)
( 3.80952912e-05,-8.03608191e-06)
( 3.52011064e-05,-7.64351380e-06)
( 3.22431476e-05,-7.23512786e-06)
( 2.92271283e-05,-6.81181890e-06)
( 2.61588665e-05,-6.37451509e-06)
( 2.30442732e-05,-5.92417618e-06)
( 1.98893412e-05,-5.46179158e-06)
( 1.67001336e-05,-4.98837840e-06)
( 1.34827720e-05,-4.50497941e-06)
( 1.02434249e-05,-4.01266094e-06)
( 6.98829610e-06,-3.51251071e-06)
( 3.72361261e-06,-3.00563558e-06)
( 4.55612882e-07,-2.49315927e-06)
(-2.80946504e-06,-1.97622005e-06)
(-6.06539537e-06,-1.45596832e-06)
(-9.30597642e-06,-9.33564211e-07)
(-1.25250423e-05,-4.10175112e-07)
(-1.57164747e-05, 1.13026825e-07)
(-1.88742143e-05, 6.34867204e-07)
(-2.19922722e-05, 1.15417194e-06)
(-2.50647415e-05, 1.66976980e-06)
(-2.80858081e-05, 2.18049499e-06)
(-3.10497616e-05, 2.68518973e-06)
(-3.39510065e-05, 3.18270681e-06)
(-3.67840720e-05, 3.67191222e-06)
(-3.95436230e-05, 4.15168764e-06)
(-4.22244693e-05, 4.62093302e-06)
(-4.48215761e-05, 5.07856912e-06)
(-4.73300728e-05, 5.52353994e-06)
(-4.97452622e-05, 5.95481526e-06)
(-5.20626296e-05, 6.37139298e-06)
(-5.42778508e-05, 6.77230153e-06)
(-5.63868001e-05, 7.15660219e-06)
(-5.83855584e-05, 7.52339135e-06)
(-6.02704198e-05, 7.87180270e-06)
(-6.20378991e-05, 8.20100933e-06)
(-6.36847378e-05, 8.51022586e-06)
(-6.52079102e-05, 8.79871033e-06)
(-6.66046289e-05, 9.06576616e-06)
(-6.78723501e-05, 9.31074390e-06)
(-6.90087779e-05, 9.53304295e-06)
(-7.00118690e-05, 9.73211317e-06)
(-7.08798355e-05, 9.90745637e-06)
(-7.16111492e-05, 1.00586277e-05)
(-7.22045433e-05, 1.01852370e-05)
(-7.26590155e-05, 1.02869497e-05)
(-7.29738291e-05, 1.03634883e-05)
(-7.31485143e-05, 1.04146329e-05)
(-7.31828693e-05, 1.04402221e-05)
(-7.30769603e-05, 1.04401537e-05)
(-7.28311209e-05, 1.04143853e-05)
(-7.24459519e-05, 1.03629344e-05)
(-7.19223194e-05, 1.02858790e-05)
(-7.12613538e-05, 1.01833575e-05)
(-7.04644465e-05, 1.00555687e-05)
(-6.95332479e-05, 9.90277151e-06)
(-6.84696640e-05, 9.72528504e-06)
(-6.72758523e-05, 9.52348767e-06)
(-6.59542181e-05, 9.29781668e-06)
(-6.45074094e-05, 9.04876749e-06)
(-6.29383119e-05, 8.77689271e-06)
(-6.12500434e-05, 8.48280118e-06)
(-5.94459480e-05, 8.16715672e-06)
(-5.75295892e-05, 7.83067691e-06)
(-5.55047436e-05, 7.47413155e-06)
(-5.33753931e-05, 7.09834116e-06)
(-5.11457176e-05, 6.70417523e-06)
(-4.88200868e-05, 6.29255036e-06)
(-4.64030520e-05, 5.86442835e-06)
(-4.38993370e-05, 5.42081406e-06)
(-4.13138298e-05, 4.96275325e-06)
(-3.86515722e-05, 4.49133025e-06)
(-3.59177510e-05, 4.00766551e-06)
(-3.31176877e-05, 3.51291314e-06)
(-3.02568283e-05, 3.00825821e-06)
(-2.73407331e-05, 2.49491412e-06)
(-2.43750658e-05, 1.97411973e-06)
(-2.13655826e-05, 1.44713655e-06)
(-1.83181215e-05, 9.15245723e-07)
(-1.52385910e-05, 3.79745086e-07)
(-1.21329585e-05,-1.58053958e-07)
(-9.00723919e-06,-6.96829534e-07)
(-5.86748446e-06,-1.23525247e-06)
(-2.71977016e-06,-1.77198950e-06)
( 4.29814973e-07,-2.30570648e-06)
( 3.57518101e-06,-2.83507166e-06)
( 6.71024855e-06,-3.35875894e-06)
( 9.82896036e-06,-3.87545111e-06)
( 1.29252931e-05,-4.38384318e-06)
( 1.59932689e-05,-4.88264554e-06)
( 1.90269666e-05,-5.37058727e-06)
( 2.20205339e-05,-5.84641932e-06)
( 2.49681977e-05,-6.30891763e-06)
( 2.78642759e-05,-6.75688632e-06)
( 3.07031881e-05,-7.18916072e-06)
( 3.34794665e-05,-7.60461036e-06)
( 3.61877666e-05,-8.00214194e-06)
( 3.88228772e-05,-8.38070219e-06)
( 4.13797307e-05,-8.73928061e-06)
( 4.38534131e-05,-9.07691216e-06)
( 4.62391734e-05,-9.39267987e-06)
( 4.85324327e-05,-9.68571729e-06)
( 5.07287934e-05,-9.95521085e-06)
( 5.28240476e-05,-1.02004021e-05)
( 5.48141854e-05,-1.04205898e-05)
( 5.66954026e-05,-1.06151321e-05)
( 5.84641084e-05,-1.07834478e-05)
( 6.01169324e-05,-1.09250189e-05)
( 6.16507309e-05,-1.10393914e-05)
( 6.30625936e-05,-1.11261771e-05)
( 6.43498489e-05,-1.11850548e-05)
( 6.55100695e-05,-1.12157709e-05)
( 6.65410770e-05,-1.12181412e-05)
( 6.74409466e-05,-1.11920507e-05)
( 6.82080103e-05,-1.11374548e-05)
( 6.88408611e-05,-1.10543793e-05)
( 6.93383551e-05,-1.09429210e-05)
( 6.96996142e-05,-1.08032472e-05)
( 6.99240279e-05,-1.06355961e-05)
( 7.00112547e-05,-1.04402760e-05)
( 6.99612224e-05,-1.02176651e-05)
( 6.97741289e-05,-9.96821082e-06)
( 6.94504417e-05,-9.69242862e-06)
( 6.89908971e-05,-9.39090129e-06)
( 6.83964986e-05,-9.06427760e-06)
( 6.76685155e-05,-8.71327089e-06)
( 6.68084802e-05,-8.33865756e-06)
( 6.58181851e-05,-7.94127529e-06)
( 6.46996797e-05,-7.52202121e-06)
( 6.34552662e-05,-7.08184981e-06)
( 6.20874951e-05,-6.62177077e-06)
( 6.05991604e-05,-6.14284658e-06)
( 5.89932940e-05,-5.64619008e-06)
( 5.72731598e-05,-5.13296179e-06)
( 5.54422475e-05,-4.60436722e-06)
( 5.35042654e-05,-4.06165392e-06)
( 5.14631334e-05,-3.50610849e-06)
( 4.93229750e-05,-2.93905353e-06)
( 4.70881096e-05,-2.36184436e-06)
( 4.47630433e-05,-1.77586575e-06)
( 4.23524607e-05,-1.18252854e-06)
( 3.98612149e-05,-5.83266142e-07)
( 3.72943183e-05, 2.04689542e-08)
( 3.46569326e-05, 6.27208795e-07)
( 3.19543583e-05, 1.23547360e-06)
( 2.91920242e-05, 1.84377542e-06)
( 2.63754766e-05, 2.45062190e-06)
( 2.35103682e-05, 3.05451995e-06)
( 2.06024466e-05, 3.65397951e-06)
( 1.76575429e-05, 4.24751732e-06)
( 1.46815600e-05, 4.83366059e-06)
( 1.16804607e-05, 5.41095077e-06)
( 8.66025556e-06, 5.97794725e-06)
( 5.62699092e-06, 6.53323092e-06)
( 2.58673662e-06, 7.07540787e-06)
(-4.54426282e-07, 7.60311286e-06)
(-3.49041778e-06, 8.11501285e-06)
(-6.51517130e-06, 8.60981035e-06)
(-9.52264594e-06, 9.08624677e-06)
(-1.25068388e-05, 9.54310561e-06)
(-1.54617972e-05, 9.97921558e-06)
(-1.83816308e-05, 1.03934536e-05)
(-2.12605233e-05, 1.07847478e-05)
(-2.40927448e-05, 1.11520800e-05)
(-2.68726633e-05, 1.14944886e-05)
(-2.95947559e-05, 1.18110709e-05)
(-3.22536205e-05, 1.21009856e-05)
(-3.48439868e-05, 1.23634547e-05)
(-3.73607266e-05, 1.25977658e-05)
(-3.97988651e-05, 1.28032738e-05)
(-4.21535903e-05, 1.29794025e-05)
(-4.44202635e-05, 1.31256462e-05)
(-4.65944285e-05, 1.32415712e-05)
(-4.86718205e-05, 1.33268164e-05)
(-5.06483756e-05, 1.33810950e-05)
(-5.25202382e-05, 1.34041944e-05)
(-5.42837697e-05, 1.33959775e-05)
(-5.59355555e-05, 1.33563826e-05)
(-5.74724122e-05, 1.32854239e-05)
(-5.88913941e-05, 1.31831912e-05)
(-6.01897990e-05, 1.30498500e-05)
(-6.13651740e-05, 1.28856405e-05)
(-6.24153206e-05, 1.26908778e-05)
(-6.33382986e-05, 1.24659507e-05)
(-6.41324306e-05, 1.22113203e-05)
(-6.47963052e-05, 1.19275198e-05)
(-6.53287797e-05, 1.16151522e-05)
(-6.57289825e-05, 1.12748895e-05)
(-6.59963147e-05, 1.09074703e-05)
(-6.61304511e-05, 1.05136987e-05)
(-6.61313410e-05, 1.00944414e-05)
(-6.59992078e-05, 9.65062644e-06)
(-6.57345486e-05, 9.18323997e-06)
(-6.53381331e-05, 8.69332432e-06)
(-6.48110012e-05, 8.18197515e-06)
(-6.41544615e-05, 7.65033869e-06)
(-6.33700875e-05, 7.09960887e-06)
(-6.24597146e-05, 6.53102429e-06)
(-6.14254359e-05, 5.94586513e-06)
(-6.02695976e-05, 5.34544988e-06)
(-5.89947937e-05, 4.73113209e-06)
(-5.76038604e-05, 4.10429691e-06)
(-5.60998700e-05, 3.46635769e-06)
(-5.44861238e-05, 2.81875243e-06)
(-5.27661455e-05, 2.16294019e-06)
(-5.09436728e-05, 1.50039750e-06)
(-4.90226498e-05, 8.32614671e-07)
(-4.70072181e-05, 1.61092154e-07)
(-4.49017080e-05,-5.12663165e-07)
(-4.27106290e-05,-1.18714165e-06)
(-4.04386598e-05,-1.86083459e-06)
(-3.80906384e-05,-2.53223788e-06)
(-3.56715517e-05,-3.19985563e-06)
(-3.31865241e-05,-3.86220378e-06)
(-3.06408072e-05,-4.51781367e-06)
(-2.80397677e-05,-5.16523548e-06)
(-2.53888762e-05,-5.80304169e-06)
(-2.26936952e-05,-6.42983046e-06)
(-1.99598673e-05,-7.04422883e-06)
(-1.71931025e-05,-7.64489595e-06)
(-1.43991665e-05,-8.23052615e-06)
(-1.15838678e-05,-8.79985184e-06)
(-8.75304539e-06,-9.35164646e-06)
(-5.91255610e-06,-9.88472712e-06)
(-3.06826207e-06,-1.03979572e-05)
(-2.26018088e-07,-1.08902489e-05)
( 2.60834089e-06,-1.13605654e-05)
( 5.42901231e-06,-1.18079232e-05)
( 8.23023839e-06,-1.22313939e-05)
( 1.10063184e-05,-1.26301063e-05)
( 1.37516209e-05,-1.30032478e-05)
( 1.64605956e-05,-1.33500664e-05)
( 1.91277852e-05,-1.36698714e-05)
( 2.17478370e-05,-1.39620351e-05)
( 2.43155138e-05,-1.42259938e-05)
( 2.68257058e-05,-1.44612481e-05)
( 2.92734402e-05,-1.46673641e-05)
( 3.16538926e-05,-1.48439738e-05)
( 3.39623963e-05,-1.49907751e-05)
( 3.61944525e-05,-1.51075323e-05)
( 3.83457391e-05,-1.51940758e-05)
( 4.04121198e-05,-1.52503019e-05)
( 4.23896529e-05,-1.52761725e-05)
( 4.42745982e-05,-1.52717146e-05)
( 4.60634259e-05,-1.52370193e-05)
( 4.77528222e-05,-1.51722411e-05)
( 4.93396969e-05,-1.50775970e-05)
( 5.08211887e-05,-1.49533651e-05)
( 5.21946711e-05,-1.47998830e-05)
( 5.34577568e-05,-1.46175470e-05)
( 5.46083024e-05,-1.44068099e-05)
( 5.56444123e-05,-1.41681795e-05)
( 5.65644414e-05,-1.39022165e-05)
( 5.73669981e-05,-1.36095328e-05)
( 5.80509463e-05,-1.32907894e-05)
( 5.86154069e-05,-1.29466938e-05)
( 5.90597583e-05,-1.25779981e-05)
( 5.93836371e-05,-1.21854966e-05)
( 5.95869376e-05,-1.17700231e-05)
( 5.96698108e-05,-1.13324486e-05)
( 5.96326630e-05,-1.08736786e-05)
( 5.94761539e-05,-1.03946507e-05)
( 5.92011934e-05,-9.89633138e-06)
( 5.88089390e-05,-9.37971404e-06)
( 5.83007915e-05,-8.84581570e-06)
( 5.76783911e-05,-8.29567452e-06)
( 5.69436121e-05,-7.73034696e-06)
( 5.60985579e-05,-7.15090511e-06)
( 5.51455548e-05,-6.55843389e-06)
( 5.40871456e-05,-5.95402840e-06)
( 5.29260832e-05,-5.33879120e-06)
( 5.16653224e-05,-4.71382970e-06)
( 5.03080128e-05,-4.08025356e-06)
( 4.88574904e-05,-3.43917217e-06)
( 4.73172689e-05,-2.79169215e-06)
( 4.56910308e-05,-2.13891496e-06)
( 4.39826179e-05,-1.48193460e-06)
( 4.21960218e-05,-8.21835335e-07)
( 4.03353738e-05,-1.59689565e-07)
( 3.84049348e-05, 5.03444215e-07)
( 3.64090843e-05, 1.16652338e-06)
( 3.43523104e-05, 1.82852300e-06)
( 3.22391978e-05, 2.48843757e-06)
( 3.00744178e-05, 3.14528259e-06)
( 2.78627159e-05, 3.79809608e-06)
( 2.56089011e-05, 4.44593991e-06)
( 2.33178343e-05, 5.08790105e-06)
( 2.09944164e-05, 5.72309261e-06)
( 1.86435767e-05, 6.35065486e-06)
( 1.62702618e-05, 6.96975601e-06)
( 1.38794232e-05, 7.57959289e-06)
( 1.14760065e-05, 8.17939151e-06)
( 9.06493921e-06, 8.76840746e-06)
( 6.65111990e-06, 9.34592614e-06)
( 4.23940669e-06, 9.91126295e-06)
( 1.83460625e-06, 1.04637632e-05)
(-5.58537190e-07, 1.10028021e-05)
(-2.93535243e-06, 1.15277841e-05)
(-5.29125185e-06, 1.20381431e-05)
(-7.62174152e-06, 1.25333413e-05)
(-9.92243116e-06, 1.30128689e-05)
(-1.21890437e-05, 1.34762431e-05)
(-1.44174246e-05, 1.39230073e-05)
(-1.66035506e-05, 1.43527301e-05)
(-1.87435385e-05, 1.47650041e-05)
(-2.08336531e-05, 1.51594444e-05)
(-2.28703148e-05, 1.55356880e-05)
(-2.48501072e-05, 1.58933914e-05)
(-2.67697840e-05, 1.62322298e-05)
(-2.86262746e-05, 1.65518953e-05)
(-3.04166912e-05, 1.68520948e-05)
(-3.21383332e-05, 1.71325491e-05)
(-3.37886926e-05, 1.73929901e-05)
(-3.53654582e-05, 1.76331595e-05)
(-3.68665197e-05, 1.78528068e-05)
(-3.82899709e-05, 1.80516872e-05)
(-3.96341124e-05, 1.82295593e-05)
(-4.08974542e-05, 1.83861836e-05)
(-4.20787174e-05, 1.85213198e-05)
(-4.31768351e-05, 1.86347251e-05)
(-4.41909534e-05, 1.87261515e-05)
(-4.51204314e-05, 1.87953440e-05)
(-4.59648409e-05, 1.88420382e-05)
(-4.67239654e-05, 1.88659581e-05)
(-4.73977987e-05, 1.88668135e-05)
(-4.79865429e-05, 1.88442980e-05)
(-4.84906061e-05, 1.87980866e-05)
(-4.89105992e-05, 1.87278328e-05)
(-4.92473328e-05, 1.86331670e-05)
(-4.95018130e-05, 1.85136932e-05)
(-4.96752372e-05, 1.83689868e-05)
(-4.97689895e-05, 1.81985916e-05)
(-4.97846352e-05, 1.80020176e-05)
(-4.97239155e-05, 1.77787376e-05)
(-4.95887414e-05, 1.75281841e-05)
(-4.93811875e-05, 1.72497464e-05)
(-4.91034856e-05, 1.69427668e-05)
(-4.87580173e-05, 1.66065369e-05)
(-4.83473075e-05, 1.62402938e-05)
(-4.78740167e-05, 1.58432148e-05)
(-4.73409335e-05, 1.54144132e-05)
(-4.67509671e-05, 1.49529323e-05)
(-4.61071392e-05, 1.44577388e-05)
(-4.54125765e-05, 1.39277163e-05)
(-4.46705029e-05, 1.33616563e-05)
(-4.38842316e-05, 1.27582491e-05)
(-4.30571574e-05, 1.21160727e-05)
(-4.21927495e-05, 1.14335801e-05)
(-4.12945445e-05, 1.07090839e-05)
(-4.03661394e-05, 9.94073910e-06)
(-3.94111860e-05, 9.12652140e-06)
(-3.84333848e-05, 8.26420273e-06)
(-3.74364810e-05, 7.35132092e-06)
(-3.64242610e-05, 6.38514361e-06)
(-3.54005502e-05, 5.36262440e-06)
(-3.43692128e-05, 4.28034940e-06)
(-3.33341542e-05, 3.13447159e-06)
(-3.22993252e-05, 1.92062966e-06)
(-3.12687313e-05, 6.33846957e-07)
(-3.02464458e-05,-7.31595578e-07)
(-2.92366293e-05,-2.18232046e-06)
(-2.82435581e-05,-3.72606000e-06)
(-2.72716629e-05,-5.37192357e-06)
(-2.63255841e-05,-7.13074811e-06)
(-2.54102469e-05,-9.01556427e-06)
(-2.45309683e-05,-1.10422258e-05)
(-2.36936066e-05,-1.32302743e-05)
(-2.29047761e-05,-1.56041514e-05)
(-2.21721603e-05,-1.81949346e-05)
(-2.15049792e-05,-2.10428909e-05)
(-2.09147054e-05,-2.42013418e-05)
(-2.04162000e-05,-2.77427262e-05)
(-2.00295881e-05,-3.17685059e-05)
(-1.97835117e-05,-3.64261821e-05)
(-1.97211279e-05,-4.19403714e-05)
(-1.99120582e-05,-4.86741329e-05)
(-2.04787397e-05,-5.72629119e-05)
(-2.16627198e-05,-6.89483373e-05)
(-2.40430877e-05,-8.66651757e-05)
(-2.89802226e-05,-1.17273118e-04)
(-6.04312690e-05,-2.77456041e-04)
(-1.35721515e-06, 2.30923727e-08)
(-4.80059595e-06, 1.96823720e-07)
(-8.05849480e-06, 3.48867546e-07)
(-1.12984883e-05, 4.98886192e-07)
(-1.45130545e-05, 6.47071103e-07)
(-1.76972828e-05, 7.93510576e-07)
(-2.08455035e-05, 9.38081866e-07)
(-2.39518297e-05, 1.08059084e-06)
(-2.70103221e-05, 1.22080979e-06)
(-3.00150656e-05, 1.35849665e-06)
(-3.29602118e-05, 1.49340324e-06)
(-3.58400061e-05, 1.62527997e-06)
(-3.86488083e-05, 1.75387879e-06)
(-4.13811085e-05, 1.87895494e-06)
(-4.40315413e-05, 2.00026832e-06)
(-4.65948984e-05, 2.11758446e-06)
(-4.90661401e-05, 2.23067533e-06)
(-5.14404067e-05, 2.33932001e-06)
(-5.37130278e-05, 2.44330525e-06)
(-5.58795329e-05, 2.54242603e-06)
(-5.79356601e-05, 2.63648596e-06)
(-5.98773647e-05, 2.72529780e-06)
(-6.17008278e-05, 2.80868377e-06)
(-6.34024633e-05, 2.88647596e-06)
(-6.49789258e-05, 2.95851667e-06)
(-6.64271167e-05, 3.02465872e-06)
(-6.77441907e-05, 3.08476576e-06)
(-6.89275614e-05, 3.13871253e-06)
(-6.99749063e-05, 3.18638509e-06)
(-7.08841717e-05, 3.22768110e-06)
(-7.16535762e-05, 3.26250998e-06)
(-7.22816149e-05, 3.29079314e-06)
(-7.27670619e-05, 3.31246410e-06)
(-7.31089730e-05, 3.32746867e-06)
(-7.33066873e-05, 3.33576505e-06)
(-7.33598285e-05, 3.33732394e-06)
(-7.32683059e-05, 3.33212863e-06)
(-7.30323143e-05, 3.32017502e-06)
(-7.26523337e-05, 3.30147169e-06)
(-7.21291284e-05, 3.27603990e-06)
(-7.14637453e-05, 3.24391355e-06)
(-7.06575118e-05, 3.20513922e-06)
(-6.97120332e-05, 3.15977602e-06)
(-6.86291899e-05, 3.10789559e-06)
(-6.74111330e-05, 3.04958196e-06)
(-6.60602803e-05, 2.98493143e-06)
(-6.45793117e-05, 2.91405244e-06)
(-6.29711636e-05, 2.83706538e-06)
(-6.12390233e-05, 2.75410244e-06)
(-5.93863225e-05, 2.66530735e-06)
(-5.74167306e-05, 2.57083517e-06)
(-5.53341473e-05, 2.47085207e-06)
(-5.31426953e-05, 2.36553499e-06)
(-5.08467114e-05, 2.25507141e-06)
(-4.84507388e-05, 2.13965897e-06)
(-4.59595172e-05, 2.01950521e-06)
(-4.33779743e-05, 1.89482715e-06)
(-4.07112153e-05, 1.76585096e-06)
(-3.79645135e-05, 1.63281155e-06)
(-3.51432992e-05, 1.49595216e-06)
(-3.22531495e-05, 1.35552395e-06)
(-2.92997770e-05, 1.21178555e-06)
(-2.62890186e-05, 1.06500260e-06)
(-2.32268240e-05, 9.15447278e-07)
(-2.01192439e-05, 7.63397817e-07)
(-1.69724180e-05, 6.09138005e-07)
(-1.37925632e-05, 4.52956665e-07)
(-1.05859608e-05, 2.95147137e-07)
(-7.35894447e-06, 1.36006745e-07)
(-4.11788782e-06,-2.41637604e-08)
(-8.69191538e-07,-1.85060745e-07)
( 2.38072904e-06,-3.46378267e-07)
( 5.62545664e-06,-5.07808630e-07)
( 8.85858469e-06,-6.69042982e-07)
( 1.20737299e-05,-8.29771880e-07)
( 1.52645451e-05,-9.89685887e-07)
( 1.84247311e-05,-1.14847615e-06)
( 2.15480501e-05,-1.30583501e-06)
( 2.46283370e-05,-1.46145658e-06)
( 2.76595122e-05,-1.61503733e-06)
( 3.06355932e-05,-1.76627671e-06)
( 3.35507066e-05,-1.91487772e-06)
( 3.63990996e-05,-2.06054747e-06)
( 3.91751512e-05,-2.20299782e-06)
( 4.18733835e-05,-2.34194589e-06)
( 4.44884724e-05,-2.47711467e-06)
( 4.70152578e-05,-2.60823359e-06)
( 4.94487541e-05,-2.73503902e-06)
( 5.17841600e-05,-2.85727486e-06)
( 5.40168677e-05,-2.97469304e-06)
( 5.61424721e-05,-3.08705406e-06)
( 5.81567795e-05,-3.19412747e-06)
( 6.00558156e-05,-3.29569237e-06)
( 6.18358339e-05,-3.39153787e-06)
( 6.34933222e-05,-3.48146358e-06)
( 6.50250102e-05,-3.56527999e-06)
( 6.64278756e-05,-3.64280894e-06)
( 6.76991502e-05,-3.71388399e-06)
( 6.88363251e-05,-3.77835083e-06)
( 6.98371558e-05,-3.83606757e-06)
( 7.06996665e-05,-3.88690514e-06)
( 7.14221543e-05,-3.93074758e-06)
( 7.20031918e-05,-3.96749230e-06)
( 7.24416307e-05,-3.99705038e-06)
( 7.27366036e-05,-4.01934676e-06)
( 7.28875255e-05,-4.03432049e-06)
( 7.28940956e-05,-4.04192489e-06)
( 7.27562973e-05,-4.04212770e-06)
( 7.24743982e-05,-4.03491122e-06)
( 7.20489501e-05,-4.02027237e-06)
( 7.14807872e-05,-3.99822283e-06)
( 7.07710250e-05,-3.96878899e-06)
( 6.99210578e-05,-3.93201204e-06)
( 6.89325559e-05,-3.88794787e-06)
( 6.78074624e-05,-3.83666709e-06)
( 6.65479895e-05,-3.77825491e-06)
( 6.51566140e-05,-3.71281103e-06)
( 6.36360720e-05,-3.64044952e-06)
( 6.19893545e-05,-3.56129861e-06)
( 6.02197003e-05,-3.47550052e-06)
( 5.83305907e-05,-3.38321123e-06)
( 5.63257418e-05,-3.28460021e-06)
( 5.42090978e-05,-3.17985011e-06)
( 5.19848226e-05,-3.06915649e-06)
( 4.96572924e-05,-2.95272741e-06)
( 4.72310861e-05,-2.83078312e-06)
( 4.47109774e-05,-2.70355563e-06)
( 4.21019242e-05,-2.57128826e-06)
( 3.94090600e-05,-2.43423524e-06)
( 3.66376828e-05,-2.29266117e-06)
( 3.37932453e-05,-2.14684059e-06)
( 3.08813441e-05,-1.99705738e-06)
( 2.79077083e-05,-1.84360427e-06)
( 2.48781886e-05,-1.68678227e-06)
( 2.17987456e-05,-1.52690003e-06)
( 1.86754384e-05,-1.36427330e-06)
( 1.55144120e-05,-1.19922426e-06)
( 1.23218858e-05,-1.03208090e-06)
( 9.10414132e-06,-8.63176388e-07)
( 5.86750950e-06,-6.92848339e-07)
( 2.61835849e-06,-5.21438198e-07)
(-6.36918928e-07,-3.49290511e-07)
(-3.89191793e-06,-1.76752243e-07)
(-7.14023426e-06,-4.17204751e-09)
(-1.03754768e-05, 1.68100418e-07)
(-1.35912802e-05, 3.39715248e-07)
(-1.67813175e-05, 5.10322986e-07)
(-1.99393121e-05, 6.79575364e-07)
(-2.30590508e-05, 8.47126028e-07)
(-2.61343957e-05, 1.01263126e-06)
(-2.91592960e-05, 1.17575071e-06)
(-3.21278006e-05, 1.33614811e-06)
(-3.50340690e-05, 1.49349196e-06)
(-3.78723834e-05, 1.64745630e-06)
(-4.06371598e-05, 1.79772133e-06)
(-4.33229589e-05, 1.94397414e-06)
(-4.59244967e-05, 2.08590939e-06)
(-4.84366555e-05, 2.22322994e-06)
(-5.08544930e-05, 2.35564752e-06)
(-5.31732531e-05, 2.48288333e-06)
(-5.53883743e-05, 2.60466868e-06)
(-5.74954995e-05, 2.72074558e-06)
(-5.94904839e-05, 2.83086728e-06)
(-6.13694038e-05, 2.93479886e-06)
(-6.31285639e-05, 3.03231772e-06)
(-6.47645046e-05, 3.12321409e-06)
(-6.62740092e-05, 3.20729151e-06)
(-6.76541096e-05, 3.28436729e-06)
(-6.89020930e-05, 3.35427290e-06)
(-7.00155065e-05, 3.41685437e-06)
(-7.09921622e-05, 3.47197267e-06)
(-7.18301419e-05, 3.51950403e-06)
(-7.25278001e-05, 3.55934022e-06)
(-7.30837682e-05, 3.59138884e-06)
(-7.34969564e-05, 3.61557353e-06)
(-7.37665562e-05, 3.63183421e-06)
(-7.38920423e-05, 3.64012719e-06)
(-7.38731731e-05, 3.64042534e-06)
(-7.37099916e-05, 3.63271818e-06)
(-7.34028252e-05, 3.61701192e-06)
(-7.29522850e-05, 3.59332951e-06)
(-7.23592647e-05, 3.56171061e-06)
(-7.16249390e-05, 3.52221156e-06)
(-7.07507611e-05, 3.47490528e-06)
(-6.97384599e-05, 3.41988117e-06)
(-6.85900367e-05, 3.35724493e-06)
(-6.73077612e-05, 3.28711842e-06)
(-6.58941671e-05, 3.20963939e-06)
(-6.43520473e-05, 3.12496122e-06)
(-6.26844479e-05, 3.03325268e-06)
(-6.08946628e-05, 2.93469756e-06)
(-5.89862270e-05, 2.82949432e-06)
(-5.69629095e-05, 2.71785572e-06)
(-5.48287063e-05, 2.60000837e-06)
(-5.25878319e-05, 2.47619232e-06)
(-5.02447118e-05, 2.34666053e-06)
(-4.78039733e-05, 2.21167843e-06)
(-4.52704363e-05, 2.07152330e-06)
(-4.26491043e-05, 1.92648379e-06)
(-3.99451542e-05, 1.77685928e-06)
(-3.71639261e-05, 1.62295929e-06)
(-3.43109129e-05, 1.46510287e-06)
(-3.13917495e-05, 1.30361790e-06)
(-2.84122018e-05, 1.13884046e-06)
(-2.53781548e-05, 9.71114127e-07)
(-2.22956020e-05, 8.00789262e-07)
(-1.91706324e-05, 6.28222293e-07)
(-1.60094196e-05, 4.53774987e-07)
(-1.28182088e-05, 2.77813696e-07)
(-9.60330500e-06, 1.00708603e-07)
(-6.37106033e-06,-7.71670472e-08)
(-3.12786158e-06,-2.55437709e-07)
( 1.19882380e-07,-4.33726328e-07)
( 3.36575329e-06,-6.11655107e-07)
( 6.60333613e-06,-7.88846307e-07)
( 9.82623177e-06,-9.64923011e-07)
( 1.30280697e-05,-1.13950992e-06)
( 1.62025203e-05,-1.31223412e-06)
( 1.93433080e-05,-1.48272588e-06)
( 2.24442228e-05,-1.65061936e-06)
( 2.54991334e-05,-1.81555346e-06)
( 2.85019984e-05,-1.97717248e-06)
( 3.14468793e-05,-2.13512692e-06)
( 3.43279513e-05,-2.28907417e-06)
( 3.71395154e-05,-2.43867925e-06)
( 3.98760093e-05,-2.58361545e-06)
( 4.25320189e-05,-2.72356508e-06)
( 4.51022883e-05,-2.85822008e-06)
( 4.75817308e-05,-2.98728266e-06)
( 4.99654389e-05,-3.11046593e-06)
( 5.22486937e-05,-3.22749448e-06)
( 5.44269744e-05,-3.33810498e-06)
( 5.64959674e-05,-3.44204667e-06)
( 5.84515749e-05,-3.53908194e-06)
( 6.02899225e-05,-3.62898675e-06)
( 6.20073675e-05,-3.71155115e-06)
( 6.36005060e-05,-3.78657970e-06)
( 6.50661793e-05,-3.85389186e-06)
( 6.64014806e-05,-3.91332233e-06)
( 6.76037605e-05,-3.96472148e-06)
( 6.86706325e-05,-4.00795555e-06)
( 6.95999774e-05,-4.04290700e-06)
( 7.03899480e-05,-4.06947471e-06)
( 7.10389725e-05,-4.08757421e-06)
( 7.15457576e-05,-4.09713785e-06)
( 7.19092912e-05,-4.09811490e-06)
( 7.21288445e-05,-4.09047171e-06)
( 7.22039734e-05,-4.07419175e-06)
( 7.21345192e-05,-4.04927564e-06)
( 7.19206094e-05,-4.01574113e-06)
( 7.15626571e-05,-3.97362312e-06)
( 7.10613606e-05,-3.92297354e-06)
( 7.04177016e-05,-3.86386126e-06)
( 6.96329435e-05,-3.79637195e-06)
( 6.87086292e-05,-3.72060791e-06)
( 6.76465775e-05,-3.63668784e-06)
( 6.64488802e-05,-3.54474665e-06)
( 6.51178974e-05,-3.44493514e-06)
( 6.36562533e-05,-3.33741972e-06)
( 6.20668308e-05,-3.22238207e-06)
( 6.03527660e-05,-3.10001878e-06)
( 5.85174417e-05,-2.97054096e-06)
( 5.65644812e-05,-2.83417381e-06)
( 5.44977408e-05,-2.69115617e-06)
( 5.23213024e-05,-2.54174004e-06)
( 5.00394652e-05,-2.38619013e-06)
( 4.76567374e-05,-2.22478324e-06)
( 4.51778275e-05,-2.05780780e-06)
( 4.26076345e-05,-1.88556327e-06)
( 3.99512387e-05,-1.70835953e-06)
( 3.72138914e-05,-1.52651629e-06)
( 3.44010045e-05,-1.34036246e-06)
( 3.15181402e-05,-1.15023551e-06)
( 2.85709992e-05,-9.56480770e-07)
( 2.55654105e-05,-7.59450826e-07)
( 2.25073190e-05,-5.59504770e-07)
( 1.94027739e-05,-3.57007525e-07)
( 1.62579174e-05,-1.52329130e-07)
( 1.30789714e-05, 5.41559666e-08)
( 9.87222643e-06, 2.62069653e-07)
( 6.64402820e-06, 4.71030865e-07)
( 3.40076563e-06, 6.80656346e-07)
( 1.48857966e-07, 8.90561352e-07)
(-3.10525783e-06, 1.10036042e-06)
(-6.35513987e-06, 1.30966811e-06)
(-9.59435408e-06, 1.51809972e-06)
(-1.28164869e-05, 1.72527204e-06)
(-1.60151581e-05, 1.93080407e-06)
(-1.91840331e-05, 2.13431779e-06)
(-2.23168361e-05, 2.33543882e-06)
(-2.54073618e-05, 2.53379715e-06)
(-2.84494882e-05, 2.72902789e-06)
(-3.14371885e-05, 2.92077188e-06)
(-3.43645431e-05, 3.10867645e-06)
(-3.72257513e-05, 3.29239602e-06)
(-4.00151427e-05, 3.47159280e-06)
(-4.27271888e-05, 3.64593741e-06)
(-4.53565132e-05, 3.81510948e-06)
(-4.78979032e-05, 3.97879828e-06)
(-5.03463194e-05, 4.13670329e-06)
(-5.26969058e-05, 4.28853477e-06)
(-5.49449998e-05, 4.43401429e-06)
(-5.70861410e-05, 4.57287527e-06)
(-5.91160801e-05, 4.70486344e-06)
(-6.10307876e-05, 4.82973738e-06)
(-6.28264615e-05, 4.94726889e-06)
(-6.44995348e-05, 5.05724348e-06)
(-6.60466828e-05, 5.15946075e-06)
(-6.74648295e-05, 5.25373474e-06)
(-6.87511536e-05, 5.33989431e-06)
(-6.99030943e-05, 5.41778343e-06)
(-7.09183564e-05, 5.48726151e-06)
(-7.17949145e-05, 5.54820359e-06)
(-7.25310172e-05, 5.60050068e-06)
(-7.31251907e-05, 5.64405986e-06)
(-7.35762414e-05, 5.67880453e-06)
(-7.38832585e-05, 5.70467450e-06)
(-7.40456157e-05, 5.72162614e-06)
(-7.40629724e-05, 5.72963248e-06)
(-7.39352744e-05, 5.72868320e-06)
(-7.36627541e-05, 5.71878474e-06)
(-7.32459296e-05, 5.69996021e-06)
(-7.26856043e-05, 5.67224944e-06)
(-7.19828647e-05, 5.63570883e-06)
(-7.11390785e-05, 5.59041134e-06)
(-7.01558921e-05, 5.53644628e-06)
(-6.90352268e-05, 5.47391924e-06)
(-6.77792753e-05, 5.40295182e-06)
(-6.63904973e-05, 5.32368150e-06)
(-6.48716148e-05, 5.23626135e-06)
(-6.32256061e-05, 5.14085978e-06)
(-6.14557006e-05, 5.03766023e-06)
(-5.95653719e-05, 4.92686086e-06)
(-5.75583311e-05, 4.80867420e-06)
(-5.54385193e-05, 4.68332676e-06)
(-5.32101001e-05, 4.55105867e-06)
(-5.08774508e-05, 4.41212319e-06)
(-4.84451544e-05, 4.26678633e-06)
(-4.59179897e-05, 4.11532633e-06)
(-4.33009227e-05, 3.95803318e-06)
(-4.05990960e-05, 3.79520812e-06)
(-3.78178190e-05, 3.62716306e-06)
(-3.49625573e-05, 3.45422009e-06)
(-3.20389221e-05, 3.27671085e-06)
(-2.90526584e-05, 3.09497594e-06)
(-2.60096345e-05, 2.90936437e-06)
(-2.29158298e-05, 2.72023283e-06)
(-1.97773230e-05, 2.52794515e-06)
(-1.66002803e-05, 2.33287157e-06)
(-1.33909430e-05, 2.13538814e-06)
(-1.01556154e-05, 1.93587598e-06)
(-6.90065201e-06, 1.73472059e-06)
(-3.63244510e-06, 1.53231121e-06)
(-3.57412158e-07, 1.32904006e-06)
( 2.91801691e-06, 1.12530162e-06)
( 6.18741244e-06, 9.21491933e-07)
( 9.44435774e-06, 7.18007872e-07)
( 1.26824618e-05, 5.15246388e-07)
( 1.58953717e-05, 3.13603807e-07)
( 1.90767857e-05, 1.13475066e-07)
( 2.22204649e-05,-8.47470095e-08)
( 2.53202463e-05,-2.80672432e-07)
( 2.83700544e-05,-4.73914804e-07)
( 3.13639135e-05,-6.64092038e-07)
( 3.42959596e-05,-8.50827070e-07)
( 3.71604515e-05,-1.03374859e-06)
( 3.99517825e-05,-1.21249177e-06)
( 4.26644913e-05,-1.38669891e-06)
( 4.52932728e-05,-1.55602021e-06)
( 4.78329886e-05,-1.72011436e-06)
( 5.02786770e-05,-1.87864931e-06)
( 5.26255627e-05,-2.03130283e-06)
( 5.48690665e-05,-2.17776324e-06)
( 5.70048140e-05,-2.31772996e-06)
( 5.90286443e-05,-2.45091417e-06)
( 6.09366181e-05,-2.57703938e-06)
( 6.27250255e-05,-2.69584199e-06)
( 6.43903934e-05,-2.80707189e-06)
( 6.59294919e-05,-2.91049292e-06)
( 6.73393413e-05,-3.00588345e-06)
( 6.86172170e-05,-3.09303681e-06)
( 6.97606557e-05,-3.17176177e-06)
( 7.07674596e-05,-3.24188298e-06)
( 7.16357012e-05,-3.30324137e-06)
( 7.23637263e-05,-3.35569455e-06)
( 7.29501580e-05,-3.39911711e-06)
( 7.33938990e-05,-3.43340102e-06)
( 7.36941333e-05,-3.45845586e-06)
( 7.38503286e-05,-3.47420911e-06)
( 7.38622365e-05,-3.48060639e-06)
( 7.37298934e-05,-3.47761164e-06)
( 7.34536202e-05,-3.46520730e-06)
( 7.30340214e-05,-3.44339446e-06)
( 7.24719843e-05,-3.41219290e-06)
( 7.17686768e-05,-3.37164125e-06)
( 7.09255449e-05,-3.32179695e-06)
( 6.99443105e-05,-3.26273626e-06)
( 6.88269670e-05,-3.19455426e-06)
( 6.75757760e-05,-3.11736472e-06)
( 6.61932625e-05,-3.03130004e-06)
( 6.46822098e-05,-2.93651109e-06)
( 6.30456542e-05,-2.83316703e-06)
( 6.12868785e-05,-2.72145507e-06)
( 5.94094060e-05,-2.60158027e-06)
( 5.74169932e-05,-2.47376521e-06)
( 5.53136222e-05,-2.33824969e-06)
( 5.31034932e-05,-2.19529036e-06)
( 5.07910159e-05,-2.04516033e-06)
( 4.83808005e-05,-1.88814877e-06)
( 4.58776493e-05,-1.72456042e-06)
( 4.32865464e-05,-1.55471510e-06)
( 4.06126483e-05,-1.37894720e-06)
( 3.78612736e-05,-1.19760512e-06)
( 3.50378924e-05,-1.01105066e-06)
( 3.21481154e-05,-8.19658444e-07)
( 2.91976830e-05,-6.23815230e-07)
( 2.61924541e-05,-4.23919251e-07)
( 2.31383940e-05,-2.20379524e-07)
( 2.00415631e-05,-1.36150913e-08)
( 1.69081046e-05, 1.95945710e-07)
( 1.37442327e-05, 4.07866032e-07)
( 1.05562201e-05, 6.21701336e-07)
( 7.35038573e-06, 8.37000183e-07)
( 4.13308212e-06, 1.05330511e-06)
( 9.10683111e-07, 1.27015347e-06)
(-2.31042887e-06, 1.48707832e-06)
(-5.52387532e-06, 1.70360930e-06)
(-8.72329427e-06, 1.91927357e-06)
(-1.19023528e-05, 2.13359670e-06)
(-1.50547595e-05, 2.34610361e-06)
(-1.81742770e-05, 2.55631952e-06)
(-2.12547339e-05, 2.76377089e-06)
(-2.42900374e-05, 2.96798634e-06)
(-2.72741849e-05, 3.16849765e-06)
(-3.02012759e-05, 3.36484070e-06)
(-3.30655238e-05, 3.55655642e-06)
(-3.58612671e-05, 3.74319172e-06)
(-3.85829807e-05, 3.92430049e-06)
(-4.12252864e-05, 4.09944449e-06)
(-4.37829640e-05, 4.26819431e-06)
(-4.62509610e-05, 4.43013029e-06)
(-4.86244031e-05, 4.58484343e-06)
(-5.08986034e-05, 4.73193626e-06)
(-5.30690716e-05, 4.87102377e-06)
(-5.51315232e-05, 5.00173424e-06)
(-5.70818873e-05, 5.12371008e-06)
(-5.89163153e-05, 5.23660864e-06)
(-6.06311878e-05, 5.34010305e-06)
(-6.22231223e-05, 5.43388295e-06)
(-6.36889793e-05, 5.51765524e-06)
(-6.50258689e-05, 5.59114481e-06)
(-6.62311561e-05, 5.65409519e-06)
(-6.73024664e-05, 5.70626923e-06)
(-6.82376901e-05, 5.74744970e-06)
(-6.90349865e-05, 5.77743989e-06)
(-6.96927876e-05, 5.79606413e-06)
(-7.02098011e-05, 5.80316827e-06)
(-7.05850132e-05, 5.79862020e-06)
(-7.08176900e-05, 5.78231025e-06)
(-7.09073795e-05, 5.75415153e-06)
(-7.08539124e-05, 5.71408032e-06)
(-7.06574019e-05, 5.66205632e-06)
(-7.03182442e-05, 5.59806293e-06)
(-6.98371174e-05, 5.52210738e-06)
(-6.92149799e-05, 5.43422098e-06)
(-6.84530690e-05, 5.33445912e-06)
(-6.75528981e-05, 5.22290139e-06)
(-6.65162538e-05, 5.09965154e-06)
(-6.53451927e-05, 4.96483747e-06)
(-6.40420368e-05, 4.81861109e-06)
(-6.26093693e-05, 4.66114821e-06)
(-6.10500297e-05, 4.49264832e-06)
(-5.93671076e-05, 4.31333434e-06)
(-5.75639373e-05, 4.12345233e-06)
(-5.56440908e-05, 3.92327115e-06)
(-5.36113710e-05, 3.71308204e-06)
(-5.14698042e-05, 3.49319817e-06)
(-4.92236321e-05, 3.26395417e-06)
(-4.68773035e-05, 3.02570557e-06)
(-4.44354657e-05, 2.77882819e-06)
(-4.19029552e-05, 2.52371757e-06)
(-3.92847881e-05, 2.26078818e-06)
(-3.65861508e-05, 1.99047280e-06)
(-3.38123890e-05, 1.71322170e-06)
(-3.09689978e-05, 1.42950182e-06)
(-2.80616107e-05, 1.13979595e-06)
(-2.50959886e-05, 8.44601829e-07)
(-2.20780082e-05, 5.44431228e-07)
(-1.90136511e-05, 2.39808978e-07)
(-1.59089911e-05,-6.87280058e-08)
(-1.27701832e-05,-3.80631763e-07)
(-9.60345087e-06,-6.95344325e-07)
(-6.41507404e-06,-1.01229880e-06)
(-3.21137680e-06,-1.33092048e-06)
( 1.28514184e-09,-1.65062795e-06)
( 3.21653690e-06,-1.97083426e-06)
( 6.42799697e-06,-2.29094806e-06)
( 9.62928979e-06,-2.61037482e-06)
( 1.28140583e-05,-2.92851797e-06)
( 1.59759763e-05,-3.24478013e-06)
( 1.91087613e-05,-3.55856433e-06)
( 2.22061863e-05,-3.86927521e-06)
( 2.52620927e-05,-4.17632024e-06)
( 2.82704018e-05,-4.47911093e-06)
( 3.12251273e-05,-4.77706410e-06)
( 3.41203868e-05,-5.06960299e-06)
( 3.69504135e-05,-5.35615855e-06)
( 3.97095674e-05,-5.63617061e-06)
( 4.23923469e-05,-5.90908904e-06)
( 4.49933990e-05,-6.17437491e-06)
( 4.75075304e-05,-6.43150168e-06)
( 4.99297173e-05,-6.67995627e-06)
( 5.22551160e-05,-6.91924019e-06)
( 5.44790716e-05,-7.14887062e-06)
( 5.65971280e-05,-7.36838142e-06)
( 5.86050361e-05,-7.57732419e-06)
( 6.04987626e-05,-7.77526922e-06)
( 6.22744980e-05,-7.96180646e-06)
( 6.39286637e-05,-8.13654639e-06)
( 6.54579198e-05,-8.29912093e-06)
( 6.68591711e-05,-8.44918426e-06)
( 6.81295736e-05,-8.58641357e-06)
( 6.92665401e-05,-8.71050985e-06)
( 7.02677453e-05,-8.82119854e-06)
( 7.11311306e-05,-8.91823016e-06)
( 7.18549080e-05,-9.00138096e-06)
( 7.24375638e-05,-9.07045340e-06)
( 7.28778618e-05,-9.12527665e-06)
( 7.31748455e-05,-9.16570704e-06)
( 7.33278403e-05,-9.19162841e-06)
( 7.33364550e-05,-9.20295244e-06)
( 7.32005822e-05,-9.19961889e-06)
( 7.29203992e-05,-9.18159583e-06)
( 7.24963672e-05,-9.14887976e-06)
( 7.19292309e-05,-9.10149572e-06)
( 7.12200167e-05,-9.03949726e-06)
( 7.03700313e-05,-8.96296646e-06)
( 6.93808585e-05,-8.87201380e-06)
( 6.82543568e-05,-8.76677799e-06)
( 6.69926556e-05,-8.64742581e-06)
( 6.55981511e-05,-8.51415176e-06)
( 6.40735015e-05,-8.36717779e-06)
( 6.24216221e-05,-8.20675284e-06)
( 6.06456794e-05,-8.03315244e-06)
( 5.87490853e-05,-7.84667820e-06)
( 5.67354900e-05,-7.64765719e-06)
( 5.46087753e-05,-7.43644139e-06)
( 5.23730466e-05,-7.21340698e-06)
( 5.00326255e-05,-6.97895360e-06)
( 4.75920406e-05,-6.73350361e-06)
( 4.50560192e-05,-6.47750126e-06)
( 4.24294780e-05,-6.21141180e-06)
( 3.97175132e-05,-5.93572055e-06)
( 3.69253907e-05,-5.65093199e-06)
( 3.40585358e-05,-5.35756871e-06)
( 3.11225225e-05,-5.05617039e-06)
( 2.81230626e-05,-4.74729272e-06)
( 2.50659945e-05,-4.43150627e-06)
( 2.19572718e-05,-4.10939538e-06)
( 1.88029514e-05,-3.78155692e-06)
( 1.56091818e-05,-3.44859918e-06)
( 1.23821910e-05,-3.11114054e-06)
( 9.12827411e-06,-2.76980829e-06)
( 5.85378114e-06,-2.42523734e-06)
( 2.56510443e-06,-2.07806891e-06)
(-7.31333905e-07,-1.72894926e-06)
(-4.02909465e-06,-1.37852836e-06)
(-7.32173415e-06,-1.02745857e-06)
(-1.06028170e-05,-6.76393329e-07)
(-1.38659287e-05,-3.25985788e-07)
(-1.71046883e-05, 2.31124774e-08)
(-2.03127611e-05, 3.70252828e-07)
(-2.34838709e-05, 7.14790855e-07)
(-2.66118127e-05, 1.05608772e-06)
(-2.96904646e-05, 1.39351142e-06)
(-3.27138001e-05, 1.72643812e-06)
(-3.56759000e-05, 2.05425340e-06)
(-3.85709639e-05, 2.37635348e-06)
(-4.13933219e-05, 2.69214650e-06)
(-4.41374456e-05, 3.00105369e-06)
(-4.67979592e-05, 3.30251056e-06)
(-4.93696500e-05, 3.59596804e-06)
(-5.18474786e-05, 3.88089358e-06)
(-5.42265893e-05, 4.15677227e-06)
(-5.65023191e-05, 4.42310784e-06)
(-5.86702074e-05, 4.67942369e-06)
(-6.07260047e-05, 4.92526384e-06)
(-6.26656809e-05, 5.16019386e-06)
(-6.44854333e-05, 5.38380172e-06)
(-6.61816944e-05, 5.59569865e-06)
(-6.77511385e-05, 5.79551991e-06)
(-6.91906887e-05, 5.98292549e-06)
(-7.04975228e-05, 6.15760083e-06)
(-7.16690790e-05, 6.31925742e-06)
(-7.27030610e-05, 6.46763335e-06)
(-7.35974421e-05, 6.60249388e-06)
(-7.43504702e-05, 6.72363186e-06)
(-7.49606701e-05, 6.83086811e-06)
(-7.54268476e-05, 6.92405183e-06)
(-7.57480908e-05, 7.00306082e-06)
(-7.59237726e-05, 7.06780174e-06)
(-7.59535521e-05, 7.11821027e-06)
(-7.58373744e-05, 7.15425120e-06)
(-7.55754718e-05, 7.17591851e-06)
(-7.51683625e-05, 7.18323533e-06)
(-7.46168501e-05, 7.17625386e-06)
(-7.39220219e-05, 7.15505527e-06)
(-7.30852464e-05, 7.11974949e-06)
(-7.21081713e-05, 7.07047495e-06)
(-7.09927196e-05, 7.00739830e-06)
(-6.97410862e-05, 6.93071400e-06)
(-6.83557333e-05, 6.84064397e-06)
(-6.68393857e-05, 6.73743704e-06)
(-6.51950253e-05, 6.62136845e-06)
(-6.34258854e-05, 6.49273927e-06)
(-6.15354440e-05, 6.35187579e-06)
(-5.95274170e-05, 6.19912875e-06)
(-5.74057512e-05, 6.03487271e-06)
(-5.51746160e-05, 5.85950520e-06)
(-5.28383952e-05, 5.67344588e-06)
(-5.04016786e-05, 5.47713576e-06)
(-4.78692529e-05, 5.27103616e-06)
(-4.52460919e-05, 5.05562787e-06)
(-4.25373466e-05, 4.83141008e-06)
(-3.97483357e-05, 4.59889939e-06)
(-3.68845342e-05, 4.35862875e-06)
(-3.39515630e-05, 4.11114633e-06)
(-3.09551777e-05, 3.85701445e-06)
(-2.79012573e-05, 3.59680839e-06)
(-2.47957921e-05, 3.33111521e-06)
(-2.16448726e-05, 3.06053261e-06)
(-1.84546766e-05, 2.78566764e-06)
(-1.52314575e-05, 2.50713552e-06)
(-1.19815318e-05, 2.22555834e-06)
(-8.71126644e-06, 1.94156385e-06)
(-5.42706644e-06, 1.65578415e-06)
(-2.13536194e-06, 1.36885443e-06)
( 1.15740436e-06, 1.08141166e-06)
( 4.44479002e-06, 7.94093330e-07)
( 7.72036559e-06, 5.07536145e-07)
( 1.09777273e-05, 2.22374737e-07)
( 1.42105100e-05,-6.07596030e-08)
( 1.74123991e-05,-3.41240215e-07)
( 2.05771439e-05,-6.18446321e-07)
( 2.36985694e-05,-8.91764289e-07)
( 2.67705887e-05,-1.16058885e-06)
( 2.97872148e-05,-1.42432435e-06)
( 3.27425729e-05,-1.68238593e-06)
( 3.56309115e-05,-1.93420070e-06)
( 3.84466141e-05,-2.17920890e-06)
( 4.11842102e-05,-2.41686507e-06)
( 4.38383858e-05,-2.64663907e-06)
( 4.64039945e-05,-2.86801725e-06)
( 4.88760670e-05,-3.08050339e-06)
( 5.12498212e-05,-3.28361982e-06)
( 5.35206716e-05,-3.47690826e-06)
( 5.56842384e-05,-3.65993088e-06)
( 5.77363558e-05,-3.83227111e-06)
( 5.96730804e-05,-3.99353453e-06)
( 6.14906990e-05,-4.14334966e-06)
( 6.31857357e-05,-4.28136877e-06)
( 6.47549588e-05,-4.40726852e-06)
( 6.61953869e-05,-4.52075075e-06)
( 6.75042952e-05,-4.62154301e-06)
( 6.86792201e-05,-4.70939918e-06)
( 6.97179646e-05,-4.78410000e-06)
( 7.06186023e-05,-4.84545355e-06)
( 7.13794808e-05,-4.89329565e-06)
( 7.19992255e-05,-4.92749029e-06)
( 7.24767417e-05,-4.94792988e-06)
( 7.28112166e-05,-4.95453558e-06)
( 7.30021212e-05,-4.94725747e-06)
( 7.30492109e-05,-4.92607476e-06)
( 7.29525258e-05,-4.89099582e-06)
( 7.27123909e-05,-4.84205830e-06)
( 7.23294147e-05,-4.77932907e-06)
( 7.18044883e-05,-4.70290421e-06)
( 7.11387835e-05,-4.61290884e-06)
( 7.03337499e-05,-4.50949699e-06)
( 6.93911125e-05,-4.39285135e-06)
( 6.83128674e-05,-4.26318301e-06)
( 6.71012786e-05,-4.12073108e-06)
( 6.57588724e-05,-3.96576238e-06)
( 6.42884331e-05,-3.79857092e-06)
( 6.26929965e-05,-3.61947745e-06)
( 6.09758447e-05,-3.42882890e-06)
( 5.91404986e-05,-3.22699779e-06)
( 5.71907112e-05,-3.01438161e-06)
( 5.51304598e-05,-2.79140206e-06)
( 5.29639384e-05,-2.55850440e-06)
( 5.06955487e-05,-2.31615659e-06)
( 4.83298917e-05,-2.06484848e-06)
( 4.58717581e-05,-1.80509096e-06)
( 4.33261188e-05,-1.53741501e-06)
( 4.06981152e-05,-1.26237077e-06)
( 3.79930484e-05,-9.80526522e-07)
( 3.52163691e-05,-6.92467659e-07)
( 3.23736661e-05,-3.98795632e-07)
( 2.94706557e-05,-1.00126830e-07)
( 2.65131699e-05, 2.02908552e-07)
( 2.35071449e-05, 5.09667672e-07)
( 2.04586092e-05, 8.19496249e-07)
( 1.73736716e-05, 1.13172976e-06)
( 1.42585091e-05, 1.44569473e-06)
( 1.11193542e-05, 1.76070993e-06)
( 7.96248306e-06, 2.07608774e-06)
( 4.79420272e-06, 2.39113540e-06)
( 1.62083848e-06, 2.70515635e-06)
(-1.55127858e-06, 3.01745158e-06)
(-4.71582415e-06, 3.32732095e-06)
(-7.86649331e-06, 3.63406455e-06)
(-1.09970130e-05, 3.93698407e-06)
(-1.41011545e-05, 4.23538418e-06)
(-1.71727457e-05, 4.52857387e-06)
(-2.02056834e-05, 4.81586782e-06)
(-2.31939455e-05, 5.09658777e-06)
(-2.61316026e-05, 5.37006392e-06)
(-2.90128300e-05, 5.63563620e-06)
(-3.18319191e-05, 5.89265567e-06)
(-3.45832887e-05, 6.14048584e-06)
(-3.72614961e-05, 6.37850396e-06)
(-3.98612476e-05, 6.60610235e-06)
(-4.23774090e-05, 6.82268964e-06)
(-4.48050161e-05, 7.02769207e-06)
(-4.71392837e-05, 7.22055467e-06)
(-4.93756158e-05, 7.40074248e-06)
(-5.15096140e-05, 7.56774174e-06)
(-5.35370867e-05, 7.72106102e-06)
(-5.54540566e-05, 7.86023231e-06)
(-5.72567692e-05, 7.98481212e-06)
(-5.89416997e-05, 8.09438249e-06)
(-6.05055600e-05, 8.18855201e-06)
(-6.19453050e-05, 8.26695674e-06)
(-6.32581388e-05, 8.32926112e-06)
(-6.44415197e-05, 8.37515884e-06)
(-6.54931657e-05, 8.40437367e-06)
(-6.64110581e-05, 8.41666017e-06)
(-6.71934462e-05, 8.41180444e-06)
(-6.78388501e-05, 8.38962475e-06)
(-6.83460636e-05, 8.34997214e-06)
(-6.87141567e-05, 8.29273100e-06)
(-6.89424770e-05, 8.21781949e-06)
(-6.90306512e-05, 8.12519001e-06)
(-6.89785853e-05, 8.01482954e-06)
(-6.87864649e-05, 7.88675997e-06)
(-6.84547548e-05, 7.74103828e-06)
(-6.79841979e-05, 7.57775676e-06)
(-6.73758132e-05, 7.39704311e-06)
(-6.66308944e-05, 7.19906045e-06)
(-6.57510066e-05, 6.98400733e-06)
(-6.47379834e-05, 6.75211761e-06)
(-6.35939228e-05, 6.50366033e-06)
(-6.23211836e-05, 6.23893942e-06)
(-6.09223800e-05, 5.95829348e-06)
(-5.94003764e-05, 5.66209533e-06)
(-5.77582821e-05, 5.35075167e-06)
(-5.59994442e-05, 5.02470246e-06)
(-5.41274420e-05, 4.68442048e-06)
(-5.21460787e-05, 4.33041056e-06)
(-5.00593746e-05, 3.96320898e-06)
(-4.78715586e-05, 3.58338265e-06)
(-4.55870600e-05, 3.19152825e-06)
(-4.32104995e-05, 2.78827139e-06)
(-4.07466801e-05, 2.37426560e-06)
(-3.82005775e-05, 1.95019131e-06)
(-3.55773302e-05, 1.51675477e-06)
(-3.28822292e-05, 1.07468688e-06)
(-3.01207076e-05, 6.24742050e-07)
(-2.72983298e-05, 1.67696851e-07)
(-2.44207803e-05,-2.95651242e-07)
(-2.14938525e-05,-7.64485221e-07)
(-1.85234374e-05,-1.23796998e-06)
(-1.55155116e-05,-1.71525378e-06)
(-1.24761256e-05,-2.19546972e-06)
(-9.41139176e-06,-2.67773733e-06)
(-6.32747243e-06,-3.16116415e-06)
(-3.23056737e-06,-3.64484735e-06)
(-1.26901759e-07,-4.12787541e-06)
( 2.97728627e-06,-4.60932978e-06)
( 6.07575789e-06,-5.08828666e-06)
( 9.16228598e-06,-5.56381868e-06)
( 1.22306674e-05,-6.03499672e-06)
( 1.52747353e-05,-6.50089170e-06)
( 1.82883712e-05,-6.96057635e-06)
( 2.12655172e-05,-7.41312705e-06)
( 2.42001880e-05,-7.85762566e-06)
( 2.70864826e-05,-8.29316134e-06)
( 2.99185959e-05,-8.71883240e-06)
( 3.26908305e-05,-9.13374809e-06)
( 3.53976076e-05,-9.53703047e-06)
( 3.80334781e-05,-9.92781620e-06)
( 4.05931336e-05,-1.03052583e-05)
( 4.30714166e-05,-1.06685282e-05)
( 4.54633308e-05,-1.10168169e-05)
( 4.77640510e-05,-1.13493374e-05)
( 4.99689329e-05,-1.16653260e-05)
( 5.20735216e-05,-1.19640441e-05)
( 5.40735610e-05,-1.22447798e-05)
( 5.59650022e-05,-1.25068496e-05)
( 5.77440112e-05,-1.27495999e-05)
( 5.94069768e-05,-1.29724082e-05)
( 6.09505173e-05,-1.31746854e-05)
( 6.23714880e-05,-1.33558762e-05)
( 6.36669866e-05,-1.35154613e-05)
( 6.48343596e-05,-1.36529580e-05)
( 6.58712071e-05,-1.37679220e-05)
( 6.67753880e-05,-1.38599483e-05)
( 6.75450240e-05,-1.39286721e-05)
( 6.81785035e-05,-1.39737703e-05)
( 6.86744846e-05,-1.39949621e-05)
( 6.90318983e-05,-1.39920099e-05)
( 6.92499502e-05,-1.39647203e-05)
( 6.93281224e-05,-1.39129445e-05)
( 6.92661744e-05,-1.38365791e-05)
( 6.90641439e-05,-1.37355668e-05)
( 6.87223467e-05,-1.36098964e-05)
( 6.82413761e-05,-1.34596036e-05)
( 6.76221018e-05,-1.32847712e-05)
( 6.68656685e-05,-1.30855288e-05)
( 6.59734936e-05,-1.28620538e-05)
( 6.49472643e-05,-1.26145703e-05)
( 6.37889348e-05,-1.23433499e-05)
( 6.25007223e-05,-1.20487111e-05)
( 6.10851027e-05,-1.17310188e-05)
( 5.95448059e-05,-1.13906844e-05)
( 5.78828106e-05,-1.10281649e-05)
( 5.61023384e-05,-1.06439626e-05)
( 5.42068477e-05,-1.02386241e-05)
( 5.22000269e-05,-9.81273980e-06)
( 5.00857873e-05,-9.36694293e-06)
( 4.78682553e-05,-8.90190856e-06)
( 4.55517648e-05,-8.41835259e-06)
( 4.31408485e-05,-7.91703056e-06)
( 4.06402289e-05,-7.39873645e-06)
( 3.80548095e-05,-6.86430137e-06)
( 3.53896650e-05,-6.31459211e-06)
( 3.26500313e-05,-5.75050972e-06)
( 2.98412957e-05,-5.17298790e-06)
( 2.69689859e-05,-4.58299139e-06)
( 2.40387595e-05,-3.98151423e-06)
( 2.10563928e-05,-3.36957802e-06)
( 1.80277695e-05,-2.74823004e-06)
( 1.49588694e-05,-2.11854134e-06)
( 1.18557563e-05,-1.48160480e-06)
( 8.72456639e-06,-8.38533078e-07)
( 5.57149632e-06,-1.90456552e-07)
( 2.40279073e-06, 4.61478832e-07)
(-7.75269831e-07, 1.11611370e-06)
(-3.95638124e-06, 1.77227745e-06)
(-7.13422824e-06, 2.42879054e-06)
(-1.03024968e-05, 3.08446671e-06)
(-1.34548867e-05, 3.73811529e-06)
(-1.65851237e-05, 4.38854353e-06)
(-1.96869720e-05, 5.03455894e-06)
(-2.27542468e-05, 5.67497159e-06)
(-2.57808260e-05, 6.30859652e-06)
(-2.87606627e-05, 6.93425604e-06)
(-3.16877971e-05, 7.55078210e-06)
(-3.45563682e-05, 8.15701864e-06)
(-3.73606253e-05, 8.75182388e-06)
(-4.00949396e-05, 9.33407265e-06)
(-4.27538155e-05, 9.90265869e-06)
(-4.53319010e-05, 1.04564969e-05)
(-4.78239991e-05, 1.09945254e-05)
(-5.02250772e-05, 1.15157080e-05)
(-5.25302782e-05, 1.20190361e-05)
(-5.47349293e-05, 1.25035310e-05)
(-5.68345518e-05, 1.29682457e-05)
(-5.88248702e-05, 1.34122670e-05)
(-6.07018203e-05, 1.38347172e-05)
(-6.24615578e-05, 1.42347566e-05)
(-6.41004659e-05, 1.46115844e-05)
(-6.56151625e-05, 1.49644411e-05)
(-6.70025073e-05, 1.52926098e-05)
(-6.82596081e-05, 1.55954178e-05)
(-6.93838266e-05, 1.58722380e-05)
(-7.03727837e-05, 1.61224905e-05)
(-7.12243650e-05, 1.63456438e-05)
(-7.19367245e-05, 1.65412155e-05)
(-7.25082888e-05, 1.67087744e-05)
(-7.29377605e-05, 1.68479405e-05)
(-7.32241208e-05, 1.69583864e-05)
(-7.33666319e-05, 1.70398380e-05)
(-7.33648387e-05, 1.70920750e-05)
(-7.32185699e-05, 1.71149319e-05)
(-7.29279386e-05, 1.71082978e-05)
(-7.24933424e-05, 1.70721175e-05)
(-7.19154626e-05, 1.70063910e-05)
(-7.11952636e-05, 1.69111742e-05)
(-7.03339910e-05, 1.67865786e-05)
(-6.93331692e-05, 1.66327713e-05)
(-6.81945990e-05, 1.64499746e-05)
(-6.69203542e-05, 1.62384660e-05)
(-6.55127777e-05, 1.59985776e-05)
(-6.39744771e-05, 1.57306953e-05)
(-6.23083201e-05, 1.54352586e-05)
(-6.05174286e-05, 1.51127594e-05)
(-5.86051733e-05, 1.47637414e-05)
(-5.65751670e-05, 1.43887990e-05)
(-5.44312576e-05, 1.39885760e-05)
(-5.21775212e-05, 1.35637649e-05)
(-4.98182537e-05, 1.31151052e-05)
(-4.73579630e-05, 1.26433821e-05)
(-4.48013602e-05, 1.21494250e-05)
(-4.21533502e-05, 1.16341060e-05)
(-3.94190228e-05, 1.10983383e-05)
(-3.66036424e-05, 1.05430741e-05)
(-3.37126376e-05, 9.96930315e-06)
(-3.07515915e-05, 9.37805078e-06)
(-2.77262298e-05, 8.77037575e-06)
(-2.46424106e-05, 8.14736831e-06)
(-2.15061122e-05, 7.51014809e-06)
(-1.83234219e-05, 6.85986193e-06)
(-1.51005239e-05, 6.19768161e-06)
(-1.18436873e-05, 5.52480167e-06)
(-8.55925388e-06, 4.84243695e-06)
(-5.25362547e-06, 4.15182037e-06)
(-1.93325153e-06, 3.45420045e-06)
( 1.39538353e-06, 2.75083889e-06)
( 4.72577313e-06, 2.04300814e-06)
( 8.05140130e-06, 1.33198890e-06)
( 1.13657555e-05, 6.19067669e-07)
( 1.46623395e-05,-9.44657807e-08)
( 1.79346862e-05,-8.07320909e-07)
( 2.11763703e-05,-1.51820889e-06)
( 2.43810211e-05,-2.22584513e-06)
( 2.75423349e-05,-2.92895172e-06)
( 3.06540881e-05,-3.62625994e-06)
( 3.37101485e-05,-4.31651269e-06)
( 3.67044885e-05,-4.99846692e-06)
( 3.96311963e-05,-5.67089599e-06)
( 4.24844880e-05,-6.33259206e-06)
( 4.52587191e-05,-6.98236839e-06)
( 4.79483958e-05,-7.61906158e-06)
( 5.05481854e-05,-8.24153383e-06)
( 5.30529278e-05,-8.84867509e-06)
( 5.54576450e-05,-9.43940513e-06)
( 5.77575517e-05,-1.00126756e-05)
( 5.99480642e-05,-1.05674721e-05)
( 6.20248102e-05,-1.11028157e-05)
( 6.39836373e-05,-1.16177655e-05)
( 6.58206212e-05,-1.21114195e-05)
( 6.75320738e-05,-1.25829170e-05)
( 6.91145505e-05,-1.30314397e-05)
( 7.05648574e-05,-1.34562134e-05)
( 7.18800573e-05,-1.38565093e-05)
( 7.30574761e-05,-1.42316456e-05)
( 7.40947081e-05,-1.45809884e-05)
( 7.49896206e-05,-1.49039527e-05)
( 7.57403588e-05,-1.52000038e-05)
( 7.63453493e-05,-1.54686582e-05)
( 7.68033032e-05,-1.57094839e-05)
( 7.71132192e-05,-1.59221018e-05)
( 7.72743855e-05,-1.61061857e-05)
( 7.72863815e-05,-1.62614633e-05)
( 7.71490784e-05,-1.63877160e-05)
( 7.68626403e-05,-1.64847800e-05)
( 7.64275231e-05,-1.65525456e-05)
( 7.58444746e-05,-1.65909581e-05)
( 7.51145328e-05,-1.66000169e-05)
( 7.42390238e-05,-1.65797761e-05)
( 7.32195597e-05,-1.65303440e-05)
( 7.20580351e-05,-1.64518825e-05)
( 7.07566240e-05,-1.63446071e-05)
( 6.93177752e-05,-1.62087860e-05)
( 6.77442078e-05,-1.60447394e-05)
( 6.60389058e-05,-1.58528392e-05)
( 6.42051124e-05,-1.56335077e-05)
( 6.22463237e-05,-1.53872168e-05)
( 6.01662819e-05,-1.51144870e-05)
( 5.79689680e-05,-1.48158862e-05)
( 5.56585938e-05,-1.44920286e-05)
( 5.32395940e-05,-1.41435734e-05)
( 5.07166174e-05,-1.37712233e-05)
( 4.80945177e-05,-1.33757231e-05)
( 4.53783441e-05,-1.29578582e-05)
( 4.25733312e-05,-1.25184531e-05)
( 3.96848891e-05,-1.20583696e-05)
( 3.67185924e-05,-1.15785049e-05)
( 3.36801693e-05,-1.10797902e-05)
( 3.05754905e-05,-1.05631887e-05)
( 2.74105576e-05,-1.00296935e-05)
( 2.41914914e-05,-9.48032590e-06)
( 2.09245193e-05,-8.91613337e-06)
( 1.76159639e-05,-8.33818738e-06)
( 1.42722298e-05,-7.74758145e-06)
( 1.08997916e-05,-7.14542901e-06)
( 7.50518071e-06,-6.53286128e-06)
( 4.09497256e-06,-5.91102508e-06)
( 6.75773870e-07,-5.28108070e-06)
(-2.74579053e-06,-4.64419968e-06)
(-6.16309070e-06,-4.00156262e-06)
(-9.56950464e-06,-3.35435694e-06)
(-1.29584313e-05,-2.70377470e-06)
(-1.63233037e-05,-2.05101038e-06)
(-1.96576016e-05,-1.39725866e-06)
(-2.29548646e-05,-7.43712212e-07)
(-2.62087045e-05,-9.15595492e-08)
(-2.94128184e-05, 5.58017189e-07)
(-3.25610003e-05, 1.20384435e-06)
(-3.56471542e-05, 1.84475893e-06)
(-3.86653054e-05, 2.47961061e-06)
(-4.16096122e-05, 3.10726391e-06)
(-4.44743780e-05, 3.72660012e-06)
(-4.72540618e-05, 4.33651938e-06)
(-4.99432892e-05, 4.93594257e-06)
(-5.25368631e-05, 5.52381322e-06)
(-5.50297740e-05, 6.09909940e-06)
(-5.74172091e-05, 6.66079547e-06)
(-5.96945624e-05, 7.20792390e-06)
(-6.18574435e-05, 7.73953687e-06)
(-6.39016857e-05, 8.25471797e-06)
(-6.58233547e-05, 8.75258377e-06)
(-6.76187559e-05, 9.23228527e-06)
(-6.92844417e-05, 9.69300938e-06)
(-7.08172179e-05, 1.01339803e-05)
(-7.22141503e-05, 1.05544607e-05)
(-7.34725697e-05, 1.09537532e-05)
(-7.45900778e-05, 1.13312012e-05)
(-7.55645509e-05, 1.16861901e-05)
(-7.63941447e-05, 1.20181484e-05)
(-7.70772973e-05, 1.23265485e-05)
(-7.76127321e-05, 1.26109075e-05)
(-7.79994605e-05, 1.28707879e-05)
(-7.82367833e-05, 1.31057985e-05)
(-7.83242921e-05, 1.33155948e-05)
(-7.82618697e-05, 1.34998796e-05)
(-7.80496904e-05, 1.36584032e-05)
(-7.76882195e-05, 1.37909640e-05)
(-7.71782117e-05, 1.38974086e-05)
(-7.65207102e-05, 1.39776322e-05)
(-7.57170437e-05, 1.40315781e-05)
(-7.47688241e-05, 1.40592385e-05)
(-7.36779430e-05, 1.40606535e-05)
(-7.24465676e-05, 1.40359118e-05)
(-7.10771366e-05, 1.39851499e-05)
(-6.95723549e-05, 1.39085518e-05)
(-6.79351884e-05, 1.38063487e-05)
(-6.61688577e-05, 1.36788186e-05)
(-6.42768319e-05, 1.35262853e-05)
(-6.22628214e-05, 1.33491182e-05)
(-6.01307704e-05, 1.31477313e-05)
(-5.78848493e-05, 1.29225825e-05)
(-5.55294460e-05, 1.26741724e-05)
(-5.30691576e-05, 1.24030437e-05)
(-5.05087807e-05, 1.21097802e-05)
(-4.78533023e-05, 1.17950051e-05)
(-4.51078897e-05, 1.14593806e-05)
(-4.22778804e-05, 1.11036061e-05)
(-3.93687713e-05, 1.07284169e-05)
(-3.63862081e-05, 1.03345834e-05)
(-3.33359740e-05, 9.92290891e-06)
(-3.02239785e-05, 9.49422860e-06)
(-2.70562454e-05, 9.04940789e-06)
(-2.38389014e-05, 8.58934079e-06)
(-2.05781639e-05, 8.11494830e-06)
(-1.72803287e-05, 7.62717669e-06)
(-1.39517578e-05, 7.12699576e-06)
(-1.05988671e-05, 6.61539706e-06)
(-7.22811346e-06, 6.09339209e-06)
(-3.84598270e-06, 5.56201043e-06)
(-4.58976540e-07, 5.02229782e-06)
( 2.92639987e-06, 4.47531428e-06)
( 6.30365058e-06, 3.92213217e-06)
( 9.66630145e-06, 3.36383417e-06)
( 1.30079126e-05, 2.80151133e-06)
( 1.63220911e-05, 2.23626104e-06)
( 1.96025029e-05, 1.66918504e-06)
( 2.28428852e-05, 1.10138732e-06)
( 2.60370588e-05, 5.33972145e-07)
( 2.91789394e-05,-3.19580217e-08)
( 3.22625498e-05,-5.95304564e-07)
( 3.52820308e-05,-1.15497476e-06)
( 3.82316528e-05,-1.70988382e-06)
( 4.11058266e-05,-2.25895690e-06)
( 4.38991140e-05,-2.80113114e-06)
( 4.66062379e-05,-3.33535765e-06)
( 4.92220928e-05,-3.86060352e-06)
( 5.17417539e-05,-4.37585372e-06)
( 5.41604868e-05,-4.88011309e-06)
( 5.64737561e-05,-5.37240821e-06)
( 5.86772339e-05,-5.85178927e-06)
( 6.07668082e-05,-6.31733192e-06)
( 6.27385901e-05,-6.76813904e-06)
( 6.45889213e-05,-7.20334248e-06)
( 6.63143807e-05,-7.62210479e-06)
( 6.79117909e-05,-8.02362086e-06)
( 6.93782237e-05,-8.40711950e-06)
( 7.07110055e-05,-8.77186500e-06)
( 7.19077223e-05,-9.11715860e-06)
( 7.29662236e-05,-9.44233992e-06)
( 7.38846266e-05,-9.74678831e-06)
( 7.46613194e-05,-1.00299241e-05)
( 7.52949632e-05,-1.02912099e-05)
( 7.57844955e-05,-1.05301517e-05)
( 7.61291307e-05,-1.07462998e-05)
( 7.63283619e-05,-1.09392501e-05)
( 7.63819615e-05,-1.11086446e-05)
( 7.62899808e-05,-1.12541726e-05)
( 7.60527501e-05,-1.13755713e-05)
( 7.56708773e-05,-1.14726263e-05)
( 7.51452463e-05,-1.15451723e-05)
( 7.44770154e-05,-1.15930935e-05)
( 7.36676143e-05,-1.16163242e-05)
( 7.27187411e-05,-1.16148488e-05)
( 7.16323587e-05,-1.15887019e-05)
( 7.04106908e-05,-1.15379687e-05)
( 6.90562171e-05,-1.14627850e-05)
( 6.75716685e-05,-1.13633366e-05)
( 6.59600211e-05,-1.12398597e-05)
( 6.42244908e-05,-1.10926401e-05)
( 6.23685261e-05,-1.09220130e-05)
( 6.03958019e-05,-1.07283627e-05)
( 5.83102118e-05,-1.05121216e-05)
( 5.61158605e-05,-1.02737696e-05)
( 5.38170556e-05,-1.00138334e-05)
( 5.14182992e-05,-9.73288555e-06)
( 4.89242791e-05,-9.43154337e-06)
( 4.63398595e-05,-9.11046791e-06)
( 4.36700716e-05,-8.77036270e-06)
( 4.09201037e-05,-8.41197251e-06)
( 3.80952912e-05,-8.03608191e-06)
( 3.52011064e-05,-7.64351380e-06)
( 3.22431476e-05,-7.23512786e-06)
( 2.92271283e-05,-6.81181890e-06)
( 2.61588665e-05,-6.37451509e-06)
( 2.30442732e-05,-5.92417618e-06)
( 1.98893412e-05,-5.46179158e-06)
( 1.67001336e-05,-4.98837840e-06)
( 1.34827720e-05,-4.50497941e-06)
( 1.02434249e-05,-4.01266095e-06)
( 6.98829610e-06,-3.51251072e-06)
( 3.72361261e-06,-3.00563558e-06)
( 4.55612882e-07,-2.49315927e-06)
(-2.80946504e-06,-1.97622005e-06)
(-6.06539537e-06,-1.45596832e-06)
(-9.30597642e-06,-9.33564211e-07)
(-1.25250423e-05,-4.10175112e-07)
(-1.57164747e-05, 1.13026825e-07)
(-1.88742143e-05, 6.34867204e-07)
(-2.19922722e-05, 1.15417194e-06)
(-2.50647415e-05, 1.66976980e-06)
(-2.80858081e-05, 2.18049499e-06)
(-3.10497616e-05, 2.68518972e-06)
(-3.39510065e-05, 3.18270681e-06)
(-3.67840720e-05, 3.67191222e-06)
(-3.95436230e-05, 4.15168764e-06)
(-4.22244693e-05, 4.62093302e-06)
(-4.48215761e-05, 5.07856912e-06)
(-4.73300728e-05, 5.52353994e-06)
(-4.97452622e-05, 5.95481526e-06)
(-5.20626296e-05, 6.37139298e-06)
(-5.42778508e-05, 6.77230153e-06)
(-5.63868001e-05, 7.15660219e-06)
(-5.83855584e-05, 7.52339135e-06)
(-6.02704198e-05, 7.87180270e-06)
(-6.20378991e-05, 8.20100933e-06)
(-6.36847378e-05, 8.51022586e-06)
(-6.52079102e-05, 8.79871033e-06)
(-6.66046289e-05, 9.06576616e-06)
(-6.78723501e-05, 9.31074390e-06)
(-6.90087779e-05, 9.53304295e-06)
(-7.00118690e-05, 9.73211317e-06)
(-7.08798355e-05, 9.90745637e-06)
(-7.16111492e-05, 1.00586277e-05)
(-7.22045433e-05, 1.01852370e-05)
(-7.26590155e-05, 1.02869497e-05)
(-7.29738291e-05, 1.03634883e-05)
(-7.31485143e-05, 1.04146329e-05)
(-7.31828693e-05, 1.04402221e-05)
(-7.30769603e-05, 1.04401537e-05)
(-7.28311209e-05, 1.04143853e-05)
(-7.24459519e-05, 1.03629344e-05)
(-7.19223194e-05, 1.02858790e-05)
(-7.12613538e-05, 1.01833575e-05)
(-7.04644465e-05, 1.00555687e-05)
(-6.95332479e-05, 9.90277151e-06)
(-6.84696640e-05, 9.72528504e-06)
(-6.72758523e-05, 9.52348767e-06)
(-6.59542181e-05, 9.29781668e-06)
(-6.45074094e-05, 9.04876749e-06)
(-6.29383119e-05, 8.77689272e-06)
(-6.12500434e-05, 8.48280118e-06)
(-5.94459480e-05, 8.16715672e-06)
(-5.75295892e-05, 7.83067691e-06)
(-5.55047436e-05, 7.47413155e-06)
(-5.33753931e-05, 7.09834116e-06)
(-5.11457176e-05, 6.70417523e-06)
(-4.88200868e-05, 6.29255036e-06)
(-4.64030520e-05, 5.86442835e-06)
(-4.38993370e-05, 5.42081406e-06)
(-4.13138298e-05, 4.96275325e-06)
(-3.86515722e-05, 4.49133025e-06)
(-3.59177510e-05, 4.00766552e-06)
(-3.31176877e-05, 3.51291314e-06)
(-3.02568283e-05, 3.00825822e-06)
(-2.73407331e-05, 2.49491412e-06)
(-2.43750658e-05, 1.97411973e-06)
(-2.13655826e-05, 1.44713655e-06)
(-1.83181215e-05, 9.15245723e-07)
(-1.52385910e-05, 3.79745086e-07)
(-1.21329585e-05,-1.58053957e-07)
(-9.00723919e-06,-6.96829534e-07)
(-5.86748446e-06,-1.23525247e-06)
(-2.71977016e-06,-1.77198950e-06)
( 4.29814973e-07,-2.30570648e-06)
( 3.57518101e-06,-2.83507166e-06)
( 6.71024855e-06,-3.35875894e-06)
( 9.82896036e-06,-3.87545111e-06)
( 1.29252931e-05,-4.38384318e-06)
( 1.59932689e-05,-4.88264554e-06)
( 1.90269667e-05,-5.37058727e-06)
( 2.20205339e-05,-5.84641932e-06)
( 2.49681977e-05,-6.30891763e-06)
( 2.78642759e-05,-6.75688632e-06)
( 3.07031881e-05,-7.18916072e-06)
( 3.34794665e-05,-7.60461036e-06)
( 3.61877666e-05,-8.00214194e-06)
( 3.88228772e-05,-8.38070219e-06)
( 4.13797307e-05,-8.73928061e-06)
( 4.38534131e-05,-9.07691216e-06)
( 4.62391734e-05,-9.39267987e-06)
( 4.85324327e-05,-9.68571729e-06)
( 5.07287934e-05,-9.95521085e-06)
( 5.28240476e-05,-1.02004021e-05)
( 5.48141854e-05,-1.04205898e-05)
( 5.66954026e-05,-1.06151321e-05)
( 5.84641084e-05,-1.07834478e-05)
( 6.01169324e-05,-1.09250189e-05)
( 6.16507309e-05,-1.10393914e-05)
( 6.30625936e-05,-1.11261771e-05)
( 6.43498489e-05,-1.11850548e-05)
( 6.55100695e-05,-1.12157709e-05)
( 6.65410770e-05,-1.12181412e-05)
( 6.74409466e-05,-1.11920507e-05)
( 6.82080103e-05,-1.11374548e-05)
( 6.88408611e-05,-1.10543793e-05)
( 6.93383551e-05,-1.09429210e-05)
( 6.96996142e-05,-1.08032472e-05)
( 6.99240279e-05,-1.06355961e-05)
( 7.00112547e-05,-1.04402760e-05)
( 6.99612224e-05,-1.02176651e-05)
( 6.97741289e-05,-9.96821082e-06)
( 6.94504417e-05,-9.69242862e-06)
( 6.89908971e-05,-9.39090129e-06)
( 6.83964986e-05,-9.06427760e-06)
( 6.76685155e-05,-8.71327089e-06)
( 6.68084802e-05,-8.33865756e-06)
( 6.58181851e-05,-7.94127529e-06)
( 6.46996797e-05,-7.52202121e-06)
( 6.34552662e-05,-7.08184981e-06)
( 6.20874951e-05,-6.62177077e-06)
( 6.05991604e-05,-6.14284658e-06)
( 5.89932940e-05,-5.64619008e-06)
( 5.72731598e-05,-5.13296179e-06)
( 5.54422475e-05,-4.60436722e-06)
( 5.35042654e-05,-4.06165392e-06)
( 5.14631334e-05,-3.50610849e-06)
( 4.93229750e-05,-2.93905353e-06)
( 4.70881096e-05,-2.36184436e-06)
( 4.47630433e-05,-1.77586575e-06)
( 4.23524607e-05,-1.18252854e-06)
( 3.98612149e-05,-5.83266142e-07)
( 3.72943183e-05, 2.04689542e-08)
( 3.46569326e-05, 6.27208795e-07)
( 3.19543583e-05, 1.23547360e-06)
( 2.91920242e-05, 1.84377542e-06)
( 2.63754766e-05, 2.45062190e-06)
( 2.35103682e-05, 3.05451995e-06)
( 2.06024466e-05, 3.65397951e-06)
( 1.76575429e-05, 4.24751732e-06)
( 1.46815600e-05, 4.83366059e-06)
( 1.16804607e-05, 5.41095077e-06)
( 8.66025556e-06, 5.97794725e-06)
( 5.62699092e-06, 6.53323092e-06)
( 2.58673662e-06, 7.07540787e-06)
(-4.54426282e-07, 7.60311286e-06)
(-3.49041778e-06, 8.11501285e-06)
(-6.51517130e-06, 8.60981036e-06)
(-9.52264594e-06, 9.08624677e-06)
(-1.25068388e-05, 9.54310561e-06)
(-1.54617972e-05, 9.97921558e-06)
(-1.83816308e-05, 1.03934536e-05)
(-2.12605233e-05, 1.07847478e-05)
(-2.40927448e-05, 1.11520800e-05)
(-2.68726633e-05, 1.14944886e-05)
(-2.95947559e-05, 1.18110709e-05)
(-3.22536205e-05, 1.21009856e-05)
(-3.48439868e-05, 1.23634547e-05)
(-3.73607266e-05, 1.25977658e-05)
(-3.97988651e-05, 1.28032738e-05)
(-4.21535903e-05, 1.29794025e-05)
(-4.44202635e-05, 1.31256462e-05)
(-4.65944285e-05, 1.32415712e-05)
(-4.86718205e-05, 1.33268164e-05)
(-5.06483756e-05, 1.33810950e-05)
(-5.25202382e-05, 1.34041944e-05)
(-5.42837697e-05, 1.33959775e-05)
(-5.59355555e-05, 1.33563826e-05)
(-5.74724122e-05, 1.32854239e-05)
(-5.88913941e-05, 1.31831912e-05)
(-6.01897990e-05, 1.30498500e-05)
(-6.13651740e-05, 1.28856405e-05)
(-6.24153206e-05, 1.26908778e-05)
(-6.33382986e-05, 1.24659507e-05)
(-6.41324306e-05, 1.22113203e-05)
(-6.47963052e-05, 1.19275198e-05)
(-6.53287797e-05, 1.16151522e-05)
(-6.57289825e-05, 1.12748895e-05)
(-6.59963147e-05, 1.09074703e-05)
(-6.61304511e-05, 1.05136987e-05)
(-6.61313410e-05, 1.00944414e-05)
(-6.59992078e-05, 9.65062644e-06)
(-6.57345486e-05, 9.18323997e-06)
(-6.53381331e-05, 8.69332432e-06)
(-6.48110012e-05, 8.18197515e-06)
(-6.41544615e-05, 7.65033869e-06)
(-6.33700875e-05, 7.09960887e-06)
(-6.24597146e-05, 6.53102429e-06)
(-6.14254359e-05, 5.94586513e-06)
(-6.02695976e-05, 5.34544988e-06)
(-5.89947937e-05, 4.73113209e-06)
(-5.76038604e-05, 4.10429691e-06)
(-5.60998700e-05, 3.46635769e-06)
(-5.44861238e-05, 2.81875243e-06)
(-5.27661455e-05, 2.16294019e-06)
(-5.09436728e-05, 1.50039750e-06)
(-4.90226498e-05, 8.32614671e-07)
(-4.70072181e-05, 1.61092154e-07)
(-4.49017080e-05,-5.12663165e-07)
(-4.27106290e-05,-1.18714165e-06)
(-4.04386598e-05,-1.86083459e-06)
(-3.80906384e-05,-2.53223788e-06)
(-3.56715517e-05,-3.19985563e-06)
(-3.31865241e-05,-3.86220378e-06)
(-3.06408072e-05,-4.51781367e-06)
(-2.80397677e-05,-5.16523548e-06)
(-2.53888762e-05,-5.80304169e-06)
(-2.26936952e-05,-6.42983046e-06)
(-1.99598673e-05,-7.04422883e-06)
(-1.71931025e-05,-7.64489595e-06)
(-1.43991665e-05,-8.23052615e-06)
(-1.15838678e-05,-8.79985184e-06)
(-8.75304539e-06,-9.35164646e-06)
(-5.91255610e-06,-9.88472712e-06)
(-3.06826207e-06,-1.03979572e-05)
(-2.26018088e-07,-1.08902489e-05)
( 2.60834089e-06,-1.13605654e-05)
( 5.42901231e-06,-1.18079232e-05)
( 8.23023839e-06,-1.22313939e-05)
( 1.10063184e-05,-1.26301063e-05)
( 1.37516209e-05,-1.30032478e-05)
( 1.64605956e-05,-1.33500664e-05)
( 1.91277852e-05,-1.36698714e-05)
( 2.17478370e-05,-1.39620351e-05)
( 2.43155138e-05,-1.42259938e-05)
( 2.68257058e-05,-1.44612481e-05)
( 2.92734402e-05,-1.46673641e-05)
( 3.16538926e-05,-1.48439738e-05)
( 3.39623963e-05,-1.49907751e-05)
( 3.61944525e-05,-1.51075323e-05)
( 3.83457391e-05,-1.51940758e-05)
( 4.04121198e-05,-1.52503019e-05)
( 4.23896529e-05,-1.52761725e-05)
( 4.42745982e-05,-1.52717146e-05)
( 4.60634259e-05,-1.52370193e-05)
( 4.77528222e-05,-1.51722411e-05)
( 4.93396969e-05,-1.50775970e-05)
( 5.08211887e-05,-1.49533651e-05)
( 5.21946711e-05,-1.47998830e-05)
( 5.34577568e-05,-1.46175470e-05)
( 5.46083024e-05,-1.44068099e-05)
( 5.56444123e-05,-1.41681795e-05)
( 5.65644414e-05,-1.39022165e-05)
( 5.73669981e-05,-1.36095328e-05)
( 5.80509463e-05,-1.32907894e-05)
( 5.86154069e-05,-1.29466938e-05)
( 5.90597583e-05,-1.25779981e-05)
( 5.93836371e-05,-1.21854966e-05)
( 5.95869376e-05,-1.17700231e-05)
( 5.96698108e-05,-1.13324486e-05)
( 5.96326630e-05,-1.08736786e-05)
( 5.94761539e-05,-1.03946507e-05)
( 5.92011934e-05,-9.89633138e-06)
( 5.88089390e-05,-9.37971404e-06)
( 5.83007915e-05,-8.84581570e-06)
( 5.76783911e-05,-8.29567451e-06)
( 5.69436121e-05,-7.73034696e-06)
( 5.60985579e-05,-7.15090511e-06)
( 5.51455548e-05,-6.55843389e-06)
( 5.40871456e-05,-5.95402840e-06)
( 5.29260832e-05,-5.33879120e-06)
( 5.16653224e-05,-4.71382970e-06)
( 5.03080128e-05,-4.08025356e-06)
( 4.88574904e-05,-3.43917217e-06)
( 4.73172689e-05,-2.79169215e-06)
( 4.56910308e-05,-2.13891496e-06)
( 4.39826179e-05,-1.48193460e-06)
( 4.21960218e-05,-8.21835335e-07)
( 4.03353738e-05,-1.59689565e-07)
( 3.84049348e-05, 5.03444216e-07)
( 3.64090843e-05, 1.16652338e-06)
( 3.43523104e-05, 1.82852300e-06)
( 3.22391978e-05, 2.48843757e-06)
( 3.00744178e-05, 3.14528259e-06)
( 2.78627159e-05, 3.79809608e-06)
( 2.56089011e-05, 4.44593991e-06)
( 2.33178343e-05, 5.08790105e-06)
( 2.09944164e-05, 5.72309261e-06)
( 1.86435767e-05, 6.35065486e-06)
( 1.62702618e-05, 6.96975601e-06)
( 1.38794232e-05, 7.57959289e-06)
( 1.14760065e-05, 8.17939151e-06)
( 9.06493921e-06, 8.76840746e-06)
( 6.65111990e-06, 9.34592614e-06)
( 4.23940669e-06, 9.91126295e-06)
( 1.83460625e-06, 1.04637632e-05)
(-5.58537189e-07, 1.10028021e-05)
(-2.93535243e-06, 1.15277841e-05)
(-5.29125185e-06, 1.20381431e-05)
(-7.62174152e-06, 1.25333413e-05)
(-9.92243116e-06, 1.30128689e-05)
(-1.21890437e-05, 1.34762431e-05)
(-1.44174246e-05, 1.39230073e-05)
(-1.66035506e-05, 1.43527301e-05)
(-1.87435385e-05, 1.47650041e-05)
(-2.08336531e-05, 1.51594444e-05)
(-2.28703148e-05, 1.55356880e-05)
(-2.48501072e-05, 1.58933914e-05)
(-2.67697839e-05, 1.62322298e-05)
(-2.86262746e-05, 1.65518953e-05)
(-3.04166912e-05, 1.68520948e-05)
(-3.21383332e-05, 1.71325491e-05)
(-3.37886926e-05, 1.73929901e-05)
(-3.53654582e-05, 1.76331595e-05)
(-3.68665197e-05, 1.78528068e-05)
(-3.82899709e-05, 1.80516872e-05)
(-3.96341124e-05, 1.82295593e-05)
(-4.08974542e-05, 1.83861836e-05)
(-4.20787174e-05, 1.85213198e-05)
(-4.31768351e-05, 1.86347251e-05)
(-4.41909534e-05, 1.87261515e-05)
(-4.51204314e-05, 1.87953440e-05)
(-4.59648409e-05, 1.88420382e-05)
(-4.67239654e-05, 1.88659581e-05)
(-4.73977987e-05, 1.88668135e-05)
(-4.79865429e-05, 1.88442980e-05)
(-4.84906061e-05, 1.87980866e-05)
(-4.89105992e-05, 1.87278328e-05)
(-4.92473328e-05, 1.86331670e-05)
(-4.95018130e-05, 1.85136932e-05)
(-4.96752372e-05, 1.83689868e-05)
(-4.97689895e-05, 1.81985916e-05)
(-4.97846352e-05, 1.80020176e-05)
(-4.97239155e-05, 1.77787376e-05)
(-4.95887414e-05, 1.75281841e-05)
(-4.93811875e-05, 1.72497464e-05)
(-4.91034856e-05, 1.69427668e-05)
(-4.87580173e-05, 1.66065369e-05)
(-4.83473075e-05, 1.62402938e-05)
(-4.78740167e-05, 1.58432148e-05)
(-4.73409335e-05, 1.54144132e-05)
(-4.67509671e-05, 1.49529323e-05)
(-4.61071392e-05, 1.44577388e-05)
(-4.54125765e-05, 1.39277163e-05)
(-4.46705029e-05, 1.33616563e-05)
(-4.38842316e-05, 1.27582491e-05)
(-4.30571574e-05, 1.21160727e-05)
(-4.21927495e-05, 1.14335801e-05)
(-4.12945445e-05, 1.07090839e-05)
(-4.03661394e-05, 9.94073910e-06)
(-3.94111860e-05, 9.12652140e-06)
(-3.84333848e-05, 8.26420273e-06)
(-3.74364810e-05, 7.35132092e-06)
(-3.64242610e-05, 6.38514361e-06)
(-3.54005502e-05, 5.36262440e-06)
(-3.43692128e-05, 4.28034940e-06)
(-3.33341542e-05, 3.13447159e-06)
(-3.22993252e-05, 1.92062966e-06)
(-3.12687313e-05, 6.33846957e-07)
(-3.02464458e-05,-7.31595577e-07)
(-2.92366293e-05,-2.18232046e-06)
(-2.82435581e-05,-3.72606000e-06)
(-2.72716629e-05,-5.37192357e-06)
(-2.63255841e-05,-7.13074811e-06)
(-2.54102469e-05,-9.01556427e-06)
(-2.45309683e-05,-1.10422258e-05)
(-2.36936066e-05,-1.32302743e-05)
(-2.29047761e-05,-1.56041514e-05)
(-2.21721603e-05,-1.81949346e-05)
(-2.15049792e-05,-2.10428909e-05)
(-2.09147054e-05,-2.42013418e-05)
(-2.04162000e-05,-2.77427262e-05)
(-2.00295881e-05,-3.17685059e-05)
(-1.97835117e-05,-3.64261821e-05)
(-1.97211279e-05,-4.19403714e-05)
(-1.99120582e-05,-4.86741329e-05)
(-2.04787397e-05,-5.72629119e-05)
(-2.16627198e-05,-6.89483373e-05)
(-2.40430877e-05,-8.66651757e-05)
(-2.89802226e-05,-1.17273118e-04)
(-6.04312690e-05,-2.77456041e-04)
