% ======================================================
% L-Bracket Method of Moments Solution
% ======================================================
% Frequency: 9.300 GHz
% Wavelength: 0.032236 m
% Segments: N=3104 (1552 horiz + 1552 vert)
% Transmitter: (25.0000, 25.0000) m
%
% Solver: SSOR with hierarchical omega
% omega = 0.1080
% iterations = 363
% convergence = 9.99e-10
% time = 247.85 seconds
% ======================================================
% Format: (real, imaginary) current coefficients
% ======================================================
( 9.21480396e-07, 8.30938550e-07)
( 3.53960116e-06, 3.06063734e-06)
( 5.98670321e-06, 5.15729288e-06)
( 8.41745510e-06, 7.24125276e-06)
( 1.08275377e-05, 9.30825298e-06)
( 1.32140254e-05, 1.13554724e-05)
( 1.55730051e-05, 1.33794135e-05)
( 1.79002461e-05, 1.53763731e-05)
( 2.01914051e-05, 1.73425805e-05)
( 2.24421187e-05, 1.92742632e-05)
( 2.46480517e-05, 2.11676813e-05)
( 2.68049260e-05, 2.30191489e-05)
( 2.89085408e-05, 2.48250490e-05)
( 3.09547872e-05, 2.65818454e-05)
( 3.29396610e-05, 2.82860927e-05)
( 3.48592728e-05, 2.99344448e-05)
( 3.67098576e-05, 3.15236626e-05)
( 3.84877837e-05, 3.30506219e-05)
( 4.01895606e-05, 3.45123193e-05)
( 4.18118463e-05, 3.59058792e-05)
( 4.33514546e-05, 3.72285598e-05)
( 4.48053616e-05, 3.84777585e-05)
( 4.61707121e-05, 3.96510173e-05)
( 4.74448252e-05, 4.07460279e-05)
( 4.86251998e-05, 4.17606366e-05)
( 4.97095196e-05, 4.26928482e-05)
( 5.06956582e-05, 4.35408303e-05)
( 5.15816824e-05, 4.43029169e-05)
( 5.23658573e-05, 4.49776117e-05)
( 5.30466485e-05, 4.55635914e-05)
( 5.36227262e-05, 4.60597080e-05)
( 5.40929672e-05, 4.64649911e-05)
( 5.44564574e-05, 4.67786500e-05)
( 5.47124935e-05, 4.70000754e-05)
( 5.48605843e-05, 4.71288403e-05)
( 5.49004519e-05, 4.71647010e-05)
( 5.48320322e-05, 4.71075975e-05)
( 5.46554746e-05, 4.69576538e-05)
( 5.43711425e-05, 4.67151775e-05)
( 5.39796116e-05, 4.63806594e-05)
( 5.34816694e-05, 4.59547719e-05)
( 5.28783135e-05, 4.54383686e-05)
( 5.21707496e-05, 4.48324818e-05)
( 5.13603888e-05, 4.41383209e-05)
( 5.04488452e-05, 4.33572696e-05)
( 4.94379325e-05, 4.24908837e-05)
( 4.83296605e-05, 4.15408874e-05)
( 4.71262308e-05, 4.05091703e-05)
( 4.58300329e-05, 3.93977834e-05)
( 4.44436391e-05, 3.82089351e-05)
( 4.29697994e-05, 3.69449869e-05)
( 4.14114364e-05, 3.56084486e-05)
( 3.97716391e-05, 3.42019733e-05)
( 3.80536570e-05, 3.27283520e-05)
( 3.62608936e-05, 3.11905084e-05)
( 3.43968995e-05, 2.95914928e-05)
( 3.24653659e-05, 2.79344762e-05)
( 3.04701167e-05, 2.62227438e-05)
( 2.84151013e-05, 2.44596888e-05)
( 2.63043864e-05, 2.26488053e-05)
( 2.41421487e-05, 2.07936816e-05)
( 2.19326657e-05, 1.88979929e-05)
( 1.96803080e-05, 1.69654943e-05)
( 1.73895303e-05, 1.50000130e-05)
( 1.50648628e-05, 1.30054411e-05)
( 1.27109019e-05, 1.09857273e-05)
( 1.03323017e-05, 8.94486979e-06)
( 7.93376416e-06, 6.88690769e-06)
( 5.52003038e-06, 4.81591343e-06)
( 3.09587093e-06, 2.73598454e-06)
( 6.66076511e-07, 6.51235539e-07)
(-1.76455145e-06,-1.43421018e-06)
(-4.19121029e-06,-3.51622854e-06)
(-6.60910561e-06,-5.59070297e-06)
(-9.01346067e-06,-7.65353249e-06)
(-1.13995258e-05,-9.70063988e-06)
(-1.37625879e-05,-1.17279797e-05)
(-1.60979794e-05,-1.37315464e-05)
(-1.84010879e-05,-1.57073820e-05)
(-2.06673648e-05,-1.76515843e-05)
(-2.28923345e-05,-1.95603140e-05)
(-2.50716033e-05,-2.14298031e-05)
(-2.72008677e-05,-2.32563615e-05)
(-2.92759232e-05,-2.50363850e-05)
(-3.12926726e-05,-2.67663616e-05)
(-3.32471335e-05,-2.84428795e-05)
(-3.51354469e-05,-3.00626328e-05)
(-3.69538843e-05,-3.16224285e-05)
(-3.86988550e-05,-3.31191930e-05)
(-4.03669134e-05,-3.45499776e-05)
(-4.19547657e-05,-3.59119648e-05)
(-4.34592764e-05,-3.72024734e-05)
(-4.48774741e-05,-3.84189643e-05)
(-4.62065578e-05,-3.95590448e-05)
(-4.74439023e-05,-4.06204741e-05)
(-4.85870630e-05,-4.16011670e-05)
(-4.96337812e-05,-4.24991984e-05)
(-5.05819880e-05,-4.33128067e-05)
(-5.14298090e-05,-4.40403978e-05)
(-5.21755673e-05,-4.46805476e-05)
(-5.28177870e-05,-4.52320052e-05)
(-5.33551965e-05,-4.56936951e-05)
(-5.37867303e-05,-4.60647194e-05)
(-5.41115316e-05,-4.63443594e-05)
(-5.43289539e-05,-4.65320772e-05)
(-5.44385618e-05,-4.66275164e-05)
(-5.44401325e-05,-4.66305031e-05)
(-5.43336558e-05,-4.65410459e-05)
(-5.41193340e-05,-4.63593361e-05)
(-5.37975821e-05,-4.60857470e-05)
(-5.33690263e-05,-4.57208332e-05)
(-5.28345029e-05,-4.52653298e-05)
(-5.21950571e-05,-4.47201503e-05)
(-5.14519403e-05,-4.40863852e-05)
(-5.06066081e-05,-4.33652998e-05)
(-4.96607172e-05,-4.25583312e-05)
(-4.86161221e-05,-4.16670860e-05)
(-4.74748716e-05,-4.06933367e-05)
(-4.62392046e-05,-3.96390184e-05)
(-4.49115460e-05,-3.85062246e-05)
(-4.34945014e-05,-3.72972035e-05)
(-4.19908526e-05,-3.60143531e-05)
(-4.04035515e-05,-3.46602168e-05)
(-3.87357148e-05,-3.32374778e-05)
(-3.69906176e-05,-3.17489544e-05)
(-3.51716871e-05,-3.01975941e-05)
(-3.32824956e-05,-2.85864676e-05)
(-3.13267540e-05,-2.69187632e-05)
(-2.93083039e-05,-2.51977799e-05)
(-2.72311104e-05,-2.34269212e-05)
(-2.50992542e-05,-2.16096884e-05)
(-2.29169238e-05,-1.97496734e-05)
(-2.06884069e-05,-1.78505520e-05)
(-1.84180822e-05,-1.59160761e-05)
(-1.61104109e-05,-1.39500670e-05)
(-1.37699276e-05,-1.19564072e-05)
(-1.14012318e-05,-9.93903285e-06)
(-9.00897843e-06,-7.90192637e-06)
(-6.59786920e-06,-5.84910820e-06)
(-4.17264293e-06,-3.78462905e-06)
(-1.73806645e-06,-1.71256184e-06)
( 7.01074775e-07, 3.63006301e-07)
( 3.13998609e-06, 2.43798206e-06)
( 5.57387302e-06, 4.50827406e-06)
( 7.99795074e-06, 6.56980086e-06)
( 1.04074534e-05, 8.61849902e-06)
( 1.27976436e-05, 1.06503311e-05)
( 1.51638216e-05, 1.26612936e-05)
( 1.75013346e-05, 1.46474247e-05)
( 1.98055858e-05, 1.66048124e-05)
( 2.20720435e-05, 1.85296019e-05)
( 2.42962502e-05, 2.04180030e-05)
( 2.64738310e-05, 2.22662982e-05)
( 2.86005023e-05, 2.40708493e-05)
( 3.06720804e-05, 2.58281049e-05)
( 3.26844897e-05, 2.75346074e-05)
( 3.46337705e-05, 2.91869995e-05)
( 3.65160869e-05, 3.07820312e-05)
( 3.83277346e-05, 3.23165656e-05)
( 4.00651476e-05, 3.37875857e-05)
( 4.17249059e-05, 3.51921998e-05)
( 4.33037418e-05, 3.65276474e-05)
( 4.47985463e-05, 3.77913045e-05)
( 4.62063758e-05, 3.89806887e-05)
( 4.75244570e-05, 4.00934642e-05)
( 4.87501931e-05, 4.11274464e-05)
( 4.98811687e-05, 4.20806058e-05)
( 5.09151545e-05, 4.29510723e-05)
( 5.18501118e-05, 4.37371387e-05)
( 5.26841963e-05, 4.44372641e-05)
( 5.34157622e-05, 4.50500769e-05)
( 5.40433650e-05, 4.55743774e-05)
( 5.45657647e-05, 4.60091400e-05)
( 5.49819281e-05, 4.63535154e-05)
( 5.52910309e-05, 4.66068323e-05)
( 5.54924594e-05, 4.67685982e-05)
( 5.55858115e-05, 4.68385010e-05)
( 5.55708981e-05, 4.68164090e-05)
( 5.54477427e-05, 4.67023716e-05)
( 5.52165822e-05, 4.64966186e-05)
( 5.48778659e-05, 4.61995605e-05)
( 5.44322548e-05, 4.58117868e-05)
( 5.38806206e-05, 4.53340654e-05)
( 5.32240436e-05, 4.47673410e-05)
( 5.24638110e-05, 4.41127327e-05)
( 5.16014141e-05, 4.33715326e-05)
( 5.06385458e-05, 4.25452026e-05)
( 4.95770967e-05, 4.16353715e-05)
( 4.84191520e-05, 4.06438324e-05)
( 4.71669873e-05, 3.95725383e-05)
( 4.58230639e-05, 3.84235988e-05)
( 4.43900243e-05, 3.71992758e-05)
( 4.28706870e-05, 3.59019790e-05)
( 4.12680406e-05, 3.45342612e-05)
( 3.95852387e-05, 3.30988130e-05)
( 3.78255930e-05, 3.15984580e-05)
( 3.59925673e-05, 3.00361467e-05)
( 3.40897704e-05, 2.84149511e-05)
( 3.21209494e-05, 2.67380583e-05)
( 3.00899819e-05, 2.50087645e-05)
( 2.80008688e-05, 2.32304684e-05)
( 2.58577262e-05, 2.14066646e-05)
( 2.36647775e-05, 1.95409364e-05)
( 2.14263450e-05, 1.76369491e-05)
( 1.91468413e-05, 1.56984428e-05)
( 1.68307610e-05, 1.37292247e-05)
( 1.44826715e-05, 1.17331619e-05)
( 1.21072042e-05, 9.71417371e-06)
( 9.70904530e-06, 7.67622404e-06)
( 7.29292683e-06, 5.62331342e-06)
( 4.86361697e-06, 3.55947122e-06)
( 2.42591093e-06, 1.48874780e-06)
(-1.53785815e-08,-5.84793569e-07)
(-2.45543084e-06,-2.65708460e-06)
(-4.88942658e-06,-4.72406003e-06)
(-7.31255749e-06,-6.78166561e-06)
(-9.72003573e-06,-8.82586607e-06)
(-1.21071033e-05,-1.08526530e-05)
(-1.44690416e-05,-1.28580528e-05)
(-1.68011804e-05,-1.48381345e-05)
(-1.90989076e-05,-1.67890174e-05)
(-2.13576777e-05,-1.87068787e-05)
(-2.35730214e-05,-2.05879611e-05)
(-2.57405538e-05,-2.24285801e-05)
(-2.78559839e-05,-2.42251313e-05)
(-2.99151221e-05,-2.59740974e-05)
(-3.19138895e-05,-2.76720553e-05)
(-3.38483250e-05,-2.93156824e-05)
(-3.57145941e-05,-3.09017637e-05)
(-3.75089957e-05,-3.24271978e-05)
(-3.92279700e-05,-3.38890029e-05)
(-4.08681053e-05,-3.52843228e-05)
(-4.24261448e-05,-3.66104327e-05)
(-4.38989931e-05,-3.78647440e-05)
(-4.52837226e-05,-3.90448101e-05)
(-4.65775788e-05,-4.01483307e-05)
(-4.77779863e-05,-4.11731564e-05)
(-4.88825537e-05,-4.21172930e-05)
(-4.98890784e-05,-4.29789057e-05)
(-5.07955510e-05,-4.37563220e-05)
(-5.16001596e-05,-4.44480357e-05)
(-5.23012928e-05,-4.50527095e-05)
(-5.28975438e-05,-4.55691776e-05)
(-5.33877125e-05,-4.59964484e-05)
(-5.37708083e-05,-4.63337056e-05)
(-5.40460521e-05,-4.65803110e-05)
(-5.42128779e-05,-4.67358046e-05)
(-5.42709338e-05,-4.67999062e-05)
(-5.42200832e-05,-4.67725159e-05)
(-5.40604046e-05,-4.66537138e-05)
(-5.37921918e-05,-4.64437605e-05)
(-5.34159536e-05,-4.61430963e-05)
(-5.29324123e-05,-4.57523401e-05)
(-5.23425028e-05,-4.52722885e-05)
(-5.16473708e-05,-4.47039142e-05)
(-5.08483703e-05,-4.40483641e-05)
(-4.99470614e-05,-4.33069567e-05)
(-4.89452068e-05,-4.24811799e-05)
(-4.78447687e-05,-4.15726881e-05)
(-4.66479051e-05,-4.05832984e-05)
(-4.53569653e-05,-3.95149879e-05)
(-4.39744853e-05,-3.83698889e-05)
(-4.25031831e-05,-3.71502852e-05)
(-4.09459533e-05,-3.58586076e-05)
(-3.93058613e-05,-3.44974290e-05)
(-3.75861373e-05,-3.30694593e-05)
(-3.57901701e-05,-3.15775402e-05)
(-3.39215005e-05,-3.00246393e-05)
(-3.19838139e-05,-2.84138447e-05)
(-2.99809336e-05,-2.67483584e-05)
(-2.79168131e-05,-2.50314906e-05)
(-2.57955280e-05,-2.32666525e-05)
(-2.36212683e-05,-2.14573501e-05)
(-2.13983303e-05,-1.96071770e-05)
(-1.91311076e-05,-1.77198072e-05)
(-1.68240829e-05,-1.57989885e-05)
(-1.44818189e-05,-1.38485342e-05)
(-1.21089493e-05,-1.18723162e-05)
(-9.71016995e-06,-9.87425721e-06)
(-7.29022913e-06,-7.85832284e-06)
(-4.85391845e-06,-5.82851398e-06)
(-2.40606328e-06,-3.78885879e-06)
( 4.84867492e-08,-1.74340477e-06)
( 2.50486739e-06, 3.03789267e-07)
( 4.95820939e-06, 2.34866116e-06)
( 7.40364808e-06, 4.38715346e-06)
( 9.83633311e-06, 6.41522148e-06)
( 1.22514380e-05, 8.42884122e-06)
( 1.46441696e-05, 1.04240174e-05)
( 1.70097778e-05, 1.23967912e-05)
( 1.93435648e-05, 1.43432485e-05)
( 2.16408946e-05, 1.62595270e-05)
( 2.38972018e-05, 1.81418243e-05)
( 2.61080011e-05, 1.99864055e-05)
( 2.82688961e-05, 2.17896102e-05)
( 3.03755878e-05, 2.35478600e-05)
( 3.24238833e-05, 2.52576655e-05)
( 3.44097042e-05, 2.69156334e-05)
( 3.63290947e-05, 2.85184730e-05)
( 3.81782292e-05, 3.00630027e-05)
( 3.99534202e-05, 3.15461564e-05)
( 4.16511255e-05, 3.29649897e-05)
( 4.32679553e-05, 3.43166854e-05)
( 4.48006789e-05, 3.55985594e-05)
( 4.62462313e-05, 3.68080659e-05)
( 4.76017189e-05, 3.79428025e-05)
( 4.88644257e-05, 3.90005146e-05)
( 5.00318185e-05, 3.99791007e-05)
( 5.11015520e-05, 4.08766156e-05)
( 5.20714735e-05, 4.16912749e-05)
( 5.29396271e-05, 4.24214583e-05)
( 5.37042578e-05, 4.30657130e-05)
( 5.43638147e-05, 4.36227563e-05)
( 5.49169545e-05, 4.40914783e-05)
( 5.53625440e-05, 4.44709442e-05)
( 5.56996621e-05, 4.47603961e-05)
( 5.59276024e-05, 4.49592543e-05)
( 5.60458736e-05, 4.50671187e-05)
( 5.60542016e-05, 4.50837697e-05)
( 5.59525292e-05, 4.50091682e-05)
( 5.57410167e-05, 4.48434562e-05)
( 5.54200416e-05, 4.45869560e-05)
( 5.49901976e-05, 4.42401700e-05)
( 5.44522937e-05, 4.38037797e-05)
( 5.38073527e-05, 4.32786438e-05)
( 5.30566089e-05, 4.26657973e-05)
( 5.22015059e-05, 4.19664489e-05)
( 5.12436936e-05, 4.11819786e-05)
( 5.01850253e-05, 4.03139353e-05)
( 4.90275535e-05, 3.93640335e-05)
( 4.77735265e-05, 3.83341499e-05)
( 4.64253833e-05, 3.72263199e-05)
( 4.49857494e-05, 3.60427332e-05)
( 4.34574312e-05, 3.47857297e-05)
( 4.18434105e-05, 3.34577948e-05)
( 4.01468390e-05, 3.20615544e-05)
( 3.83710314e-05, 3.05997700e-05)
( 3.65194596e-05, 2.90753327e-05)
( 3.45957452e-05, 2.74912579e-05)
( 3.26036526e-05, 2.58506791e-05)
( 3.05470818e-05, 2.41568417e-05)
( 2.84300602e-05, 2.24130967e-05)
( 2.62567350e-05, 2.06228938e-05)
( 2.40313648e-05, 1.87897748e-05)
( 2.17583113e-05, 1.69173665e-05)
( 1.94420306e-05, 1.50093732e-05)
( 1.70870645e-05, 1.30695700e-05)
( 1.46980312e-05, 1.11017945e-05)
( 1.22796167e-05, 9.10993990e-06)
( 9.83656488e-06, 7.09794686e-06)
( 7.37366867e-06, 5.06979575e-06)
( 4.89576024e-06, 3.02949882e-06)
( 2.40770157e-06, 9.81092173e-07)
(-8.56251927e-08,-1.07137220e-06)
(-2.57932741e-06,-3.12383448e-06)
(-5.06851161e-06,-5.17223509e-06)
(-7.54829318e-06,-7.21252274e-06)
(-1.00138060e-05,-9.24066245e-06)
(-1.24602122e-05,-1.12526436e-05)
(-1.48827114e-05,-1.32444877e-05)
(-1.72765507e-05,-1.52122566e-05)
(-1.96370336e-05,-1.71520602e-05)
(-2.19595295e-05,-1.90600638e-05)
(-2.42394830e-05,-2.09324961e-05)
(-2.64724225e-05,-2.27656568e-05)
(-2.86539694e-05,-2.45559233e-05)
(-3.07798468e-05,-2.62997585e-05)
(-3.28458875e-05,-2.79937175e-05)
(-3.48480427e-05,-2.96344545e-05)
(-3.67823897e-05,-3.12187293e-05)
(-3.86451400e-05,-3.27434140e-05)
(-4.04326462e-05,-3.42054987e-05)
(-4.21414097e-05,-3.56020981e-05)
(-4.37680875e-05,-3.69304564e-05)
(-4.53094987e-05,-3.81879535e-05)
(-4.67626308e-05,-3.93721097e-05)
(-4.81246457e-05,-4.04805907e-05)
(-4.93928851e-05,-4.15112122e-05)
(-5.05648761e-05,-4.24619442e-05)
(-5.16383356e-05,-4.33309150e-05)
(-5.26111754e-05,-4.41164148e-05)
(-5.34815056e-05,-4.48168993e-05)
(-5.42476389e-05,-4.54309922e-05)
(-5.49080937e-05,-4.59574883e-05)
(-5.54615968e-05,-4.63953559e-05)
(-5.59070862e-05,-4.67437385e-05)
(-5.62437132e-05,-4.70019565e-05)
(-5.64708437e-05,-4.71695085e-05)
(-5.65880598e-05,-4.72460725e-05)
(-5.65951605e-05,-4.72315062e-05)
(-5.64921619e-05,-4.71258471e-05)
(-5.62792973e-05,-4.69293127e-05)
(-5.59570167e-05,-4.66422999e-05)
(-5.55259861e-05,-4.62653840e-05)
(-5.49870857e-05,-4.57993176e-05)
(-5.43414084e-05,-4.52450289e-05)
(-5.35902578e-05,-4.46036201e-05)
(-5.27351452e-05,-4.38763649e-05)
(-5.17777870e-05,-4.30647060e-05)
(-5.07201010e-05,-4.21702520e-05)
(-4.95642027e-05,-4.11947743e-05)
(-4.83124012e-05,-4.01402036e-05)
(-4.69671945e-05,-3.90086259e-05)
(-4.55312644e-05,-3.78022780e-05)
(-4.40074716e-05,-3.65235437e-05)
(-4.23988497e-05,-3.51749483e-05)
(-4.07085994e-05,-3.37591539e-05)
(-3.89400820e-05,-3.22789540e-05)
(-3.70968129e-05,-3.07372679e-05)
(-3.51824546e-05,-2.91371347e-05)
(-3.32008092e-05,-2.74817075e-05)
(-3.11558115e-05,-2.57742470e-05)
(-2.90515207e-05,-2.40181146e-05)
(-2.68921125e-05,-2.22167664e-05)
(-2.46818710e-05,-2.03737456e-05)
(-2.24251801e-05,-1.84926761e-05)
(-2.01265149e-05,-1.65772546e-05)
(-1.77904330e-05,-1.46312438e-05)
(-1.54215652e-05,-1.26584645e-05)
(-1.30246067e-05,-1.06627883e-05)
(-1.06043074e-05,-8.64812965e-06)
(-8.16546331e-06,-6.61843838e-06)
(-5.71290615e-06,-4.57769155e-06)
(-3.25149451e-06,-2.52988572e-06)
(-7.86103990e-07,-4.79028989e-07)
( 1.67838235e-06, 1.57086696e-06)
( 4.13708362e-06, 3.61579478e-06)
( 6.58513070e-06, 5.65175941e-06)
( 9.01767587e-06, 7.67478598e-06)
( 1.14299023e-05, 9.68092766e-06)
( 1.38170337e-05, 1.16662735e-05)
( 1.61743434e-05, 1.36269559e-05)
( 1.84971639e-05, 1.55591589e-05)
( 2.07808963e-05, 1.74591247e-05)
( 2.30210188e-05, 1.93231620e-05)
( 2.52130958e-05, 2.11476526e-05)
( 2.73527872e-05, 2.29290592e-05)
( 2.94358559e-05, 2.46639314e-05)
( 3.14581771e-05, 2.63489133e-05)
( 3.34157459e-05, 2.79807498e-05)
( 3.53046854e-05, 2.95562929e-05)
( 3.71212541e-05, 3.10725078e-05)
( 3.88618535e-05, 3.25264791e-05)
( 4.05230354e-05, 3.39154162e-05)
( 4.21015079e-05, 3.52366588e-05)
( 4.35941429e-05, 3.64876824e-05)
( 4.49979813e-05, 3.76661027e-05)
( 4.63102398e-05, 3.87696804e-05)
( 4.75283155e-05, 3.97963257e-05)
( 4.86497915e-05, 4.07441021e-05)
( 4.96724418e-05, 4.16112303e-05)
( 5.05942352e-05, 4.23960915e-05)
( 5.14133398e-05, 4.30972304e-05)
( 5.21281265e-05, 4.37133583e-05)
( 5.27371718e-05, 4.42433550e-05)
( 5.32392612e-05, 4.46862713e-05)
( 5.36333916e-05, 4.50413308e-05)
( 5.39187727e-05, 4.53079310e-05)
( 5.40948292e-05, 4.54856443e-05)
( 5.41612017e-05, 4.55742194e-05)
( 5.41177473e-05, 4.55735807e-05)
( 5.39645402e-05, 4.54838292e-05)
( 5.37018716e-05, 4.53052415e-05)
( 5.33302489e-05, 4.50382696e-05)
( 5.28503947e-05, 4.46835395e-05)
( 5.22632458e-05, 4.42418501e-05)
( 5.15699512e-05, 4.37141714e-05)
( 5.07718696e-05, 4.31016425e-05)
( 4.98705674e-05, 4.24055692e-05)
( 4.88678150e-05, 4.16274211e-05)
( 4.77655836e-05, 4.07688289e-05)
( 4.65660418e-05, 3.98315809e-05)
( 4.52715507e-05, 3.88176193e-05)
( 4.38846595e-05, 3.77290363e-05)
( 4.24081010e-05, 3.65680701e-05)
( 4.08447855e-05, 3.53370997e-05)
( 3.91977960e-05, 3.40386409e-05)
( 3.74703813e-05, 3.26753407e-05)
( 3.56659504e-05, 3.12499722e-05)
( 3.37880652e-05, 2.97654290e-05)
( 3.18404341e-05, 2.82247191e-05)
( 2.98269045e-05, 2.66309595e-05)
( 2.77514553e-05, 2.49873694e-05)
( 2.56181891e-05, 2.32972641e-05)
( 2.34313241e-05, 2.15640481e-05)
( 2.11951861e-05, 1.97912086e-05)
( 1.89141998e-05, 1.79823084e-05)
( 1.65928804e-05, 1.61409789e-05)
( 1.42358242e-05, 1.42709127e-05)
( 1.18477005e-05, 1.23758566e-05)
( 9.43324144e-06, 1.04596037e-05)
( 6.99723355e-06, 8.52598633e-06)
( 4.54450791e-06, 6.57886830e-06)
( 2.07993081e-06, 4.62213715e-06)
(-3.91605778e-07, 2.65969655e-06)
(-2.86519384e-06, 6.95458621e-07)
(-5.33591892e-06,-1.26666385e-06)
(-7.79886982e-06,-3.22276511e-06)
(-1.02491482e-05,-5.16895413e-06)
(-1.26818782e-05,-7.10136227e-06)
(-1.50922161e-05,-9.01615092e-06)
(-1.74753597e-05,-1.09095190e-05)
(-1.98265580e-05,-1.27777106e-05)
(-2.21411203e-05,-1.46170219e-05)
(-2.44144257e-05,-1.64238092e-05)
(-2.66419319e-05,-1.81944953e-05)
(-2.88191844e-05,-1.99255770e-05)
(-3.09418253e-05,-2.16136317e-05)
(-3.30056017e-05,-2.32553243e-05)
(-3.50063742e-05,-2.48474136e-05)
(-3.69401252e-05,-2.63867586e-05)
(-3.88029668e-05,-2.78703248e-05)
(-4.05911483e-05,-2.92951898e-05)
(-4.23010639e-05,-3.06585495e-05)
(-4.39292597e-05,-3.19577230e-05)
(-4.54724407e-05,-3.31901583e-05)
(-4.69274772e-05,-3.43534367e-05)
(-4.82914110e-05,-3.54452783e-05)
(-4.95614615e-05,-3.64635455e-05)
(-5.07350312e-05,-3.74062478e-05)
(-5.18097107e-05,-3.82715455e-05)
(-5.27832839e-05,-3.90577529e-05)
(-5.36537320e-05,-3.97633420e-05)
(-5.44192380e-05,-4.03869452e-05)
(-5.50781901e-05,-4.09273581e-05)
(-5.56291851e-05,-4.13835415e-05)
(-5.60710313e-05,-4.17546234e-05)
(-5.64027510e-05,-4.20399010e-05)
(-5.66235822e-05,-4.22388416e-05)
(-5.67329806e-05,-4.23510839e-05)
(-5.67306209e-05,-4.23764384e-05)
(-5.66163969e-05,-4.23148878e-05)
(-5.63904228e-05,-4.21665868e-05)
(-5.60530321e-05,-4.19318620e-05)
(-5.56047779e-05,-4.16112110e-05)
(-5.50464315e-05,-4.12053015e-05)
(-5.43789810e-05,-4.07149697e-05)
(-5.36036299e-05,-4.01412189e-05)
(-5.27217944e-05,-3.94852170e-05)
(-5.17351008e-05,-3.87482947e-05)
(-5.06453828e-05,-3.79319425e-05)
(-4.94546778e-05,-3.70378076e-05)
(-4.81652228e-05,-3.60676909e-05)
(-4.67794504e-05,-3.50235434e-05)
(-4.52999843e-05,-3.39074621e-05)
(-4.37296338e-05,-3.27216858e-05)
(-4.20713887e-05,-3.14685911e-05)
(-4.03284135e-05,-3.01506871e-05)
(-3.85040414e-05,-2.87706109e-05)
(-3.66017674e-05,-2.73311221e-05)
(-3.46252423e-05,-2.58350976e-05)
(-3.25782648e-05,-2.42855254e-05)
(-3.04647747e-05,-2.26854995e-05)
(-2.82888450e-05,-2.10382131e-05)
(-2.60546740e-05,-1.93469525e-05)
(-2.37665774e-05,-1.76150910e-05)
(-2.14289793e-05,-1.58460815e-05)
(-1.90464041e-05,-1.40434506e-05)
(-1.66234676e-05,-1.22107907e-05)
(-1.41648677e-05,-1.03517538e-05)
(-1.16753755e-05,-8.47004389e-06)
(-9.15982585e-06,-6.56940952e-06)
(-6.62310781e-06,-4.65363679e-06)
(-4.07015525e-06,-2.72654170e-06)
(-1.50593706e-06,-7.91962684e-07)
( 1.06455259e-06, 1.14624690e-06)
( 3.63630402e-06, 3.08422639e-06)
( 6.20430194e-06, 5.01811534e-06)
( 8.76353523e-06, 6.94406116e-06)
( 1.13090069e-05, 8.85822666e-06)
( 1.38357437e-05, 1.07567975e-05)
( 1.63388064e-05, 1.26359900e-05)
( 1.88132988e-05, 1.44920579e-05)
( 2.12543782e-05, 1.63213006e-05)
( 2.36572643e-05, 1.81200696e-05)
( 2.60172490e-05, 1.98847762e-05)
( 2.83297055e-05, 2.16118984e-05)
( 3.05900977e-05, 2.32979875e-05)
( 3.27939889e-05, 2.49396756e-05)
( 3.49370507e-05, 2.65336813e-05)
( 3.70150718e-05, 2.80768169e-05)
( 3.90239660e-05, 2.95659942e-05)
( 4.09597805e-05, 3.09982308e-05)
( 4.28187036e-05, 3.23706557e-05)
( 4.45970726e-05, 3.36805154e-05)
( 4.62913807e-05, 3.49251787e-05)
( 4.78982844e-05, 3.61021424e-05)
( 4.94146097e-05, 3.72090359e-05)
( 5.08373588e-05, 3.82436260e-05)
( 5.21637161e-05, 3.92038212e-05)
( 5.33910536e-05, 4.00876758e-05)
( 5.45169362e-05, 4.08933941e-05)
( 5.55391267e-05, 4.16193332e-05)
( 5.64555906e-05, 4.22640070e-05)
( 5.72644995e-05, 4.28260885e-05)
( 5.79642354e-05, 4.33044130e-05)
( 5.85533936e-05, 4.36979798e-05)
( 5.90307861e-05, 4.40059548e-05)
( 5.93954433e-05, 4.42276715e-05)
( 5.96466166e-05, 4.43626330e-05)
( 5.97837796e-05, 4.44105124e-05)
( 5.98066297e-05, 4.43711538e-05)
( 5.97150883e-05, 4.42445727e-05)
( 5.95093011e-05, 4.40309555e-05)
( 5.91896384e-05, 4.37306598e-05)
( 5.87566937e-05, 4.33442133e-05)
( 5.82112833e-05, 4.28723128e-05)
( 5.75544445e-05, 4.23158231e-05)
( 5.67874334e-05, 4.16757751e-05)
( 5.59117229e-05, 4.09533639e-05)
( 5.49289998e-05, 4.01499465e-05)
( 5.38411611e-05, 3.92670390e-05)
( 5.26503111e-05, 3.83063139e-05)
( 5.13587566e-05, 3.72695966e-05)
( 4.99690027e-05, 3.61588621e-05)
( 4.84837481e-05, 3.49762308e-05)
( 4.69058795e-05, 3.37239647e-05)
( 4.52384661e-05, 3.24044628e-05)
( 4.34847537e-05, 3.10202564e-05)
( 4.16481580e-05, 2.95740043e-05)
( 3.97322584e-05, 2.80684875e-05)
( 3.77407904e-05, 2.65066037e-05)
( 3.56776387e-05, 2.48913617e-05)
( 3.35468296e-05, 2.32258757e-05)
( 3.13525224e-05, 2.15133589e-05)
( 2.90990020e-05, 1.97571171e-05)
( 2.67906701e-05, 1.79605429e-05)
( 2.44320366e-05, 1.61271084e-05)
( 2.20277105e-05, 1.42603584e-05)
( 1.95823910e-05, 1.23639040e-05)
( 1.71008583e-05, 1.04414151e-05)
( 1.45879638e-05, 8.49661315e-06)
( 1.20486209e-05, 6.53326415e-06)
( 9.48779514e-06, 4.55517104e-06)
( 6.91049426e-06, 2.56616632e-06)
( 4.32175842e-06, 5.70104527e-07)
( 1.72665022e-06,-1.42914533e-06)
(-8.69755380e-07,-3.42770738e-06)
(-3.46238107e-06,-5.42170646e-06)
(-6.04615727e-06,-7.40727577e-06)
(-8.61603215e-06,-9.38056442e-06)
(-1.11669817e-05,-1.13377450e-05)
(-1.36940195e-05,-1.32750212e-05)
(-1.61922070e-05,-1.51886350e-05)
(-1.86566628e-05,-1.70748744e-05)
(-2.10825729e-05,-1.89300805e-05)
(-2.34651995e-05,-2.07506545e-05)
(-2.57998913e-05,-2.25330654e-05)
(-2.80820921e-05,-2.42738561e-05)
(-3.03073498e-05,-2.59696510e-05)
(-3.24713258e-05,-2.76171620e-05)
(-3.45698029e-05,-2.92131953e-05)
(-3.65986943e-05,-3.07546576e-05)
(-3.85540514e-05,-3.22385621e-05)
(-4.04320714e-05,-3.36620346e-05)
(-4.22291054e-05,-3.50223187e-05)
(-4.39416652e-05,-3.63167818e-05)
(-4.55664305e-05,-3.75429197e-05)
(-4.71002552e-05,-3.86983620e-05)
(-4.85401738e-05,-3.97808762e-05)
(-4.98834075e-05,-4.07883727e-05)
(-5.11273691e-05,-4.17189085e-05)
(-5.22696689e-05,-4.25706910e-05)
(-5.33081187e-05,-4.33420819e-05)
(-5.42407367e-05,-4.40315997e-05)
(-5.50657512e-05,-4.46379233e-05)
(-5.57816039e-05,-4.51598942e-05)
(-5.63869534e-05,-4.55965188e-05)
(-5.68806774e-05,-4.59469704e-05)
(-5.72618752e-05,-4.62105908e-05)
(-5.75298695e-05,-4.63868914e-05)
(-5.76842074e-05,-4.64755544e-05)
(-5.77246616e-05,-4.64764331e-05)
(-5.76512307e-05,-4.63895523e-05)
(-5.74641391e-05,-4.62151083e-05)
(-5.71638366e-05,-4.59534683e-05)
(-5.67509976e-05,-4.56051696e-05)
(-5.62265194e-05,-4.51709188e-05)
(-5.55915207e-05,-4.46515898e-05)
(-5.48473391e-05,-4.40482228e-05)
(-5.39955285e-05,-4.33620215e-05)
(-5.30378561e-05,-4.25943509e-05)
(-5.19762987e-05,-4.17467347e-05)
(-5.08130386e-05,-4.08208522e-05)
(-4.95504596e-05,-3.98185346e-05)
(-4.81911418e-05,-3.87417618e-05)
(-4.67378568e-05,-3.75926582e-05)
(-4.51935617e-05,-3.63734884e-05)
(-4.35613939e-05,-3.50866527e-05)
(-4.18446638e-05,-3.37346825e-05)
(-4.00468492e-05,-3.23202348e-05)
(-3.81715876e-05,-3.08460875e-05)
(-3.62226695e-05,-2.93151332e-05)
(-3.42040302e-05,-2.77303741e-05)
(-3.21197424e-05,-2.60949153e-05)
(-2.99740081e-05,-2.44119593e-05)
(-2.77711499e-05,-2.26847991e-05)
(-2.55156024e-05,-2.09168120e-05)
(-2.32119035e-05,-1.91114524e-05)
(-2.08646855e-05,-1.72722457e-05)
(-1.84786655e-05,-1.54027804e-05)
(-1.60586360e-05,-1.35067016e-05)
(-1.36094557e-05,-1.15877035e-05)
(-1.11360396e-05,-9.64952209e-06)
(-8.64334896e-06,-7.69592779e-06)
(-6.13638187e-06,-5.73071787e-06)
(-3.62016298e-06,-3.75770897e-06)
(-1.09973357e-06,-1.78072950e-06)
( 1.41985845e-06, 1.96387871e-07)
( 3.93356866e-06, 2.16981391e-06)
( 6.43636613e-06, 4.13573033e-06)
( 8.92324344e-06, 6.09033738e-06)
( 1.13892266e-05, 8.02986133e-06)
( 1.38293852e-05, 9.95056196e-06)
( 1.62388416e-05, 1.18487399e-05)
( 1.86127815e-05, 1.37207440e-05)
( 2.09464628e-05, 1.55629785e-05)
( 2.32352251e-05, 1.73719100e-05)
( 2.54744996e-05, 1.91440746e-05)
( 2.76598173e-05, 2.08760846e-05)
( 2.97868183e-05, 2.25646350e-05)
( 3.18512607e-05, 2.42065105e-05)
( 3.38490286e-05, 2.57985911e-05)
( 3.57761403e-05, 2.73378587e-05)
( 3.76287564e-05, 2.88214029e-05)
( 3.94031875e-05, 3.02464263e-05)
( 4.10959009e-05, 3.16102506e-05)
( 4.27035286e-05, 3.29103213e-05)
( 4.42228729e-05, 3.41442127e-05)
( 4.56509135e-05, 3.53096329e-05)
( 4.69848131e-05, 3.64044276e-05)
( 4.82219233e-05, 3.74265850e-05)
( 4.93597894e-05, 3.83742391e-05)
( 5.03961556e-05, 3.92456734e-05)
( 5.13289695e-05, 4.00393241e-05)
( 5.21563858e-05, 4.07537831e-05)
( 5.28767703e-05, 4.13878006e-05)
( 5.34887028e-05, 4.19402875e-05)
( 5.39909803e-05, 4.24103172e-05)
( 5.43826188e-05, 4.27971273e-05)
( 5.46628558e-05, 4.31001210e-05)
( 5.48311515e-05, 4.33188678e-05)
( 5.48871897e-05, 4.34531048e-05)
( 5.48308787e-05, 4.35027363e-05)
( 5.46623514e-05, 4.34678340e-05)
( 5.43819648e-05, 4.33486369e-05)
( 5.39902996e-05, 4.31455504e-05)
( 5.34881587e-05, 4.28591452e-05)
( 5.28765658e-05, 4.24901560e-05)
( 5.21567632e-05, 4.20394800e-05)
( 5.13302095e-05, 4.15081746e-05)
( 5.03985765e-05, 4.08974553e-05)
( 4.93637462e-05, 4.02086929e-05)
( 4.82278064e-05, 3.94434108e-05)
( 4.69930474e-05, 3.86032814e-05)
( 4.56619567e-05, 3.76901228e-05)
( 4.42372145e-05, 3.67058948e-05)
( 4.27216884e-05, 3.56526950e-05)
( 4.11184272e-05, 3.45327543e-05)
( 3.94306556e-05, 3.33484323e-05)
( 3.76617672e-05, 3.21022122e-05)
( 3.58153181e-05, 3.07966958e-05)
( 3.38950197e-05, 2.94345985e-05)
( 3.19047313e-05, 2.80187429e-05)
( 2.98484528e-05, 2.65520537e-05)
( 2.77303164e-05, 2.50375515e-05)
( 2.55545785e-05, 2.34783465e-05)
( 2.33256115e-05, 2.18776322e-05)
( 2.10478947e-05, 2.02386791e-05)
( 1.87260062e-05, 1.85648278e-05)
( 1.63646127e-05, 1.68594821e-05)
( 1.39684615e-05, 1.51261025e-05)
( 1.15423703e-05, 1.33681990e-05)
( 9.09121790e-06, 1.15893240e-05)
( 6.61993452e-06, 9.79306504e-06)
( 4.13349217e-06, 7.98303766e-06)
( 1.63689469e-06, 6.16287820e-06)
(-8.64832101e-07, 4.33623641e-06)
(-3.36665035e-06, 2.50676815e-06)
(-5.86352016e-06, 6.78128048e-07)
(-8.35040951e-06,-1.14603774e-06)
(-1.08223043e-05,-2.96209889e-06)
(-1.32742180e-05,-4.76644807e-06)
(-1.57012021e-05,-6.55550816e-06)
(-1.80983553e-05,-8.32573935e-06)
(-2.04608333e-05,-1.00736462e-05)
(-2.27838589e-05,-1.17957843e-05)
(-2.50627309e-05,-1.34887676e-05)
(-2.72928336e-05,-1.51492746e-05)
(-2.94696460e-05,-1.67740550e-05)
(-3.15887508e-05,-1.83599362e-05)
(-3.36458430e-05,-1.99038296e-05)
(-3.56367386e-05,-2.14027362e-05)
(-3.75573829e-05,-2.28537530e-05)
(-3.94038583e-05,-2.42540782e-05)
(-4.11723925e-05,-2.56010170e-05)
(-4.28593659e-05,-2.68919865e-05)
(-4.44613184e-05,-2.81245210e-05)
(-4.59749569e-05,-2.92962762e-05)
(-4.73971615e-05,-3.04050343e-05)
(-4.87249918e-05,-3.14487081e-05)
(-4.99556930e-05,-3.24253443e-05)
(-5.10867011e-05,-3.33331283e-05)
(-5.21156481e-05,-3.41703865e-05)
(-5.30403673e-05,-3.49355902e-05)
(-5.38588969e-05,-3.56273580e-05)
(-5.45694845e-05,-3.62444583e-05)
(-5.51705905e-05,-3.67858120e-05)
(-5.56608913e-05,-3.72504938e-05)
(-5.60392822e-05,-3.76377339e-05)
(-5.63048793e-05,-3.79469196e-05)
(-5.64570218e-05,-3.81775962e-05)
(-5.64952732e-05,-3.83294673e-05)
(-5.64194224e-05,-3.84023953e-05)
(-5.62294844e-05,-3.83964018e-05)
(-5.59257001e-05,-3.83116665e-05)
(-5.55085363e-05,-3.81485275e-05)
(-5.49786848e-05,-3.79074795e-05)
(-5.43370612e-05,-3.75891732e-05)
(-5.35848032e-05,-3.71944133e-05)
(-5.27232690e-05,-3.67241570e-05)
(-5.17540339e-05,-3.61795116e-05)
(-5.06788884e-05,-3.55617321e-05)
(-4.94998340e-05,-3.48722184e-05)
(-4.82190800e-05,-3.41125125e-05)
(-4.68390391e-05,-3.32842948e-05)
(-4.53623228e-05,-3.23893810e-05)
(-4.37917366e-05,-3.14297178e-05)
(-4.21302743e-05,-3.04073790e-05)
(-4.03811129e-05,-2.93245612e-05)
(-3.85476059e-05,-2.81835792e-05)
(-3.66332773e-05,-2.69868613e-05)
(-3.46418146e-05,-2.57369438e-05)
(-3.25770617e-05,-2.44364664e-05)
(-3.04430119e-05,-2.30881663e-05)
(-2.82437995e-05,-2.16948730e-05)
(-2.59836924e-05,-2.02595020e-05)
(-2.36670839e-05,-1.87850492e-05)
(-2.12984835e-05,-1.72745849e-05)
(-1.88825091e-05,-1.57312473e-05)
(-1.64238772e-05,-1.41582360e-05)
(-1.39273946e-05,-1.25588060e-05)
(-1.13979482e-05,-1.09362608e-05)
(-8.84049601e-06,-9.29394586e-06)
(-6.26005758e-06,-7.63524171e-06)
(-3.66170390e-06,-5.96355734e-06)
(-1.05054767e-06,-4.28232325e-06)
( 1.56826667e-06,-2.59498463e-06)
( 4.18957300e-06,-9.04994411e-07)
( 6.80819366e-06, 7.84193548e-07)
( 9.41894952e-06, 2.46913142e-06)
( 1.20166702e-05, 4.14638425e-06)
( 1.45962041e-05, 5.81253679e-06)
( 1.71524288e-05, 7.46420027e-06)
( 1.96802606e-05, 9.09801913e-06)
( 2.21746651e-05, 1.07106777e-05)
( 2.46306668e-05, 1.22989066e-05)
( 2.70433590e-05, 1.38594895e-05)
( 2.94079135e-05, 1.53892692e-05)
( 3.17195899e-05, 1.68851539e-05)
( 3.39737456e-05, 1.83441234e-05)
( 3.61658444e-05, 1.97632349e-05)
( 3.82914658e-05, 2.11396287e-05)
( 4.03463136e-05, 2.24705343e-05)
( 4.23262250e-05, 2.37532750e-05)
( 4.42271781e-05, 2.49852740e-05)
( 4.60453006e-05, 2.61640585e-05)
( 4.77768773e-05, 2.72872656e-05)
( 4.94183576e-05, 2.83526459e-05)
( 5.09663628e-05, 2.93580683e-05)
( 5.24176927e-05, 3.03015243e-05)
( 5.37693323e-05, 3.11811315e-05)
( 5.50184576e-05, 3.19951376e-05)
( 5.61624420e-05, 3.27419233e-05)
( 5.71988611e-05, 3.34200059e-05)
( 5.81254979e-05, 3.40280420e-05)
( 5.89403475e-05, 3.45648296e-05)
( 5.96416213e-05, 3.50293110e-05)
( 6.02277508e-05, 3.54205747e-05)
( 6.06973906e-05, 3.57378565e-05)
( 6.10494218e-05, 3.59805418e-05)
( 6.12829543e-05, 3.61481659e-05)
( 6.13973289e-05, 3.62404154e-05)
( 6.13921187e-05, 3.62571284e-05)
( 6.12671306e-05, 3.61982949e-05)
( 6.10224056e-05, 3.60640566e-05)
( 6.06582192e-05, 3.58547067e-05)
( 6.01750813e-05, 3.55706889e-05)
( 5.95737355e-05, 3.52125969e-05)
( 5.88551576e-05, 3.47811728e-05)
( 5.80205544e-05, 3.42773056e-05)
( 5.70713616e-05, 3.37020296e-05)
( 5.60092410e-05, 3.30565220e-05)
( 5.48360779e-05, 3.23421005e-05)
( 5.35539776e-05, 3.15602211e-05)
( 5.21652614e-05, 3.07124745e-05)
( 5.06724627e-05, 2.98005833e-05)
( 4.90783218e-05, 2.88263986e-05)
( 4.73857814e-05, 2.77918960e-05)
( 4.55979807e-05, 2.66991720e-05)
( 4.37182497e-05, 2.55504394e-05)
( 4.17501028e-05, 2.43480234e-05)
( 3.96972324e-05, 2.30943566e-05)
( 3.75635016e-05, 2.17919741e-05)
( 3.53529370e-05, 2.04435089e-05)
( 3.30697212e-05, 1.90516862e-05)
( 3.07181846e-05, 1.76193186e-05)
( 2.83027970e-05, 1.61492996e-05)
( 2.58281595e-05, 1.46445989e-05)
( 2.32989950e-05, 1.31082558e-05)
( 2.07201398e-05, 1.15433736e-05)
( 1.80965338e-05, 9.95311314e-06)
( 1.54332111e-05, 8.34068681e-06)
( 1.27352901e-05, 6.70935211e-06)
( 1.00079640e-05, 5.06240525e-06)
( 7.25649033e-06, 3.40317457e-06)
( 4.48618081e-06, 1.73501403e-06)
( 1.70239109e-06, 6.12965703e-08)
(-1.08948974e-06,-1.61459254e-06)
(-3.88404965e-06,-3.28926241e-06)
(-6.67586428e-06,-4.95932318e-06)
(-9.45950754e-06,-6.62139277e-06)
(-1.22295623e-05,-8.27210353e-06)
(-1.49806308e-05,-9.90810887e-06)
(-1.77073456e-05,-1.15260899e-05)
(-2.04043800e-05,-1.31227621e-05)
(-2.30664584e-05,-1.46948815e-05)
(-2.56883668e-05,-1.62392515e-05)
(-2.82649632e-05,-1.77527288e-05)
(-3.07911877e-05,-1.92322301e-05)
(-3.32620724e-05,-2.06747377e-05)
(-3.56727515e-05,-2.20773059e-05)
(-3.80184707e-05,-2.34370665e-05)
(-4.02945971e-05,-2.47512348e-05)
(-4.24966276e-05,-2.60171150e-05)
(-4.46201989e-05,-2.72321055e-05)
(-4.66610955e-05,-2.83937043e-05)
(-4.86152585e-05,-2.94995137e-05)
(-5.04787933e-05,-3.05472453e-05)
(-5.22479782e-05,-3.15347247e-05)
(-5.39192711e-05,-3.24598954e-05)
(-5.54893171e-05,-3.33208236e-05)
(-5.69549552e-05,-3.41157013e-05)
(-5.83132245e-05,-3.48428508e-05)
(-5.95613707e-05,-3.55007274e-05)
(-6.06968513e-05,-3.60879230e-05)
(-6.17173407e-05,-3.66031688e-05)
(-6.26207357e-05,-3.70453378e-05)
(-6.34051591e-05,-3.74134474e-05)
(-6.40689637e-05,-3.77066614e-05)
(-6.46107365e-05,-3.79242913e-05)
(-6.50293007e-05,-3.80657987e-05)
(-6.53237189e-05,-3.81307955e-05)
(-6.54932948e-05,-3.81190456e-05)
(-6.55375752e-05,-3.80304650e-05)
(-6.54563507e-05,-3.78651222e-05)
(-6.52496566e-05,-3.76232385e-05)
(-6.49177728e-05,-3.73051872e-05)
(-6.44612238e-05,-3.69114934e-05)
(-6.38807776e-05,-3.64428332e-05)
(-6.31774445e-05,-3.59000320e-05)
(-6.23524752e-05,-3.52840634e-05)
(-6.14073589e-05,-3.45960475e-05)
(-6.03438201e-05,-3.38372485e-05)
(-5.91638158e-05,-3.30090728e-05)
(-5.78695313e-05,-3.21130658e-05)
(-5.64633769e-05,-3.11509097e-05)
(-5.49479824e-05,-3.01244194e-05)
(-5.33261929e-05,-2.90355403e-05)
(-5.16010627e-05,-2.78863432e-05)
(-4.97758500e-05,-2.66790216e-05)
(-4.78540102e-05,-2.54158867e-05)
(-4.58391895e-05,-2.40993633e-05)
(-4.37352177e-05,-2.27319849e-05)
(-4.15461009e-05,-2.13163892e-05)
(-3.92760137e-05,-1.98553128e-05)
(-3.69292912e-05,-1.83515858e-05)
(-3.45104202e-05,-1.68081264e-05)
(-3.20240308e-05,-1.52279353e-05)
(-2.94748875e-05,-1.36140900e-05)
(-2.68678794e-05,-1.19697383e-05)
(-2.42080111e-05,-1.02980929e-05)
(-2.15003928e-05,-8.60242439e-06)
(-1.87502302e-05,-6.88605546e-06)
(-1.59628143e-05,-5.15235402e-06)
(-1.31435113e-05,-3.40472673e-06)
(-1.02977517e-05,-1.64661233e-06)
(-7.43102000e-06, 1.18525166e-07)
(-4.54884371e-06, 1.88720326e-06)
(-1.65678256e-06, 3.65592783e-06)
( 1.23958242e-06, 5.42120004e-06)
( 4.13465983e-06, 7.17952324e-06)
( 7.02285894e-06, 8.92740989e-06)
( 9.89860063e-06, 1.06613885e-05)
( 1.27563284e-05, 1.23780104e-05)
( 1.55905194e-05, 1.40738567e-05)
( 1.83956949e-05, 1.57455451e-05)
( 2.11664317e-05, 1.73897367e-05)
( 2.38973722e-05, 1.90031422e-05)
( 2.65832354e-05, 2.05825292e-05)
( 2.92188269e-05, 2.21247280e-05)
( 3.17990494e-05, 2.36266384e-05)
( 3.43189127e-05, 2.50852357e-05)
( 3.67735435e-05, 2.64975768e-05)
( 3.91581948e-05, 2.78608061e-05)
( 4.14682555e-05, 2.91721616e-05)
( 4.36992594e-05, 3.04289799e-05)
( 4.58468939e-05, 3.16287019e-05)
( 4.79070084e-05, 3.27688781e-05)
( 4.98756228e-05, 3.38471734e-05)
( 5.17489350e-05, 3.48613720e-05)
( 5.35233285e-05, 3.58093817e-05)
( 5.51953794e-05, 3.66892385e-05)
( 5.67618631e-05, 3.74991104e-05)
( 5.82197609e-05, 3.82373011e-05)
( 5.95662654e-05, 3.89022539e-05)
( 6.07987867e-05, 3.94925547e-05)
( 6.19149565e-05, 4.00069349e-05)
( 6.29126336e-05, 4.04442741e-05)
( 6.37899077e-05, 4.08036026e-05)
( 6.45451029e-05, 4.10841035e-05)
( 6.51767814e-05, 4.12851143e-05)
( 6.56837458e-05, 4.14061285e-05)
( 6.60650418e-05, 4.14467968e-05)
( 6.63199597e-05, 4.14069278e-05)
( 6.64480359e-05, 4.12864890e-05)
( 6.64490535e-05, 4.10856062e-05)
( 6.63230430e-05, 4.08045642e-05)
( 6.60702819e-05, 4.04438060e-05)
( 6.56912942e-05, 4.00039323e-05)
( 6.51868492e-05, 3.94857000e-05)
( 6.45579598e-05, 3.88900215e-05)
( 6.38058806e-05, 3.82179626e-05)
( 6.29321054e-05, 3.74707405e-05)
( 6.19383638e-05, 3.66497219e-05)
( 6.08266180e-05, 3.57564200e-05)
( 5.95990589e-05, 3.47924919e-05)
( 5.82581015e-05, 3.37597352e-05)
( 5.68063801e-05, 3.26600849e-05)
( 5.52467430e-05, 3.14956094e-05)
( 5.35822469e-05, 3.02685063e-05)
( 5.18161509e-05, 2.89810988e-05)
( 4.99519096e-05, 2.76358306e-05)
( 4.79931667e-05, 2.62352614e-05)
( 4.59437473e-05, 2.47820617e-05)
( 4.38076508e-05, 2.32790079e-05)
( 4.15890425e-05, 2.17289766e-05)
( 3.92922456e-05, 2.01349390e-05)
( 3.69217327e-05, 1.84999553e-05)
( 3.44821165e-05, 1.68271682e-05)
( 3.19781415e-05, 1.51197972e-05)
( 2.94146738e-05, 1.33811320e-05)
( 2.67966918e-05, 1.16145262e-05)
( 2.41292768e-05, 9.82339029e-06)
( 2.14176023e-05, 8.01118542e-06)
( 1.86669243e-05, 6.18141620e-06)
( 1.58825707e-05, 4.33762389e-06)
( 1.30699312e-05, 2.48337941e-06)
( 1.02344463e-05, 6.22276194e-07)
( 7.38159699e-06,-1.24207683e-06)
( 4.51689368e-06,-3.10606250e-06)
( 1.64586575e-06,-4.96606250e-06)
(-1.22594942e-06,-6.81846459e-06)
(-4.09301723e-06,-8.65966976e-06)
(-6.94981664e-06,-1.04860994e-05)
(-9.79085093e-06,-1.22942023e-05)
(-1.26106584e-05,-1.40804617e-05)
(-1.54038229e-05,-1.58414027e-05)
(-1.81649845e-05,-1.75735984e-05)
(-2.08888496e-05,-1.92736771e-05)
(-2.35702016e-05,-2.09383294e-05)
(-2.62039106e-05,-2.25643138e-05)
(-2.87849434e-05,-2.41484641e-05)
(-3.13083733e-05,-2.56876950e-05)
(-3.37693894e-05,-2.71790087e-05)
(-3.61633062e-05,-2.86195003e-05)
(-3.84855720e-05,-3.00063640e-05)
(-4.07317782e-05,-3.13368987e-05)
(-4.28976674e-05,-3.26085128e-05)
(-4.49791415e-05,-3.38187299e-05)
(-4.69722698e-05,-3.49651933e-05)
(-4.88732960e-05,-3.60456708e-05)
(-5.06786456e-05,-3.70580592e-05)
(-5.23849328e-05,-3.80003881e-05)
(-5.39889663e-05,-3.88708241e-05)
(-5.54877560e-05,-3.96676742e-05)
(-5.68785180e-05,-4.03893892e-05)
(-5.81586802e-05,-4.10345665e-05)
(-5.93258865e-05,-4.16019532e-05)
(-6.03780018e-05,-4.20904481e-05)
(-6.13131156e-05,-4.24991040e-05)
(-6.21295452e-05,-4.28271296e-05)
(-6.28258390e-05,-4.30738908e-05)
(-6.34007792e-05,-4.32389120e-05)
(-6.38533833e-05,-4.33218766e-05)
(-6.41829065e-05,-4.33226283e-05)
(-6.43888422e-05,-4.32411704e-05)
(-6.44709232e-05,-4.30776662e-05)
(-6.44291215e-05,-4.28324387e-05)
(-6.42636486e-05,-4.25059692e-05)
(-6.39749542e-05,-4.20988971e-05)
(-6.35637258e-05,-4.16120177e-05)
(-6.30308864e-05,-4.10462811e-05)
(-6.23775928e-05,-4.04027897e-05)
(-6.16052330e-05,-3.96827966e-05)
(-6.07154234e-05,-3.88877022e-05)
(-5.97100052e-05,-3.80190517e-05)
(-5.85910407e-05,-3.70785320e-05)
(-5.73608091e-05,-3.60679681e-05)
(-5.60218019e-05,-3.49893195e-05)
(-5.45767175e-05,-3.38446757e-05)
(-5.30284561e-05,-3.26362530e-05)
(-5.13801140e-05,-3.13663888e-05)
(-4.96349770e-05,-3.00375378e-05)
(-4.77965140e-05,-2.86522665e-05)
(-4.58683703e-05,-2.72132483e-05)
(-4.38543601e-05,-2.57232581e-05)
(-4.17584593e-05,-2.41851667e-05)
(-3.95847971e-05,-2.26019349e-05)
(-3.73376486e-05,-2.09766079e-05)
(-3.50214257e-05,-1.93123089e-05)
(-3.26406691e-05,-1.76122332e-05)
(-3.02000388e-05,-1.58796417e-05)
(-2.77043054e-05,-1.41178543e-05)
(-2.51583409e-05,-1.23302435e-05)
(-2.25671088e-05,-1.05202279e-05)
(-1.99356547e-05,-8.69126503e-06)
(-1.72690965e-05,-6.84684495e-06)
(-1.45726145e-05,-4.99048318e-06)
(-1.18514413e-05,-3.12571390e-06)
(-9.11085171e-06,-1.25608302e-06)
(-6.35615263e-06, 6.14858734e-07)
(-3.59267271e-06, 2.48356271e-06)
(-8.25752177e-07, 4.34648926e-06)
( 1.93926747e-06, 6.20011455e-06)
( 4.69705372e-06, 8.04093737e-06)
( 7.44229330e-06, 9.86548592e-06)
( 1.01697023e-05, 1.16703244e-05)
( 1.28740365e-05, 1.34520598e-05)
( 1.55501010e-05, 1.52073480e-05)
( 1.81927604e-05, 1.69329006e-05)
( 2.07969490e-05, 1.86254907e-05)
( 2.33576794e-05, 2.02819595e-05)
( 2.58700532e-05, 2.18992217e-05)
( 2.83292696e-05, 2.34742719e-05)
( 3.07306345e-05, 2.50041897e-05)
( 3.30695699e-05, 2.64861455e-05)
( 3.53416222e-05, 2.79174054e-05)
( 3.75424707e-05, 2.92953367e-05)
( 3.96679358e-05, 3.06174124e-05)
( 4.17139871e-05, 3.18812159e-05)
( 4.36767505e-05, 3.30844454e-05)
( 4.55525163e-05, 3.42249180e-05)
( 4.73377453e-05, 3.53005738e-05)
( 4.90290762e-05, 3.63094793e-05)
( 5.06233314e-05, 3.72498308e-05)
( 5.21175233e-05, 3.81199579e-05)
( 5.35088598e-05, 3.89183260e-05)
( 5.47947493e-05, 3.96435390e-05)
( 5.59728060e-05, 4.02943416e-05)
( 5.70408537e-05, 4.08696215e-05)
( 5.79969305e-05, 4.13684111e-05)
( 5.88392920e-05, 4.17898886e-05)
( 5.95664147e-05, 4.21333799e-05)
( 6.01769986e-05, 4.23983587e-05)
( 6.06699698e-05, 4.25844480e-05)
( 6.10444822e-05, 4.26914197e-05)
( 6.12999194e-05, 4.27191947e-05)
( 6.14358951e-05, 4.26678432e-05)
( 6.14522544e-05, 4.25375837e-05)
( 6.13490734e-05, 4.23287823e-05)
( 6.11266595e-05, 4.20419516e-05)
( 6.07855503e-05, 4.16777493e-05)
( 6.03265125e-05, 4.12369768e-05)
( 5.97505405e-05, 4.07205769e-05)
( 5.90588542e-05, 4.01296321e-05)
( 5.82528969e-05, 3.94653617e-05)
( 5.73343319e-05, 3.87291194e-05)
( 5.63050398e-05, 3.79223906e-05)
( 5.51671142e-05, 3.70467886e-05)
( 5.39228583e-05, 3.61040518e-05)
( 5.25747799e-05, 3.50960400e-05)
( 5.11255865e-05, 3.40247302e-05)
( 4.95781803e-05, 3.28922131e-05)
( 4.79356526e-05, 3.17006884e-05)
( 4.62012774e-05, 3.04524609e-05)
( 4.43785054e-05, 2.91499352e-05)
( 4.24709572e-05, 2.77956117e-05)
( 4.04824163e-05, 2.63920811e-05)
( 3.84168218e-05, 2.49420197e-05)
( 3.62782607e-05, 2.34481839e-05)
( 3.40709601e-05, 2.19134049e-05)
( 3.17992789e-05, 2.03405836e-05)
( 2.94676996e-05, 1.87326846e-05)
( 2.70808193e-05, 1.70927305e-05)
( 2.46433411e-05, 1.54237967e-05)
( 2.21600647e-05, 1.37290048e-05)
( 1.96358777e-05, 1.20115175e-05)
( 1.70757452e-05, 1.02745320e-05)
( 1.44847013e-05, 8.52127431e-06)
( 1.18678384e-05, 6.75499333e-06)
( 9.23029780e-06, 4.97895461e-06)
( 6.57725984e-06, 3.19643440e-06)
( 3.91393354e-06, 1.41071365e-06)
( 1.24554669e-06,-3.74928097e-07)
(-1.42266434e-06,-2.15721863e-06)
(-4.08546475e-06,-3.93289905e-06)
(-6.73763151e-06,-5.69872971e-06)
(-9.37396347e-06,-7.45149603e-06)
(-1.19892915e-05,-9.18801432e-06)
(-1.45784886e-05,-1.09051375e-05)
(-1.71364798e-05,-1.25997605e-05)
(-1.96582521e-05,-1.42688264e-05)
(-2.21388643e-05,-1.59093310e-05)
(-2.45734566e-05,-1.75183287e-05)
(-2.69572600e-05,-1.90929376e-05)
(-2.92856059e-05,-2.06303445e-05)
(-3.15539351e-05,-2.21278097e-05)
(-3.37578067e-05,-2.35826718e-05)
(-3.58929068e-05,-2.49923524e-05)
(-3.79550573e-05,-2.63543604e-05)
(-3.99402235e-05,-2.76662964e-05)
(-4.18445230e-05,-2.89258567e-05)
(-4.36642323e-05,-3.01308372e-05)
(-4.53957950e-05,-3.12791370e-05)
(-4.70358285e-05,-3.23687623e-05)
(-4.85811308e-05,-3.33978293e-05)
(-5.00286868e-05,-3.43645672e-05)
(-5.13756745e-05,-3.52673218e-05)
(-5.26194704e-05,-3.61045574e-05)
(-5.37576550e-05,-3.68748597e-05)
(-5.47880176e-05,-3.75769380e-05)
(-5.57085606e-05,-3.82096271e-05)
(-5.65175038e-05,-3.87718890e-05)
(-5.72132880e-05,-3.92628149e-05)
(-5.77945782e-05,-3.96816260e-05)
(-5.82602663e-05,-4.00276750e-05)
(-5.86094732e-05,-4.03004467e-05)
(-5.88415515e-05,-4.04995588e-05)
(-5.89560858e-05,-4.06247623e-05)
(-5.89528947e-05,-4.06759416e-05)
(-5.88320306e-05,-4.06531144e-05)
(-5.85937802e-05,-4.05564315e-05)
(-5.82386638e-05,-4.03861764e-05)
(-5.77674345e-05,-4.01427640e-05)
(-5.71810771e-05,-3.98267405e-05)
(-5.64808058e-05,-3.94387814e-05)
(-5.56680625e-05,-3.89796904e-05)
(-5.47445137e-05,-3.84503978e-05)
(-5.37120476e-05,-3.78519586e-05)
(-5.25727703e-05,-3.71855503e-05)
(-5.13290017e-05,-3.64524709e-05)
(-4.99832714e-05,-3.56541362e-05)
(-4.85383134e-05,-3.47920771e-05)
(-4.69970608e-05,-3.38679368e-05)
(-4.53626404e-05,-3.28834678e-05)
(-4.36383664e-05,-3.18405286e-05)
(-4.18277337e-05,-3.07410804e-05)
(-3.99344113e-05,-2.95871832e-05)
(-3.79622349e-05,-2.83809922e-05)
(-3.59151995e-05,-2.71247542e-05)
(-3.37974512e-05,-2.58208030e-05)
(-3.16132793e-05,-2.44715557e-05)
(-2.93671074e-05,-2.30795077e-05)
(-2.70634849e-05,-2.16472290e-05)
(-2.47070779e-05,-2.01773591e-05)
(-2.23026595e-05,-1.86726024e-05)
(-1.98551007e-05,-1.71357234e-05)
(-1.73693604e-05,-1.55695417e-05)
(-1.48504754e-05,-1.39769270e-05)
(-1.23035504e-05,-1.23607942e-05)
(-9.73374733e-06,-1.07240981e-05)
(-7.14627558e-06,-9.06982781e-06)
(-4.54638085e-06,-7.40100213e-06)
(-1.93933482e-06,-5.72066367e-06)
( 6.69575662e-07,-4.03187368e-06)
( 3.27505926e-06,-2.33770659e-06)
( 5.87183098e-06,-6.41244563e-07)
( 8.45462291e-06, 1.05442795e-06)
( 1.10181950e-05, 2.74622967e-06)
( 1.35573457e-05, 4.43108797e-06)
( 1.60669229e-05, 6.10594427e-06)
( 1.85418340e-05, 7.76775952e-06)
( 2.09770568e-05, 9.41351955e-06)
( 2.33676497e-05, 1.10402404e-05)
( 2.57087619e-05, 1.26449738e-05)
( 2.79956433e-05, 1.42248120e-05)
( 3.02236545e-05, 1.57768935e-05)
( 3.23882762e-05, 1.72984077e-05)
( 3.44851187e-05, 1.87866002e-05)
( 3.65099309e-05, 2.02387776e-05)
( 3.84586095e-05, 2.16523124e-05)
( 4.03272070e-05, 2.30246475e-05)
( 4.21119402e-05, 2.43533013e-05)
( 4.38091983e-05, 2.56358716e-05)
( 4.54155500e-05, 2.68700403e-05)
( 4.69277512e-05, 2.80535775e-05)
( 4.83427514e-05, 2.91843457e-05)
( 4.96577002e-05, 3.02603036e-05)
( 5.08699537e-05, 3.12795095e-05)
( 5.19770794e-05, 3.22401255e-05)
( 5.29768620e-05, 3.31404207e-05)
( 5.38673076e-05, 3.39787740e-05)
( 5.46466482e-05, 3.47536777e-05)
( 5.53133457e-05, 3.54637400e-05)
( 5.58660945e-05, 3.61076876e-05)
( 5.63038251e-05, 3.66843686e-05)
( 5.66257059e-05, 3.71927539e-05)
( 5.68311452e-05, 3.76319401e-05)
( 5.69197925e-05, 3.80011507e-05)
( 5.68915394e-05, 3.82997377e-05)
( 5.67465197e-05, 3.85271832e-05)
( 5.64851094e-05, 3.86831005e-05)
( 5.61079259e-05, 3.87672346e-05)
( 5.56158265e-05, 3.87794633e-05)
( 5.50099074e-05, 3.87197972e-05)
( 5.42915006e-05, 3.85883803e-05)
( 5.34621716e-05, 3.83854895e-05)
( 5.25237161e-05, 3.81115345e-05)
( 5.14781563e-05, 3.77670571e-05)
( 5.03277366e-05, 3.73527307e-05)
( 4.90749187e-05, 3.68693589e-05)
( 4.77223770e-05, 3.63178743e-05)
( 4.62729925e-05, 3.56993370e-05)
( 4.47298466e-05, 3.50149330e-05)
( 4.30962154e-05, 3.42659720e-05)
( 4.13755617e-05, 3.34538849e-05)
( 3.95715287e-05, 3.25802219e-05)
( 3.76879316e-05, 3.16466494e-05)
( 3.57287497e-05, 3.06549471e-05)
( 3.36981181e-05, 2.96070049e-05)
( 3.16003189e-05, 2.85048197e-05)
( 2.94397719e-05, 2.73504915e-05)
( 2.72210255e-05, 2.61462197e-05)
( 2.49487468e-05, 2.48942993e-05)
( 2.26277118e-05, 2.35971165e-05)
( 2.02627951e-05, 2.22571443e-05)
( 1.78589596e-05, 2.08769383e-05)
( 1.54212462e-05, 1.94591315e-05)
( 1.29547625e-05, 1.80064298e-05)
( 1.04646723e-05, 1.65216067e-05)
( 7.95618448e-06, 1.50074981e-05)
( 5.43454192e-06, 1.34669972e-05)
( 2.90501032e-06, 1.19030489e-05)
( 3.72866921e-07, 1.03186442e-05)
(-2.15661069e-06, 8.71681434e-06)
(-4.67815586e-06, 7.10062542e-06)
(-7.18652413e-06, 5.47317219e-06)
(-9.67650434e-06, 3.83757223e-06)
(-1.21429298e-05, 2.19695986e-06)
(-1.45806893e-05, 5.54480128e-07)
(-1.69847378e-05,-1.08671735e-06)
(-1.93501075e-05,-2.72348454e-06)
(-2.16719182e-05,-4.35268111e-06)
(-2.39453874e-05,-5.97118069e-06)
(-2.61658411e-05,-7.57587695e-06)
(-2.83287231e-05,-9.16368984e-06)
(-3.04296048e-05,-1.07315716e-05)
(-3.24641948e-05,-1.22765131e-05)
(-3.44283475e-05,-1.37955493e-05)
(-3.63180723e-05,-1.52857660e-05)
(-3.81295417e-05,-1.67443049e-05)
(-3.98590992e-05,-1.81683702e-05)
(-4.15032672e-05,-1.95552334e-05)
(-4.30587540e-05,-2.09022395e-05)
(-4.45224610e-05,-2.22068124e-05)
(-4.58914885e-05,-2.34664598e-05)
(-4.71631420e-05,-2.46787786e-05)
(-4.83349377e-05,-2.58414597e-05)
(-4.94046075e-05,-2.69522931e-05)
(-5.03701033e-05,-2.80091723e-05)
(-5.12296013e-05,-2.90100985e-05)
(-5.19815053e-05,-2.99531853e-05)
(-5.26244501e-05,-3.08366621e-05)
(-5.31573036e-05,-3.16588782e-05)
(-5.35791692e-05,-3.24183065e-05)
(-5.38893868e-05,-3.31135460e-05)
(-5.40875344e-05,-3.37433258e-05)
(-5.41734278e-05,-3.43065072e-05)
(-5.41471210e-05,-3.48020860e-05)
(-5.40089056e-05,-3.52291956e-05)
(-5.37593093e-05,-3.55871079e-05)
(-5.33990943e-05,-3.58752356e-05)
(-5.29292557e-05,-3.60931332e-05)
(-5.23510178e-05,-3.62404983e-05)
(-5.16658318e-05,-3.63171718e-05)
(-5.08753716e-05,-3.63231393e-05)
(-4.99815298e-05,-3.62585300e-05)
(-4.89864130e-05,-3.61236177e-05)
(-4.78923367e-05,-3.59188193e-05)
(-4.67018197e-05,-3.56446947e-05)
(-4.54175782e-05,-3.53019454e-05)
(-4.40425192e-05,-3.48914129e-05)
(-4.25797337e-05,-3.44140773e-05)
(-4.10324897e-05,-3.38710551e-05)
(-3.94042243e-05,-3.32635969e-05)
(-3.76985359e-05,-3.25930845e-05)
(-3.59191757e-05,-3.18610284e-05)
(-3.40700395e-05,-3.10690643e-05)
(-3.21551585e-05,-3.02189496e-05)
(-3.01786901e-05,-2.93125596e-05)
(-2.81449087e-05,-2.83518837e-05)
(-2.60581958e-05,-2.73390207e-05)
(-2.39230302e-05,-2.62761745e-05)
(-2.17439780e-05,-2.51656491e-05)
(-1.95256826e-05,-2.40098438e-05)
(-1.72728540e-05,-2.28112478e-05)
(-1.49902583e-05,-2.15724346e-05)
(-1.26827078e-05,-2.02960566e-05)
(-1.03550495e-05,-1.89848390e-05)
(-8.01215531e-06,-1.76415738e-05)
(-5.65891077e-06,-1.62691139e-05)
(-3.30020479e-06,-1.48703661e-05)
(-9.40918918e-07,-1.34482856e-05)
( 1.41408319e-06,-1.20058684e-05)
( 3.75996619e-06,-1.05461452e-05)
( 6.09193338e-06,-9.07217461e-06)
( 8.40523695e-06,-7.58703595e-06)
( 1.06951880e-05,-6.09382269e-06)
( 1.29571662e-05,-4.59563534e-06)
( 1.51866300e-05,-3.09557451e-06)
( 1.73791255e-05,-1.59673392e-06)
( 1.95302957e-05,-1.02193442e-07)
( 2.16358899e-05, 1.38498783e-06)
( 2.36917717e-05, 2.86177848e-06)
( 2.56939278e-05, 4.32518165e-06)
( 2.76384759e-05, 5.77224171e-06)
( 2.95216721e-05, 7.20005102e-06)
( 3.13399187e-05, 8.60575642e-06)
( 3.30897707e-05, 9.98656568e-06)
( 3.47679425e-05, 1.13397538e-05)
( 3.63713142e-05, 1.26626691e-05)
( 3.78969372e-05, 1.39527393e-05)
( 3.93420395e-05, 1.52074769e-05)
( 4.07040305e-05, 1.64244854e-05)
( 4.19805059e-05, 1.76014641e-05)
( 4.31692510e-05, 1.87362134e-05)
( 4.42682448e-05, 1.98266394e-05)
( 4.52756629e-05, 2.08707593e-05)
( 4.61898798e-05, 2.18667047e-05)
( 4.70094715e-05, 2.28127264e-05)
( 4.77332169e-05, 2.37071978e-05)
( 4.83600991e-05, 2.45486186e-05)
( 4.88893058e-05, 2.53356178e-05)
( 4.93202300e-05, 2.60669564e-05)
( 4.96524693e-05, 2.67415303e-05)
( 4.98858256e-05, 2.73583720e-05)
( 5.00203038e-05, 2.79166528e-05)
( 5.00561098e-05, 2.84156840e-05)
( 4.99936492e-05, 2.88549182e-05)
( 4.98335239e-05, 2.92339499e-05)
( 4.95765299e-05, 2.95525159e-05)
( 4.92236536e-05, 2.98104956e-05)
( 4.87760680e-05, 3.00079105e-05)
( 4.82351284e-05, 3.01449232e-05)
( 4.76023684e-05, 3.02218370e-05)
( 4.68794943e-05, 3.02390939e-05)
( 4.60683801e-05, 3.01972732e-05)
( 4.51710621e-05, 3.00970890e-05)
( 4.41897326e-05, 2.99393882e-05)
( 4.31267336e-05, 2.97251474e-05)
( 4.19845507e-05, 2.94554695e-05)
( 4.07658058e-05, 2.91315806e-05)
( 3.94732502e-05, 2.87548263e-05)
( 3.81097575e-05, 2.83266668e-05)
( 3.66783157e-05, 2.78486734e-05)
( 3.51820198e-05, 2.73225230e-05)
( 3.36240637e-05, 2.67499935e-05)
( 3.20077325e-05, 2.61329586e-05)
( 3.03363938e-05, 2.54733816e-05)
( 2.86134898e-05, 2.47733106e-05)
( 2.68425290e-05, 2.40348714e-05)
( 2.50270775e-05, 2.32602621e-05)
( 2.31707506e-05, 2.24517462e-05)
( 2.12772046e-05, 2.16116460e-05)
( 1.93501276e-05, 2.07423360e-05)
( 1.73932319e-05, 1.98462357e-05)
( 1.54102448e-05, 1.89258027e-05)
( 1.34049007e-05, 1.79835253e-05)
( 1.13809326e-05, 1.70219154e-05)
( 9.34206361e-06, 1.60435007e-05)
( 7.29199947e-06, 1.50508178e-05)
( 5.23442008e-06, 1.40464044e-05)
( 3.17297189e-06, 1.30327914e-05)
( 1.11126022e-06, 1.20124961e-05)
(-9.47158185e-07, 1.09880141e-05)
(-2.99878238e-06, 9.96181174e-06)
(-5.04017430e-06, 8.93631906e-06)
(-7.06796551e-06, 7.91392198e-06)
(-9.07886379e-06, 6.89695515e-06)
(-1.10696594e-05, 5.88769461e-06)
(-1.30372312e-05, 4.88835067e-06)
(-1.49785522e-05, 3.90106088e-06)
(-1.68906952e-05, 2.92788316e-06)
(-1.87708380e-05, 1.97078901e-06)
(-2.06162680e-05, 1.03165699e-06)
(-2.24243870e-05, 1.12266239e-07)
(-2.41927154e-05,-7.85709691e-07)
(-2.59188960e-05,-1.66070892e-06)
(-2.76006977e-05,-2.51128708e-06)
(-2.92360188e-05,-3.33612297e-06)
(-3.08228901e-05,-4.13402402e-06)
(-3.23594772e-05,-4.90393153e-06)
(-3.38440834e-05,-5.64492577e-06)
(-3.52751512e-05,-6.35623083e-06)
(-3.66512646e-05,-7.03721936e-06)
(-3.79711504e-05,-7.68741709e-06)
(-3.92336794e-05,-8.30650729e-06)
(-4.04378677e-05,-8.89433501e-06)
(-4.15828772e-05,-9.45091137e-06)
(-4.26680164e-05,-9.97641770e-06)
(-4.36927412e-05,-1.04712098e-05)
(-4.46566548e-05,-1.09358222e-05)
(-4.55595083e-05,-1.13709725e-05)
(-4.64012012e-05,-1.17775662e-05)
(-4.71817816e-05,-1.21567019e-05)
(-4.79014469e-05,-1.25096762e-05)
(-4.85605446e-05,-1.28379906e-05)
(-4.91595734e-05,-1.31433584e-05)
(-4.96991854e-05,-1.34277125e-05)
(-5.01801878e-05,-1.36932153e-05)
(-5.06035472e-05,-1.39422703e-05)
(-5.09703934e-05,-1.41775352e-05)
(-5.12820262e-05,-1.44019390e-05)
(-5.15399235e-05,-1.46187020e-05)
(-5.17457520e-05,-1.48313605e-05)
(-5.19013819e-05,-1.50437976e-05)
(-5.20089052e-05,-1.52602812e-05)
(-5.20706607e-05,-1.54855116e-05)
(-5.20892655e-05,-1.57246818e-05)
(-5.20676572e-05,-1.59835536e-05)
(-5.20091494e-05,-1.62685551e-05)
(-5.19175043e-05,-1.65869063e-05)
(-5.17970309e-05,-1.69467836e-05)
(-5.16527163e-05,-1.73575354e-05)
(-5.14904051e-05,-1.78299716e-05)
(-5.13170468e-05,-1.83767538e-05)
(-5.11410436e-05,-1.90129346e-05)
(-5.09727468e-05,-1.97567139e-05)
(-5.08251817e-05,-2.06305231e-05)
(-5.07151334e-05,-2.16626220e-05)
(-5.06648184e-05,-2.28895161e-05)
(-5.07045525e-05,-2.43597491e-05)
(-5.08771832e-05,-2.61400996e-05)
(-5.12458288e-05,-2.83262248e-05)
(-5.19082476e-05,-3.10620961e-05)
(-5.30256556e-05,-3.45783513e-05)
(-5.48866940e-05,-3.92760589e-05)
(-5.80693597e-05,-4.59354824e-05)
(-6.39782531e-05,-5.63961000e-05)
(-7.59307762e-05,-7.49517842e-05)
(-1.53505391e-04,-1.74681723e-04)
( 9.21484091e-07, 8.30946473e-07)
( 3.53959940e-06, 3.06063325e-06)
( 5.98670398e-06, 5.15729490e-06)
( 8.41745480e-06, 7.24125172e-06)
( 1.08275378e-05, 9.30825345e-06)
( 1.32140254e-05, 1.13554722e-05)
( 1.55730051e-05, 1.33794135e-05)
( 1.79002461e-05, 1.53763731e-05)
( 2.01914051e-05, 1.73425805e-05)
( 2.24421187e-05, 1.92742632e-05)
( 2.46480517e-05, 2.11676813e-05)
( 2.68049260e-05, 2.30191489e-05)
( 2.89085408e-05, 2.48250490e-05)
( 3.09547872e-05, 2.65818454e-05)
( 3.29396610e-05, 2.82860927e-05)
( 3.48592728e-05, 2.99344448e-05)
( 3.67098576e-05, 3.15236626e-05)
( 3.84877837e-05, 3.30506219e-05)
( 4.01895606e-05, 3.45123193e-05)
( 4.18118463e-05, 3.59058792e-05)
( 4.33514546e-05, 3.72285598e-05)
( 4.48053616e-05, 3.84777585e-05)
( 4.61707121e-05, 3.96510173e-05)
( 4.74448252e-05, 4.07460279e-05)
( 4.86251997e-05, 4.17606366e-05)
( 4.97095196e-05, 4.26928482e-05)
( 5.06956582e-05, 4.35408303e-05)
( 5.15816824e-05, 4.43029169e-05)
( 5.23658573e-05, 4.49776117e-05)
( 5.30466485e-05, 4.55635914e-05)
( 5.36227262e-05, 4.60597080e-05)
( 5.40929672e-05, 4.64649911e-05)
( 5.44564574e-05, 4.67786500e-05)
( 5.47124935e-05, 4.70000754e-05)
( 5.48605843e-05, 4.71288403e-05)
( 5.49004519e-05, 4.71647010e-05)
( 5.48320322e-05, 4.71075975e-05)
( 5.46554746e-05, 4.69576538e-05)
( 5.43711425e-05, 4.67151775e-05)
( 5.39796116e-05, 4.63806594e-05)
( 5.34816694e-05, 4.59547719e-05)
( 5.28783135e-05, 4.54383686e-05)
( 5.21707496e-05, 4.48324818e-05)
( 5.13603888e-05, 4.41383209e-05)
( 5.04488452e-05, 4.33572696e-05)
( 4.94379325e-05, 4.24908837e-05)
( 4.83296605e-05, 4.15408874e-05)
( 4.71262308e-05, 4.05091703e-05)
( 4.58300329e-05, 3.93977834e-05)
( 4.44436391e-05, 3.82089351e-05)
( 4.29697994e-05, 3.69449869e-05)
( 4.14114364e-05, 3.56084486e-05)
( 3.97716391e-05, 3.42019733e-05)
( 3.80536570e-05, 3.27283520e-05)
( 3.62608936e-05, 3.11905084e-05)
( 3.43968995e-05, 2.95914928e-05)
( 3.24653659e-05, 2.79344762e-05)
( 3.04701167e-05, 2.62227438e-05)
( 2.84151013e-05, 2.44596888e-05)
( 2.63043864e-05, 2.26488053e-05)
( 2.41421487e-05, 2.07936816e-05)
( 2.19326657e-05, 1.88979929e-05)
( 1.96803080e-05, 1.69654943e-05)
( 1.73895303e-05, 1.50000130e-05)
( 1.50648628e-05, 1.30054411e-05)
( 1.27109019e-05, 1.09857273e-05)
( 1.03323017e-05, 8.94486979e-06)
( 7.93376416e-06, 6.88690769e-06)
( 5.52003038e-06, 4.81591343e-06)
( 3.09587093e-06, 2.73598454e-06)
( 6.66076512e-07, 6.51235539e-07)
(-1.76455144e-06,-1.43421018e-06)
(-4.19121029e-06,-3.51622855e-06)
(-6.60910561e-06,-5.59070297e-06)
(-9.01346067e-06,-7.65353249e-06)
(-1.13995258e-05,-9.70063988e-06)
(-1.37625879e-05,-1.17279797e-05)
(-1.60979794e-05,-1.37315464e-05)
(-1.84010879e-05,-1.57073820e-05)
(-2.06673648e-05,-1.76515843e-05)
(-2.28923345e-05,-1.95603140e-05)
(-2.50716033e-05,-2.14298031e-05)
(-2.72008677e-05,-2.32563615e-05)
(-2.92759232e-05,-2.50363850e-05)
(-3.12926726e-05,-2.67663616e-05)
(-3.32471335e-05,-2.84428795e-05)
(-3.51354469e-05,-3.00626328e-05)
(-3.69538843e-05,-3.16224285e-05)
(-3.86988550e-05,-3.31191930e-05)
(-4.03669134e-05,-3.45499776e-05)
(-4.19547657e-05,-3.59119648e-05)
(-4.34592764e-05,-3.72024734e-05)
(-4.48774741e-05,-3.84189643e-05)
(-4.62065578e-05,-3.95590448e-05)
(-4.74439023e-05,-4.06204741e-05)
(-4.85870630e-05,-4.16011670e-05)
(-4.96337812e-05,-4.24991984e-05)
(-5.05819880e-05,-4.33128067e-05)
(-5.14298090e-05,-4.40403978e-05)
(-5.21755673e-05,-4.46805476e-05)
(-5.28177870e-05,-4.52320052e-05)
(-5.33551965e-05,-4.56936951e-05)
(-5.37867303e-05,-4.60647194e-05)
(-5.41115316e-05,-4.63443594e-05)
(-5.43289539e-05,-4.65320772e-05)
(-5.44385618e-05,-4.66275164e-05)
(-5.44401325e-05,-4.66305031e-05)
(-5.43336558e-05,-4.65410459e-05)
(-5.41193340e-05,-4.63593361e-05)
(-5.37975821e-05,-4.60857470e-05)
(-5.33690263e-05,-4.57208332e-05)
(-5.28345029e-05,-4.52653298e-05)
(-5.21950571e-05,-4.47201503e-05)
(-5.14519403e-05,-4.40863852e-05)
(-5.06066081e-05,-4.33652998e-05)
(-4.96607172e-05,-4.25583312e-05)
(-4.86161221e-05,-4.16670860e-05)
(-4.74748716e-05,-4.06933367e-05)
(-4.62392046e-05,-3.96390184e-05)
(-4.49115460e-05,-3.85062246e-05)
(-4.34945014e-05,-3.72972035e-05)
(-4.19908526e-05,-3.60143531e-05)
(-4.04035515e-05,-3.46602168e-05)
(-3.87357148e-05,-3.32374778e-05)
(-3.69906176e-05,-3.17489544e-05)
(-3.51716871e-05,-3.01975941e-05)
(-3.32824956e-05,-2.85864676e-05)
(-3.13267540e-05,-2.69187632e-05)
(-2.93083039e-05,-2.51977799e-05)
(-2.72311104e-05,-2.34269212e-05)
(-2.50992542e-05,-2.16096884e-05)
(-2.29169238e-05,-1.97496734e-05)
(-2.06884069e-05,-1.78505519e-05)
(-1.84180822e-05,-1.59160761e-05)
(-1.61104109e-05,-1.39500670e-05)
(-1.37699276e-05,-1.19564072e-05)
(-1.14012318e-05,-9.93903285e-06)
(-9.00897843e-06,-7.90192637e-06)
(-6.59786920e-06,-5.84910820e-06)
(-4.17264293e-06,-3.78462905e-06)
(-1.73806645e-06,-1.71256184e-06)
( 7.01074775e-07, 3.63006301e-07)
( 3.13998609e-06, 2.43798207e-06)
( 5.57387302e-06, 4.50827406e-06)
( 7.99795074e-06, 6.56980086e-06)
( 1.04074534e-05, 8.61849902e-06)
( 1.27976436e-05, 1.06503311e-05)
( 1.51638216e-05, 1.26612936e-05)
( 1.75013346e-05, 1.46474247e-05)
( 1.98055858e-05, 1.66048124e-05)
( 2.20720435e-05, 1.85296019e-05)
( 2.42962502e-05, 2.04180030e-05)
( 2.64738310e-05, 2.22662982e-05)
( 2.86005023e-05, 2.40708493e-05)
( 3.06720804e-05, 2.58281049e-05)
( 3.26844897e-05, 2.75346074e-05)
( 3.46337705e-05, 2.91869995e-05)
( 3.65160869e-05, 3.07820312e-05)
( 3.83277346e-05, 3.23165656e-05)
( 4.00651476e-05, 3.37875857e-05)
( 4.17249059e-05, 3.51921998e-05)
( 4.33037418e-05, 3.65276474e-05)
( 4.47985463e-05, 3.77913045e-05)
( 4.62063758e-05, 3.89806887e-05)
( 4.75244570e-05, 4.00934642e-05)
( 4.87501931e-05, 4.11274464e-05)
( 4.98811687e-05, 4.20806058e-05)
( 5.09151545e-05, 4.29510723e-05)
( 5.18501118e-05, 4.37371387e-05)
( 5.26841963e-05, 4.44372641e-05)
( 5.34157622e-05, 4.50500769e-05)
( 5.40433650e-05, 4.55743774e-05)
( 5.45657647e-05, 4.60091400e-05)
( 5.49819281e-05, 4.63535154e-05)
( 5.52910309e-05, 4.66068323e-05)
( 5.54924594e-05, 4.67685982e-05)
( 5.55858115e-05, 4.68385010e-05)
( 5.55708981e-05, 4.68164090e-05)
( 5.54477427e-05, 4.67023716e-05)
( 5.52165822e-05, 4.64966186e-05)
( 5.48778659e-05, 4.61995605e-05)
( 5.44322548e-05, 4.58117868e-05)
( 5.38806206e-05, 4.53340654e-05)
( 5.32240436e-05, 4.47673410e-05)
( 5.24638110e-05, 4.41127327e-05)
( 5.16014141e-05, 4.33715326e-05)
( 5.06385458e-05, 4.25452026e-05)
( 4.95770967e-05, 4.16353715e-05)
( 4.84191520e-05, 4.06438324e-05)
( 4.71669873e-05, 3.95725383e-05)
( 4.58230639e-05, 3.84235988e-05)
( 4.43900243e-05, 3.71992758e-05)
( 4.28706870e-05, 3.59019790e-05)
( 4.12680406e-05, 3.45342612e-05)
( 3.95852387e-05, 3.30988130e-05)
( 3.78255930e-05, 3.15984580e-05)
( 3.59925673e-05, 3.00361467e-05)
( 3.40897704e-05, 2.84149511e-05)
( 3.21209494e-05, 2.67380583e-05)
( 3.00899819e-05, 2.50087645e-05)
( 2.80008688e-05, 2.32304684e-05)
( 2.58577262e-05, 2.14066646e-05)
( 2.36647775e-05, 1.95409364e-05)
( 2.14263450e-05, 1.76369491e-05)
( 1.91468413e-05, 1.56984428e-05)
( 1.68307610e-05, 1.37292247e-05)
( 1.44826715e-05, 1.17331619e-05)
( 1.21072042e-05, 9.71417371e-06)
( 9.70904530e-06, 7.67622404e-06)
( 7.29292683e-06, 5.62331342e-06)
( 4.86361697e-06, 3.55947122e-06)
( 2.42591093e-06, 1.48874780e-06)
(-1.53785821e-08,-5.84793569e-07)
(-2.45543084e-06,-2.65708460e-06)
(-4.88942658e-06,-4.72406003e-06)
(-7.31255749e-06,-6.78166561e-06)
(-9.72003573e-06,-8.82586607e-06)
(-1.21071033e-05,-1.08526530e-05)
(-1.44690416e-05,-1.28580528e-05)
(-1.68011804e-05,-1.48381345e-05)
(-1.90989076e-05,-1.67890174e-05)
(-2.13576777e-05,-1.87068787e-05)
(-2.35730214e-05,-2.05879611e-05)
(-2.57405538e-05,-2.24285801e-05)
(-2.78559839e-05,-2.42251313e-05)
(-2.99151221e-05,-2.59740974e-05)
(-3.19138895e-05,-2.76720553e-05)
(-3.38483250e-05,-2.93156824e-05)
(-3.57145941e-05,-3.09017637e-05)
(-3.75089957e-05,-3.24271978e-05)
(-3.92279700e-05,-3.38890029e-05)
(-4.08681053e-05,-3.52843228e-05)
(-4.24261448e-05,-3.66104327e-05)
(-4.38989931e-05,-3.78647440e-05)
(-4.52837226e-05,-3.90448101e-05)
(-4.65775788e-05,-4.01483307e-05)
(-4.77779863e-05,-4.11731564e-05)
(-4.88825537e-05,-4.21172930e-05)
(-4.98890784e-05,-4.29789057e-05)
(-5.07955510e-05,-4.37563220e-05)
(-5.16001596e-05,-4.44480357e-05)
(-5.23012928e-05,-4.50527095e-05)
(-5.28975438e-05,-4.55691776e-05)
(-5.33877125e-05,-4.59964484e-05)
(-5.37708083e-05,-4.63337056e-05)
(-5.40460521e-05,-4.65803110e-05)
(-5.42128779e-05,-4.67358046e-05)
(-5.42709338e-05,-4.67999062e-05)
(-5.42200832e-05,-4.67725159e-05)
(-5.40604046e-05,-4.66537138e-05)
(-5.37921918e-05,-4.64437605e-05)
(-5.34159536e-05,-4.61430963e-05)
(-5.29324123e-05,-4.57523401e-05)
(-5.23425028e-05,-4.52722885e-05)
(-5.16473708e-05,-4.47039142e-05)
(-5.08483703e-05,-4.40483641e-05)
(-4.99470614e-05,-4.33069567e-05)
(-4.89452068e-05,-4.24811799e-05)
(-4.78447687e-05,-4.15726881e-05)
(-4.66479051e-05,-4.05832984e-05)
(-4.53569653e-05,-3.95149879e-05)
(-4.39744853e-05,-3.83698889e-05)
(-4.25031831e-05,-3.71502852e-05)
(-4.09459533e-05,-3.58586076e-05)
(-3.93058613e-05,-3.44974290e-05)
(-3.75861373e-05,-3.30694593e-05)
(-3.57901701e-05,-3.15775402e-05)
(-3.39215005e-05,-3.00246393e-05)
(-3.19838139e-05,-2.84138447e-05)
(-2.99809336e-05,-2.67483584e-05)
(-2.79168131e-05,-2.50314906e-05)
(-2.57955280e-05,-2.32666525e-05)
(-2.36212683e-05,-2.14573501e-05)
(-2.13983303e-05,-1.96071770e-05)
(-1.91311076e-05,-1.77198072e-05)
(-1.68240829e-05,-1.57989885e-05)
(-1.44818189e-05,-1.38485342e-05)
(-1.21089493e-05,-1.18723162e-05)
(-9.71016995e-06,-9.87425721e-06)
(-7.29022913e-06,-7.85832284e-06)
(-4.85391845e-06,-5.82851398e-06)
(-2.40606328e-06,-3.78885879e-06)
( 4.84867494e-08,-1.74340477e-06)
( 2.50486739e-06, 3.03789266e-07)
( 4.95820939e-06, 2.34866116e-06)
( 7.40364808e-06, 4.38715346e-06)
( 9.83633311e-06, 6.41522148e-06)
( 1.22514380e-05, 8.42884122e-06)
( 1.46441696e-05, 1.04240174e-05)
( 1.70097778e-05, 1.23967912e-05)
( 1.93435648e-05, 1.43432485e-05)
( 2.16408946e-05, 1.62595270e-05)
( 2.38972018e-05, 1.81418243e-05)
( 2.61080011e-05, 1.99864055e-05)
( 2.82688961e-05, 2.17896102e-05)
( 3.03755878e-05, 2.35478600e-05)
( 3.24238833e-05, 2.52576655e-05)
( 3.44097042e-05, 2.69156334e-05)
( 3.63290947e-05, 2.85184730e-05)
( 3.81782292e-05, 3.00630027e-05)
( 3.99534202e-05, 3.15461564e-05)
( 4.16511255e-05, 3.29649897e-05)
( 4.32679553e-05, 3.43166854e-05)
( 4.48006789e-05, 3.55985594e-05)
( 4.62462313e-05, 3.68080659e-05)
( 4.76017189e-05, 3.79428025e-05)
( 4.88644257e-05, 3.90005146e-05)
( 5.00318185e-05, 3.99791007e-05)
( 5.11015520e-05, 4.08766156e-05)
( 5.20714735e-05, 4.16912749e-05)
( 5.29396271e-05, 4.24214583e-05)
( 5.37042578e-05, 4.30657130e-05)
( 5.43638147e-05, 4.36227563e-05)
( 5.49169545e-05, 4.40914783e-05)
( 5.53625440e-05, 4.44709442e-05)
( 5.56996621e-05, 4.47603961e-05)
( 5.59276024e-05, 4.49592543e-05)
( 5.60458736e-05, 4.50671187e-05)
( 5.60542016e-05, 4.50837697e-05)
( 5.59525292e-05, 4.50091682e-05)
( 5.57410167e-05, 4.48434562e-05)
( 5.54200416e-05, 4.45869560e-05)
( 5.49901976e-05, 4.42401700e-05)
( 5.44522937e-05, 4.38037797e-05)
( 5.38073527e-05, 4.32786438e-05)
( 5.30566089e-05, 4.26657973e-05)
( 5.22015059e-05, 4.19664489e-05)
( 5.12436936e-05, 4.11819786e-05)
( 5.01850253e-05, 4.03139353e-05)
( 4.90275535e-05, 3.93640335e-05)
( 4.77735265e-05, 3.83341499e-05)
( 4.64253833e-05, 3.72263199e-05)
( 4.49857494e-05, 3.60427332e-05)
( 4.34574312e-05, 3.47857297e-05)
( 4.18434105e-05, 3.34577948e-05)
( 4.01468390e-05, 3.20615544e-05)
( 3.83710314e-05, 3.05997700e-05)
( 3.65194596e-05, 2.90753327e-05)
( 3.45957452e-05, 2.74912579e-05)
( 3.26036526e-05, 2.58506791e-05)
( 3.05470818e-05, 2.41568417e-05)
( 2.84300602e-05, 2.24130967e-05)
( 2.62567350e-05, 2.06228938e-05)
( 2.40313648e-05, 1.87897748e-05)
( 2.17583113e-05, 1.69173665e-05)
( 1.94420306e-05, 1.50093732e-05)
( 1.70870645e-05, 1.30695700e-05)
( 1.46980312e-05, 1.11017945e-05)
( 1.22796167e-05, 9.10993990e-06)
( 9.83656488e-06, 7.09794686e-06)
( 7.37366867e-06, 5.06979575e-06)
( 4.89576024e-06, 3.02949882e-06)
( 2.40770157e-06, 9.81092173e-07)
(-8.56251923e-08,-1.07137220e-06)
(-2.57932741e-06,-3.12383448e-06)
(-5.06851161e-06,-5.17223509e-06)
(-7.54829318e-06,-7.21252274e-06)
(-1.00138060e-05,-9.24066245e-06)
(-1.24602122e-05,-1.12526436e-05)
(-1.48827114e-05,-1.32444877e-05)
(-1.72765507e-05,-1.52122566e-05)
(-1.96370336e-05,-1.71520602e-05)
(-2.19595295e-05,-1.90600638e-05)
(-2.42394830e-05,-2.09324961e-05)
(-2.64724225e-05,-2.27656568e-05)
(-2.86539694e-05,-2.45559233e-05)
(-3.07798468e-05,-2.62997585e-05)
(-3.28458875e-05,-2.79937175e-05)
(-3.48480427e-05,-2.96344545e-05)
(-3.67823897e-05,-3.12187293e-05)
(-3.86451400e-05,-3.27434140e-05)
(-4.04326462e-05,-3.42054987e-05)
(-4.21414097e-05,-3.56020981e-05)
(-4.37680875e-05,-3.69304564e-05)
(-4.53094987e-05,-3.81879535e-05)
(-4.67626308e-05,-3.93721097e-05)
(-4.81246457e-05,-4.04805907e-05)
(-4.93928851e-05,-4.15112122e-05)
(-5.05648761e-05,-4.24619442e-05)
(-5.16383356e-05,-4.33309150e-05)
(-5.26111754e-05,-4.41164148e-05)
(-5.34815056e-05,-4.48168993e-05)
(-5.42476389e-05,-4.54309922e-05)
(-5.49080937e-05,-4.59574883e-05)
(-5.54615968e-05,-4.63953559e-05)
(-5.59070862e-05,-4.67437385e-05)
(-5.62437132e-05,-4.70019565e-05)
(-5.64708437e-05,-4.71695085e-05)
(-5.65880598e-05,-4.72460725e-05)
(-5.65951605e-05,-4.72315062e-05)
(-5.64921619e-05,-4.71258471e-05)
(-5.62792973e-05,-4.69293127e-05)
(-5.59570167e-05,-4.66422999e-05)
(-5.55259861e-05,-4.62653840e-05)
(-5.49870857e-05,-4.57993176e-05)
(-5.43414084e-05,-4.52450289e-05)
(-5.35902578e-05,-4.46036201e-05)
(-5.27351452e-05,-4.38763649e-05)
(-5.17777870e-05,-4.30647060e-05)
(-5.07201010e-05,-4.21702520e-05)
(-4.95642027e-05,-4.11947743e-05)
(-4.83124012e-05,-4.01402036e-05)
(-4.69671945e-05,-3.90086259e-05)
(-4.55312644e-05,-3.78022780e-05)
(-4.40074716e-05,-3.65235437e-05)
(-4.23988497e-05,-3.51749483e-05)
(-4.07085994e-05,-3.37591539e-05)
(-3.89400820e-05,-3.22789540e-05)
(-3.70968129e-05,-3.07372679e-05)
(-3.51824546e-05,-2.91371347e-05)
(-3.32008092e-05,-2.74817075e-05)
(-3.11558115e-05,-2.57742470e-05)
(-2.90515207e-05,-2.40181146e-05)
(-2.68921125e-05,-2.22167664e-05)
(-2.46818710e-05,-2.03737456e-05)
(-2.24251801e-05,-1.84926761e-05)
(-2.01265149e-05,-1.65772546e-05)
(-1.77904330e-05,-1.46312438e-05)
(-1.54215652e-05,-1.26584645e-05)
(-1.30246067e-05,-1.06627883e-05)
(-1.06043074e-05,-8.64812965e-06)
(-8.16546331e-06,-6.61843838e-06)
(-5.71290615e-06,-4.57769155e-06)
(-3.25149451e-06,-2.52988572e-06)
(-7.86103991e-07,-4.79028989e-07)
( 1.67838235e-06, 1.57086696e-06)
( 4.13708362e-06, 3.61579478e-06)
( 6.58513070e-06, 5.65175941e-06)
( 9.01767587e-06, 7.67478598e-06)
( 1.14299023e-05, 9.68092766e-06)
( 1.38170337e-05, 1.16662735e-05)
( 1.61743434e-05, 1.36269559e-05)
( 1.84971639e-05, 1.55591589e-05)
( 2.07808963e-05, 1.74591247e-05)
( 2.30210188e-05, 1.93231620e-05)
( 2.52130958e-05, 2.11476526e-05)
( 2.73527872e-05, 2.29290592e-05)
( 2.94358559e-05, 2.46639314e-05)
( 3.14581771e-05, 2.63489133e-05)
( 3.34157459e-05, 2.79807498e-05)
( 3.53046854e-05, 2.95562929e-05)
( 3.71212541e-05, 3.10725078e-05)
( 3.88618535e-05, 3.25264791e-05)
( 4.05230354e-05, 3.39154162e-05)
( 4.21015079e-05, 3.52366588e-05)
( 4.35941429e-05, 3.64876824e-05)
( 4.49979813e-05, 3.76661027e-05)
( 4.63102398e-05, 3.87696804e-05)
( 4.75283155e-05, 3.97963257e-05)
( 4.86497915e-05, 4.07441021e-05)
( 4.96724418e-05, 4.16112303e-05)
( 5.05942352e-05, 4.23960915e-05)
( 5.14133398e-05, 4.30972304e-05)
( 5.21281265e-05, 4.37133583e-05)
( 5.27371718e-05, 4.42433550e-05)
( 5.32392613e-05, 4.46862713e-05)
( 5.36333916e-05, 4.50413308e-05)
( 5.39187727e-05, 4.53079310e-05)
( 5.40948292e-05, 4.54856443e-05)
( 5.41612017e-05, 4.55742194e-05)
( 5.41177473e-05, 4.55735807e-05)
( 5.39645402e-05, 4.54838292e-05)
( 5.37018716e-05, 4.53052415e-05)
( 5.33302489e-05, 4.50382696e-05)
( 5.28503947e-05, 4.46835395e-05)
( 5.22632458e-05, 4.42418501e-05)
( 5.15699512e-05, 4.37141714e-05)
( 5.07718696e-05, 4.31016425e-05)
( 4.98705674e-05, 4.24055692e-05)
( 4.88678150e-05, 4.16274211e-05)
( 4.77655836e-05, 4.07688289e-05)
( 4.65660418e-05, 3.98315809e-05)
( 4.52715507e-05, 3.88176193e-05)
( 4.38846595e-05, 3.77290363e-05)
( 4.24081010e-05, 3.65680701e-05)
( 4.08447855e-05, 3.53370997e-05)
( 3.91977960e-05, 3.40386409e-05)
( 3.74703813e-05, 3.26753407e-05)
( 3.56659504e-05, 3.12499722e-05)
( 3.37880652e-05, 2.97654290e-05)
( 3.18404341e-05, 2.82247191e-05)
( 2.98269045e-05, 2.66309595e-05)
( 2.77514553e-05, 2.49873694e-05)
( 2.56181891e-05, 2.32972641e-05)
( 2.34313241e-05, 2.15640481e-05)
( 2.11951861e-05, 1.97912086e-05)
( 1.89141998e-05, 1.79823084e-05)
( 1.65928804e-05, 1.61409789e-05)
( 1.42358242e-05, 1.42709127e-05)
( 1.18477005e-05, 1.23758566e-05)
( 9.43324144e-06, 1.04596037e-05)
( 6.99723355e-06, 8.52598633e-06)
( 4.54450791e-06, 6.57886830e-06)
( 2.07993081e-06, 4.62213715e-06)
(-3.91605778e-07, 2.65969655e-06)
(-2.86519384e-06, 6.95458621e-07)
(-5.33591892e-06,-1.26666385e-06)
(-7.79886982e-06,-3.22276511e-06)
(-1.02491482e-05,-5.16895413e-06)
(-1.26818782e-05,-7.10136227e-06)
(-1.50922161e-05,-9.01615092e-06)
(-1.74753597e-05,-1.09095190e-05)
(-1.98265580e-05,-1.27777106e-05)
(-2.21411203e-05,-1.46170219e-05)
(-2.44144257e-05,-1.64238092e-05)
(-2.66419319e-05,-1.81944953e-05)
(-2.88191844e-05,-1.99255770e-05)
(-3.09418253e-05,-2.16136317e-05)
(-3.30056017e-05,-2.32553243e-05)
(-3.50063742e-05,-2.48474136e-05)
(-3.69401252e-05,-2.63867586e-05)
(-3.88029668e-05,-2.78703248e-05)
(-4.05911483e-05,-2.92951898e-05)
(-4.23010639e-05,-3.06585495e-05)
(-4.39292597e-05,-3.19577230e-05)
(-4.54724407e-05,-3.31901583e-05)
(-4.69274772e-05,-3.43534367e-05)
(-4.82914110e-05,-3.54452783e-05)
(-4.95614615e-05,-3.64635455e-05)
(-5.07350312e-05,-3.74062478e-05)
(-5.18097107e-05,-3.82715455e-05)
(-5.27832839e-05,-3.90577529e-05)
(-5.36537320e-05,-3.97633420e-05)
(-5.44192380e-05,-4.03869452e-05)
(-5.50781901e-05,-4.09273581e-05)
(-5.56291851e-05,-4.13835415e-05)
(-5.60710313e-05,-4.17546234e-05)
(-5.64027510e-05,-4.20399010e-05)
(-5.66235822e-05,-4.22388416e-05)
(-5.67329806e-05,-4.23510839e-05)
(-5.67306209e-05,-4.23764384e-05)
(-5.66163969e-05,-4.23148878e-05)
(-5.63904228e-05,-4.21665868e-05)
(-5.60530321e-05,-4.19318620e-05)
(-5.56047779e-05,-4.16112110e-05)
(-5.50464315e-05,-4.12053015e-05)
(-5.43789810e-05,-4.07149697e-05)
(-5.36036299e-05,-4.01412189e-05)
(-5.27217944e-05,-3.94852170e-05)
(-5.17351008e-05,-3.87482947e-05)
(-5.06453828e-05,-3.79319425e-05)
(-4.94546778e-05,-3.70378076e-05)
(-4.81652228e-05,-3.60676909e-05)
(-4.67794504e-05,-3.50235434e-05)
(-4.52999843e-05,-3.39074621e-05)
(-4.37296338e-05,-3.27216858e-05)
(-4.20713887e-05,-3.14685911e-05)
(-4.03284135e-05,-3.01506871e-05)
(-3.85040414e-05,-2.87706109e-05)
(-3.66017674e-05,-2.73311221e-05)
(-3.46252423e-05,-2.58350976e-05)
(-3.25782648e-05,-2.42855254e-05)
(-3.04647747e-05,-2.26854995e-05)
(-2.82888450e-05,-2.10382131e-05)
(-2.60546740e-05,-1.93469525e-05)
(-2.37665774e-05,-1.76150910e-05)
(-2.14289793e-05,-1.58460815e-05)
(-1.90464041e-05,-1.40434506e-05)
(-1.66234676e-05,-1.22107907e-05)
(-1.41648677e-05,-1.03517538e-05)
(-1.16753755e-05,-8.47004389e-06)
(-9.15982585e-06,-6.56940952e-06)
(-6.62310781e-06,-4.65363679e-06)
(-4.07015525e-06,-2.72654170e-06)
(-1.50593706e-06,-7.91962684e-07)
( 1.06455259e-06, 1.14624690e-06)
( 3.63630402e-06, 3.08422639e-06)
( 6.20430194e-06, 5.01811534e-06)
( 8.76353523e-06, 6.94406116e-06)
( 1.13090069e-05, 8.85822666e-06)
( 1.38357437e-05, 1.07567975e-05)
( 1.63388064e-05, 1.26359900e-05)
( 1.88132988e-05, 1.44920579e-05)
( 2.12543782e-05, 1.63213006e-05)
( 2.36572643e-05, 1.81200696e-05)
( 2.60172490e-05, 1.98847762e-05)
( 2.83297055e-05, 2.16118984e-05)
( 3.05900977e-05, 2.32979875e-05)
( 3.27939889e-05, 2.49396756e-05)
( 3.49370507e-05, 2.65336813e-05)
( 3.70150718e-05, 2.80768169e-05)
( 3.90239660e-05, 2.95659942e-05)
( 4.09597805e-05, 3.09982308e-05)
( 4.28187036e-05, 3.23706557e-05)
( 4.45970726e-05, 3.36805154e-05)
( 4.62913807e-05, 3.49251787e-05)
( 4.78982844e-05, 3.61021424e-05)
( 4.94146097e-05, 3.72090359e-05)
( 5.08373588e-05, 3.82436260e-05)
( 5.21637161e-05, 3.92038212e-05)
( 5.33910536e-05, 4.00876758e-05)
( 5.45169362e-05, 4.08933941e-05)
( 5.55391267e-05, 4.16193332e-05)
( 5.64555906e-05, 4.22640070e-05)
( 5.72644995e-05, 4.28260885e-05)
( 5.79642354e-05, 4.33044130e-05)
( 5.85533936e-05, 4.36979798e-05)
( 5.90307861e-05, 4.40059548e-05)
( 5.93954433e-05, 4.42276715e-05)
( 5.96466166e-05, 4.43626330e-05)
( 5.97837796e-05, 4.44105124e-05)
( 5.98066297e-05, 4.43711538e-05)
( 5.97150883e-05, 4.42445727e-05)
( 5.95093011e-05, 4.40309555e-05)
( 5.91896384e-05, 4.37306598e-05)
( 5.87566937e-05, 4.33442133e-05)
( 5.82112833e-05, 4.28723128e-05)
( 5.75544445e-05, 4.23158231e-05)
( 5.67874334e-05, 4.16757751e-05)
( 5.59117229e-05, 4.09533639e-05)
( 5.49289998e-05, 4.01499465e-05)
( 5.38411611e-05, 3.92670390e-05)
( 5.26503111e-05, 3.83063139e-05)
( 5.13587566e-05, 3.72695966e-05)
( 4.99690027e-05, 3.61588621e-05)
( 4.84837481e-05, 3.49762308e-05)
( 4.69058795e-05, 3.37239647e-05)
( 4.52384661e-05, 3.24044628e-05)
( 4.34847537e-05, 3.10202564e-05)
( 4.16481580e-05, 2.95740043e-05)
( 3.97322584e-05, 2.80684875e-05)
( 3.77407904e-05, 2.65066037e-05)
( 3.56776387e-05, 2.48913617e-05)
( 3.35468296e-05, 2.32258757e-05)
( 3.13525224e-05, 2.15133589e-05)
( 2.90990020e-05, 1.97571171e-05)
( 2.67906701e-05, 1.79605429e-05)
( 2.44320366e-05, 1.61271084e-05)
( 2.20277105e-05, 1.42603584e-05)
( 1.95823910e-05, 1.23639040e-05)
( 1.71008583e-05, 1.04414151e-05)
( 1.45879638e-05, 8.49661315e-06)
( 1.20486209e-05, 6.53326415e-06)
( 9.48779514e-06, 4.55517104e-06)
( 6.91049426e-06, 2.56616632e-06)
( 4.32175842e-06, 5.70104527e-07)
( 1.72665022e-06,-1.42914533e-06)
(-8.69755380e-07,-3.42770738e-06)
(-3.46238107e-06,-5.42170646e-06)
(-6.04615727e-06,-7.40727577e-06)
(-8.61603215e-06,-9.38056442e-06)
(-1.11669817e-05,-1.13377450e-05)
(-1.36940195e-05,-1.32750212e-05)
(-1.61922070e-05,-1.51886350e-05)
(-1.86566628e-05,-1.70748744e-05)
(-2.10825729e-05,-1.89300805e-05)
(-2.34651995e-05,-2.07506545e-05)
(-2.57998913e-05,-2.25330654e-05)
(-2.80820921e-05,-2.42738561e-05)
(-3.03073498e-05,-2.59696510e-05)
(-3.24713258e-05,-2.76171620e-05)
(-3.45698029e-05,-2.92131953e-05)
(-3.65986943e-05,-3.07546576e-05)
(-3.85540514e-05,-3.22385621e-05)
(-4.04320714e-05,-3.36620346e-05)
(-4.22291054e-05,-3.50223187e-05)
(-4.39416652e-05,-3.63167818e-05)
(-4.55664305e-05,-3.75429197e-05)
(-4.71002552e-05,-3.86983620e-05)
(-4.85401738e-05,-3.97808762e-05)
(-4.98834075e-05,-4.07883727e-05)
(-5.11273691e-05,-4.17189085e-05)
(-5.22696689e-05,-4.25706910e-05)
(-5.33081187e-05,-4.33420819e-05)
(-5.42407367e-05,-4.40315997e-05)
(-5.50657512e-05,-4.46379233e-05)
(-5.57816039e-05,-4.51598942e-05)
(-5.63869534e-05,-4.55965188e-05)
(-5.68806774e-05,-4.59469704e-05)
(-5.72618752e-05,-4.62105908e-05)
(-5.75298695e-05,-4.63868914e-05)
(-5.76842074e-05,-4.64755544e-05)
(-5.77246616e-05,-4.64764331e-05)
(-5.76512307e-05,-4.63895523e-05)
(-5.74641391e-05,-4.62151083e-05)
(-5.71638366e-05,-4.59534683e-05)
(-5.67509976e-05,-4.56051696e-05)
(-5.62265194e-05,-4.51709188e-05)
(-5.55915207e-05,-4.46515898e-05)
(-5.48473391e-05,-4.40482228e-05)
(-5.39955285e-05,-4.33620215e-05)
(-5.30378561e-05,-4.25943509e-05)
(-5.19762987e-05,-4.17467347e-05)
(-5.08130386e-05,-4.08208522e-05)
(-4.95504596e-05,-3.98185346e-05)
(-4.81911418e-05,-3.87417618e-05)
(-4.67378568e-05,-3.75926582e-05)
(-4.51935617e-05,-3.63734884e-05)
(-4.35613939e-05,-3.50866527e-05)
(-4.18446638e-05,-3.37346825e-05)
(-4.00468492e-05,-3.23202348e-05)
(-3.81715876e-05,-3.08460875e-05)
(-3.62226695e-05,-2.93151332e-05)
(-3.42040302e-05,-2.77303741e-05)
(-3.21197424e-05,-2.60949153e-05)
(-2.99740081e-05,-2.44119593e-05)
(-2.77711499e-05,-2.26847991e-05)
(-2.55156024e-05,-2.09168120e-05)
(-2.32119035e-05,-1.91114524e-05)
(-2.08646855e-05,-1.72722457e-05)
(-1.84786655e-05,-1.54027804e-05)
(-1.60586360e-05,-1.35067016e-05)
(-1.36094557e-05,-1.15877035e-05)
(-1.11360396e-05,-9.64952209e-06)
(-8.64334896e-06,-7.69592779e-06)
(-6.13638187e-06,-5.73071787e-06)
(-3.62016298e-06,-3.75770897e-06)
(-1.09973357e-06,-1.78072950e-06)
( 1.41985845e-06, 1.96387871e-07)
( 3.93356866e-06, 2.16981391e-06)
( 6.43636613e-06, 4.13573033e-06)
( 8.92324344e-06, 6.09033738e-06)
( 1.13892266e-05, 8.02986133e-06)
( 1.38293852e-05, 9.95056196e-06)
( 1.62388416e-05, 1.18487399e-05)
( 1.86127815e-05, 1.37207440e-05)
( 2.09464628e-05, 1.55629785e-05)
( 2.32352251e-05, 1.73719100e-05)
( 2.54744996e-05, 1.91440746e-05)
( 2.76598173e-05, 2.08760846e-05)
( 2.97868183e-05, 2.25646350e-05)
( 3.18512607e-05, 2.42065105e-05)
( 3.38490286e-05, 2.57985911e-05)
( 3.57761403e-05, 2.73378587e-05)
( 3.76287564e-05, 2.88214029e-05)
( 3.94031875e-05, 3.02464263e-05)
( 4.10959009e-05, 3.16102506e-05)
( 4.27035286e-05, 3.29103213e-05)
( 4.42228729e-05, 3.41442127e-05)
( 4.56509135e-05, 3.53096329e-05)
( 4.69848131e-05, 3.64044276e-05)
( 4.82219233e-05, 3.74265850e-05)
( 4.93597894e-05, 3.83742391e-05)
( 5.03961556e-05, 3.92456734e-05)
( 5.13289695e-05, 4.00393241e-05)
( 5.21563858e-05, 4.07537831e-05)
( 5.28767703e-05, 4.13878006e-05)
( 5.34887028e-05, 4.19402875e-05)
( 5.39909803e-05, 4.24103172e-05)
( 5.43826188e-05, 4.27971273e-05)
( 5.46628558e-05, 4.31001210e-05)
( 5.48311515e-05, 4.33188678e-05)
( 5.48871897e-05, 4.34531048e-05)
( 5.48308787e-05, 4.35027363e-05)
( 5.46623514e-05, 4.34678340e-05)
( 5.43819648e-05, 4.33486369e-05)
( 5.39902996e-05, 4.31455504e-05)
( 5.34881587e-05, 4.28591452e-05)
( 5.28765658e-05, 4.24901560e-05)
( 5.21567632e-05, 4.20394800e-05)
( 5.13302095e-05, 4.15081746e-05)
( 5.03985765e-05, 4.08974553e-05)
( 4.93637462e-05, 4.02086929e-05)
( 4.82278064e-05, 3.94434108e-05)
( 4.69930474e-05, 3.86032814e-05)
( 4.56619567e-05, 3.76901228e-05)
( 4.42372145e-05, 3.67058948e-05)
( 4.27216884e-05, 3.56526950e-05)
( 4.11184272e-05, 3.45327544e-05)
( 3.94306556e-05, 3.33484323e-05)
( 3.76617672e-05, 3.21022122e-05)
( 3.58153181e-05, 3.07966958e-05)
( 3.38950197e-05, 2.94345985e-05)
( 3.19047313e-05, 2.80187429e-05)
( 2.98484528e-05, 2.65520537e-05)
( 2.77303164e-05, 2.50375515e-05)
( 2.55545785e-05, 2.34783465e-05)
( 2.33256115e-05, 2.18776322e-05)
( 2.10478947e-05, 2.02386791e-05)
( 1.87260062e-05, 1.85648278e-05)
( 1.63646127e-05, 1.68594821e-05)
( 1.39684616e-05, 1.51261025e-05)
( 1.15423703e-05, 1.33681990e-05)
( 9.09121790e-06, 1.15893240e-05)
( 6.61993452e-06, 9.79306504e-06)
( 4.13349217e-06, 7.98303766e-06)
( 1.63689469e-06, 6.16287820e-06)
(-8.64832100e-07, 4.33623641e-06)
(-3.36665035e-06, 2.50676815e-06)
(-5.86352016e-06, 6.78128048e-07)
(-8.35040951e-06,-1.14603774e-06)
(-1.08223043e-05,-2.96209889e-06)
(-1.32742180e-05,-4.76644807e-06)
(-1.57012021e-05,-6.55550816e-06)
(-1.80983553e-05,-8.32573935e-06)
(-2.04608333e-05,-1.00736462e-05)
(-2.27838589e-05,-1.17957843e-05)
(-2.50627309e-05,-1.34887676e-05)
(-2.72928336e-05,-1.51492746e-05)
(-2.94696460e-05,-1.67740550e-05)
(-3.15887508e-05,-1.83599362e-05)
(-3.36458430e-05,-1.99038296e-05)
(-3.56367386e-05,-2.14027362e-05)
(-3.75573829e-05,-2.28537530e-05)
(-3.94038583e-05,-2.42540782e-05)
(-4.11723925e-05,-2.56010170e-05)
(-4.28593659e-05,-2.68919865e-05)
(-4.44613184e-05,-2.81245210e-05)
(-4.59749569e-05,-2.92962762e-05)
(-4.73971615e-05,-3.04050343e-05)
(-4.87249918e-05,-3.14487081e-05)
(-4.99556930e-05,-3.24253443e-05)
(-5.10867011e-05,-3.33331283e-05)
(-5.21156481e-05,-3.41703865e-05)
(-5.30403673e-05,-3.49355902e-05)
(-5.38588969e-05,-3.56273580e-05)
(-5.45694845e-05,-3.62444583e-05)
(-5.51705905e-05,-3.67858120e-05)
(-5.56608913e-05,-3.72504938e-05)
(-5.60392822e-05,-3.76377339e-05)
(-5.63048793e-05,-3.79469196e-05)
(-5.64570218e-05,-3.81775962e-05)
(-5.64952732e-05,-3.83294673e-05)
(-5.64194224e-05,-3.84023953e-05)
(-5.62294844e-05,-3.83964018e-05)
(-5.59257001e-05,-3.83116665e-05)
(-5.55085363e-05,-3.81485275e-05)
(-5.49786848e-05,-3.79074795e-05)
(-5.43370612e-05,-3.75891732e-05)
(-5.35848032e-05,-3.71944133e-05)
(-5.27232690e-05,-3.67241570e-05)
(-5.17540339e-05,-3.61795116e-05)
(-5.06788884e-05,-3.55617321e-05)
(-4.94998340e-05,-3.48722184e-05)
(-4.82190800e-05,-3.41125125e-05)
(-4.68390391e-05,-3.32842948e-05)
(-4.53623228e-05,-3.23893810e-05)
(-4.37917366e-05,-3.14297178e-05)
(-4.21302743e-05,-3.04073790e-05)
(-4.03811129e-05,-2.93245612e-05)
(-3.85476059e-05,-2.81835792e-05)
(-3.66332773e-05,-2.69868613e-05)
(-3.46418146e-05,-2.57369438e-05)
(-3.25770617e-05,-2.44364664e-05)
(-3.04430119e-05,-2.30881663e-05)
(-2.82437995e-05,-2.16948730e-05)
(-2.59836924e-05,-2.02595020e-05)
(-2.36670839e-05,-1.87850492e-05)
(-2.12984835e-05,-1.72745849e-05)
(-1.88825091e-05,-1.57312473e-05)
(-1.64238772e-05,-1.41582360e-05)
(-1.39273946e-05,-1.25588060e-05)
(-1.13979482e-05,-1.09362608e-05)
(-8.84049601e-06,-9.29394586e-06)
(-6.26005758e-06,-7.63524171e-06)
(-3.66170390e-06,-5.96355734e-06)
(-1.05054767e-06,-4.28232325e-06)
( 1.56826667e-06,-2.59498463e-06)
( 4.18957301e-06,-9.04994410e-07)
( 6.80819366e-06, 7.84193548e-07)
( 9.41894952e-06, 2.46913142e-06)
( 1.20166702e-05, 4.14638425e-06)
( 1.45962041e-05, 5.81253679e-06)
( 1.71524288e-05, 7.46420027e-06)
( 1.96802606e-05, 9.09801913e-06)
( 2.21746651e-05, 1.07106777e-05)
( 2.46306668e-05, 1.22989066e-05)
( 2.70433590e-05, 1.38594895e-05)
( 2.94079135e-05, 1.53892692e-05)
( 3.17195899e-05, 1.68851539e-05)
( 3.39737456e-05, 1.83441234e-05)
( 3.61658444e-05, 1.97632349e-05)
( 3.82914658e-05, 2.11396287e-05)
( 4.03463136e-05, 2.24705343e-05)
( 4.23262250e-05, 2.37532750e-05)
( 4.42271781e-05, 2.49852740e-05)
( 4.60453006e-05, 2.61640585e-05)
( 4.77768773e-05, 2.72872656e-05)
( 4.94183576e-05, 2.83526459e-05)
( 5.09663628e-05, 2.93580683e-05)
( 5.24176927e-05, 3.03015243e-05)
( 5.37693323e-05, 3.11811315e-05)
( 5.50184576e-05, 3.19951376e-05)
( 5.61624420e-05, 3.27419233e-05)
( 5.71988611e-05, 3.34200059e-05)
( 5.81254979e-05, 3.40280420e-05)
( 5.89403475e-05, 3.45648296e-05)
( 5.96416213e-05, 3.50293110e-05)
( 6.02277508e-05, 3.54205747e-05)
( 6.06973906e-05, 3.57378565e-05)
( 6.10494218e-05, 3.59805418e-05)
( 6.12829543e-05, 3.61481659e-05)
( 6.13973289e-05, 3.62404154e-05)
( 6.13921187e-05, 3.62571284e-05)
( 6.12671306e-05, 3.61982949e-05)
( 6.10224056e-05, 3.60640566e-05)
( 6.06582192e-05, 3.58547067e-05)
( 6.01750813e-05, 3.55706889e-05)
( 5.95737355e-05, 3.52125969e-05)
( 5.88551576e-05, 3.47811728e-05)
( 5.80205544e-05, 3.42773056e-05)
( 5.70713616e-05, 3.37020296e-05)
( 5.60092410e-05, 3.30565220e-05)
( 5.48360779e-05, 3.23421005e-05)
( 5.35539776e-05, 3.15602211e-05)
( 5.21652614e-05, 3.07124745e-05)
( 5.06724627e-05, 2.98005833e-05)
( 4.90783218e-05, 2.88263986e-05)
( 4.73857814e-05, 2.77918960e-05)
( 4.55979807e-05, 2.66991720e-05)
( 4.37182497e-05, 2.55504394e-05)
( 4.17501028e-05, 2.43480234e-05)
( 3.96972324e-05, 2.30943566e-05)
( 3.75635016e-05, 2.17919741e-05)
( 3.53529370e-05, 2.04435089e-05)
( 3.30697212e-05, 1.90516862e-05)
( 3.07181846e-05, 1.76193186e-05)
( 2.83027970e-05, 1.61492996e-05)
( 2.58281595e-05, 1.46445989e-05)
( 2.32989950e-05, 1.31082558e-05)
( 2.07201398e-05, 1.15433736e-05)
( 1.80965338e-05, 9.95311314e-06)
( 1.54332111e-05, 8.34068681e-06)
( 1.27352901e-05, 6.70935211e-06)
( 1.00079640e-05, 5.06240525e-06)
( 7.25649033e-06, 3.40317457e-06)
( 4.48618081e-06, 1.73501403e-06)
( 1.70239109e-06, 6.12965703e-08)
(-1.08948974e-06,-1.61459254e-06)
(-3.88404965e-06,-3.28926241e-06)
(-6.67586428e-06,-4.95932318e-06)
(-9.45950754e-06,-6.62139277e-06)
(-1.22295623e-05,-8.27210353e-06)
(-1.49806308e-05,-9.90810887e-06)
(-1.77073456e-05,-1.15260899e-05)
(-2.04043800e-05,-1.31227621e-05)
(-2.30664584e-05,-1.46948815e-05)
(-2.56883668e-05,-1.62392515e-05)
(-2.82649632e-05,-1.77527288e-05)
(-3.07911877e-05,-1.92322301e-05)
(-3.32620724e-05,-2.06747377e-05)
(-3.56727515e-05,-2.20773059e-05)
(-3.80184707e-05,-2.34370665e-05)
(-4.02945971e-05,-2.47512348e-05)
(-4.24966276e-05,-2.60171150e-05)
(-4.46201989e-05,-2.72321055e-05)
(-4.66610955e-05,-2.83937043e-05)
(-4.86152585e-05,-2.94995137e-05)
(-5.04787933e-05,-3.05472453e-05)
(-5.22479782e-05,-3.15347247e-05)
(-5.39192711e-05,-3.24598954e-05)
(-5.54893171e-05,-3.33208236e-05)
(-5.69549552e-05,-3.41157013e-05)
(-5.83132245e-05,-3.48428508e-05)
(-5.95613707e-05,-3.55007274e-05)
(-6.06968513e-05,-3.60879230e-05)
(-6.17173407e-05,-3.66031688e-05)
(-6.26207357e-05,-3.70453378e-05)
(-6.34051591e-05,-3.74134474e-05)
(-6.40689637e-05,-3.77066614e-05)
(-6.46107365e-05,-3.79242913e-05)
(-6.50293007e-05,-3.80657987e-05)
(-6.53237189e-05,-3.81307955e-05)
(-6.54932948e-05,-3.81190456e-05)
(-6.55375752e-05,-3.80304650e-05)
(-6.54563507e-05,-3.78651222e-05)
(-6.52496566e-05,-3.76232385e-05)
(-6.49177728e-05,-3.73051872e-05)
(-6.44612238e-05,-3.69114934e-05)
(-6.38807776e-05,-3.64428332e-05)
(-6.31774445e-05,-3.59000320e-05)
(-6.23524752e-05,-3.52840634e-05)
(-6.14073589e-05,-3.45960475e-05)
(-6.03438201e-05,-3.38372485e-05)
(-5.91638158e-05,-3.30090728e-05)
(-5.78695313e-05,-3.21130658e-05)
(-5.64633769e-05,-3.11509097e-05)
(-5.49479824e-05,-3.01244194e-05)
(-5.33261929e-05,-2.90355403e-05)
(-5.16010627e-05,-2.78863432e-05)
(-4.97758500e-05,-2.66790216e-05)
(-4.78540102e-05,-2.54158867e-05)
(-4.58391895e-05,-2.40993633e-05)
(-4.37352177e-05,-2.27319849e-05)
(-4.15461009e-05,-2.13163892e-05)
(-3.92760137e-05,-1.98553128e-05)
(-3.69292912e-05,-1.83515858e-05)
(-3.45104202e-05,-1.68081264e-05)
(-3.20240308e-05,-1.52279353e-05)
(-2.94748875e-05,-1.36140900e-05)
(-2.68678794e-05,-1.19697383e-05)
(-2.42080111e-05,-1.02980929e-05)
(-2.15003928e-05,-8.60242439e-06)
(-1.87502302e-05,-6.88605546e-06)
(-1.59628143e-05,-5.15235402e-06)
(-1.31435113e-05,-3.40472673e-06)
(-1.02977517e-05,-1.64661233e-06)
(-7.43102000e-06, 1.18525165e-07)
(-4.54884371e-06, 1.88720326e-06)
(-1.65678256e-06, 3.65592783e-06)
( 1.23958242e-06, 5.42120003e-06)
( 4.13465983e-06, 7.17952324e-06)
( 7.02285894e-06, 8.92740989e-06)
( 9.89860063e-06, 1.06613885e-05)
( 1.27563284e-05, 1.23780104e-05)
( 1.55905194e-05, 1.40738567e-05)
( 1.83956949e-05, 1.57455451e-05)
( 2.11664317e-05, 1.73897367e-05)
( 2.38973722e-05, 1.90031422e-05)
( 2.65832354e-05, 2.05825292e-05)
( 2.92188269e-05, 2.21247280e-05)
( 3.17990494e-05, 2.36266384e-05)
( 3.43189127e-05, 2.50852357e-05)
( 3.67735435e-05, 2.64975767e-05)
( 3.91581948e-05, 2.78608061e-05)
( 4.14682555e-05, 2.91721616e-05)
( 4.36992594e-05, 3.04289799e-05)
( 4.58468939e-05, 3.16287019e-05)
( 4.79070084e-05, 3.27688781e-05)
( 4.98756228e-05, 3.38471734e-05)
( 5.17489350e-05, 3.48613720e-05)
( 5.35233285e-05, 3.58093817e-05)
( 5.51953794e-05, 3.66892385e-05)
( 5.67618631e-05, 3.74991104e-05)
( 5.82197609e-05, 3.82373011e-05)
( 5.95662654e-05, 3.89022539e-05)
( 6.07987867e-05, 3.94925547e-05)
( 6.19149565e-05, 4.00069349e-05)
( 6.29126336e-05, 4.04442741e-05)
( 6.37899077e-05, 4.08036026e-05)
( 6.45451029e-05, 4.10841035e-05)
( 6.51767814e-05, 4.12851143e-05)
( 6.56837458e-05, 4.14061285e-05)
( 6.60650418e-05, 4.14467968e-05)
( 6.63199597e-05, 4.14069278e-05)
( 6.64480359e-05, 4.12864890e-05)
( 6.64490535e-05, 4.10856062e-05)
( 6.63230430e-05, 4.08045642e-05)
( 6.60702819e-05, 4.04438060e-05)
( 6.56912942e-05, 4.00039323e-05)
( 6.51868492e-05, 3.94857000e-05)
( 6.45579598e-05, 3.88900215e-05)
( 6.38058806e-05, 3.82179626e-05)
( 6.29321054e-05, 3.74707405e-05)
( 6.19383638e-05, 3.66497219e-05)
( 6.08266180e-05, 3.57564200e-05)
( 5.95990589e-05, 3.47924919e-05)
( 5.82581015e-05, 3.37597352e-05)
( 5.68063801e-05, 3.26600849e-05)
( 5.52467430e-05, 3.14956094e-05)
( 5.35822469e-05, 3.02685063e-05)
( 5.18161509e-05, 2.89810988e-05)
( 4.99519096e-05, 2.76358306e-05)
( 4.79931667e-05, 2.62352614e-05)
( 4.59437473e-05, 2.47820617e-05)
( 4.38076508e-05, 2.32790079e-05)
( 4.15890425e-05, 2.17289766e-05)
( 3.92922456e-05, 2.01349390e-05)
( 3.69217327e-05, 1.84999553e-05)
( 3.44821165e-05, 1.68271682e-05)
( 3.19781415e-05, 1.51197972e-05)
( 2.94146738e-05, 1.33811320e-05)
( 2.67966918e-05, 1.16145262e-05)
( 2.41292768e-05, 9.82339029e-06)
( 2.14176023e-05, 8.01118543e-06)
( 1.86669243e-05, 6.18141620e-06)
( 1.58825707e-05, 4.33762389e-06)
( 1.30699312e-05, 2.48337941e-06)
( 1.02344463e-05, 6.22276195e-07)
( 7.38159699e-06,-1.24207683e-06)
( 4.51689368e-06,-3.10606250e-06)
( 1.64586575e-06,-4.96606250e-06)
(-1.22594942e-06,-6.81846459e-06)
(-4.09301723e-06,-8.65966976e-06)
(-6.94981664e-06,-1.04860994e-05)
(-9.79085093e-06,-1.22942023e-05)
(-1.26106584e-05,-1.40804617e-05)
(-1.54038229e-05,-1.58414027e-05)
(-1.81649845e-05,-1.75735984e-05)
(-2.08888496e-05,-1.92736771e-05)
(-2.35702016e-05,-2.09383294e-05)
(-2.62039106e-05,-2.25643138e-05)
(-2.87849434e-05,-2.41484641e-05)
(-3.13083733e-05,-2.56876950e-05)
(-3.37693894e-05,-2.71790087e-05)
(-3.61633062e-05,-2.86195003e-05)
(-3.84855720e-05,-3.00063640e-05)
(-4.07317782e-05,-3.13368987e-05)
(-4.28976674e-05,-3.26085128e-05)
(-4.49791415e-05,-3.38187299e-05)
(-4.69722698e-05,-3.49651933e-05)
(-4.88732960e-05,-3.60456708e-05)
(-5.06786456e-05,-3.70580592e-05)
(-5.23849328e-05,-3.80003881e-05)
(-5.39889663e-05,-3.88708241e-05)
(-5.54877560e-05,-3.96676742e-05)
(-5.68785180e-05,-4.03893892e-05)
(-5.81586802e-05,-4.10345665e-05)
(-5.93258865e-05,-4.16019532e-05)
(-6.03780018e-05,-4.20904481e-05)
(-6.13131156e-05,-4.24991040e-05)
(-6.21295452e-05,-4.28271296e-05)
(-6.28258390e-05,-4.30738908e-05)
(-6.34007792e-05,-4.32389120e-05)
(-6.38533833e-05,-4.33218766e-05)
(-6.41829065e-05,-4.33226283e-05)
(-6.43888422e-05,-4.32411704e-05)
(-6.44709232e-05,-4.30776662e-05)
(-6.44291215e-05,-4.28324387e-05)
(-6.42636486e-05,-4.25059692e-05)
(-6.39749542e-05,-4.20988971e-05)
(-6.35637258e-05,-4.16120177e-05)
(-6.30308864e-05,-4.10462811e-05)
(-6.23775928e-05,-4.04027897e-05)
(-6.16052330e-05,-3.96827966e-05)
(-6.07154234e-05,-3.88877022e-05)
(-5.97100052e-05,-3.80190517e-05)
(-5.85910407e-05,-3.70785320e-05)
(-5.73608091e-05,-3.60679681e-05)
(-5.60218019e-05,-3.49893195e-05)
(-5.45767175e-05,-3.38446757e-05)
(-5.30284561e-05,-3.26362530e-05)
(-5.13801140e-05,-3.13663888e-05)
(-4.96349770e-05,-3.00375378e-05)
(-4.77965140e-05,-2.86522665e-05)
(-4.58683703e-05,-2.72132483e-05)
(-4.38543601e-05,-2.57232581e-05)
(-4.17584593e-05,-2.41851667e-05)
(-3.95847971e-05,-2.26019349e-05)
(-3.73376486e-05,-2.09766079e-05)
(-3.50214257e-05,-1.93123089e-05)
(-3.26406691e-05,-1.76122332e-05)
(-3.02000388e-05,-1.58796417e-05)
(-2.77043054e-05,-1.41178543e-05)
(-2.51583409e-05,-1.23302435e-05)
(-2.25671088e-05,-1.05202279e-05)
(-1.99356547e-05,-8.69126503e-06)
(-1.72690965e-05,-6.84684495e-06)
(-1.45726145e-05,-4.99048318e-06)
(-1.18514413e-05,-3.12571390e-06)
(-9.11085171e-06,-1.25608302e-06)
(-6.35615263e-06, 6.14858734e-07)
(-3.59267271e-06, 2.48356271e-06)
(-8.25752177e-07, 4.34648926e-06)
( 1.93926747e-06, 6.20011455e-06)
( 4.69705372e-06, 8.04093737e-06)
( 7.44229330e-06, 9.86548592e-06)
( 1.01697023e-05, 1.16703244e-05)
( 1.28740365e-05, 1.34520598e-05)
( 1.55501010e-05, 1.52073480e-05)
( 1.81927604e-05, 1.69329006e-05)
( 2.07969490e-05, 1.86254907e-05)
( 2.33576794e-05, 2.02819595e-05)
( 2.58700532e-05, 2.18992217e-05)
( 2.83292696e-05, 2.34742719e-05)
( 3.07306345e-05, 2.50041897e-05)
( 3.30695699e-05, 2.64861455e-05)
( 3.53416222e-05, 2.79174054e-05)
( 3.75424707e-05, 2.92953367e-05)
( 3.96679358e-05, 3.06174124e-05)
( 4.17139871e-05, 3.18812159e-05)
( 4.36767505e-05, 3.30844454e-05)
( 4.55525163e-05, 3.42249180e-05)
( 4.73377453e-05, 3.53005738e-05)
( 4.90290762e-05, 3.63094793e-05)
( 5.06233314e-05, 3.72498308e-05)
( 5.21175233e-05, 3.81199579e-05)
( 5.35088598e-05, 3.89183260e-05)
( 5.47947493e-05, 3.96435390e-05)
( 5.59728060e-05, 4.02943416e-05)
( 5.70408537e-05, 4.08696215e-05)
( 5.79969305e-05, 4.13684111e-05)
( 5.88392920e-05, 4.17898886e-05)
( 5.95664147e-05, 4.21333799e-05)
( 6.01769986e-05, 4.23983587e-05)
( 6.06699698e-05, 4.25844480e-05)
( 6.10444822e-05, 4.26914197e-05)
( 6.12999194e-05, 4.27191947e-05)
( 6.14358951e-05, 4.26678432e-05)
( 6.14522544e-05, 4.25375837e-05)
( 6.13490734e-05, 4.23287823e-05)
( 6.11266595e-05, 4.20419516e-05)
( 6.07855503e-05, 4.16777493e-05)
( 6.03265125e-05, 4.12369768e-05)
( 5.97505405e-05, 4.07205769e-05)
( 5.90588542e-05, 4.01296321e-05)
( 5.82528969e-05, 3.94653617e-05)
( 5.73343319e-05, 3.87291194e-05)
( 5.63050398e-05, 3.79223906e-05)
( 5.51671142e-05, 3.70467886e-05)
( 5.39228583e-05, 3.61040518e-05)
( 5.25747799e-05, 3.50960400e-05)
( 5.11255865e-05, 3.40247302e-05)
( 4.95781803e-05, 3.28922131e-05)
( 4.79356526e-05, 3.17006884e-05)
( 4.62012774e-05, 3.04524609e-05)
( 4.43785054e-05, 2.91499352e-05)
( 4.24709572e-05, 2.77956117e-05)
( 4.04824163e-05, 2.63920811e-05)
( 3.84168218e-05, 2.49420197e-05)
( 3.62782607e-05, 2.34481839e-05)
( 3.40709601e-05, 2.19134049e-05)
( 3.17992789e-05, 2.03405836e-05)
( 2.94676996e-05, 1.87326846e-05)
( 2.70808193e-05, 1.70927305e-05)
( 2.46433411e-05, 1.54237967e-05)
( 2.21600647e-05, 1.37290048e-05)
( 1.96358777e-05, 1.20115175e-05)
( 1.70757452e-05, 1.02745320e-05)
( 1.44847013e-05, 8.52127431e-06)
( 1.18678384e-05, 6.75499333e-06)
( 9.23029780e-06, 4.97895461e-06)
( 6.57725984e-06, 3.19643440e-06)
( 3.91393354e-06, 1.41071365e-06)
( 1.24554669e-06,-3.74928097e-07)
(-1.42266434e-06,-2.15721863e-06)
(-4.08546475e-06,-3.93289905e-06)
(-6.73763151e-06,-5.69872971e-06)
(-9.37396347e-06,-7.45149603e-06)
(-1.19892915e-05,-9.18801432e-06)
(-1.45784886e-05,-1.09051375e-05)
(-1.71364798e-05,-1.25997605e-05)
(-1.96582521e-05,-1.42688264e-05)
(-2.21388643e-05,-1.59093310e-05)
(-2.45734566e-05,-1.75183287e-05)
(-2.69572600e-05,-1.90929376e-05)
(-2.92856059e-05,-2.06303445e-05)
(-3.15539351e-05,-2.21278097e-05)
(-3.37578067e-05,-2.35826718e-05)
(-3.58929068e-05,-2.49923524e-05)
(-3.79550573e-05,-2.63543604e-05)
(-3.99402235e-05,-2.76662964e-05)
(-4.18445230e-05,-2.89258567e-05)
(-4.36642323e-05,-3.01308372e-05)
(-4.53957950e-05,-3.12791370e-05)
(-4.70358285e-05,-3.23687623e-05)
(-4.85811308e-05,-3.33978293e-05)
(-5.00286868e-05,-3.43645672e-05)
(-5.13756745e-05,-3.52673218e-05)
(-5.26194704e-05,-3.61045574e-05)
(-5.37576550e-05,-3.68748597e-05)
(-5.47880176e-05,-3.75769380e-05)
(-5.57085606e-05,-3.82096271e-05)
(-5.65175038e-05,-3.87718890e-05)
(-5.72132880e-05,-3.92628149e-05)
(-5.77945782e-05,-3.96816260e-05)
(-5.82602663e-05,-4.00276750e-05)
(-5.86094732e-05,-4.03004467e-05)
(-5.88415515e-05,-4.04995588e-05)
(-5.89560858e-05,-4.06247623e-05)
(-5.89528947e-05,-4.06759416e-05)
(-5.88320306e-05,-4.06531144e-05)
(-5.85937802e-05,-4.05564315e-05)
(-5.82386638e-05,-4.03861764e-05)
(-5.77674345e-05,-4.01427640e-05)
(-5.71810771e-05,-3.98267405e-05)
(-5.64808058e-05,-3.94387814e-05)
(-5.56680625e-05,-3.89796904e-05)
(-5.47445137e-05,-3.84503978e-05)
(-5.37120476e-05,-3.78519586e-05)
(-5.25727703e-05,-3.71855503e-05)
(-5.13290017e-05,-3.64524709e-05)
(-4.99832714e-05,-3.56541362e-05)
(-4.85383134e-05,-3.47920771e-05)
(-4.69970608e-05,-3.38679368e-05)
(-4.53626404e-05,-3.28834678e-05)
(-4.36383664e-05,-3.18405286e-05)
(-4.18277337e-05,-3.07410804e-05)
(-3.99344113e-05,-2.95871832e-05)
(-3.79622349e-05,-2.83809922e-05)
(-3.59151995e-05,-2.71247542e-05)
(-3.37974512e-05,-2.58208030e-05)
(-3.16132793e-05,-2.44715557e-05)
(-2.93671074e-05,-2.30795077e-05)
(-2.70634849e-05,-2.16472290e-05)
(-2.47070779e-05,-2.01773591e-05)
(-2.23026595e-05,-1.86726024e-05)
(-1.98551007e-05,-1.71357234e-05)
(-1.73693604e-05,-1.55695417e-05)
(-1.48504754e-05,-1.39769270e-05)
(-1.23035504e-05,-1.23607942e-05)
(-9.73374733e-06,-1.07240981e-05)
(-7.14627558e-06,-9.06982781e-06)
(-4.54638085e-06,-7.40100213e-06)
(-1.93933482e-06,-5.72066367e-06)
( 6.69575662e-07,-4.03187368e-06)
( 3.27505926e-06,-2.33770659e-06)
( 5.87183098e-06,-6.41244563e-07)
( 8.45462291e-06, 1.05442795e-06)
( 1.10181950e-05, 2.74622967e-06)
( 1.35573457e-05, 4.43108797e-06)
( 1.60669229e-05, 6.10594427e-06)
( 1.85418340e-05, 7.76775952e-06)
( 2.09770568e-05, 9.41351955e-06)
( 2.33676497e-05, 1.10402404e-05)
( 2.57087619e-05, 1.26449738e-05)
( 2.79956433e-05, 1.42248120e-05)
( 3.02236545e-05, 1.57768935e-05)
( 3.23882762e-05, 1.72984077e-05)
( 3.44851187e-05, 1.87866002e-05)
( 3.65099309e-05, 2.02387776e-05)
( 3.84586095e-05, 2.16523124e-05)
( 4.03272070e-05, 2.30246475e-05)
( 4.21119402e-05, 2.43533013e-05)
( 4.38091983e-05, 2.56358716e-05)
( 4.54155500e-05, 2.68700403e-05)
( 4.69277512e-05, 2.80535775e-05)
( 4.83427514e-05, 2.91843457e-05)
( 4.96577002e-05, 3.02603036e-05)
( 5.08699537e-05, 3.12795095e-05)
( 5.19770794e-05, 3.22401255e-05)
( 5.29768620e-05, 3.31404207e-05)
( 5.38673076e-05, 3.39787740e-05)
( 5.46466482e-05, 3.47536777e-05)
( 5.53133457e-05, 3.54637400e-05)
( 5.58660945e-05, 3.61076876e-05)
( 5.63038251e-05, 3.66843686e-05)
( 5.66257059e-05, 3.71927539e-05)
( 5.68311452e-05, 3.76319401e-05)
( 5.69197925e-05, 3.80011507e-05)
( 5.68915394e-05, 3.82997377e-05)
( 5.67465197e-05, 3.85271832e-05)
( 5.64851094e-05, 3.86831005e-05)
( 5.61079259e-05, 3.87672346e-05)
( 5.56158265e-05, 3.87794633e-05)
( 5.50099074e-05, 3.87197972e-05)
( 5.42915006e-05, 3.85883803e-05)
( 5.34621716e-05, 3.83854895e-05)
( 5.25237161e-05, 3.81115345e-05)
( 5.14781563e-05, 3.77670571e-05)
( 5.03277366e-05, 3.73527307e-05)
( 4.90749187e-05, 3.68693589e-05)
( 4.77223770e-05, 3.63178743e-05)
( 4.62729925e-05, 3.56993370e-05)
( 4.47298466e-05, 3.50149330e-05)
( 4.30962154e-05, 3.42659720e-05)
( 4.13755617e-05, 3.34538849e-05)
( 3.95715287e-05, 3.25802219e-05)
( 3.76879316e-05, 3.16466494e-05)
( 3.57287497e-05, 3.06549471e-05)
( 3.36981181e-05, 2.96070049e-05)
( 3.16003189e-05, 2.85048197e-05)
( 2.94397719e-05, 2.73504915e-05)
( 2.72210255e-05, 2.61462197e-05)
( 2.49487468e-05, 2.48942993e-05)
( 2.26277118e-05, 2.35971165e-05)
( 2.02627951e-05, 2.22571443e-05)
( 1.78589596e-05, 2.08769383e-05)
( 1.54212462e-05, 1.94591315e-05)
( 1.29547625e-05, 1.80064298e-05)
( 1.04646723e-05, 1.65216067e-05)
( 7.95618448e-06, 1.50074981e-05)
( 5.43454192e-06, 1.34669972e-05)
( 2.90501032e-06, 1.19030489e-05)
( 3.72866921e-07, 1.03186442e-05)
(-2.15661069e-06, 8.71681434e-06)
(-4.67815586e-06, 7.10062542e-06)
(-7.18652413e-06, 5.47317219e-06)
(-9.67650434e-06, 3.83757223e-06)
(-1.21429298e-05, 2.19695986e-06)
(-1.45806893e-05, 5.54480128e-07)
(-1.69847378e-05,-1.08671735e-06)
(-1.93501075e-05,-2.72348453e-06)
(-2.16719182e-05,-4.35268111e-06)
(-2.39453874e-05,-5.97118069e-06)
(-2.61658411e-05,-7.57587695e-06)
(-2.83287231e-05,-9.16368984e-06)
(-3.04296048e-05,-1.07315716e-05)
(-3.24641948e-05,-1.22765131e-05)
(-3.44283475e-05,-1.37955493e-05)
(-3.63180723e-05,-1.52857660e-05)
(-3.81295417e-05,-1.67443049e-05)
(-3.98590992e-05,-1.81683702e-05)
(-4.15032672e-05,-1.95552334e-05)
(-4.30587540e-05,-2.09022395e-05)
(-4.45224610e-05,-2.22068124e-05)
(-4.58914885e-05,-2.34664598e-05)
(-4.71631420e-05,-2.46787786e-05)
(-4.83349377e-05,-2.58414597e-05)
(-4.94046075e-05,-2.69522931e-05)
(-5.03701033e-05,-2.80091723e-05)
(-5.12296013e-05,-2.90100985e-05)
(-5.19815053e-05,-2.99531853e-05)
(-5.26244501e-05,-3.08366621e-05)
(-5.31573036e-05,-3.16588782e-05)
(-5.35791692e-05,-3.24183065e-05)
(-5.38893868e-05,-3.31135460e-05)
(-5.40875344e-05,-3.37433258e-05)
(-5.41734278e-05,-3.43065072e-05)
(-5.41471210e-05,-3.48020860e-05)
(-5.40089056e-05,-3.52291956e-05)
(-5.37593093e-05,-3.55871079e-05)
(-5.33990943e-05,-3.58752356e-05)
(-5.29292557e-05,-3.60931332e-05)
(-5.23510178e-05,-3.62404983e-05)
(-5.16658318e-05,-3.63171718e-05)
(-5.08753716e-05,-3.63231393e-05)
(-4.99815298e-05,-3.62585300e-05)
(-4.89864130e-05,-3.61236177e-05)
(-4.78923367e-05,-3.59188193e-05)
(-4.67018197e-05,-3.56446947e-05)
(-4.54175782e-05,-3.53019454e-05)
(-4.40425192e-05,-3.48914129e-05)
(-4.25797337e-05,-3.44140773e-05)
(-4.10324897e-05,-3.38710551e-05)
(-3.94042243e-05,-3.32635969e-05)
(-3.76985359e-05,-3.25930845e-05)
(-3.59191757e-05,-3.18610284e-05)
(-3.40700395e-05,-3.10690643e-05)
(-3.21551585e-05,-3.02189496e-05)
(-3.01786901e-05,-2.93125596e-05)
(-2.81449087e-05,-2.83518837e-05)
(-2.60581958e-05,-2.73390207e-05)
(-2.39230302e-05,-2.62761745e-05)
(-2.17439780e-05,-2.51656491e-05)
(-1.95256826e-05,-2.40098438e-05)
(-1.72728540e-05,-2.28112478e-05)
(-1.49902583e-05,-2.15724346e-05)
(-1.26827078e-05,-2.02960566e-05)
(-1.03550495e-05,-1.89848390e-05)
(-8.01215531e-06,-1.76415738e-05)
(-5.65891077e-06,-1.62691139e-05)
(-3.30020479e-06,-1.48703661e-05)
(-9.40918918e-07,-1.34482856e-05)
( 1.41408319e-06,-1.20058684e-05)
( 3.75996618e-06,-1.05461452e-05)
( 6.09193338e-06,-9.07217461e-06)
( 8.40523695e-06,-7.58703595e-06)
( 1.06951880e-05,-6.09382269e-06)
( 1.29571662e-05,-4.59563534e-06)
( 1.51866300e-05,-3.09557451e-06)
( 1.73791255e-05,-1.59673392e-06)
( 1.95302957e-05,-1.02193442e-07)
( 2.16358899e-05, 1.38498783e-06)
( 2.36917717e-05, 2.86177848e-06)
( 2.56939278e-05, 4.32518165e-06)
( 2.76384759e-05, 5.77224171e-06)
( 2.95216721e-05, 7.20005102e-06)
( 3.13399187e-05, 8.60575642e-06)
( 3.30897707e-05, 9.98656568e-06)
( 3.47679425e-05, 1.13397538e-05)
( 3.63713142e-05, 1.26626691e-05)
( 3.78969372e-05, 1.39527393e-05)
( 3.93420395e-05, 1.52074769e-05)
( 4.07040305e-05, 1.64244854e-05)
( 4.19805059e-05, 1.76014641e-05)
( 4.31692510e-05, 1.87362134e-05)
( 4.42682448e-05, 1.98266394e-05)
( 4.52756629e-05, 2.08707593e-05)
( 4.61898798e-05, 2.18667047e-05)
( 4.70094715e-05, 2.28127264e-05)
( 4.77332169e-05, 2.37071978e-05)
( 4.83600991e-05, 2.45486186e-05)
( 4.88893058e-05, 2.53356178e-05)
( 4.93202300e-05, 2.60669564e-05)
( 4.96524693e-05, 2.67415303e-05)
( 4.98858256e-05, 2.73583720e-05)
( 5.00203038e-05, 2.79166528e-05)
( 5.00561098e-05, 2.84156840e-05)
( 4.99936492e-05, 2.88549182e-05)
( 4.98335239e-05, 2.92339499e-05)
( 4.95765299e-05, 2.95525159e-05)
( 4.92236536e-05, 2.98104956e-05)
( 4.87760680e-05, 3.00079105e-05)
( 4.82351284e-05, 3.01449232e-05)
( 4.76023684e-05, 3.02218370e-05)
( 4.68794943e-05, 3.02390939e-05)
( 4.60683801e-05, 3.01972732e-05)
( 4.51710621e-05, 3.00970890e-05)
( 4.41897326e-05, 2.99393882e-05)
( 4.31267336e-05, 2.97251474e-05)
( 4.19845507e-05, 2.94554695e-05)
( 4.07658058e-05, 2.91315806e-05)
( 3.94732502e-05, 2.87548263e-05)
( 3.81097575e-05, 2.83266668e-05)
( 3.66783157e-05, 2.78486734e-05)
( 3.51820198e-05, 2.73225230e-05)
( 3.36240637e-05, 2.67499935e-05)
( 3.20077325e-05, 2.61329586e-05)
( 3.03363938e-05, 2.54733816e-05)
( 2.86134898e-05, 2.47733106e-05)
( 2.68425290e-05, 2.40348714e-05)
( 2.50270775e-05, 2.32602621e-05)
( 2.31707506e-05, 2.24517462e-05)
( 2.12772046e-05, 2.16116460e-05)
( 1.93501276e-05, 2.07423360e-05)
( 1.73932319e-05, 1.98462357e-05)
( 1.54102448e-05, 1.89258027e-05)
( 1.34049007e-05, 1.79835253e-05)
( 1.13809326e-05, 1.70219154e-05)
( 9.34206361e-06, 1.60435007e-05)
( 7.29199947e-06, 1.50508178e-05)
( 5.23442008e-06, 1.40464044e-05)
( 3.17297189e-06, 1.30327914e-05)
( 1.11126022e-06, 1.20124961e-05)
(-9.47158185e-07, 1.09880141e-05)
(-2.99878238e-06, 9.96181174e-06)
(-5.04017430e-06, 8.93631906e-06)
(-7.06796551e-06, 7.91392198e-06)
(-9.07886379e-06, 6.89695515e-06)
(-1.10696594e-05, 5.88769461e-06)
(-1.30372312e-05, 4.88835067e-06)
(-1.49785522e-05, 3.90106088e-06)
(-1.68906952e-05, 2.92788316e-06)
(-1.87708380e-05, 1.97078901e-06)
(-2.06162680e-05, 1.03165699e-06)
(-2.24243870e-05, 1.12266239e-07)
(-2.41927154e-05,-7.85709691e-07)
(-2.59188960e-05,-1.66070892e-06)
(-2.76006977e-05,-2.51128708e-06)
(-2.92360188e-05,-3.33612297e-06)
(-3.08228901e-05,-4.13402402e-06)
(-3.23594772e-05,-4.90393153e-06)
(-3.38440834e-05,-5.64492577e-06)
(-3.52751512e-05,-6.35623083e-06)
(-3.66512646e-05,-7.03721936e-06)
(-3.79711504e-05,-7.68741709e-06)
(-3.92336794e-05,-8.30650729e-06)
(-4.04378677e-05,-8.89433501e-06)
(-4.15828772e-05,-9.45091137e-06)
(-4.26680164e-05,-9.97641770e-06)
(-4.36927412e-05,-1.04712098e-05)
(-4.46566548e-05,-1.09358222e-05)
(-4.55595083e-05,-1.13709725e-05)
(-4.64012012e-05,-1.17775662e-05)
(-4.71817816e-05,-1.21567019e-05)
(-4.79014469e-05,-1.25096762e-05)
(-4.85605446e-05,-1.28379906e-05)
(-4.91595734e-05,-1.31433584e-05)
(-4.96991854e-05,-1.34277125e-05)
(-5.01801878e-05,-1.36932153e-05)
(-5.06035472e-05,-1.39422703e-05)
(-5.09703934e-05,-1.41775352e-05)
(-5.12820262e-05,-1.44019390e-05)
(-5.15399235e-05,-1.46187020e-05)
(-5.17457520e-05,-1.48313605e-05)
(-5.19013819e-05,-1.50437976e-05)
(-5.20089052e-05,-1.52602812e-05)
(-5.20706607e-05,-1.54855116e-05)
(-5.20892655e-05,-1.57246818e-05)
(-5.20676572e-05,-1.59835536e-05)
(-5.20091494e-05,-1.62685551e-05)
(-5.19175043e-05,-1.65869063e-05)
(-5.17970309e-05,-1.69467836e-05)
(-5.16527163e-05,-1.73575354e-05)
(-5.14904051e-05,-1.78299716e-05)
(-5.13170468e-05,-1.83767538e-05)
(-5.11410436e-05,-1.90129346e-05)
(-5.09727468e-05,-1.97567139e-05)
(-5.08251817e-05,-2.06305231e-05)
(-5.07151334e-05,-2.16626220e-05)
(-5.06648184e-05,-2.28895161e-05)
(-5.07045525e-05,-2.43597491e-05)
(-5.08771832e-05,-2.61400996e-05)
(-5.12458288e-05,-2.83262248e-05)
(-5.19082476e-05,-3.10620961e-05)
(-5.30256556e-05,-3.45783513e-05)
(-5.48866940e-05,-3.92760589e-05)
(-5.80693597e-05,-4.59354824e-05)
(-6.39782531e-05,-5.63961000e-05)
(-7.59307762e-05,-7.49517842e-05)
(-1.53505391e-04,-1.74681723e-04)
