% ======================================================
% L-Bracket Method of Moments Solution
% ======================================================
% Frequency: 9.500 GHz
% Wavelength: 0.031557 m
% Segments: N=3170 (1585 horiz + 1585 vert)
% Transmitter: (25.0000, 25.0000) m
%
% Solver: SSOR with hierarchical omega
% omega = 0.1010
% iterations = 375
% convergence = 9.62e-10
% time = 257.49 seconds
% ======================================================
% Format: (real, imaginary) current coefficients
% ======================================================
(-1.15351350e-06,-2.53728370e-07)
(-4.53353869e-06,-7.90852182e-07)
(-7.68304302e-06,-1.31052175e-06)
(-1.08106307e-05,-1.82853005e-06)
(-1.39111875e-05,-2.34316962e-06)
(-1.69812078e-05,-2.85337718e-06)
(-2.00157724e-05,-3.35811867e-06)
(-2.30095022e-05,-3.85638595e-06)
(-2.59568472e-05,-4.34718785e-06)
(-2.88522179e-05,-4.82955102e-06)
(-3.16900529e-05,-5.30251993e-06)
(-3.44648592e-05,-5.76515825e-06)
(-3.71712393e-05,-6.21655025e-06)
(-3.98039117e-05,-6.65580242e-06)
(-4.23577273e-05,-7.08204510e-06)
(-4.48276834e-05,-7.49443405e-06)
(-4.72089362e-05,-7.89215215e-06)
(-4.94968120e-05,-8.27441092e-06)
(-5.16868180e-05,-8.64045209e-06)
(-5.37746519e-05,-8.98954910e-06)
(-5.57562112e-05,-9.32100851e-06)
(-5.76276017e-05,-9.63417137e-06)
(-5.93851455e-05,-9.92841457e-06)
(-6.10253886e-05,-1.02031520e-05)
(-6.25451084e-05,-1.04578359e-05)
(-6.39413195e-05,-1.06919577e-05)
(-6.52112803e-05,-1.09050493e-05)
(-6.63524983e-05,-1.10966837e-05)
(-6.73627351e-05,-1.12664762e-05)
(-6.82400111e-05,-1.14140851e-05)
(-6.89826091e-05,-1.15392120e-05)
(-6.95890782e-05,-1.16416032e-05)
(-7.00582362e-05,-1.17210493e-05)
(-7.03891724e-05,-1.17773863e-05)
(-7.05812492e-05,-1.18104958e-05)
(-7.06341034e-05,-1.18203051e-05)
(-7.05476467e-05,-1.18067874e-05)
(-7.03220664e-05,-1.17699619e-05)
(-6.99578246e-05,-1.17098941e-05)
(-6.94556573e-05,-1.16266950e-05)
(-6.88165731e-05,-1.15205215e-05)
(-6.80418511e-05,-1.13915760e-05)
(-6.71330383e-05,-1.12401056e-05)
(-6.60919467e-05,-1.10664024e-05)
(-6.49206496e-05,-1.08708021e-05)
(-6.36214773e-05,-1.06536840e-05)
(-6.21970128e-05,-1.04154699e-05)
(-6.06500864e-05,-1.01566233e-05)
(-5.89837703e-05,-9.87764897e-06)
(-5.72013721e-05,-9.57909115e-06)
(-5.53064290e-05,-9.26153316e-06)
(-5.33026998e-05,-8.92559598e-06)
(-5.11941582e-05,-8.57193708e-06)
(-4.89849847e-05,-8.20124909e-06)
(-4.66795580e-05,-7.81425852e-06)
(-4.42824470e-05,-7.41172426e-06)
(-4.17984009e-05,-6.99443609e-06)
(-3.92323406e-05,-6.56321318e-06)
(-3.65893482e-05,-6.11890238e-06)
(-3.38746576e-05,-5.66237664e-06)
(-3.10936436e-05,-5.19453321e-06)
(-2.82518117e-05,-4.71629192e-06)
(-2.53547869e-05,-4.22859330e-06)
(-2.24083025e-05,-3.73239678e-06)
(-1.94181892e-05,-3.22867873e-06)
(-1.63903629e-05,-2.71843055e-06)
(-1.33308138e-05,-2.20265671e-06)
(-1.02455936e-05,-1.68237272e-06)
(-7.14080460e-06,-1.15860314e-06)
(-4.02258660e-06,-6.32379531e-07)
(-8.97105474e-07,-1.04738407e-07)
( 2.22945930e-06, 4.23280837e-07)
( 5.35092682e-06, 9.50638005e-07)
( 8.46112693e-06, 1.47629414e-06)
( 1.15539125e-05, 1.99921364e-06)
( 1.46231714e-05, 2.51836628e-06)
( 1.76628387e-05, 3.03272932e-06)
( 2.06669088e-05, 3.54128948e-06)
( 2.36294467e-05, 4.04304504e-06)
( 2.65446006e-05, 4.53700778e-06)
( 2.94066126e-05, 5.02220498e-06)
( 3.22098304e-05, 5.49768139e-06)
( 3.49487188e-05, 5.96250107e-06)
( 3.76178698e-05, 6.41574934e-06)
( 4.02120142e-05, 6.85653459e-06)
( 4.27260310e-05, 7.28399000e-06)
( 4.51549585e-05, 7.69727538e-06)
( 4.74940031e-05, 8.09557878e-06)
( 4.97385495e-05, 8.47811814e-06)
( 5.18841694e-05, 8.84414284e-06)
( 5.39266303e-05, 9.19293524e-06)
( 5.58619038e-05, 9.52381207e-06)
( 5.76861733e-05, 9.83612584e-06)
( 5.93958422e-05, 1.01292661e-05)
( 6.09875401e-05, 1.04026607e-05)
( 6.24581299e-05, 1.06557770e-05)
( 6.38047140e-05, 1.08881227e-05)
( 6.50246395e-05, 1.10992470e-05)
( 6.61155040e-05, 1.12887416e-05)
( 6.70751601e-05, 1.14562414e-05)
( 6.79017192e-05, 1.16014251e-05)
( 6.85935557e-05, 1.17240161e-05)
( 6.91493099e-05, 1.18237827e-05)
( 6.95678908e-05, 1.19005392e-05)
( 6.98484781e-05, 1.19541454e-05)
( 6.99905237e-05, 1.19845076e-05)
( 6.99937529e-05, 1.19915784e-05)
( 6.98581647e-05, 1.19753570e-05)
( 6.95840322e-05, 1.19358891e-05)
( 6.91719013e-05, 1.18732666e-05)
( 6.86225904e-05, 1.17876278e-05)
( 6.79371880e-05, 1.16791569e-05)
( 6.71170510e-05, 1.15480836e-05)
( 6.61638019e-05, 1.13946826e-05)
( 6.50793254e-05, 1.12192733e-05)
( 6.38657649e-05, 1.10222188e-05)
( 6.25255178e-05, 1.08039254e-05)
( 6.10612314e-05, 1.05648417e-05)
( 5.94757969e-05, 1.03054576e-05)
( 5.77723445e-05, 1.00263035e-05)
( 5.59542363e-05, 9.72794904e-06)
( 5.40250604e-05, 9.41100212e-06)
( 5.19886233e-05, 9.07610748e-06)
( 4.98489429e-05, 8.72394550e-06)
( 4.76102400e-05, 8.35523084e-06)
( 4.52769300e-05, 7.97071093e-06)
( 4.28536149e-05, 7.57116449e-06)
( 4.03450733e-05, 7.15739998e-06)
( 3.77562514e-05, 6.73025391e-06)
( 3.50922535e-05, 6.29058920e-06)
( 3.23583312e-05, 5.83929341e-06)
( 2.95598740e-05, 5.37727696e-06)
( 2.67023977e-05, 4.90547127e-06)
( 2.37915343e-05, 4.42482694e-06)
( 2.08330205e-05, 3.93631175e-06)
( 1.78326864e-05, 3.44090877e-06)
( 1.47964443e-05, 2.93961438e-06)
( 1.17302768e-05, 2.43343622e-06)
( 8.64022516e-06, 1.92339120e-06)
( 5.53237716e-06, 1.41050345e-06)
( 2.41285547e-06, 8.95802258e-07)
(-7.12194601e-07, 3.80319985e-07)
(-3.83661716e-06,-1.34909979e-07)
(-6.95425784e-06,-6.48855297e-07)
(-1.00589759e-05,-1.16048677e-06)
(-1.31446563e-05,-1.66878038e-06)
(-1.62052217e-05,-2.17271934e-06)
(-1.92346445e-05,-2.67129616e-06)
(-2.22269586e-05,-3.16351459e-06)
(-2.51762711e-05,-3.64839170e-06)
(-2.80767740e-05,-4.12495976e-06)
(-3.09227555e-05,-4.59226822e-06)
(-3.37086113e-05,-5.04938558e-06)
(-3.64288555e-05,-5.49540125e-06)
(-3.90781317e-05,-5.92942735e-06)
(-4.16512230e-05,-6.35060048e-06)
(-4.41430626e-05,-6.75808342e-06)
(-4.65487437e-05,-7.15106680e-06)
(-4.88635293e-05,-7.52877068e-06)
(-5.10828610e-05,-7.89044610e-06)
(-5.32023685e-05,-8.23537655e-06)
(-5.52178778e-05,-8.56287937e-06)
(-5.71254196e-05,-8.87230710e-06)
(-5.89212372e-05,-9.16304873e-06)
(-6.06017934e-05,-9.43453089e-06)
(-6.21637779e-05,-9.68621898e-06)
(-6.36041139e-05,-9.91761819e-06)
(-6.49199635e-05,-1.01282744e-05)
(-6.61087338e-05,-1.03177753e-05)
(-6.71680819e-05,-1.04857506e-05)
(-6.80959196e-05,-1.06318736e-05)
(-6.88904170e-05,-1.07558608e-05)
(-6.95500067e-05,-1.08574733e-05)
(-7.00733865e-05,-1.09365166e-05)
(-7.04595222e-05,-1.09928415e-05)
(-7.07076494e-05,-1.10263438e-05)
(-7.08172751e-05,-1.10369648e-05)
(-7.07881788e-05,-1.10246913e-05)
(-7.06204126e-05,-1.09895555e-05)
(-7.03143014e-05,-1.09316350e-05)
(-6.98704423e-05,-1.08510526e-05)
(-6.92897032e-05,-1.07479758e-05)
(-6.85732211e-05,-1.06226167e-05)
(-6.77224000e-05,-1.04752313e-05)
(-6.67389083e-05,-1.03061192e-05)
(-6.56246751e-05,-1.01156224e-05)
(-6.43818868e-05,-9.90412548e-06)
(-6.30129826e-05,-9.67205384e-06)
(-6.15206499e-05,-9.41987342e-06)
(-5.99078187e-05,-9.14808949e-06)
(-5.81776563e-05,-8.85724563e-06)
(-5.63335605e-05,-8.54792261e-06)
(-5.43791537e-05,-8.22073721e-06)
(-5.23182751e-05,-7.87634092e-06)
(-5.01549735e-05,-7.51541859e-06)
(-4.78934993e-05,-7.13868708e-06)
(-4.55382960e-05,-6.74689376e-06)
(-4.30939919e-05,-6.34081499e-06)
(-4.05653905e-05,-5.92125455e-06)
(-3.79574614e-05,-5.48904201e-06)
(-3.52753305e-05,-5.04503104e-06)
(-3.25242696e-05,-4.59009770e-06)
(-2.97096868e-05,-4.12513867e-06)
(-2.68371150e-05,-3.65106945e-06)
(-2.39122017e-05,-3.16882250e-06)
(-2.09406973e-05,-2.67934540e-06)
(-1.79284446e-05,-2.18359894e-06)
(-1.48813666e-05,-1.68255519e-06)
(-1.18054552e-05,-1.17719558e-06)
(-8.70675916e-06,-6.68508948e-07)
(-5.59137273e-06,-1.57489545e-07)
(-2.46542314e-06, 3.54864905e-07)
( 6.64941209e-07, 8.67555195e-07)
( 3.79356287e-06, 1.37958262e-06)
( 6.91428744e-06, 1.88995092e-06)
( 1.00209757e-05, 2.39766828e-06)
( 1.31075158e-05, 2.90174927e-06)
( 1.61678348e-05, 3.40121675e-06)
( 1.91959115e-05, 3.89510382e-06)
( 2.21857874e-05, 4.38245571e-06)
( 2.51315790e-05, 4.86233163e-06)
( 2.80274891e-05, 5.33380662e-06)
( 3.08678183e-05, 5.79597331e-06)
( 3.36469764e-05, 6.24794375e-06)
( 3.63594932e-05, 6.68885107e-06)
( 3.90000292e-05, 7.11785118e-06)
( 4.15633864e-05, 7.53412440e-06)
( 4.40445185e-05, 7.93687701e-06)
( 4.64385408e-05, 8.32534283e-06)
( 4.87407396e-05, 8.69878461e-06)
( 5.09465819e-05, 9.05649552e-06)
( 5.30517242e-05, 9.39780040e-06)
( 5.50520210e-05, 9.72205714e-06)
( 5.69435331e-05, 1.00286578e-05)
( 5.87225355e-05, 1.03170298e-05)
( 6.03855243e-05, 1.05866370e-05)
( 6.19292242e-05, 1.08369807e-05)
( 6.33505948e-05, 1.10676006e-05)
( 6.46468365e-05, 1.12780753e-05)
( 6.58153961e-05, 1.14680237e-05)
( 6.68539719e-05, 1.16371053e-05)
( 6.77605186e-05, 1.17850206e-05)
( 6.85332506e-05, 1.19115121e-05)
( 6.91706465e-05, 1.20163644e-05)
( 6.96714514e-05, 1.20994049e-05)
( 7.00346799e-05, 1.21605036e-05)
( 7.02596177e-05, 1.21995736e-05)
( 7.03458235e-05, 1.22165713e-05)
( 7.02931295e-05, 1.22114959e-05)
( 7.01016421e-05, 1.21843901e-05)
( 6.97717416e-05, 1.21353394e-05)
( 6.93040815e-05, 1.20644721e-05)
( 6.86995873e-05, 1.19719586e-05)
( 6.79594547e-05, 1.18580118e-05)
( 6.70851475e-05, 1.17228857e-05)
( 6.60783942e-05, 1.15668756e-05)
( 6.49411855e-05, 1.13903169e-05)
( 6.36757696e-05, 1.11935848e-05)
( 6.22846483e-05, 1.09770932e-05)
( 6.07705721e-05, 1.07412940e-05)
( 5.91365345e-05, 1.04866763e-05)
( 5.73857665e-05, 1.02137649e-05)
( 5.55217303e-05, 9.92311986e-06)
( 5.35481120e-05, 9.61533481e-06)
( 5.14688150e-05, 9.29103611e-06)
( 4.92879520e-05, 8.95088137e-06)
( 4.70098369e-05, 8.59555825e-06)
( 4.46389766e-05, 8.22578297e-06)
( 4.21800618e-05, 7.84229895e-06)
( 3.96379581e-05, 7.44587529e-06)
( 3.70176962e-05, 7.03730523e-06)
( 3.43244621e-05, 6.61740459e-06)
( 3.15635867e-05, 6.18701011e-06)
( 2.87405358e-05, 5.74697783e-06)
( 2.58608987e-05, 5.29818137e-06)
( 2.29303777e-05, 4.84151021e-06)
( 1.99547766e-05, 4.37786792e-06)
( 1.69399892e-05, 3.90817040e-06)
( 1.38919879e-05, 3.43334408e-06)
( 1.08168118e-05, 2.95432404e-06)
( 7.72055469e-06, 2.47205228e-06)
( 4.60935319e-06, 1.98747577e-06)
( 1.48937450e-06, 1.50154465e-06)
(-1.63319572e-06, 1.01521038e-06)
(-4.75216558e-06, 5.29423840e-07)
(-7.86134922e-06, 4.51335216e-08)
(-1.09545790e-05,-4.36716353e-07)
(-1.40257178e-05,-9.15187650e-07)
(-1.70686711e-05,-1.38935016e-06)
(-2.00773988e-05,-1.85828338e-06)
(-2.30459277e-05,-2.32107833e-06)
(-2.59683629e-05,-2.77683930e-06)
(-2.88388996e-05,-3.22468557e-06)
(-3.16518347e-05,-3.66375314e-06)
(-3.44015779e-05,-4.09319634e-06)
(-3.70826629e-05,-4.51218956e-06)
(-3.96897584e-05,-4.91992875e-06)
(-4.22176782e-05,-5.31563299e-06)
(-4.46613922e-05,-5.69854602e-06)
(-4.70160358e-05,-6.06793766e-06)
(-4.92769195e-05,-6.42310522e-06)
(-5.14395390e-05,-6.76337485e-06)
(-5.34995832e-05,-7.08810282e-06)
(-5.54529433e-05,-7.39667676e-06)
(-5.72957209e-05,-7.68851681e-06)
(-5.90242357e-05,-7.96307673e-06)
(-6.06350328e-05,-8.21984494e-06)
(-6.21248899e-05,-8.45834549e-06)
(-6.34908230e-05,-8.67813896e-06)
(-6.47300931e-05,-8.87882326e-06)
(-6.58402115e-05,-9.06003444e-06)
(-6.68189443e-05,-9.22144732e-06)
(-6.76643176e-05,-9.36277612e-06)
(-6.83746207e-05,-9.48377497e-06)
(-6.89484103e-05,-9.58423839e-06)
(-6.93845127e-05,-9.66400161e-06)
(-6.96820267e-05,-9.72294092e-06)
(-6.98403252e-05,-9.76097386e-06)
(-6.98590565e-05,-9.77805933e-06)
(-6.97381450e-05,-9.77419768e-06)
(-6.94777915e-05,-9.74943063e-06)
(-6.90784729e-05,-9.70384124e-06)
(-6.85409411e-05,-9.63755363e-06)
(-6.78662216e-05,-9.55073278e-06)
(-6.70556119e-05,-9.44358415e-06)
(-6.61106781e-05,-9.31635327e-06)
(-6.50332530e-05,-9.16932522e-06)
(-6.38254315e-05,-9.00282404e-06)
(-6.24895669e-05,-8.81721212e-06)
(-6.10282665e-05,-8.61288941e-06)
(-5.94443860e-05,-8.39029267e-06)
(-5.77410242e-05,-8.14989454e-06)
(-5.59215168e-05,-7.89220266e-06)
(-5.39894298e-05,-7.61775858e-06)
(-5.19485526e-05,-7.32713677e-06)
(-4.98028902e-05,-7.02094340e-06)
(-4.75566557e-05,-6.69981518e-06)
(-4.52142616e-05,-6.36441808e-06)
(-4.27803115e-05,-6.01544601e-06)
(-4.02595905e-05,-5.65361948e-06)
(-3.76570563e-05,-5.27968411e-06)
(-3.49778287e-05,-4.89440921e-06)
(-3.22271802e-05,-4.49858623e-06)
(-2.94105252e-05,-4.09302722e-06)
(-2.65334091e-05,-3.67856321e-06)
(-2.36014978e-05,-3.25604257e-06)
(-2.06205661e-05,-2.82632933e-06)
(-1.75964864e-05,-2.39030149e-06)
(-1.45352172e-05,-1.94884929e-06)
(-1.14427911e-05,-1.50287344e-06)
(-8.32530281e-06,-1.05328335e-06)
(-5.18889738e-06,-6.00995315e-07)
(-2.03975777e-06,-1.46930765e-07)
( 1.11590731e-06, 3.07985607e-07)
( 4.27187569e-06, 7.62827650e-07)
( 7.42192410e-06, 1.21666957e-06)
( 1.05598405e-05, 1.66858777e-06)
( 1.36794362e-05, 2.11766267e-06)
( 1.67745586e-05, 2.56298051e-06)
( 1.98391027e-05, 3.00363515e-06)
( 2.28670238e-05, 3.43872988e-06)
( 2.58523492e-05, 3.86737914e-06)
( 2.87891900e-05, 4.28871035e-06)
( 3.16717527e-05, 4.70186553e-06)
( 3.44943512e-05, 5.10600305e-06)
( 3.72514172e-05, 5.50029931e-06)
( 3.99375119e-05, 5.88395028e-06)
( 4.25473366e-05, 6.25617320e-06)
( 4.50757431e-05, 6.61620801e-06)
( 4.75177439e-05, 6.96331893e-06)
( 4.98685221e-05, 7.29679588e-06)
( 5.21234412e-05, 7.61595588e-06)
( 5.42780536e-05, 7.92014440e-06)
( 5.63281101e-05, 8.20873664e-06)
( 5.82695681e-05, 8.48113879e-06)
( 6.00985992e-05, 8.73678916e-06)
( 6.18115974e-05, 8.97515932e-06)
( 6.34051858e-05, 9.19575513e-06)
( 6.48762233e-05, 9.39811769e-06)
( 6.62218111e-05, 9.58182430e-06)
( 6.74392980e-05, 9.74648921e-06)
( 6.85262859e-05, 9.89176445e-06)
( 6.94806346e-05, 1.00173405e-05)
( 7.03004658e-05, 1.01229467e-05)
( 7.09841667e-05, 1.02083523e-05)
( 7.15303936e-05, 1.02733663e-05)
( 7.19380742e-05, 1.03178381e-05)
( 7.22064097e-05, 1.03416579e-05)
( 7.23348764e-05, 1.03447566e-05)
( 7.23232269e-05, 1.03271063e-05)
( 7.21714902e-05, 1.02887200e-05)
( 7.18799720e-05, 1.02296517e-05)
( 7.14492535e-05, 1.01499965e-05)
( 7.08801909e-05, 1.00498899e-05)
( 7.01739132e-05, 9.92950798e-06)
( 6.93318201e-05, 9.78906686e-06)
( 6.83555791e-05, 9.62882219e-06)
( 6.72471223e-05, 9.44906872e-06)
( 6.60086422e-05, 9.25013968e-06)
( 6.46425880e-05, 9.03240607e-06)
( 6.31516600e-05, 8.79627594e-06)
( 6.15388045e-05, 8.54219355e-06)
( 5.98072080e-05, 8.27063845e-06)
( 5.79602909e-05, 7.98212454e-06)
( 5.60017003e-05, 7.67719900e-06)
( 5.39353034e-05, 7.35644121e-06)
( 5.17651792e-05, 7.02046154e-06)
( 4.94956106e-05, 6.66990017e-06)
( 4.71310762e-05, 6.30542572e-06)
( 4.46762408e-05, 5.92773398e-06)
( 4.21359468e-05, 5.53754646e-06)
( 3.95152039e-05, 5.13560892e-06)
( 3.68191800e-05, 4.72268992e-06)
( 3.40531900e-05, 4.29957922e-06)
( 3.12226860e-05, 3.86708619e-06)
( 2.83332463e-05, 3.42603821e-06)
( 2.53905641e-05, 2.97727900e-06)
( 2.24004364e-05, 2.52166687e-06)
( 1.93687527e-05, 2.06007306e-06)
( 1.63014830e-05, 1.59337995e-06)
( 1.32046662e-05, 1.12247927e-06)
( 1.00843980e-05, 6.48270382e-07)
( 6.94681917e-06, 1.71658371e-07)
( 3.79810288e-06,-3.06447695e-07)
( 6.44442934e-07,-7.85136613e-07)
(-2.50795866e-06,-1.26349688e-06)
(-5.65290392e-06,-1.74061851e-06)
(-8.78421112e-06,-2.21559484e-06)
(-1.18957270e-05,-2.68752438e-06)
(-1.49813390e-05,-3.15551257e-06)
(-1.80349872e-05,-3.61867361e-06)
(-2.10506762e-05,-4.07613218e-06)
(-2.40224873e-05,-4.52702521e-06)
(-2.69445898e-05,-4.97050360e-06)
(-2.98112528e-05,-5.40573388e-06)
(-3.26168561e-05,-5.83189989e-06)
(-3.53559018e-05,-6.24820437e-06)
(-3.80230244e-05,-6.65387055e-06)
(-4.06130024e-05,-7.04814369e-06)
(-4.31207675e-05,-7.43029253e-06)
(-4.55414151e-05,-7.79961075e-06)
(-4.78702142e-05,-8.15541836e-06)
(-5.01026160e-05,-8.49706298e-06)
(-5.22342636e-05,-8.82392118e-06)
(-5.42609997e-05,-9.13539962e-06)
(-5.61788757e-05,-9.43093623e-06)
(-5.79841588e-05,-9.71000125e-06)
(-5.96733393e-05,-9.97209831e-06)
(-6.12431379e-05,-1.02167653e-05)
(-6.26905120e-05,-1.04435753e-05)
(-6.40126611e-05,-1.06521372e-05)
(-6.52070330e-05,-1.08420968e-05)
(-6.62713284e-05,-1.10131371e-05)
(-6.72035056e-05,-1.11649788e-05)
(-6.80017840e-05,-1.12973813e-05)
(-6.86646481e-05,-1.14101425e-05)
(-6.91908501e-05,-1.15030995e-05)
(-6.95794125e-05,-1.15761289e-05)
(-6.98296298e-05,-1.16291465e-05)
(-6.99410697e-05,-1.16621080e-05)
(-6.99135744e-05,-1.16750085e-05)
(-6.97472604e-05,-1.16678826e-05)
(-6.94425183e-05,-1.16408045e-05)
(-6.90000120e-05,-1.15938873e-05)
(-6.84206774e-05,-1.15272829e-05)
(-6.77057203e-05,-1.14411817e-05)
(-6.68566145e-05,-1.13358120e-05)
(-6.58750978e-05,-1.12114393e-05)
(-6.47631698e-05,-1.10683661e-05)
(-6.35230868e-05,-1.09069307e-05)
(-6.21573580e-05,-1.07275068e-05)
(-6.06687402e-05,-1.05305024e-05)
(-5.90602324e-05,-1.03163589e-05)
(-5.73350699e-05,-1.00855504e-05)
(-5.54967176e-05,-9.83858225e-06)
(-5.35488635e-05,-9.57599032e-06)
(-5.14954112e-05,-9.29833950e-06)
(-4.93404723e-05,-9.00622264e-06)
(-4.70883579e-05,-8.70025927e-06)
(-4.47435706e-05,-8.38109421e-06)
(-4.23107952e-05,-8.04939623e-06)
(-3.97948896e-05,-7.70585657e-06)
(-3.72008752e-05,-7.35118753e-06)
(-3.45339269e-05,-6.98612094e-06)
(-3.17993629e-05,-6.61140656e-06)
(-2.90026344e-05,-6.22781058e-06)
(-2.61493145e-05,-5.83611397e-06)
(-2.32450876e-05,-5.43711084e-06)
(-2.02957378e-05,-5.03160680e-06)
(-1.73071378e-05,-4.62041727e-06)
(-1.42852372e-05,-4.20436581e-06)
(-1.12360506e-05,-3.78428239e-06)
(-8.16564614e-06,-3.36100171e-06)
(-5.08013330e-06,-2.93536145e-06)
(-1.98565085e-06,-2.50820060e-06)
( 1.11164519e-06,-2.08035770e-06)
( 4.20559365e-06,-1.65266916e-06)
( 7.29004037e-06,-1.22596755e-06)
( 1.03588503e-05,-8.01079957e-07)
( 1.34059196e-05,-3.78826253e-07)
( 1.64251876e-05, 3.99824896e-08)
( 1.94106487e-05, 4.54545658e-07)
( 2.23563645e-05, 8.64074672e-07)
( 2.52564750e-05, 1.26779456e-06)
( 2.81052105e-05, 1.66494547e-06)
( 3.08969026e-05, 2.05478420e-06)
( 3.36259959e-05, 2.43658561e-06)
( 3.62870583e-05, 2.80964405e-06)
( 3.88747922e-05, 3.17327475e-06)
( 4.13840447e-05, 3.52681509e-06)
( 4.38098176e-05, 3.86962589e-06)
( 4.61472775e-05, 4.20109266e-06)
( 4.83917652e-05, 4.52062669e-06)
( 5.05388050e-05, 4.82766621e-06)
( 5.25841130e-05, 5.12167738e-06)
( 5.45236064e-05, 5.40215533e-06)
( 5.63534107e-05, 5.66862502e-06)
( 5.80698678e-05, 5.92064212e-06)
( 5.96695431e-05, 6.15779380e-06)
( 6.11492324e-05, 6.37969942e-06)
( 6.25059678e-05, 6.58601120e-06)
( 6.37370241e-05, 6.77641481e-06)
( 6.48399238e-05, 6.95062983e-06)
( 6.58124420e-05, 7.10841022e-06)
( 6.66526112e-05, 7.24954469e-06)
( 6.73587247e-05, 7.37385696e-06)
( 6.79293402e-05, 7.48120600e-06)
( 6.83632827e-05, 7.57148614e-06)
( 6.86596468e-05, 7.64462719e-06)
( 6.88177985e-05, 7.70059441e-06)
( 6.88373766e-05, 7.73938841e-06)
( 6.87182932e-05, 7.76104505e-06)
( 6.84607340e-05, 7.76563518e-06)
( 6.80651584e-05, 7.75326438e-06)
( 6.75322979e-05, 7.72407257e-06)
( 6.68631552e-05, 7.67823361e-06)
( 6.60590023e-05, 7.61595479e-06)
( 6.51213778e-05, 7.53747627e-06)
( 6.40520840e-05, 7.44307043e-06)
( 6.28531836e-05, 7.33304122e-06)
( 6.15269954e-05, 7.20772339e-06)
( 6.00760900e-05, 7.06748167e-06)
( 5.85032848e-05, 6.91270992e-06)
( 5.68116383e-05, 6.74383016e-06)
( 5.50044446e-05, 6.56129168e-06)
( 5.30852263e-05, 6.36556992e-06)
( 5.10577284e-05, 6.15716544e-06)
( 4.89259104e-05, 5.93660279e-06)
( 4.66939388e-05, 5.70442934e-06)
( 4.43661791e-05, 5.46121408e-06)
( 4.19471869e-05, 5.20754635e-06)
( 3.94416994e-05, 4.94403459e-06)
( 3.68546260e-05, 4.67130499e-06)
( 3.41910386e-05, 4.39000018e-06)
( 3.14561617e-05, 4.10077783e-06)
( 2.86553623e-05, 3.80430927e-06)
( 2.57941394e-05, 3.50127805e-06)
( 2.28781130e-05, 3.19237854e-06)
( 1.99130135e-05, 2.87831444e-06)
( 1.69046700e-05, 2.55979734e-06)
( 1.38589994e-05, 2.23754525e-06)
( 1.07819942e-05, 1.91228109e-06)
( 7.67971136e-06, 1.58473124e-06)
( 4.55825997e-06, 1.25562403e-06)
( 1.42378953e-06, 9.25688306e-07)
(-1.71752224e-06, 5.95651887e-07)
(-4.85948148e-06, 2.66240153e-07)
(-7.99589036e-06,-6.18254382e-08)
(-1.11205593e-05,-3.87828773e-07)
(-1.42273189e-05,-7.11060524e-07)
(-1.73100326e-05,-1.03081954e-06)
(-2.03626080e-05,-1.34641423e-06)
(-2.33790095e-05,-1.65716392e-06)
(-2.63532699e-05,-1.96240021e-06)
(-2.92795020e-05,-2.26146820e-06)
(-3.21519106e-05,-2.55372785e-06)
(-3.49648033e-05,-2.83855513e-06)
(-3.77126025e-05,-3.11534325e-06)
(-4.03898557e-05,-3.38350385e-06)
(-4.29912467e-05,-3.64246803e-06)
(-4.55116058e-05,-3.89168748e-06)
(-4.79459204e-05,-4.13063553e-06)
(-5.02893444e-05,-4.35880804e-06)
(-5.25372082e-05,-4.57572441e-06)
(-5.46850276e-05,-4.78092843e-06)
(-5.67285131e-05,-4.97398911e-06)
(-5.86635781e-05,-5.15450145e-06)
(-6.04863470e-05,-5.32208718e-06)
(-6.21931629e-05,-5.47639541e-06)
(-6.37805952e-05,-5.61710325e-06)
(-6.52454459e-05,-5.74391634e-06)
(-6.65847564e-05,-5.85656939e-06)
(-6.77958133e-05,-5.95482659e-06)
(-6.88761537e-05,-6.03848197e-06)
(-6.98235701e-05,-6.10735976e-06)
(-7.06361153e-05,-6.16131461e-06)
(-7.13121055e-05,-6.20023183e-06)
(-7.18501247e-05,-6.22402749e-06)
(-7.22490268e-05,-6.23264851e-06)
(-7.25079383e-05,-6.22607270e-06)
(-7.26262601e-05,-6.20430870e-06)
(-7.26036689e-05,-6.16739587e-06)
(-7.24401174e-05,-6.11540417e-06)
(-7.21358354e-05,-6.04843391e-06)
(-7.16913285e-05,-5.96661548e-06)
(-7.11073782e-05,-5.87010903e-06)
(-7.03850394e-05,-5.75910408e-06)
(-6.95256393e-05,-5.63381908e-06)
(-6.85307746e-05,-5.49450091e-06)
(-6.74023082e-05,-5.34142435e-06)
(-6.61423661e-05,-5.17489144e-06)
(-6.47533330e-05,-4.99523089e-06)
(-6.32378478e-05,-4.80279733e-06)
(-6.15987985e-05,-4.59797060e-06)
(-5.98393167e-05,-4.38115494e-06)
(-5.79627714e-05,-4.15277817e-06)
(-5.59727625e-05,-3.91329081e-06)
(-5.38731138e-05,-3.66316518e-06)
(-5.16678657e-05,-3.40289439e-06)
(-4.93612670e-05,-3.13299143e-06)
(-4.69577669e-05,-2.85398809e-06)
(-4.44620064e-05,-2.56643392e-06)
(-4.18788088e-05,-2.27089514e-06)
(-3.92131707e-05,-1.96795352e-06)
(-3.64702521e-05,-1.65820526e-06)
(-3.36553661e-05,-1.34225978e-06)
(-3.07739687e-05,-1.02073858e-06)
(-2.78316483e-05,-6.94273994e-07)
(-2.48341141e-05,-3.63508007e-07)
(-2.17871857e-05,-2.90909689e-08)
(-1.86967810e-05, 3.08319626e-07)
(-1.55689050e-05, 6.48060412e-07)
(-1.24096378e-05, 9.89463417e-07)
(-9.22512269e-06, 1.33185735e-06)
(-6.02155417e-06, 1.67456885e-06)
(-2.80516562e-06, 2.01692383e-06)
( 4.17782901e-07, 2.35824867e-06)
( 3.64101697e-06, 2.69787156e-06)
( 6.85826020e-06, 3.03512375e-06)
( 1.00632465e-05, 3.36934079e-06)
( 1.32497327e-05, 3.69986379e-06)
( 1.64115104e-05, 4.02604070e-06)
( 1.95424187e-05, 4.34722745e-06)
( 2.26363560e-05, 4.66278925e-06)
( 2.56872923e-05, 4.97210169e-06)
( 2.86892808e-05, 5.27455196e-06)
( 3.16364700e-05, 5.56953998e-06)
( 3.45231150e-05, 5.85647949e-06)
( 3.73435889e-05, 6.13479918e-06)
( 4.00923940e-05, 6.40394373e-06)
( 4.27641727e-05, 6.66337481e-06)
( 4.53537179e-05, 6.91257215e-06)
( 4.78559835e-05, 7.15103440e-06)
( 5.02660941e-05, 7.37828014e-06)
( 5.25793552e-05, 7.59384873e-06)
( 5.47912618e-05, 7.79730116e-06)
( 5.68975079e-05, 7.98822084e-06)
( 5.88939946e-05, 8.16621441e-06)
( 6.07768386e-05, 8.33091239e-06)
( 6.25423795e-05, 8.48196993e-06)
( 6.41871875e-05, 8.61906738e-06)
( 6.57080697e-05, 8.74191091e-06)
( 6.71020769e-05, 8.85023301e-06)
( 6.83665090e-05, 8.94379301e-06)
( 6.94989209e-05, 9.02237747e-06)
( 7.04971267e-05, 9.08580062e-06)
( 7.13592046e-05, 9.13390464e-06)
( 7.20835004e-05, 9.16655996e-06)
( 7.26686310e-05, 9.18366550e-06)
( 7.31134869e-05, 9.18514882e-06)
( 7.34172346e-05, 9.17096626e-06)
( 7.35793181e-05, 9.14110300e-06)
( 7.35994601e-05, 9.09557310e-06)
( 7.34776626e-05, 9.03441940e-06)
( 7.32142069e-05, 8.95771350e-06)
( 7.28096530e-05, 8.86555556e-06)
( 7.22648381e-05, 8.75807415e-06)
( 7.15808759e-05, 8.63542595e-06)
( 7.07591534e-05, 8.49779548e-06)
( 6.98013286e-05, 8.34539474e-06)
( 6.87093273e-05, 8.17846280e-06)
( 6.74853391e-05, 7.99726535e-06)
( 6.61318131e-05, 7.80209417e-06)
( 6.46514528e-05, 7.59326665e-06)
( 6.30472112e-05, 7.37112508e-06)
( 6.13222847e-05, 7.13603611e-06)
( 5.94801066e-05, 6.88838998e-06)
( 5.75243404e-05, 6.62859983e-06)
( 5.54588726e-05, 6.35710090e-06)
( 5.32878049e-05, 6.07434972e-06)
( 5.10154462e-05, 5.78082325e-06)
( 4.86463035e-05, 5.47701797e-06)
( 4.61850736e-05, 5.16344899e-06)
( 4.36366336e-05, 4.84064900e-06)
( 4.10060309e-05, 4.50916737e-06)
( 3.82984734e-05, 4.16956904e-06)
( 3.55193192e-05, 3.82243348e-06)
( 3.26740658e-05, 3.46835363e-06)
( 2.97683392e-05, 3.10793475e-06)
( 2.68078829e-05, 2.74179332e-06)
( 2.37985462e-05, 2.37055584e-06)
( 2.07462729e-05, 1.99485769e-06)
( 1.76570891e-05, 1.61534193e-06)
( 1.45370916e-05, 1.23265807e-06)
( 1.13924355e-05, 8.47460895e-07)
( 8.22932224e-06, 4.60409210e-07)
( 5.05398704e-06, 7.21646024e-08)
( 1.87268667e-06,-3.16609779e-07)
(-1.30831304e-06,-7.05250484e-07)
(-4.48274965e-06,-1.09309498e-06)
(-7.64437646e-06,-1.47948294e-06)
(-1.07869750e-05,-1.86375739e-06)
(-1.39043673e-05,-2.24526603e-06)
(-1.69904283e-05,-2.62336241e-06)
(-2.00390977e-05,-2.99740711e-06)
(-2.30443921e-05,-3.36676898e-06)
(-2.60004172e-05,-3.73082629e-06)
(-2.89013789e-05,-4.08896788e-06)
(-3.17415953e-05,-4.44059432e-06)
(-3.45155075e-05,-4.78511898e-06)
(-3.72176909e-05,-5.12196917e-06)
(-3.98428658e-05,-5.45058714e-06)
(-4.23859082e-05,-5.77043114e-06)
(-4.48418591e-05,-6.08097643e-06)
(-4.72059351e-05,-6.38171619e-06)
(-4.94735377e-05,-6.67216250e-06)
(-5.16402619e-05,-6.95184718e-06)
(-5.37019054e-05,-7.22032268e-06)
(-5.56544766e-05,-7.47716285e-06)
(-5.74942026e-05,-7.72196373e-06)
(-5.92175365e-05,-7.95434424e-06)
(-6.08211644e-05,-8.17394690e-06)
(-6.23020120e-05,-8.38043838e-06)
(-6.36572504e-05,-8.57351014e-06)
(-6.48843017e-05,-8.75287895e-06)
(-6.59808443e-05,-8.91828732e-06)
(-6.69448168e-05,-9.06950397e-06)
(-6.77744228e-05,-9.20632417e-06)
(-6.84681335e-05,-9.32857008e-06)
(-6.90246912e-05,-9.43609099e-06)
(-6.94431117e-05,-9.52876353e-06)
(-6.97226856e-05,-9.60649186e-06)
(-6.98629803e-05,-9.66920769e-06)
(-6.98638400e-05,-9.71687039e-06)
(-6.97253866e-05,-9.74946696e-06)
(-6.94480188e-05,-9.76701192e-06)
(-6.90324114e-05,-9.76954723e-06)
(-6.84795138e-05,-9.75714208e-06)
(-6.77905480e-05,-9.72989268e-06)
(-6.69670060e-05,-9.68792193e-06)
(-6.60106466e-05,-9.63137911e-06)
(-6.49234922e-05,-9.56043946e-06)
(-6.37078240e-05,-9.47530375e-06)
(-6.23661778e-05,-9.37619776e-06)
(-6.09013388e-05,-9.26337173e-06)
(-5.93163357e-05,-9.13709978e-06)
(-5.76144348e-05,-8.99767924e-06)
(-5.57991332e-05,-8.84542998e-06)
(-5.38741518e-05,-8.68069366e-06)
(-5.18434280e-05,-8.50383293e-06)
(-4.97111072e-05,-8.31523065e-06)
(-4.74815350e-05,-8.11528901e-06)
(-4.51592484e-05,-7.90442861e-06)
(-4.27489661e-05,-7.68308759e-06)
(-4.02555799e-05,-7.45172058e-06)
(-3.76841442e-05,-7.21079778e-06)
(-3.50398660e-05,-6.96080390e-06)
(-3.23280947e-05,-6.70223709e-06)
(-2.95543113e-05,-6.43560792e-06)
(-2.67241171e-05,-6.16143821e-06)
(-2.38432231e-05,-5.88025999e-06)
(-2.09174378e-05,-5.59261431e-06)
(-1.79526564e-05,-5.29905011e-06)
(-1.49548486e-05,-5.00012308e-06)
(-1.19300466e-05,-4.69639446e-06)
(-8.88433323e-06,-4.38842990e-06)
(-5.82382996e-06,-4.07679824e-06)
(-2.75468441e-06,-3.76207040e-06)
( 3.16941729e-07,-3.44481811e-06)
( 3.38488498e-06,-3.12561283e-06)
( 6.44299237e-06,-2.80502452e-06)
( 9.48513362e-06,-2.48362052e-06)
( 1.25052134e-05,-2.16196439e-06)
( 1.54971833e-05,-1.84061477e-06)
( 1.84550541e-05,-1.52012432e-06)
( 2.13729073e-05,-1.20103854e-06)
( 2.42449072e-05,-8.83894786e-07)
( 2.70653122e-05,-5.69221185e-07)
( 2.98284864e-05,-2.57535603e-07)
( 3.25289107e-05, 5.06553126e-08)
( 3.51611934e-05, 3.54857115e-07)
( 3.77200814e-05, 6.54588478e-07)
( 4.02004702e-05, 9.49382080e-07)
( 4.25974143e-05, 1.23878547e-06)
( 4.49061366e-05, 1.52236186e-06)
( 4.71220381e-05, 1.79969093e-06)
( 4.92407067e-05, 2.07036953e-06)
( 5.12579264e-05, 2.33401239e-06)
( 5.31696850e-05, 2.59025274e-06)
( 5.49721823e-05, 2.83874294e-06)
( 5.66618377e-05, 3.07915500e-06)
( 5.82352969e-05, 3.31118106e-06)
( 5.96894387e-05, 3.53453391e-06)
( 6.10213812e-05, 3.74894732e-06)
( 6.22284872e-05, 3.95417643e-06)
( 6.33083694e-05, 4.14999803e-06)
( 6.42588952e-05, 4.33621081e-06)
( 6.50781908e-05, 4.51263554e-06)
( 6.57646449e-05, 4.67911525e-06)
( 6.63169115e-05, 4.83551526e-06)
( 6.67339129e-05, 4.98172328e-06)
( 6.70148415e-05, 5.11764934e-06)
( 6.71591615e-05, 5.24322574e-06)
( 6.71666097e-05, 5.35840694e-06)
( 6.70371960e-05, 5.46316939e-06)
( 6.67712036e-05, 5.55751130e-06)
( 6.63691879e-05, 5.64145236e-06)
( 6.58319756e-05, 5.71503347e-06)
( 6.51606631e-05, 5.77831632e-06)
( 6.43566138e-05, 5.83138301e-06)
( 6.34214561e-05, 5.87433560e-06)
( 6.23570793e-05, 5.90729561e-06)
( 6.11656303e-05, 5.93040347e-06)
( 5.98495094e-05, 5.94381795e-06)
( 5.84113649e-05, 5.94771554e-06)
( 5.68540884e-05, 5.94228983e-06)
( 5.51808090e-05, 5.92775076e-06)
( 5.33948865e-05, 5.90432399e-06)
( 5.14999053e-05, 5.87225005e-06)
( 4.94996672e-05, 5.83178366e-06)
( 4.73981836e-05, 5.78319285e-06)
( 4.51996676e-05, 5.72675819e-06)
( 4.29085259e-05, 5.66277190e-06)
( 4.05293496e-05, 5.59153704e-06)
( 3.80669056e-05, 5.51336656e-06)
( 3.55261269e-05, 5.42858244e-06)
( 3.29121026e-05, 5.33751477e-06)
( 3.02300684e-05, 5.24050087e-06)
( 2.74853958e-05, 5.13788429e-06)
( 2.46835816e-05, 5.03001394e-06)
( 2.18302369e-05, 4.91724313e-06)
( 1.89310764e-05, 4.79992867e-06)
( 1.59919065e-05, 4.67842988e-06)
( 1.30186145e-05, 4.55310774e-06)
( 1.00171564e-05, 4.42432391e-06)
( 6.99354545e-06, 4.29243985e-06)
( 3.95384015e-06, 4.15781594e-06)
( 9.04132355e-07, 4.02081057e-06)
(-2.14946481e-06, 3.88177930e-06)
(-5.20082898e-06, 3.74107398e-06)
(-8.24384070e-06, 3.59904198e-06)
(-1.12723954e-05, 3.45602532e-06)
(-1.42804157e-05, 3.31235995e-06)
(-1.72618629e-05, 3.16837497e-06)
(-2.02107495e-05, 3.02439189e-06)
(-2.31211507e-05, 2.88072397e-06)
(-2.59872162e-05, 2.73767555e-06)
(-2.88031815e-05, 2.59554140e-06)
(-3.15633798e-05, 2.45460612e-06)
(-3.42622527e-05, 2.31514361e-06)
(-3.68943615e-05, 2.17741651e-06)
(-3.94543977e-05, 2.04167574e-06)
(-4.19371939e-05, 1.90816004e-06)
(-4.43377336e-05, 1.77709553e-06)
(-4.66511612e-05, 1.64869540e-06)
(-4.88727919e-05, 1.52315952e-06)
(-5.09981207e-05, 1.40067417e-06)
(-5.30228316e-05, 1.28141181e-06)
(-5.49428057e-05, 1.16553085e-06)
(-5.67541301e-05, 1.05317548e-06)
(-5.84531048e-05, 9.44475585e-07)
(-6.00362509e-05, 8.39546589e-07)
(-6.15003170e-05, 7.38489482e-07)
(-6.28422858e-05, 6.41390779e-07)
(-6.40593804e-05, 5.48322572e-07)
(-6.51490694e-05, 4.59342604e-07)
(-6.61090725e-05, 3.74494383e-07)
(-6.69373646e-05, 2.93807342e-07)
(-6.76321804e-05, 2.17297026e-07)
(-6.81920175e-05, 1.44965324e-07)
(-6.86156399e-05, 7.68007302e-08)
(-6.89020804e-05, 1.27786409e-08)
(-6.90506423e-05,-4.71383125e-08)
(-6.90609016e-05,-1.02999903e-07)
(-6.89327076e-05,-1.54867918e-07)
(-6.86661830e-05,-2.02815735e-07)
(-6.82617245e-05,-2.46927877e-07)
(-6.77200017e-05,-2.87299537e-07)
(-6.70419562e-05,-3.24036082e-07)
(-6.62287995e-05,-3.57252535e-07)
(-6.52820113e-05,-3.87073032e-07)
(-6.42033364e-05,-4.13630268e-07)
(-6.29947817e-05,-4.37064918e-07)
(-6.16586120e-05,-4.57525046e-07)
(-6.01973463e-05,-4.75165509e-07)
(-5.86137524e-05,-4.90147329e-07)
(-5.69108422e-05,-5.02637086e-07)
(-5.50918654e-05,-5.12806273e-07)
(-5.31603037e-05,-5.20830663e-07)
(-5.11198640e-05,-5.26889667e-07)
(-4.89744712e-05,-5.31165701e-07)
(-4.67282606e-05,-5.33843526e-07)
(-4.43855702e-05,-5.35109620e-07)
(-4.19509321e-05,-5.35151539e-07)
(-3.94290637e-05,-5.34157283e-07)
(-3.68248588e-05,-5.32314670e-07)
(-3.41433779e-05,-5.29810724e-07)
(-3.13898387e-05,-5.26831069e-07)
(-2.85696054e-05,-5.23559333e-07)
(-2.56881791e-05,-5.20176574e-07)
(-2.27511863e-05,-5.16860706e-07)
(-1.97643685e-05,-5.13785962e-07)
(-1.67335710e-05,-5.11122359e-07)
(-1.36647310e-05,-5.09035186e-07)
(-1.05638667e-05,-5.07684511e-07)
(-7.43706519e-06,-5.07224723e-07)
(-4.29047047e-06,-5.07804070e-07)
(-1.13027171e-06,-5.09564250e-07)
( 2.03730899e-06,-5.12640001e-07)
( 5.20602878e-06,-5.17158734e-07)
( 8.36963629e-06,-5.23240187e-07)
( 1.15218839e-05,-5.30996095e-07)
( 1.46565398e-05,-5.40529904e-07)
( 1.77674008e-05,-5.51936504e-07)
( 2.08483038e-05,-5.65301988e-07)
( 2.38931384e-05,-5.80703440e-07)
( 2.68958587e-05,-5.98208760e-07)
( 2.98504954e-05,-6.17876503e-07)
( 3.27511677e-05,-6.39755761e-07)
( 3.55920943e-05,-6.63886064e-07)
( 3.83676057e-05,-6.90297312e-07)
( 4.10721547e-05,-7.19009733e-07)
( 4.37003277e-05,-7.50033885e-07)
( 4.62468557e-05,-7.83370651e-07)
( 4.87066244e-05,-8.19011300e-07)
( 5.10746843e-05,-8.56937554e-07)
( 5.33462611e-05,-8.97121671e-07)
( 5.55167648e-05,-9.39526593e-07)
( 5.75817989e-05,-9.84106058e-07)
( 5.95371695e-05,-1.03080480e-06)
( 6.13788934e-05,-1.07955874e-06)
( 6.31032065e-05,-1.13029517e-06)
( 6.47065709e-05,-1.18293304e-06)
( 6.61856827e-05,-1.23738317e-06)
( 6.75374780e-05,-1.29354856e-06)
( 6.87591398e-05,-1.35132467e-06)
( 6.98481033e-05,-1.41059973e-06)
( 7.08020618e-05,-1.47125509e-06)
( 7.16189705e-05,-1.53316554e-06)
( 7.22970518e-05,-1.59619968e-06)
( 7.28347985e-05,-1.66022030e-06)
( 7.32309771e-05,-1.72508474e-06)
( 7.34846306e-05,-1.79064533e-06)
( 7.35950806e-05,-1.85674971e-06)
( 7.35619291e-05,-1.92324134e-06)
( 7.33850590e-05,-1.98995986e-06)
( 7.30646354e-05,-2.05674151e-06)
( 7.26011050e-05,-2.12341959e-06)
( 7.19951958e-05,-2.18982487e-06)
( 7.12479158e-05,-2.25578604e-06)
( 7.03605512e-05,-2.32113012e-06)
( 6.93346646e-05,-2.38568295e-06)
( 6.81720917e-05,-2.44926955e-06)
( 6.68749383e-05,-2.51171461e-06)
( 6.54455763e-05,-2.57284290e-06)
( 6.38866393e-05,-2.63247970e-06)
( 6.22010179e-05,-2.69045122e-06)
( 6.03918541e-05,-2.74658502e-06)
( 5.84625351e-05,-2.80071040e-06)
( 5.64166876e-05,-2.85265884e-06)
( 5.42581702e-05,-2.90226434e-06)
( 5.19910666e-05,-2.94936386e-06)
( 4.96196775e-05,-2.99379764e-06)
( 4.71485123e-05,-3.03540962e-06)
( 4.45822806e-05,-3.07404774e-06)
( 4.19258833e-05,-3.10956431e-06)
( 3.91844029e-05,-3.14181634e-06)
( 3.63630935e-05,-3.17066586e-06)
( 3.34673713e-05,-3.19598018e-06)
( 3.05028035e-05,-3.21763224e-06)
( 2.74750978e-05,-3.23550086e-06)
( 2.43900910e-05,-3.24947100e-06)
( 2.12537382e-05,-3.25943399e-06)
( 1.80721008e-05,-3.26528781e-06)
( 1.48513345e-05,-3.26693727e-06)
( 1.15976780e-05,-3.26429423e-06)
( 8.31744010e-06,-3.25727778e-06)
( 5.01698758e-06,-3.24581442e-06)
( 1.70273289e-06,-3.22983823e-06)
(-1.61887854e-06,-3.20929098e-06)
(-4.94138095e-06,-3.18412231e-06)
(-8.25830095e-06,-3.15428979e-06)
(-1.15631702e-05,-3.11975906e-06)
(-1.48495382e-05,-3.08050390e-06)
(-1.81109849e-05,-3.03650630e-06)
(-2.13411335e-05,-2.98775652e-06)
(-2.45336628e-05,-2.93425314e-06)
(-2.76823200e-05,-2.87600306e-06)
(-3.07809328e-05,-2.81302154e-06)
(-3.38234217e-05,-2.74533222e-06)
(-3.68038119e-05,-2.67296704e-06)
(-3.97162455e-05,-2.59596631e-06)
(-4.25549928e-05,-2.51437859e-06)
(-4.53144637e-05,-2.42826069e-06)
(-4.79892189e-05,-2.33767758e-06)
(-5.05739808e-05,-2.24270234e-06)
(-5.30636436e-05,-2.14341608e-06)
(-5.54532842e-05,-2.03990781e-06)
(-5.77381712e-05,-1.93227436e-06)
(-5.99137750e-05,-1.82062028e-06)
(-6.19757765e-05,-1.70505766e-06)
(-6.39200759e-05,-1.58570605e-06)
(-6.57428008e-05,-1.46269229e-06)
(-6.74403140e-05,-1.33615033e-06)
(-6.90092212e-05,-1.20622111e-06)
(-7.04463770e-05,-1.07305237e-06)
(-7.17488920e-05,-9.36798442e-07)
(-7.29141386e-05,-7.97620088e-07)
(-7.39397557e-05,-6.55684293e-07)
(-7.48236542e-05,-5.11164055e-07)
(-7.55640209e-05,-3.64238171e-07)
(-7.61593225e-05,-2.15091013e-07)
(-7.66083084e-05,-6.39122976e-08)
(-7.69100137e-05, 8.91031493e-08)
(-7.70637608e-05, 2.43755640e-07)
(-7.70691614e-05, 3.99840878e-07)
(-7.69261170e-05, 5.57150213e-07)
(-7.66348196e-05, 7.15470911e-07)
(-7.61957511e-05, 8.74586422e-07)
(-7.56096825e-05, 1.03427666e-06)
(-7.48776729e-05, 1.19431830e-06)
(-7.40010670e-05, 1.35448504e-06)
(-7.29814932e-05, 1.51454793e-06)
(-7.18208599e-05, 1.67427566e-06)
(-7.05213520e-05, 1.83343486e-06)
(-6.90854271e-05, 1.99179045e-06)
(-6.75158102e-05, 2.14910591e-06)
(-6.58154888e-05, 2.30514364e-06)
(-6.39877069e-05, 2.45966530e-06)
(-6.20359587e-05, 2.61243209e-06)
(-5.99639821e-05, 2.76320517e-06)
(-5.77757509e-05, 2.91174593e-06)
(-5.54754673e-05, 3.05781640e-06)
(-5.30675539e-05, 3.20117956e-06)
(-5.05566445e-05, 3.34159973e-06)
(-4.79475757e-05, 3.47884290e-06)
(-4.52453766e-05, 3.61267713e-06)
(-4.24552596e-05, 3.74287287e-06)
(-3.95826101e-05, 3.86920340e-06)
(-3.66329756e-05, 3.99144512e-06)
(-3.36120548e-05, 4.10937800e-06)
(-3.05256868e-05, 4.22278589e-06)
(-2.73798392e-05, 4.33145696e-06)
(-2.41805968e-05, 4.43518404e-06)
(-2.09341490e-05, 4.53376497e-06)
(-1.76467783e-05, 4.62700306e-06)
(-1.43248475e-05, 4.71470737e-06)
(-1.09747872e-05, 4.79669317e-06)
(-7.60308334e-06, 4.87278225e-06)
(-4.21626442e-06, 4.94280330e-06)
(-8.20888452e-07, 5.00659230e-06)
( 2.57646978e-06, 5.06399287e-06)
( 5.96923171e-06, 5.11485661e-06)
( 9.35082793e-06, 5.15904346e-06)
( 1.27147111e-05, 5.19642204e-06)
( 1.60543688e-05, 5.22687001e-06)
( 1.93633365e-05, 5.25027433e-06)
( 2.26352099e-05, 5.26653168e-06)
( 2.58636579e-05, 5.27554867e-06)
( 2.90424349e-05, 5.27724219e-06)
( 3.21653930e-05, 5.27153969e-06)
( 3.52264940e-05, 5.25837944e-06)
( 3.82198214e-05, 5.23771081e-06)
( 4.11395921e-05, 5.20949448e-06)
( 4.39801674e-05, 5.17370271e-06)
( 4.67360642e-05, 5.13031953e-06)
( 4.94019658e-05, 5.07934095e-06)
( 5.19727321e-05, 5.02077511e-06)
( 5.44434099e-05, 4.95464249e-06)
( 5.68092423e-05, 4.88097601e-06)
( 5.90656781e-05, 4.79982118e-06)
( 6.12083807e-05, 4.71123615e-06)
( 6.32332364e-05, 4.61529186e-06)
( 6.51363623e-05, 4.51207203e-06)
( 6.69141142e-05, 4.40167324e-06)
( 6.85630931e-05, 4.28420489e-06)
( 7.00801524e-05, 4.15978925e-06)
( 7.14624031e-05, 4.02856133e-06)
( 7.27072203e-05, 3.89066890e-06)
( 7.38122474e-05, 3.74627234e-06)
( 7.47754009e-05, 3.59554455e-06)
( 7.55948744e-05, 3.43867077e-06)
( 7.62691420e-05, 3.27584845e-06)
( 7.67969609e-05, 3.10728702e-06)
( 7.71773737e-05, 2.93320765e-06)
( 7.74097102e-05, 2.75384304e-06)
( 7.74935887e-05, 2.56943708e-06)
( 7.74289161e-05, 2.38024459e-06)
( 7.72158882e-05, 2.18653094e-06)
( 7.68549891e-05, 1.98857171e-06)
( 7.63469901e-05, 1.78665229e-06)
( 7.56929476e-05, 1.58106744e-06)
( 7.48942012e-05, 1.37212090e-06)
( 7.39523710e-05, 1.16012484e-06)
( 7.28693536e-05, 9.45399443e-07)
( 7.16473188e-05, 7.28272326e-07)
( 7.02887048e-05, 5.09078029e-07)
( 6.87962132e-05, 2.88157434e-07)
( 6.71728038e-05, 6.58571885e-08)
( 6.54216883e-05,-1.57470913e-07)
( 6.35463238e-05,-3.81470551e-07)
( 6.15504061e-05,-6.05781526e-07)
( 5.94378620e-05,-8.30040427e-07)
( 5.72128416e-05,-1.05388131e-06)
( 5.48797097e-05,-1.27693637e-06)
( 5.24430378e-05,-1.49883669e-06)
( 4.99075939e-05,-1.71921291e-06)
( 4.72783341e-05,-1.93769600e-06)
( 4.45603919e-05,-2.15391794e-06)
( 4.17590687e-05,-2.36751252e-06)
( 3.88798228e-05,-2.57811604e-06)
( 3.59282588e-05,-2.78536809e-06)
( 3.29101165e-05,-2.98891227e-06)
( 2.98312597e-05,-3.18839697e-06)
( 2.66976645e-05,-3.38347610e-06)
( 2.35154076e-05,-3.57380981e-06)
( 2.02906545e-05,-3.75906528e-06)
( 1.70296472e-05,-3.93891739e-06)
( 1.37386920e-05,-4.11304946e-06)
( 1.04241473e-05,-4.28115396e-06)
( 7.09241118e-06,-4.44293319e-06)
( 3.74990881e-06,-4.59809993e-06)
( 4.03079982e-07,-4.74637816e-06)
(-2.94163338e-06,-4.88750360e-06)
(-6.27779976e-06,-5.02122441e-06)
(-9.59901053e-06,-5.14730172e-06)
(-1.28988923e-05,-5.26551023e-06)
(-1.61711194e-05,-5.37563872e-06)
(-1.94094258e-05,-5.47749056e-06)
(-2.26076174e-05,-5.57088419e-06)
(-2.57595842e-05,-5.65565358e-06)
(-2.88593113e-05,-5.73164860e-06)
(-3.19008912e-05,-5.79873544e-06)
(-3.48785346e-05,-5.85679693e-06)
(-3.77865819e-05,-5.90573281e-06)
(-4.06195135e-05,-5.94546006e-06)
(-4.33719608e-05,-5.97591305e-06)
(-4.60387158e-05,-5.99704378e-06)
(-4.86147416e-05,-6.00882201e-06)
(-5.10951817e-05,-6.01123531e-06)
(-5.34753689e-05,-6.00428919e-06)
(-5.57508343e-05,-5.98800705e-06)
(-5.79173157e-05,-5.96243022e-06)
(-5.99707656e-05,-5.92761779e-06)
(-6.19073585e-05,-5.88364661e-06)
(-6.37234982e-05,-5.83061101e-06)
(-6.54158245e-05,-5.76862270e-06)
(-6.69812190e-05,-5.69781046e-06)
(-6.84168114e-05,-5.61831986e-06)
(-6.97199842e-05,-5.53031294e-06)
(-7.08883775e-05,-5.43396786e-06)
(-7.19198933e-05,-5.32947842e-06)
(-7.28126995e-05,-5.21705367e-06)
(-7.35652323e-05,-5.09691739e-06)
(-7.41761998e-05,-4.96930756e-06)
(-7.46445832e-05,-4.83447581e-06)
(-7.49696392e-05,-4.69268681e-06)
(-7.51509005e-05,-4.54421763e-06)
(-7.51881767e-05,-4.38935709e-06)
(-7.50815540e-05,-4.22840507e-06)
(-7.48313951e-05,-4.06167177e-06)
(-7.44383377e-05,-3.88947697e-06)
(-7.39032929e-05,-3.71214926e-06)
(-7.32274436e-05,-3.53002529e-06)
(-7.24122414e-05,-3.34344886e-06)
(-7.14594036e-05,-3.15277021e-06)
(-7.03709096e-05,-2.95834507e-06)
(-6.91489967e-05,-2.76053390e-06)
(-6.77961556e-05,-2.55970095e-06)
(-6.63151251e-05,-2.35621343e-06)
(-6.47088868e-05,-2.15044063e-06)
(-6.29806588e-05,-1.94275302e-06)
(-6.11338892e-05,-1.73352140e-06)
(-5.91722497e-05,-1.52311600e-06)
(-5.70996278e-05,-1.31190563e-06)
(-5.49201190e-05,-1.10025681e-06)
(-5.26380192e-05,-8.88532929e-07)
(-5.02578159e-05,-6.77093385e-07)
(-4.77841794e-05,-4.66292795e-07)
(-4.52219537e-05,-2.56480172e-07)
(-4.25761471e-05,-4.79981476e-08)
(-3.98519221e-05, 1.58817781e-07)
(-3.70545857e-05, 3.63639992e-07)
(-3.41895792e-05, 5.66149441e-07)
(-3.12624669e-05, 7.66036330e-07)
(-2.82789263e-05, 9.63000775e-07)
(-2.52447365e-05, 1.15675338e-06)
(-2.21657672e-05, 1.34701584e-06)
(-1.90479674e-05, 1.53352149e-06)
(-1.58973538e-05, 1.71601575e-06)
(-1.27199998e-05, 1.89425664e-06)
(-9.52202312e-06, 2.06801517e-06)
(-6.30957447e-06, 2.23707573e-06)
(-3.08882578e-06, 2.40123640e-06)
( 1.34041684e-07, 2.56030924e-06)
( 3.35284906e-06, 2.71412055e-06)
( 6.56143170e-06, 2.86251105e-06)
( 9.75365088e-06, 3.00533601e-06)
( 1.29234055e-05, 3.14246538e-06)
( 1.60646436e-05, 3.27378384e-06)
( 1.91713740e-05, 3.39919078e-06)
( 2.22376775e-05, 3.51860029e-06)
( 2.52577181e-05, 3.63194105e-06)
( 2.82257540e-05, 3.73915622e-06)
( 3.11361486e-05, 3.84020323e-06)
( 3.39833812e-05, 3.93505361e-06)
( 3.67620569e-05, 4.02369265e-06)
( 3.94669173e-05, 4.10611918e-06)
( 4.20928503e-05, 4.18234513e-06)
( 4.46348994e-05, 4.25239521e-06)
( 4.70882732e-05, 4.31630646e-06)
( 4.94483545e-05, 4.37412778e-06)
( 5.17107088e-05, 4.42591945e-06)
( 5.38710924e-05, 4.47175256e-06)
( 5.59254608e-05, 4.51170852e-06)
( 5.78699757e-05, 4.54587841e-06)
( 5.97010127e-05, 4.57436241e-06)
( 6.14151675e-05, 4.59726910e-06)
( 6.30092625e-05, 4.61471490e-06)
( 6.44803526e-05, 4.62682331e-06)
( 6.58257309e-05, 4.63372426e-06)
( 6.70429333e-05, 4.63555338e-06)
( 6.81297431e-05, 4.63245132e-06)
( 6.90841952e-05, 4.62456300e-06)
( 6.99045798e-05, 4.61203690e-06)
( 7.05894450e-05, 4.59502433e-06)
( 7.11375999e-05, 4.57367871e-06)
( 7.15481165e-05, 4.54815483e-06)
( 7.18203314e-05, 4.51860815e-06)
( 7.19538466e-05, 4.48519411e-06)
( 7.19485307e-05, 4.44806741e-06)
( 7.18045185e-05, 4.40738134e-06)
( 7.15222106e-05, 4.36328716e-06)
( 7.11022730e-05, 4.31593343e-06)
( 7.05456352e-05, 4.26546537e-06)
( 6.98534885e-05, 4.21202436e-06)
( 6.90272835e-05, 4.15574730e-06)
( 6.80687274e-05, 4.09676612e-06)
( 6.69797807e-05, 4.03520728e-06)
( 6.57626529e-05, 3.97119131e-06)
( 6.44197986e-05, 3.90483242e-06)
( 6.29539127e-05, 3.83623805e-06)
( 6.13679250e-05, 3.76550860e-06)
( 5.96649945e-05, 3.69273708e-06)
( 5.78485036e-05, 3.61800889e-06)
( 5.59220512e-05, 3.54140157e-06)
( 5.38894460e-05, 3.46298467e-06)
( 5.17546990e-05, 3.38281963e-06)
( 4.95220159e-05, 3.30095968e-06)
( 4.71957889e-05, 3.21744983e-06)
( 4.47805883e-05, 3.13232690e-06)
( 4.22811538e-05, 3.04561960e-06)
( 3.97023852e-05, 2.95734861e-06)
( 3.70493331e-05, 2.86752679e-06)
( 3.43271892e-05, 2.77615939e-06)
( 3.15412761e-05, 2.68324427e-06)
( 2.86970376e-05, 2.58877226e-06)
( 2.58000275e-05, 2.49272748e-06)
( 2.28558996e-05, 2.39508774e-06)
( 1.98703964e-05, 2.29582496e-06)
( 1.68493382e-05, 2.19490570e-06)
( 1.37986119e-05, 2.09229161e-06)
( 1.07241596e-05, 1.98794000e-06)
( 7.63196726e-06, 1.88180447e-06)
( 4.52805313e-06, 1.77383544e-06)
( 1.41845607e-06, 1.66398090e-06)
(-1.69077599e-06, 1.55218699e-06)
(-4.79359779e-06, 1.43839875e-06)
(-7.88397836e-06, 1.32256085e-06)
(-1.09559127e-05, 1.20461826e-06)
(-1.40034335e-05, 1.08451708e-06)
(-1.70206225e-05, 9.62205262e-07)
(-2.00016219e-05, 8.37633397e-07)
(-2.29406460e-05, 7.10755486e-07)
(-2.58319922e-05, 5.81529727e-07)
(-2.86700523e-05, 4.49919293e-07)
(-3.14493230e-05, 3.15893103e-07)
(-3.41644169e-05, 1.79426600e-07)
(-3.68100730e-05, 4.05024940e-08)
(-3.93811668e-05,-1.00888495e-07)
(-4.18727205e-05,-2.44746912e-07)
(-4.42799123e-05,-3.91063877e-07)
(-4.65980865e-05,-5.39820403e-07)
(-4.88227621e-05,-6.90986765e-07)
(-5.09496417e-05,-8.44521876e-07)
(-5.29746199e-05,-1.00037272e-06)
(-5.48937918e-05,-1.15847381e-06)
(-5.67034599e-05,-1.31874670e-06)
(-5.84001423e-05,-1.48109953e-06)
(-5.99805787e-05,-1.64542663e-06)
(-6.14417377e-05,-1.81160816e-06)
(-6.27808221e-05,-1.97950980e-06)
(-6.39952751e-05,-2.14898254e-06)
(-6.50827848e-05,-2.31986245e-06)
(-6.60412893e-05,-2.49197058e-06)
(-6.68689808e-05,-2.66511288e-06)
(-6.75643090e-05,-2.83908018e-06)
(-6.81259844e-05,-3.01364827e-06)
(-6.85529811e-05,-3.18857803e-06)
(-6.88445387e-05,-3.36361557e-06)
(-6.90001641e-05,-3.53849251e-06)
(-6.90196323e-05,-3.71292632e-06)
(-6.89029876e-05,-3.88662068e-06)
(-6.86505427e-05,-4.05926592e-06)
(-6.82628791e-05,-4.23053956e-06)
(-6.77408455e-05,-4.40010690e-06)
(-6.70855566e-05,-4.56762163e-06)
(-6.62983906e-05,-4.73272659e-06)
(-6.53809872e-05,-4.89505451e-06)
(-6.43352439e-05,-5.05422885e-06)
(-6.31633126e-05,-5.20986469e-06)
(-6.18675953e-05,-5.36156969e-06)
(-6.04507399e-05,-5.50894510e-06)
(-5.89156345e-05,-5.65158678e-06)
(-5.72654019e-05,-5.78908634e-06)
(-5.55033937e-05,-5.92103226e-06)
(-5.36331836e-05,-6.04701113e-06)
(-5.16585602e-05,-6.16660882e-06)
(-4.95835198e-05,-6.27941178e-06)
(-4.74122585e-05,-6.38500834e-06)
(-4.51491635e-05,-6.48299004e-06)
(-4.27988050e-05,-6.57295294e-06)
(-4.03659267e-05,-6.65449905e-06)
(-3.78554363e-05,-6.72723768e-06)
(-3.52723961e-05,-6.79078682e-06)
(-3.26220127e-05,-6.84477459e-06)
(-2.99096264e-05,-6.88884058e-06)
(-2.71407010e-05,-6.92263729e-06)
(-2.43208121e-05,-6.94583152e-06)
(-2.14556368e-05,-6.95810572e-06)
(-1.85509416e-05,-6.95915936e-06)
(-1.56125711e-05,-6.94871028e-06)
(-1.26464360e-05,-6.92649595e-06)
(-9.65850145e-06,-6.89227480e-06)
(-6.65477494e-06,-6.84582742e-06)
(-3.64129394e-06,-6.78695775e-06)
(-6.24113855e-07,-6.71549423e-06)
( 2.39070433e-06,-6.63129091e-06)
( 5.39710631e-06,-6.53422846e-06)
( 8.38905681e-06,-6.42421515e-06)
( 1.13605518e-05,-6.30118776e-06)
( 1.43056309e-05,-6.16511243e-06)
( 1.72183892e-05,-6.01598540e-06)
( 2.00929897e-05,-5.85383375e-06)
( 2.29236750e-05,-5.67871595e-06)
( 2.57047791e-05,-5.49072240e-06)
( 2.84307390e-05,-5.28997592e-06)
( 3.10961064e-05,-5.07663201e-06)
( 3.36955582e-05,-4.85087921e-06)
( 3.62239081e-05,-4.61293917e-06)
( 3.86761169e-05,-4.36306675e-06)
( 4.10473031e-05,-4.10155003e-06)
( 4.33327525e-05,-3.82871013e-06)
( 4.55279285e-05,-3.54490098e-06)
( 4.76284810e-05,-3.25050901e-06)
( 4.96302554e-05,-2.94595272e-06)
( 5.15293016e-05,-2.63168213e-06)
( 5.33218814e-05,-2.30817814e-06)
( 5.50044770e-05,-1.97595181e-06)
( 5.65737976e-05,-1.63554353e-06)
( 5.80267867e-05,-1.28752204e-06)
( 5.93606281e-05,-9.32483464e-07)
( 6.05727517e-05,-5.71050130e-07)
( 6.16608391e-05,-2.03869380e-07)
( 6.26228278e-05, 1.68387748e-07)
( 6.34569161e-05, 5.45027921e-07)
( 6.41615663e-05, 9.25336982e-07)
( 6.47355081e-05, 1.30858152e-06)
( 6.51777410e-05, 1.69401050e-06)
( 6.54875365e-05, 2.08085697e-06)
( 6.56644392e-05, 2.46833987e-06)
( 6.57082681e-05, 2.85566581e-06)
( 6.56191164e-05, 3.24203106e-06)
( 6.53973518e-05, 3.62662339e-06)
( 6.50436149e-05, 4.00862420e-06)
( 6.45588183e-05, 4.38721044e-06)
( 6.39441442e-05, 4.76155679e-06)
( 6.32010422e-05, 5.13083771e-06)
( 6.23312255e-05, 5.49422959e-06)
( 6.13366678e-05, 5.85091293e-06)
( 6.02195985e-05, 6.20007447e-06)
( 5.89824982e-05, 6.54090937e-06)
( 5.76280929e-05, 6.87262340e-06)
( 5.61593488e-05, 7.19443507e-06)
( 5.45794650e-05, 7.50557781e-06)
( 5.28918673e-05, 7.80530209e-06)
( 5.11002002e-05, 8.09287748e-06)
( 4.92083196e-05, 8.36759477e-06)
( 4.72202841e-05, 8.62876796e-06)
( 4.51403463e-05, 8.87573624e-06)
( 4.29729437e-05, 9.10786593e-06)
( 4.07226890e-05, 9.32455231e-06)
( 3.83943602e-05, 9.52522144e-06)
( 3.59928905e-05, 9.70933189e-06)
( 3.35233573e-05, 9.87637635e-06)
( 3.09909716e-05, 1.00258832e-05)
( 2.84010665e-05, 1.01574181e-05)
( 2.57590860e-05, 1.02705851e-05)
( 2.30705728e-05, 1.03650282e-05)
( 2.03411572e-05, 1.04404323e-05)
( 1.75765440e-05, 1.04965245e-05)
( 1.47825012e-05, 1.05330748e-05)
( 1.19648467e-05, 1.05498971e-05)
( 9.12943663e-06, 1.05468501e-05)
( 6.28215226e-06, 1.05238372e-05)
( 3.42888762e-06, 1.04808080e-05)
( 5.75536806e-07, 1.04177576e-05)
(-2.27201857e-06, 1.03347277e-05)
(-5.10792198e-06, 1.02318061e-05)
(-7.92635447e-06, 1.01091268e-05)
(-1.07215470e-05, 9.96687009e-06)
(-1.34877929e-05, 9.80526185e-06)
(-1.62194598e-05, 9.62457334e-06)
(-1.89110015e-05, 9.42512058e-06)
(-2.15569699e-05, 9.20726362e-06)
(-2.41520266e-05, 8.97140574e-06)
(-2.66909539e-05, 8.71799247e-06)
(-2.91686657e-05, 8.44751052e-06)
(-3.15802184e-05, 8.16048659e-06)
(-3.39208211e-05, 7.85748598e-06)
(-3.61858457e-05, 7.53911125e-06)
(-3.83708361e-05, 7.20600060e-06)
(-4.04715179e-05, 6.85882623e-06)
(-4.24838068e-05, 6.49829260e-06)
(-4.44038171e-05, 6.12513455e-06)
(-4.62278693e-05, 5.74011539e-06)
(-4.79524981e-05, 5.34402481e-06)
(-4.95744586e-05, 4.93767684e-06)
(-5.10907330e-05, 4.52190762e-06)
(-5.24985367e-05, 4.09757314e-06)
(-5.37953232e-05, 3.66554698e-06)
(-5.49787892e-05, 3.22671788e-06)
(-5.60468788e-05, 2.78198740e-06)
(-5.69977871e-05, 2.33226740e-06)
(-5.78299632e-05, 1.87847763e-06)
(-5.85421131e-05, 1.42154321e-06)
(-5.91332011e-05, 9.62392065e-07)
(-5.96024516e-05, 5.01952492e-07)
(-5.99493498e-05, 4.11505784e-08)
(-6.01736416e-05,-4.19092286e-07)
(-6.02753335e-05,-8.77861899e-07)
(-6.02546914e-05,-1.33425371e-06)
(-6.01122390e-05,-1.78737526e-06)
(-5.98487560e-05,-2.23634856e-06)
(-5.94652748e-05,-2.68031242e-06)
(-5.89630776e-05,-3.11842476e-06)
(-5.83436923e-05,-3.54986478e-06)
(-5.76088886e-05,-3.97383516e-06)
(-5.67606722e-05,-4.38956405e-06)
(-5.58012801e-05,-4.79630711e-06)
(-5.47331744e-05,-5.19334935e-06)
(-5.35590358e-05,-5.58000693e-06)
(-5.22817565e-05,-5.95562880e-06)
(-5.09044333e-05,-6.31959832e-06)
(-4.94303592e-05,-6.67133463e-06)
(-4.78630157e-05,-7.01029401e-06)
(-4.62060636e-05,-7.33597109e-06)
(-4.44633345e-05,-7.64789986e-06)
(-4.26388211e-05,-7.94565459e-06)
(-4.07366676e-05,-8.22885068e-06)
(-3.87611597e-05,-8.49714521e-06)
(-3.67167142e-05,-8.75023750e-06)
(-3.46078688e-05,-8.98786940e-06)
(-3.24392707e-05,-9.20982554e-06)
(-3.02156662e-05,-9.41593331e-06)
(-2.79418892e-05,-9.60606283e-06)
(-2.56228502e-05,-9.78012660e-06)
(-2.32635243e-05,-9.93807919e-06)
(-2.08689405e-05,-1.00799166e-05)
(-1.84441693e-05,-1.02056755e-05)
(-1.59943116e-05,-1.03154326e-05)
(-1.35244867e-05,-1.04093035e-05)
(-1.10398211e-05,-1.04874413e-05)
(-8.54543651e-06,-1.05500358e-05)
(-6.04643858e-06,-1.05973118e-05)
(-3.54790546e-06,-1.06295276e-05)
(-1.05487654e-06,-1.06469732e-05)
( 1.42765873e-06,-1.06499689e-05)
( 3.89477165e-06,-1.06388628e-05)
( 6.34160509e-06,-1.06140293e-05)
( 8.76338392e-06,-1.05758668e-05)
( 1.11554252e-05,-1.05247954e-05)
( 1.35131483e-05,-1.04612547e-05)
( 1.58320843e-05,-1.03857014e-05)
( 1.81078854e-05,-1.02986068e-05)
( 2.03363338e-05,-1.02004543e-05)
( 2.25133506e-05,-1.00917369e-05)
( 2.46350034e-05,-9.97295446e-06)
( 2.66975147e-05,-9.84461108e-06)
( 2.86972690e-05,-9.70721239e-06)
( 3.06308194e-05,-9.56126287e-06)
( 3.24948947e-05,-9.40726308e-06)
( 3.42864049e-05,-9.24570695e-06)
( 3.60024467e-05,-9.07707903e-06)
( 3.76403089e-05,-8.90185181e-06)
( 3.91974764e-05,-8.72048298e-06)
( 4.06716345e-05,-8.53341284e-06)
( 4.20606722e-05,-8.34106162e-06)
( 4.33626852e-05,-8.14382696e-06)
( 4.45759783e-05,-7.94208137e-06)
( 4.56990671e-05,-7.73616983e-06)
( 4.67306795e-05,-7.52640737e-06)
( 4.76697563e-05,-7.31307684e-06)
( 4.85154515e-05,-7.09642670e-06)
( 4.92671319e-05,-6.87666887e-06)
( 4.99243764e-05,-6.65397682e-06)
( 5.04869743e-05,-6.42848361e-06)
( 5.09549236e-05,-6.20028014e-06)
( 5.13284288e-05,-5.96941346e-06)
( 5.16078972e-05,-5.73588528e-06)
( 5.17939362e-05,-5.49965049e-06)
( 5.18873487e-05,-5.26061589e-06)
( 5.18891291e-05,-5.01863901e-06)
( 5.18004581e-05,-4.77352708e-06)
( 5.16226976e-05,-4.52503608e-06)
( 5.13573843e-05,-4.27286996e-06)
( 5.10062240e-05,-4.01667993e-06)
( 5.05710847e-05,-3.75606392e-06)
( 5.00539893e-05,-3.49056609e-06)
( 4.94571083e-05,-3.21967648e-06)
( 4.87827521e-05,-2.94283069e-06)
( 4.80333622e-05,-2.65940975e-06)
( 4.72115034e-05,-2.36873988e-06)
( 4.63198542e-05,-2.07009245e-06)
( 4.53611980e-05,-1.76268391e-06)
( 4.43384137e-05,-1.44567566e-06)
( 4.32544654e-05,-1.11817396e-06)
( 4.21123929e-05,-7.79229780e-07)
( 4.09153010e-05,-4.27838513e-07)
( 3.96663493e-05,-6.29395763e-08)
( 3.83687410e-05, 3.16584188e-07)
( 3.70257121e-05, 7.11907361e-07)
( 3.56405201e-05, 1.12426310e-06)
( 3.42164321e-05, 1.55494470e-06)
( 3.27567135e-05, 2.00530763e-06)
( 3.12646158e-05, 2.47677218e-06)
( 2.97433637e-05, 2.97082681e-06)
( 2.81961430e-05, 3.48903243e-06)
( 2.66260870e-05, 4.03302764e-06)
( 2.50362631e-05, 4.60453540e-06)
( 2.34296582e-05, 5.20537112e-06)
( 2.18091644e-05, 5.83745269e-06)
( 2.01775630e-05, 6.50281277e-06)
( 1.85375074e-05, 7.20361385e-06)
( 1.68915058e-05, 7.94216664e-06)
( 1.52419009e-05, 8.72095264e-06)
( 1.35908488e-05, 9.54265169e-06)
( 1.19402947e-05, 1.04101759e-05)
( 1.02919455e-05, 1.13267114e-05)
( 8.64723882e-06, 1.22957698e-05)
( 7.00730646e-06, 1.33212520e-05)
( 5.37293097e-06, 1.44075282e-05)
( 3.74449395e-06, 1.55595379e-05)
( 2.12191267e-06, 1.67829162e-05)
( 5.04561504e-07, 1.80841557e-05)
(-1.10882692e-06, 1.94708138e-05)
(-2.72028820e-06, 2.09517829e-05)
(-4.33279065e-06, 2.25376465e-05)
(-5.95045270e-06, 2.42411529e-05)
(-7.57883572e-06, 2.60778587e-05)
(-9.22534588e-06, 2.80670145e-05)
(-1.08997975e-05, 3.02328097e-05)
(-1.26152216e-05, 3.26061619e-05)
(-1.43890575e-05, 3.52273538e-05)
(-1.62449625e-05, 3.81500391e-05)
(-1.82156598e-05, 4.14475408e-05)
(-2.03476090e-05, 4.52231719e-05)
(-2.27090599e-05, 4.96280144e-05)
(-2.54048192e-05, 5.48934815e-05)
(-2.86055089e-05, 6.13957560e-05)
(-3.26117275e-05, 6.97969342e-05)
(-3.80145757e-05, 8.13977355e-05)
(-4.62208316e-05, 9.92898330e-05)
(-6.05273548e-05, 1.30715718e-04)
(-1.37769687e-04, 3.00086612e-04)
(-1.15352460e-06,-2.53734780e-07)
(-4.53353312e-06,-7.90848748e-07)
(-7.68304563e-06,-1.31052353e-06)
(-1.08106294e-05,-1.82852904e-06)
(-1.39111880e-05,-2.34317013e-06)
(-1.69812077e-05,-2.85337691e-06)
(-2.00157724e-05,-3.35811877e-06)
(-2.30095022e-05,-3.85638591e-06)
(-2.59568472e-05,-4.34718785e-06)
(-2.88522179e-05,-4.82955102e-06)
(-3.16900529e-05,-5.30251993e-06)
(-3.44648592e-05,-5.76515825e-06)
(-3.71712393e-05,-6.21655025e-06)
(-3.98039117e-05,-6.65580242e-06)
(-4.23577273e-05,-7.08204510e-06)
(-4.48276834e-05,-7.49443405e-06)
(-4.72089362e-05,-7.89215215e-06)
(-4.94968119e-05,-8.27441092e-06)
(-5.16868180e-05,-8.64045209e-06)
(-5.37746519e-05,-8.98954911e-06)
(-5.57562112e-05,-9.32100851e-06)
(-5.76276017e-05,-9.63417138e-06)
(-5.93851455e-05,-9.92841457e-06)
(-6.10253886e-05,-1.02031520e-05)
(-6.25451084e-05,-1.04578359e-05)
(-6.39413195e-05,-1.06919577e-05)
(-6.52112803e-05,-1.09050493e-05)
(-6.63524983e-05,-1.10966837e-05)
(-6.73627351e-05,-1.12664762e-05)
(-6.82400111e-05,-1.14140851e-05)
(-6.89826091e-05,-1.15392120e-05)
(-6.95890782e-05,-1.16416032e-05)
(-7.00582362e-05,-1.17210493e-05)
(-7.03891724e-05,-1.17773863e-05)
(-7.05812492e-05,-1.18104958e-05)
(-7.06341034e-05,-1.18203051e-05)
(-7.05476467e-05,-1.18067874e-05)
(-7.03220664e-05,-1.17699619e-05)
(-6.99578246e-05,-1.17098941e-05)
(-6.94556573e-05,-1.16266950e-05)
(-6.88165731e-05,-1.15205215e-05)
(-6.80418511e-05,-1.13915760e-05)
(-6.71330383e-05,-1.12401056e-05)
(-6.60919467e-05,-1.10664024e-05)
(-6.49206496e-05,-1.08708021e-05)
(-6.36214773e-05,-1.06536840e-05)
(-6.21970128e-05,-1.04154699e-05)
(-6.06500864e-05,-1.01566233e-05)
(-5.89837703e-05,-9.87764897e-06)
(-5.72013721e-05,-9.57909115e-06)
(-5.53064290e-05,-9.26153317e-06)
(-5.33026998e-05,-8.92559599e-06)
(-5.11941582e-05,-8.57193708e-06)
(-4.89849847e-05,-8.20124909e-06)
(-4.66795580e-05,-7.81425852e-06)
(-4.42824470e-05,-7.41172426e-06)
(-4.17984009e-05,-6.99443609e-06)
(-3.92323406e-05,-6.56321318e-06)
(-3.65893482e-05,-6.11890238e-06)
(-3.38746576e-05,-5.66237664e-06)
(-3.10936436e-05,-5.19453321e-06)
(-2.82518117e-05,-4.71629192e-06)
(-2.53547869e-05,-4.22859330e-06)
(-2.24083025e-05,-3.73239678e-06)
(-1.94181892e-05,-3.22867873e-06)
(-1.63903629e-05,-2.71843055e-06)
(-1.33308138e-05,-2.20265671e-06)
(-1.02455936e-05,-1.68237272e-06)
(-7.14080460e-06,-1.15860314e-06)
(-4.02258660e-06,-6.32379530e-07)
(-8.97105475e-07,-1.04738406e-07)
( 2.22945930e-06, 4.23280838e-07)
( 5.35092682e-06, 9.50638006e-07)
( 8.46112693e-06, 1.47629414e-06)
( 1.15539125e-05, 1.99921364e-06)
( 1.46231714e-05, 2.51836628e-06)
( 1.76628387e-05, 3.03272932e-06)
( 2.06669087e-05, 3.54128948e-06)
( 2.36294467e-05, 4.04304504e-06)
( 2.65446006e-05, 4.53700778e-06)
( 2.94066126e-05, 5.02220499e-06)
( 3.22098304e-05, 5.49768139e-06)
( 3.49487188e-05, 5.96250107e-06)
( 3.76178698e-05, 6.41574935e-06)
( 4.02120142e-05, 6.85653459e-06)
( 4.27260310e-05, 7.28399000e-06)
( 4.51549585e-05, 7.69727538e-06)
( 4.74940031e-05, 8.09557879e-06)
( 4.97385495e-05, 8.47811814e-06)
( 5.18841694e-05, 8.84414284e-06)
( 5.39266303e-05, 9.19293524e-06)
( 5.58619038e-05, 9.52381207e-06)
( 5.76861733e-05, 9.83612584e-06)
( 5.93958422e-05, 1.01292661e-05)
( 6.09875401e-05, 1.04026607e-05)
( 6.24581299e-05, 1.06557770e-05)
( 6.38047140e-05, 1.08881227e-05)
( 6.50246395e-05, 1.10992470e-05)
( 6.61155041e-05, 1.12887416e-05)
( 6.70751601e-05, 1.14562414e-05)
( 6.79017192e-05, 1.16014251e-05)
( 6.85935557e-05, 1.17240161e-05)
( 6.91493099e-05, 1.18237827e-05)
( 6.95678908e-05, 1.19005392e-05)
( 6.98484781e-05, 1.19541454e-05)
( 6.99905237e-05, 1.19845076e-05)
( 6.99937529e-05, 1.19915784e-05)
( 6.98581647e-05, 1.19753570e-05)
( 6.95840322e-05, 1.19358891e-05)
( 6.91719013e-05, 1.18732666e-05)
( 6.86225904e-05, 1.17876278e-05)
( 6.79371880e-05, 1.16791569e-05)
( 6.71170510e-05, 1.15480836e-05)
( 6.61638019e-05, 1.13946826e-05)
( 6.50793254e-05, 1.12192733e-05)
( 6.38657649e-05, 1.10222188e-05)
( 6.25255178e-05, 1.08039254e-05)
( 6.10612314e-05, 1.05648417e-05)
( 5.94757969e-05, 1.03054576e-05)
( 5.77723445e-05, 1.00263035e-05)
( 5.59542363e-05, 9.72794904e-06)
( 5.40250604e-05, 9.41100212e-06)
( 5.19886233e-05, 9.07610748e-06)
( 4.98489429e-05, 8.72394550e-06)
( 4.76102400e-05, 8.35523084e-06)
( 4.52769300e-05, 7.97071093e-06)
( 4.28536149e-05, 7.57116449e-06)
( 4.03450733e-05, 7.15739998e-06)
( 3.77562514e-05, 6.73025391e-06)
( 3.50922535e-05, 6.29058920e-06)
( 3.23583313e-05, 5.83929341e-06)
( 2.95598740e-05, 5.37727695e-06)
( 2.67023977e-05, 4.90547127e-06)
( 2.37915343e-05, 4.42482694e-06)
( 2.08330205e-05, 3.93631175e-06)
( 1.78326864e-05, 3.44090877e-06)
( 1.47964443e-05, 2.93961438e-06)
( 1.17302768e-05, 2.43343622e-06)
( 8.64022516e-06, 1.92339120e-06)
( 5.53237715e-06, 1.41050345e-06)
( 2.41285547e-06, 8.95802257e-07)
(-7.12194602e-07, 3.80319984e-07)
(-3.83661716e-06,-1.34909980e-07)
(-6.95425784e-06,-6.48855298e-07)
(-1.00589759e-05,-1.16048677e-06)
(-1.31446563e-05,-1.66878038e-06)
(-1.62052217e-05,-2.17271935e-06)
(-1.92346445e-05,-2.67129616e-06)
(-2.22269586e-05,-3.16351459e-06)
(-2.51762711e-05,-3.64839170e-06)
(-2.80767740e-05,-4.12495976e-06)
(-3.09227555e-05,-4.59226822e-06)
(-3.37086113e-05,-5.04938558e-06)
(-3.64288555e-05,-5.49540125e-06)
(-3.90781317e-05,-5.92942735e-06)
(-4.16512230e-05,-6.35060048e-06)
(-4.41430626e-05,-6.75808342e-06)
(-4.65487437e-05,-7.15106680e-06)
(-4.88635293e-05,-7.52877068e-06)
(-5.10828610e-05,-7.89044610e-06)
(-5.32023685e-05,-8.23537655e-06)
(-5.52178778e-05,-8.56287937e-06)
(-5.71254196e-05,-8.87230710e-06)
(-5.89212372e-05,-9.16304873e-06)
(-6.06017934e-05,-9.43453089e-06)
(-6.21637779e-05,-9.68621898e-06)
(-6.36041139e-05,-9.91761819e-06)
(-6.49199635e-05,-1.01282744e-05)
(-6.61087338e-05,-1.03177753e-05)
(-6.71680819e-05,-1.04857506e-05)
(-6.80959196e-05,-1.06318736e-05)
(-6.88904170e-05,-1.07558608e-05)
(-6.95500067e-05,-1.08574733e-05)
(-7.00733865e-05,-1.09365166e-05)
(-7.04595222e-05,-1.09928415e-05)
(-7.07076494e-05,-1.10263438e-05)
(-7.08172751e-05,-1.10369648e-05)
(-7.07881788e-05,-1.10246913e-05)
(-7.06204126e-05,-1.09895555e-05)
(-7.03143014e-05,-1.09316350e-05)
(-6.98704423e-05,-1.08510526e-05)
(-6.92897032e-05,-1.07479758e-05)
(-6.85732211e-05,-1.06226167e-05)
(-6.77224000e-05,-1.04752313e-05)
(-6.67389083e-05,-1.03061192e-05)
(-6.56246751e-05,-1.01156224e-05)
(-6.43818868e-05,-9.90412548e-06)
(-6.30129826e-05,-9.67205384e-06)
(-6.15206499e-05,-9.41987342e-06)
(-5.99078187e-05,-9.14808949e-06)
(-5.81776563e-05,-8.85724563e-06)
(-5.63335605e-05,-8.54792261e-06)
(-5.43791537e-05,-8.22073721e-06)
(-5.23182751e-05,-7.87634092e-06)
(-5.01549735e-05,-7.51541859e-06)
(-4.78934993e-05,-7.13868708e-06)
(-4.55382960e-05,-6.74689376e-06)
(-4.30939919e-05,-6.34081499e-06)
(-4.05653905e-05,-5.92125455e-06)
(-3.79574614e-05,-5.48904201e-06)
(-3.52753305e-05,-5.04503104e-06)
(-3.25242696e-05,-4.59009770e-06)
(-2.97096868e-05,-4.12513867e-06)
(-2.68371150e-05,-3.65106945e-06)
(-2.39122017e-05,-3.16882250e-06)
(-2.09406973e-05,-2.67934540e-06)
(-1.79284446e-05,-2.18359894e-06)
(-1.48813666e-05,-1.68255519e-06)
(-1.18054552e-05,-1.17719558e-06)
(-8.70675916e-06,-6.68508948e-07)
(-5.59137273e-06,-1.57489545e-07)
(-2.46542314e-06, 3.54864905e-07)
( 6.64941210e-07, 8.67555195e-07)
( 3.79356287e-06, 1.37958262e-06)
( 6.91428745e-06, 1.88995092e-06)
( 1.00209757e-05, 2.39766828e-06)
( 1.31075158e-05, 2.90174927e-06)
( 1.61678348e-05, 3.40121675e-06)
( 1.91959115e-05, 3.89510382e-06)
( 2.21857874e-05, 4.38245571e-06)
( 2.51315790e-05, 4.86233163e-06)
( 2.80274891e-05, 5.33380662e-06)
( 3.08678183e-05, 5.79597331e-06)
( 3.36469764e-05, 6.24794375e-06)
( 3.63594932e-05, 6.68885107e-06)
( 3.90000292e-05, 7.11785118e-06)
( 4.15633864e-05, 7.53412439e-06)
( 4.40445185e-05, 7.93687701e-06)
( 4.64385408e-05, 8.32534283e-06)
( 4.87407396e-05, 8.69878461e-06)
( 5.09465819e-05, 9.05649551e-06)
( 5.30517242e-05, 9.39780040e-06)
( 5.50520210e-05, 9.72205714e-06)
( 5.69435331e-05, 1.00286578e-05)
( 5.87225355e-05, 1.03170298e-05)
( 6.03855243e-05, 1.05866370e-05)
( 6.19292242e-05, 1.08369807e-05)
( 6.33505948e-05, 1.10676006e-05)
( 6.46468365e-05, 1.12780753e-05)
( 6.58153961e-05, 1.14680237e-05)
( 6.68539719e-05, 1.16371053e-05)
( 6.77605186e-05, 1.17850206e-05)
( 6.85332506e-05, 1.19115121e-05)
( 6.91706465e-05, 1.20163644e-05)
( 6.96714514e-05, 1.20994049e-05)
( 7.00346799e-05, 1.21605036e-05)
( 7.02596177e-05, 1.21995736e-05)
( 7.03458235e-05, 1.22165713e-05)
( 7.02931295e-05, 1.22114959e-05)
( 7.01016421e-05, 1.21843901e-05)
( 6.97717416e-05, 1.21353394e-05)
( 6.93040815e-05, 1.20644721e-05)
( 6.86995873e-05, 1.19719586e-05)
( 6.79594547e-05, 1.18580118e-05)
( 6.70851475e-05, 1.17228857e-05)
( 6.60783942e-05, 1.15668756e-05)
( 6.49411855e-05, 1.13903169e-05)
( 6.36757696e-05, 1.11935848e-05)
( 6.22846483e-05, 1.09770932e-05)
( 6.07705721e-05, 1.07412940e-05)
( 5.91365345e-05, 1.04866763e-05)
( 5.73857665e-05, 1.02137649e-05)
( 5.55217303e-05, 9.92311986e-06)
( 5.35481120e-05, 9.61533481e-06)
( 5.14688150e-05, 9.29103611e-06)
( 4.92879520e-05, 8.95088137e-06)
( 4.70098369e-05, 8.59555825e-06)
( 4.46389766e-05, 8.22578297e-06)
( 4.21800618e-05, 7.84229895e-06)
( 3.96379581e-05, 7.44587529e-06)
( 3.70176962e-05, 7.03730523e-06)
( 3.43244621e-05, 6.61740459e-06)
( 3.15635867e-05, 6.18701011e-06)
( 2.87405358e-05, 5.74697783e-06)
( 2.58608987e-05, 5.29818137e-06)
( 2.29303777e-05, 4.84151021e-06)
( 1.99547766e-05, 4.37786792e-06)
( 1.69399892e-05, 3.90817041e-06)
( 1.38919879e-05, 3.43334408e-06)
( 1.08168118e-05, 2.95432405e-06)
( 7.72055469e-06, 2.47205228e-06)
( 4.60935319e-06, 1.98747577e-06)
( 1.48937450e-06, 1.50154465e-06)
(-1.63319572e-06, 1.01521038e-06)
(-4.75216558e-06, 5.29423841e-07)
(-7.86134922e-06, 4.51335222e-08)
(-1.09545790e-05,-4.36716352e-07)
(-1.40257178e-05,-9.15187650e-07)
(-1.70686711e-05,-1.38935015e-06)
(-2.00773988e-05,-1.85828338e-06)
(-2.30459277e-05,-2.32107833e-06)
(-2.59683629e-05,-2.77683930e-06)
(-2.88388996e-05,-3.22468557e-06)
(-3.16518347e-05,-3.66375313e-06)
(-3.44015779e-05,-4.09319634e-06)
(-3.70826629e-05,-4.51218956e-06)
(-3.96897584e-05,-4.91992875e-06)
(-4.22176782e-05,-5.31563299e-06)
(-4.46613922e-05,-5.69854602e-06)
(-4.70160358e-05,-6.06793766e-06)
(-4.92769195e-05,-6.42310522e-06)
(-5.14395390e-05,-6.76337485e-06)
(-5.34995832e-05,-7.08810282e-06)
(-5.54529433e-05,-7.39667676e-06)
(-5.72957209e-05,-7.68851681e-06)
(-5.90242357e-05,-7.96307673e-06)
(-6.06350328e-05,-8.21984494e-06)
(-6.21248898e-05,-8.45834549e-06)
(-6.34908230e-05,-8.67813896e-06)
(-6.47300931e-05,-8.87882326e-06)
(-6.58402115e-05,-9.06003444e-06)
(-6.68189443e-05,-9.22144732e-06)
(-6.76643176e-05,-9.36277612e-06)
(-6.83746207e-05,-9.48377498e-06)
(-6.89484103e-05,-9.58423839e-06)
(-6.93845127e-05,-9.66400161e-06)
(-6.96820267e-05,-9.72294093e-06)
(-6.98403252e-05,-9.76097386e-06)
(-6.98590565e-05,-9.77805933e-06)
(-6.97381450e-05,-9.77419768e-06)
(-6.94777915e-05,-9.74943063e-06)
(-6.90784729e-05,-9.70384124e-06)
(-6.85409411e-05,-9.63755363e-06)
(-6.78662216e-05,-9.55073278e-06)
(-6.70556119e-05,-9.44358415e-06)
(-6.61106781e-05,-9.31635327e-06)
(-6.50332530e-05,-9.16932522e-06)
(-6.38254315e-05,-9.00282404e-06)
(-6.24895669e-05,-8.81721212e-06)
(-6.10282665e-05,-8.61288941e-06)
(-5.94443860e-05,-8.39029267e-06)
(-5.77410242e-05,-8.14989454e-06)
(-5.59215168e-05,-7.89220266e-06)
(-5.39894298e-05,-7.61775859e-06)
(-5.19485526e-05,-7.32713678e-06)
(-4.98028902e-05,-7.02094340e-06)
(-4.75566557e-05,-6.69981518e-06)
(-4.52142616e-05,-6.36441808e-06)
(-4.27803115e-05,-6.01544602e-06)
(-4.02595905e-05,-5.65361948e-06)
(-3.76570563e-05,-5.27968411e-06)
(-3.49778287e-05,-4.89440921e-06)
(-3.22271802e-05,-4.49858623e-06)
(-2.94105252e-05,-4.09302722e-06)
(-2.65334091e-05,-3.67856321e-06)
(-2.36014978e-05,-3.25604257e-06)
(-2.06205661e-05,-2.82632933e-06)
(-1.75964864e-05,-2.39030149e-06)
(-1.45352172e-05,-1.94884929e-06)
(-1.14427911e-05,-1.50287344e-06)
(-8.32530281e-06,-1.05328335e-06)
(-5.18889738e-06,-6.00995315e-07)
(-2.03975777e-06,-1.46930765e-07)
( 1.11590731e-06, 3.07985607e-07)
( 4.27187569e-06, 7.62827650e-07)
( 7.42192410e-06, 1.21666957e-06)
( 1.05598405e-05, 1.66858777e-06)
( 1.36794362e-05, 2.11766267e-06)
( 1.67745586e-05, 2.56298051e-06)
( 1.98391027e-05, 3.00363515e-06)
( 2.28670238e-05, 3.43872988e-06)
( 2.58523492e-05, 3.86737915e-06)
( 2.87891900e-05, 4.28871035e-06)
( 3.16717527e-05, 4.70186553e-06)
( 3.44943512e-05, 5.10600305e-06)
( 3.72514172e-05, 5.50029931e-06)
( 3.99375119e-05, 5.88395028e-06)
( 4.25473366e-05, 6.25617320e-06)
( 4.50757431e-05, 6.61620801e-06)
( 4.75177439e-05, 6.96331893e-06)
( 4.98685221e-05, 7.29679588e-06)
( 5.21234412e-05, 7.61595588e-06)
( 5.42780536e-05, 7.92014440e-06)
( 5.63281101e-05, 8.20873664e-06)
( 5.82695681e-05, 8.48113879e-06)
( 6.00985992e-05, 8.73678916e-06)
( 6.18115974e-05, 8.97515932e-06)
( 6.34051858e-05, 9.19575513e-06)
( 6.48762233e-05, 9.39811769e-06)
( 6.62218111e-05, 9.58182430e-06)
( 6.74392980e-05, 9.74648921e-06)
( 6.85262859e-05, 9.89176445e-06)
( 6.94806346e-05, 1.00173405e-05)
( 7.03004658e-05, 1.01229467e-05)
( 7.09841667e-05, 1.02083523e-05)
( 7.15303936e-05, 1.02733663e-05)
( 7.19380742e-05, 1.03178381e-05)
( 7.22064097e-05, 1.03416579e-05)
( 7.23348764e-05, 1.03447566e-05)
( 7.23232269e-05, 1.03271063e-05)
( 7.21714902e-05, 1.02887200e-05)
( 7.18799720e-05, 1.02296517e-05)
( 7.14492535e-05, 1.01499965e-05)
( 7.08801909e-05, 1.00498899e-05)
( 7.01739132e-05, 9.92950798e-06)
( 6.93318201e-05, 9.78906686e-06)
( 6.83555791e-05, 9.62882219e-06)
( 6.72471223e-05, 9.44906872e-06)
( 6.60086422e-05, 9.25013968e-06)
( 6.46425880e-05, 9.03240607e-06)
( 6.31516600e-05, 8.79627594e-06)
( 6.15388045e-05, 8.54219355e-06)
( 5.98072080e-05, 8.27063845e-06)
( 5.79602909e-05, 7.98212454e-06)
( 5.60017003e-05, 7.67719900e-06)
( 5.39353034e-05, 7.35644121e-06)
( 5.17651792e-05, 7.02046154e-06)
( 4.94956106e-05, 6.66990017e-06)
( 4.71310762e-05, 6.30542572e-06)
( 4.46762408e-05, 5.92773398e-06)
( 4.21359468e-05, 5.53754646e-06)
( 3.95152039e-05, 5.13560892e-06)
( 3.68191800e-05, 4.72268992e-06)
( 3.40531900e-05, 4.29957922e-06)
( 3.12226860e-05, 3.86708619e-06)
( 2.83332463e-05, 3.42603821e-06)
( 2.53905641e-05, 2.97727900e-06)
( 2.24004364e-05, 2.52166687e-06)
( 1.93687527e-05, 2.06007306e-06)
( 1.63014830e-05, 1.59337994e-06)
( 1.32046662e-05, 1.12247927e-06)
( 1.00843980e-05, 6.48270382e-07)
( 6.94681917e-06, 1.71658370e-07)
( 3.79810288e-06,-3.06447695e-07)
( 6.44442934e-07,-7.85136614e-07)
(-2.50795866e-06,-1.26349688e-06)
(-5.65290392e-06,-1.74061851e-06)
(-8.78421112e-06,-2.21559484e-06)
(-1.18957270e-05,-2.68752438e-06)
(-1.49813390e-05,-3.15551257e-06)
(-1.80349872e-05,-3.61867361e-06)
(-2.10506762e-05,-4.07613218e-06)
(-2.40224873e-05,-4.52702521e-06)
(-2.69445898e-05,-4.97050360e-06)
(-2.98112528e-05,-5.40573388e-06)
(-3.26168561e-05,-5.83189989e-06)
(-3.53559018e-05,-6.24820437e-06)
(-3.80230244e-05,-6.65387056e-06)
(-4.06130024e-05,-7.04814369e-06)
(-4.31207675e-05,-7.43029253e-06)
(-4.55414151e-05,-7.79961075e-06)
(-4.78702142e-05,-8.15541836e-06)
(-5.01026160e-05,-8.49706298e-06)
(-5.22342636e-05,-8.82392118e-06)
(-5.42609997e-05,-9.13539962e-06)
(-5.61788757e-05,-9.43093623e-06)
(-5.79841588e-05,-9.71000125e-06)
(-5.96733393e-05,-9.97209832e-06)
(-6.12431379e-05,-1.02167653e-05)
(-6.26905120e-05,-1.04435753e-05)
(-6.40126611e-05,-1.06521372e-05)
(-6.52070330e-05,-1.08420968e-05)
(-6.62713284e-05,-1.10131371e-05)
(-6.72035056e-05,-1.11649788e-05)
(-6.80017840e-05,-1.12973813e-05)
(-6.86646481e-05,-1.14101425e-05)
(-6.91908501e-05,-1.15030995e-05)
(-6.95794125e-05,-1.15761289e-05)
(-6.98296298e-05,-1.16291465e-05)
(-6.99410697e-05,-1.16621080e-05)
(-6.99135744e-05,-1.16750085e-05)
(-6.97472604e-05,-1.16678826e-05)
(-6.94425183e-05,-1.16408045e-05)
(-6.90000120e-05,-1.15938873e-05)
(-6.84206774e-05,-1.15272829e-05)
(-6.77057203e-05,-1.14411817e-05)
(-6.68566145e-05,-1.13358120e-05)
(-6.58750978e-05,-1.12114393e-05)
(-6.47631698e-05,-1.10683661e-05)
(-6.35230868e-05,-1.09069307e-05)
(-6.21573580e-05,-1.07275068e-05)
(-6.06687402e-05,-1.05305024e-05)
(-5.90602324e-05,-1.03163589e-05)
(-5.73350699e-05,-1.00855504e-05)
(-5.54967176e-05,-9.83858225e-06)
(-5.35488635e-05,-9.57599032e-06)
(-5.14954112e-05,-9.29833950e-06)
(-4.93404723e-05,-9.00622264e-06)
(-4.70883579e-05,-8.70025927e-06)
(-4.47435706e-05,-8.38109421e-06)
(-4.23107952e-05,-8.04939623e-06)
(-3.97948896e-05,-7.70585657e-06)
(-3.72008752e-05,-7.35118753e-06)
(-3.45339269e-05,-6.98612094e-06)
(-3.17993629e-05,-6.61140656e-06)
(-2.90026344e-05,-6.22781058e-06)
(-2.61493145e-05,-5.83611397e-06)
(-2.32450876e-05,-5.43711084e-06)
(-2.02957378e-05,-5.03160680e-06)
(-1.73071378e-05,-4.62041727e-06)
(-1.42852372e-05,-4.20436581e-06)
(-1.12360506e-05,-3.78428239e-06)
(-8.16564614e-06,-3.36100171e-06)
(-5.08013330e-06,-2.93536145e-06)
(-1.98565085e-06,-2.50820060e-06)
( 1.11164519e-06,-2.08035770e-06)
( 4.20559365e-06,-1.65266916e-06)
( 7.29004037e-06,-1.22596755e-06)
( 1.03588503e-05,-8.01079956e-07)
( 1.34059196e-05,-3.78826253e-07)
( 1.64251876e-05, 3.99824898e-08)
( 1.94106487e-05, 4.54545658e-07)
( 2.23563645e-05, 8.64074672e-07)
( 2.52564750e-05, 1.26779456e-06)
( 2.81052105e-05, 1.66494547e-06)
( 3.08969026e-05, 2.05478420e-06)
( 3.36259959e-05, 2.43658561e-06)
( 3.62870583e-05, 2.80964405e-06)
( 3.88747922e-05, 3.17327475e-06)
( 4.13840447e-05, 3.52681509e-06)
( 4.38098176e-05, 3.86962589e-06)
( 4.61472775e-05, 4.20109266e-06)
( 4.83917652e-05, 4.52062669e-06)
( 5.05388050e-05, 4.82766621e-06)
( 5.25841130e-05, 5.12167738e-06)
( 5.45236064e-05, 5.40215533e-06)
( 5.63534107e-05, 5.66862502e-06)
( 5.80698678e-05, 5.92064212e-06)
( 5.96695431e-05, 6.15779380e-06)
( 6.11492324e-05, 6.37969942e-06)
( 6.25059678e-05, 6.58601120e-06)
( 6.37370241e-05, 6.77641481e-06)
( 6.48399238e-05, 6.95062983e-06)
( 6.58124420e-05, 7.10841022e-06)
( 6.66526112e-05, 7.24954469e-06)
( 6.73587247e-05, 7.37385696e-06)
( 6.79293402e-05, 7.48120600e-06)
( 6.83632827e-05, 7.57148614e-06)
( 6.86596468e-05, 7.64462719e-06)
( 6.88177985e-05, 7.70059441e-06)
( 6.88373766e-05, 7.73938841e-06)
( 6.87182932e-05, 7.76104505e-06)
( 6.84607340e-05, 7.76563518e-06)
( 6.80651584e-05, 7.75326438e-06)
( 6.75322979e-05, 7.72407257e-06)
( 6.68631552e-05, 7.67823361e-06)
( 6.60590023e-05, 7.61595479e-06)
( 6.51213778e-05, 7.53747627e-06)
( 6.40520840e-05, 7.44307043e-06)
( 6.28531836e-05, 7.33304122e-06)
( 6.15269954e-05, 7.20772339e-06)
( 6.00760900e-05, 7.06748167e-06)
( 5.85032848e-05, 6.91270992e-06)
( 5.68116383e-05, 6.74383016e-06)
( 5.50044446e-05, 6.56129168e-06)
( 5.30852263e-05, 6.36556992e-06)
( 5.10577284e-05, 6.15716544e-06)
( 4.89259104e-05, 5.93660279e-06)
( 4.66939388e-05, 5.70442934e-06)
( 4.43661791e-05, 5.46121408e-06)
( 4.19471869e-05, 5.20754635e-06)
( 3.94416994e-05, 4.94403459e-06)
( 3.68546260e-05, 4.67130499e-06)
( 3.41910386e-05, 4.39000018e-06)
( 3.14561617e-05, 4.10077783e-06)
( 2.86553623e-05, 3.80430927e-06)
( 2.57941394e-05, 3.50127805e-06)
( 2.28781130e-05, 3.19237854e-06)
( 1.99130135e-05, 2.87831444e-06)
( 1.69046700e-05, 2.55979734e-06)
( 1.38589994e-05, 2.23754525e-06)
( 1.07819942e-05, 1.91228109e-06)
( 7.67971136e-06, 1.58473124e-06)
( 4.55825997e-06, 1.25562403e-06)
( 1.42378953e-06, 9.25688306e-07)
(-1.71752224e-06, 5.95651887e-07)
(-4.85948148e-06, 2.66240153e-07)
(-7.99589036e-06,-6.18254379e-08)
(-1.11205593e-05,-3.87828773e-07)
(-1.42273189e-05,-7.11060523e-07)
(-1.73100326e-05,-1.03081954e-06)
(-2.03626080e-05,-1.34641423e-06)
(-2.33790095e-05,-1.65716392e-06)
(-2.63532699e-05,-1.96240021e-06)
(-2.92795020e-05,-2.26146820e-06)
(-3.21519106e-05,-2.55372785e-06)
(-3.49648033e-05,-2.83855513e-06)
(-3.77126025e-05,-3.11534325e-06)
(-4.03898557e-05,-3.38350385e-06)
(-4.29912467e-05,-3.64246803e-06)
(-4.55116058e-05,-3.89168748e-06)
(-4.79459204e-05,-4.13063553e-06)
(-5.02893444e-05,-4.35880804e-06)
(-5.25372082e-05,-4.57572441e-06)
(-5.46850276e-05,-4.78092843e-06)
(-5.67285131e-05,-4.97398911e-06)
(-5.86635781e-05,-5.15450145e-06)
(-6.04863470e-05,-5.32208718e-06)
(-6.21931629e-05,-5.47639541e-06)
(-6.37805952e-05,-5.61710325e-06)
(-6.52454459e-05,-5.74391634e-06)
(-6.65847564e-05,-5.85656939e-06)
(-6.77958133e-05,-5.95482659e-06)
(-6.88761537e-05,-6.03848197e-06)
(-6.98235701e-05,-6.10735976e-06)
(-7.06361153e-05,-6.16131461e-06)
(-7.13121055e-05,-6.20023183e-06)
(-7.18501247e-05,-6.22402749e-06)
(-7.22490268e-05,-6.23264851e-06)
(-7.25079383e-05,-6.22607270e-06)
(-7.26262601e-05,-6.20430870e-06)
(-7.26036689e-05,-6.16739587e-06)
(-7.24401174e-05,-6.11540417e-06)
(-7.21358354e-05,-6.04843391e-06)
(-7.16913285e-05,-5.96661548e-06)
(-7.11073782e-05,-5.87010903e-06)
(-7.03850394e-05,-5.75910408e-06)
(-6.95256393e-05,-5.63381908e-06)
(-6.85307746e-05,-5.49450091e-06)
(-6.74023082e-05,-5.34142435e-06)
(-6.61423661e-05,-5.17489144e-06)
(-6.47533330e-05,-4.99523089e-06)
(-6.32378478e-05,-4.80279733e-06)
(-6.15987985e-05,-4.59797060e-06)
(-5.98393167e-05,-4.38115494e-06)
(-5.79627714e-05,-4.15277817e-06)
(-5.59727625e-05,-3.91329081e-06)
(-5.38731138e-05,-3.66316518e-06)
(-5.16678657e-05,-3.40289439e-06)
(-4.93612670e-05,-3.13299143e-06)
(-4.69577669e-05,-2.85398809e-06)
(-4.44620064e-05,-2.56643392e-06)
(-4.18788088e-05,-2.27089514e-06)
(-3.92131707e-05,-1.96795352e-06)
(-3.64702521e-05,-1.65820526e-06)
(-3.36553661e-05,-1.34225978e-06)
(-3.07739687e-05,-1.02073858e-06)
(-2.78316483e-05,-6.94273994e-07)
(-2.48341141e-05,-3.63508007e-07)
(-2.17871857e-05,-2.90909694e-08)
(-1.86967810e-05, 3.08319626e-07)
(-1.55689050e-05, 6.48060411e-07)
(-1.24096378e-05, 9.89463416e-07)
(-9.22512269e-06, 1.33185734e-06)
(-6.02155417e-06, 1.67456885e-06)
(-2.80516562e-06, 2.01692383e-06)
( 4.17782900e-07, 2.35824867e-06)
( 3.64101697e-06, 2.69787156e-06)
( 6.85826020e-06, 3.03512375e-06)
( 1.00632465e-05, 3.36934079e-06)
( 1.32497327e-05, 3.69986379e-06)
( 1.64115104e-05, 4.02604070e-06)
( 1.95424187e-05, 4.34722745e-06)
( 2.26363560e-05, 4.66278925e-06)
( 2.56872923e-05, 4.97210169e-06)
( 2.86892808e-05, 5.27455196e-06)
( 3.16364700e-05, 5.56953998e-06)
( 3.45231150e-05, 5.85647949e-06)
( 3.73435889e-05, 6.13479918e-06)
( 4.00923940e-05, 6.40394373e-06)
( 4.27641727e-05, 6.66337481e-06)
( 4.53537179e-05, 6.91257215e-06)
( 4.78559835e-05, 7.15103440e-06)
( 5.02660941e-05, 7.37828014e-06)
( 5.25793552e-05, 7.59384873e-06)
( 5.47912618e-05, 7.79730116e-06)
( 5.68975079e-05, 7.98822084e-06)
( 5.88939946e-05, 8.16621441e-06)
( 6.07768386e-05, 8.33091239e-06)
( 6.25423795e-05, 8.48196993e-06)
( 6.41871875e-05, 8.61906738e-06)
( 6.57080697e-05, 8.74191091e-06)
( 6.71020769e-05, 8.85023301e-06)
( 6.83665090e-05, 8.94379301e-06)
( 6.94989209e-05, 9.02237747e-06)
( 7.04971267e-05, 9.08580062e-06)
( 7.13592046e-05, 9.13390464e-06)
( 7.20835004e-05, 9.16655996e-06)
( 7.26686310e-05, 9.18366550e-06)
( 7.31134869e-05, 9.18514882e-06)
( 7.34172346e-05, 9.17096626e-06)
( 7.35793181e-05, 9.14110300e-06)
( 7.35994601e-05, 9.09557310e-06)
( 7.34776626e-05, 9.03441940e-06)
( 7.32142069e-05, 8.95771350e-06)
( 7.28096530e-05, 8.86555557e-06)
( 7.22648381e-05, 8.75807415e-06)
( 7.15808759e-05, 8.63542595e-06)
( 7.07591534e-05, 8.49779548e-06)
( 6.98013286e-05, 8.34539474e-06)
( 6.87093273e-05, 8.17846280e-06)
( 6.74853391e-05, 7.99726535e-06)
( 6.61318131e-05, 7.80209417e-06)
( 6.46514528e-05, 7.59326665e-06)
( 6.30472112e-05, 7.37112508e-06)
( 6.13222847e-05, 7.13603611e-06)
( 5.94801066e-05, 6.88838998e-06)
( 5.75243404e-05, 6.62859983e-06)
( 5.54588726e-05, 6.35710090e-06)
( 5.32878049e-05, 6.07434972e-06)
( 5.10154462e-05, 5.78082325e-06)
( 4.86463035e-05, 5.47701797e-06)
( 4.61850736e-05, 5.16344899e-06)
( 4.36366336e-05, 4.84064900e-06)
( 4.10060309e-05, 4.50916737e-06)
( 3.82984734e-05, 4.16956904e-06)
( 3.55193192e-05, 3.82243348e-06)
( 3.26740658e-05, 3.46835363e-06)
( 2.97683392e-05, 3.10793475e-06)
( 2.68078829e-05, 2.74179332e-06)
( 2.37985462e-05, 2.37055584e-06)
( 2.07462729e-05, 1.99485769e-06)
( 1.76570891e-05, 1.61534193e-06)
( 1.45370916e-05, 1.23265807e-06)
( 1.13924355e-05, 8.47460895e-07)
( 8.22932224e-06, 4.60409210e-07)
( 5.05398704e-06, 7.21646024e-08)
( 1.87268668e-06,-3.16609779e-07)
(-1.30831304e-06,-7.05250484e-07)
(-4.48274965e-06,-1.09309498e-06)
(-7.64437646e-06,-1.47948294e-06)
(-1.07869750e-05,-1.86375739e-06)
(-1.39043673e-05,-2.24526603e-06)
(-1.69904283e-05,-2.62336241e-06)
(-2.00390977e-05,-2.99740711e-06)
(-2.30443921e-05,-3.36676898e-06)
(-2.60004172e-05,-3.73082629e-06)
(-2.89013789e-05,-4.08896788e-06)
(-3.17415953e-05,-4.44059432e-06)
(-3.45155075e-05,-4.78511898e-06)
(-3.72176909e-05,-5.12196917e-06)
(-3.98428658e-05,-5.45058714e-06)
(-4.23859082e-05,-5.77043114e-06)
(-4.48418591e-05,-6.08097643e-06)
(-4.72059351e-05,-6.38171619e-06)
(-4.94735377e-05,-6.67216250e-06)
(-5.16402619e-05,-6.95184718e-06)
(-5.37019054e-05,-7.22032268e-06)
(-5.56544766e-05,-7.47716285e-06)
(-5.74942026e-05,-7.72196373e-06)
(-5.92175365e-05,-7.95434425e-06)
(-6.08211644e-05,-8.17394690e-06)
(-6.23020120e-05,-8.38043838e-06)
(-6.36572504e-05,-8.57351014e-06)
(-6.48843017e-05,-8.75287895e-06)
(-6.59808443e-05,-8.91828732e-06)
(-6.69448168e-05,-9.06950397e-06)
(-6.77744228e-05,-9.20632417e-06)
(-6.84681335e-05,-9.32857008e-06)
(-6.90246912e-05,-9.43609099e-06)
(-6.94431117e-05,-9.52876353e-06)
(-6.97226856e-05,-9.60649186e-06)
(-6.98629803e-05,-9.66920769e-06)
(-6.98638400e-05,-9.71687039e-06)
(-6.97253866e-05,-9.74946696e-06)
(-6.94480188e-05,-9.76701192e-06)
(-6.90324114e-05,-9.76954723e-06)
(-6.84795138e-05,-9.75714208e-06)
(-6.77905480e-05,-9.72989268e-06)
(-6.69670060e-05,-9.68792193e-06)
(-6.60106466e-05,-9.63137911e-06)
(-6.49234922e-05,-9.56043946e-06)
(-6.37078240e-05,-9.47530375e-06)
(-6.23661778e-05,-9.37619776e-06)
(-6.09013388e-05,-9.26337173e-06)
(-5.93163357e-05,-9.13709978e-06)
(-5.76144348e-05,-8.99767924e-06)
(-5.57991332e-05,-8.84542998e-06)
(-5.38741518e-05,-8.68069366e-06)
(-5.18434280e-05,-8.50383293e-06)
(-4.97111072e-05,-8.31523065e-06)
(-4.74815350e-05,-8.11528901e-06)
(-4.51592484e-05,-7.90442861e-06)
(-4.27489661e-05,-7.68308759e-06)
(-4.02555799e-05,-7.45172058e-06)
(-3.76841442e-05,-7.21079778e-06)
(-3.50398660e-05,-6.96080390e-06)
(-3.23280947e-05,-6.70223709e-06)
(-2.95543113e-05,-6.43560792e-06)
(-2.67241171e-05,-6.16143821e-06)
(-2.38432231e-05,-5.88025999e-06)
(-2.09174378e-05,-5.59261431e-06)
(-1.79526564e-05,-5.29905011e-06)
(-1.49548486e-05,-5.00012308e-06)
(-1.19300466e-05,-4.69639446e-06)
(-8.88433323e-06,-4.38842990e-06)
(-5.82382996e-06,-4.07679824e-06)
(-2.75468441e-06,-3.76207040e-06)
( 3.16941729e-07,-3.44481811e-06)
( 3.38488498e-06,-3.12561283e-06)
( 6.44299237e-06,-2.80502452e-06)
( 9.48513362e-06,-2.48362052e-06)
( 1.25052134e-05,-2.16196439e-06)
( 1.54971833e-05,-1.84061477e-06)
( 1.84550541e-05,-1.52012432e-06)
( 2.13729073e-05,-1.20103854e-06)
( 2.42449072e-05,-8.83894786e-07)
( 2.70653122e-05,-5.69221184e-07)
( 2.98284864e-05,-2.57535603e-07)
( 3.25289107e-05, 5.06553130e-08)
( 3.51611934e-05, 3.54857116e-07)
( 3.77200814e-05, 6.54588479e-07)
( 4.02004702e-05, 9.49382080e-07)
( 4.25974143e-05, 1.23878547e-06)
( 4.49061366e-05, 1.52236186e-06)
( 4.71220381e-05, 1.79969093e-06)
( 4.92407067e-05, 2.07036953e-06)
( 5.12579264e-05, 2.33401239e-06)
( 5.31696850e-05, 2.59025274e-06)
( 5.49721823e-05, 2.83874294e-06)
( 5.66618377e-05, 3.07915500e-06)
( 5.82352969e-05, 3.31118106e-06)
( 5.96894387e-05, 3.53453391e-06)
( 6.10213812e-05, 3.74894732e-06)
( 6.22284872e-05, 3.95417643e-06)
( 6.33083694e-05, 4.14999803e-06)
( 6.42588952e-05, 4.33621081e-06)
( 6.50781908e-05, 4.51263554e-06)
( 6.57646449e-05, 4.67911525e-06)
( 6.63169115e-05, 4.83551526e-06)
( 6.67339129e-05, 4.98172328e-06)
( 6.70148415e-05, 5.11764934e-06)
( 6.71591615e-05, 5.24322574e-06)
( 6.71666097e-05, 5.35840694e-06)
( 6.70371960e-05, 5.46316939e-06)
( 6.67712036e-05, 5.55751130e-06)
( 6.63691879e-05, 5.64145236e-06)
( 6.58319756e-05, 5.71503347e-06)
( 6.51606631e-05, 5.77831632e-06)
( 6.43566138e-05, 5.83138301e-06)
( 6.34214561e-05, 5.87433560e-06)
( 6.23570793e-05, 5.90729561e-06)
( 6.11656303e-05, 5.93040347e-06)
( 5.98495094e-05, 5.94381795e-06)
( 5.84113649e-05, 5.94771554e-06)
( 5.68540884e-05, 5.94228982e-06)
( 5.51808090e-05, 5.92775076e-06)
( 5.33948865e-05, 5.90432399e-06)
( 5.14999053e-05, 5.87225005e-06)
( 4.94996672e-05, 5.83178366e-06)
( 4.73981836e-05, 5.78319285e-06)
( 4.51996676e-05, 5.72675819e-06)
( 4.29085259e-05, 5.66277190e-06)
( 4.05293496e-05, 5.59153704e-06)
( 3.80669056e-05, 5.51336656e-06)
( 3.55261269e-05, 5.42858244e-06)
( 3.29121026e-05, 5.33751477e-06)
( 3.02300684e-05, 5.24050087e-06)
( 2.74853958e-05, 5.13788429e-06)
( 2.46835816e-05, 5.03001394e-06)
( 2.18302369e-05, 4.91724313e-06)
( 1.89310764e-05, 4.79992867e-06)
( 1.59919065e-05, 4.67842988e-06)
( 1.30186145e-05, 4.55310774e-06)
( 1.00171564e-05, 4.42432390e-06)
( 6.99354545e-06, 4.29243985e-06)
( 3.95384015e-06, 4.15781594e-06)
( 9.04132355e-07, 4.02081057e-06)
(-2.14946481e-06, 3.88177930e-06)
(-5.20082898e-06, 3.74107398e-06)
(-8.24384070e-06, 3.59904198e-06)
(-1.12723954e-05, 3.45602532e-06)
(-1.42804157e-05, 3.31235995e-06)
(-1.72618629e-05, 3.16837497e-06)
(-2.02107495e-05, 3.02439189e-06)
(-2.31211507e-05, 2.88072397e-06)
(-2.59872162e-05, 2.73767555e-06)
(-2.88031815e-05, 2.59554140e-06)
(-3.15633798e-05, 2.45460612e-06)
(-3.42622527e-05, 2.31514361e-06)
(-3.68943615e-05, 2.17741651e-06)
(-3.94543977e-05, 2.04167574e-06)
(-4.19371939e-05, 1.90816004e-06)
(-4.43377336e-05, 1.77709553e-06)
(-4.66511612e-05, 1.64869540e-06)
(-4.88727919e-05, 1.52315952e-06)
(-5.09981207e-05, 1.40067417e-06)
(-5.30228316e-05, 1.28141181e-06)
(-5.49428057e-05, 1.16553085e-06)
(-5.67541301e-05, 1.05317548e-06)
(-5.84531048e-05, 9.44475585e-07)
(-6.00362509e-05, 8.39546589e-07)
(-6.15003170e-05, 7.38489482e-07)
(-6.28422858e-05, 6.41390779e-07)
(-6.40593804e-05, 5.48322573e-07)
(-6.51490694e-05, 4.59342604e-07)
(-6.61090725e-05, 3.74494384e-07)
(-6.69373646e-05, 2.93807343e-07)
(-6.76321804e-05, 2.17297027e-07)
(-6.81920175e-05, 1.44965325e-07)
(-6.86156399e-05, 7.68007305e-08)
(-6.89020804e-05, 1.27786413e-08)
(-6.90506423e-05,-4.71383121e-08)
(-6.90609016e-05,-1.02999903e-07)
(-6.89327076e-05,-1.54867918e-07)
(-6.86661830e-05,-2.02815735e-07)
(-6.82617245e-05,-2.46927877e-07)
(-6.77200017e-05,-2.87299536e-07)
(-6.70419562e-05,-3.24036082e-07)
(-6.62287995e-05,-3.57252534e-07)
(-6.52820113e-05,-3.87073032e-07)
(-6.42033364e-05,-4.13630268e-07)
(-6.29947817e-05,-4.37064917e-07)
(-6.16586120e-05,-4.57525045e-07)
(-6.01973463e-05,-4.75165508e-07)
(-5.86137524e-05,-4.90147329e-07)
(-5.69108422e-05,-5.02637086e-07)
(-5.50918654e-05,-5.12806272e-07)
(-5.31603037e-05,-5.20830662e-07)
(-5.11198640e-05,-5.26889667e-07)
(-4.89744712e-05,-5.31165701e-07)
(-4.67282606e-05,-5.33843526e-07)
(-4.43855702e-05,-5.35109620e-07)
(-4.19509321e-05,-5.35151539e-07)
(-3.94290637e-05,-5.34157283e-07)
(-3.68248588e-05,-5.32314670e-07)
(-3.41433779e-05,-5.29810724e-07)
(-3.13898387e-05,-5.26831069e-07)
(-2.85696054e-05,-5.23559333e-07)
(-2.56881790e-05,-5.20176574e-07)
(-2.27511863e-05,-5.16860706e-07)
(-1.97643685e-05,-5.13785962e-07)
(-1.67335710e-05,-5.11122359e-07)
(-1.36647310e-05,-5.09035186e-07)
(-1.05638667e-05,-5.07684512e-07)
(-7.43706519e-06,-5.07224723e-07)
(-4.29047047e-06,-5.07804071e-07)
(-1.13027171e-06,-5.09564250e-07)
( 2.03730899e-06,-5.12640002e-07)
( 5.20602878e-06,-5.17158735e-07)
( 8.36963629e-06,-5.23240187e-07)
( 1.15218839e-05,-5.30996095e-07)
( 1.46565398e-05,-5.40529905e-07)
( 1.77674008e-05,-5.51936504e-07)
( 2.08483038e-05,-5.65301988e-07)
( 2.38931384e-05,-5.80703441e-07)
( 2.68958587e-05,-5.98208760e-07)
( 2.98504954e-05,-6.17876503e-07)
( 3.27511677e-05,-6.39755762e-07)
( 3.55920943e-05,-6.63886065e-07)
( 3.83676057e-05,-6.90297313e-07)
( 4.10721547e-05,-7.19009733e-07)
( 4.37003277e-05,-7.50033885e-07)
( 4.62468557e-05,-7.83370652e-07)
( 4.87066244e-05,-8.19011300e-07)
( 5.10746843e-05,-8.56937554e-07)
( 5.33462611e-05,-8.97121672e-07)
( 5.55167648e-05,-9.39526593e-07)
( 5.75817989e-05,-9.84106058e-07)
( 5.95371695e-05,-1.03080480e-06)
( 6.13788934e-05,-1.07955874e-06)
( 6.31032065e-05,-1.13029517e-06)
( 6.47065709e-05,-1.18293304e-06)
( 6.61856827e-05,-1.23738317e-06)
( 6.75374780e-05,-1.29354856e-06)
( 6.87591398e-05,-1.35132467e-06)
( 6.98481033e-05,-1.41059973e-06)
( 7.08020618e-05,-1.47125509e-06)
( 7.16189705e-05,-1.53316554e-06)
( 7.22970518e-05,-1.59619968e-06)
( 7.28347985e-05,-1.66022030e-06)
( 7.32309771e-05,-1.72508474e-06)
( 7.34846306e-05,-1.79064533e-06)
( 7.35950806e-05,-1.85674971e-06)
( 7.35619291e-05,-1.92324134e-06)
( 7.33850590e-05,-1.98995986e-06)
( 7.30646354e-05,-2.05674151e-06)
( 7.26011050e-05,-2.12341959e-06)
( 7.19951958e-05,-2.18982487e-06)
( 7.12479158e-05,-2.25578604e-06)
( 7.03605512e-05,-2.32113012e-06)
( 6.93346646e-05,-2.38568295e-06)
( 6.81720917e-05,-2.44926955e-06)
( 6.68749383e-05,-2.51171461e-06)
( 6.54455763e-05,-2.57284290e-06)
( 6.38866393e-05,-2.63247970e-06)
( 6.22010179e-05,-2.69045122e-06)
( 6.03918541e-05,-2.74658502e-06)
( 5.84625351e-05,-2.80071040e-06)
( 5.64166876e-05,-2.85265884e-06)
( 5.42581702e-05,-2.90226434e-06)
( 5.19910666e-05,-2.94936386e-06)
( 4.96196775e-05,-2.99379764e-06)
( 4.71485122e-05,-3.03540962e-06)
( 4.45822806e-05,-3.07404774e-06)
( 4.19258833e-05,-3.10956431e-06)
( 3.91844029e-05,-3.14181634e-06)
( 3.63630935e-05,-3.17066586e-06)
( 3.34673713e-05,-3.19598018e-06)
( 3.05028035e-05,-3.21763224e-06)
( 2.74750978e-05,-3.23550086e-06)
( 2.43900910e-05,-3.24947100e-06)
( 2.12537382e-05,-3.25943399e-06)
( 1.80721008e-05,-3.26528781e-06)
( 1.48513346e-05,-3.26693727e-06)
( 1.15976780e-05,-3.26429423e-06)
( 8.31744010e-06,-3.25727778e-06)
( 5.01698758e-06,-3.24581442e-06)
( 1.70273289e-06,-3.22983823e-06)
(-1.61887854e-06,-3.20929098e-06)
(-4.94138095e-06,-3.18412231e-06)
(-8.25830095e-06,-3.15428979e-06)
(-1.15631702e-05,-3.11975906e-06)
(-1.48495382e-05,-3.08050390e-06)
(-1.81109849e-05,-3.03650630e-06)
(-2.13411335e-05,-2.98775652e-06)
(-2.45336628e-05,-2.93425314e-06)
(-2.76823200e-05,-2.87600306e-06)
(-3.07809328e-05,-2.81302154e-06)
(-3.38234217e-05,-2.74533222e-06)
(-3.68038119e-05,-2.67296704e-06)
(-3.97162455e-05,-2.59596631e-06)
(-4.25549928e-05,-2.51437859e-06)
(-4.53144637e-05,-2.42826069e-06)
(-4.79892189e-05,-2.33767758e-06)
(-5.05739808e-05,-2.24270234e-06)
(-5.30636436e-05,-2.14341608e-06)
(-5.54532842e-05,-2.03990781e-06)
(-5.77381712e-05,-1.93227436e-06)
(-5.99137750e-05,-1.82062028e-06)
(-6.19757765e-05,-1.70505766e-06)
(-6.39200759e-05,-1.58570605e-06)
(-6.57428008e-05,-1.46269229e-06)
(-6.74403140e-05,-1.33615033e-06)
(-6.90092212e-05,-1.20622112e-06)
(-7.04463770e-05,-1.07305237e-06)
(-7.17488920e-05,-9.36798442e-07)
(-7.29141386e-05,-7.97620088e-07)
(-7.39397557e-05,-6.55684293e-07)
(-7.48236542e-05,-5.11164056e-07)
(-7.55640209e-05,-3.64238171e-07)
(-7.61593225e-05,-2.15091013e-07)
(-7.66083084e-05,-6.39122979e-08)
(-7.69100137e-05, 8.91031489e-08)
(-7.70637608e-05, 2.43755640e-07)
(-7.70691614e-05, 3.99840878e-07)
(-7.69261170e-05, 5.57150213e-07)
(-7.66348196e-05, 7.15470911e-07)
(-7.61957511e-05, 8.74586421e-07)
(-7.56096825e-05, 1.03427666e-06)
(-7.48776729e-05, 1.19431830e-06)
(-7.40010670e-05, 1.35448504e-06)
(-7.29814932e-05, 1.51454793e-06)
(-7.18208599e-05, 1.67427566e-06)
(-7.05213520e-05, 1.83343486e-06)
(-6.90854271e-05, 1.99179045e-06)
(-6.75158102e-05, 2.14910591e-06)
(-6.58154888e-05, 2.30514364e-06)
(-6.39877069e-05, 2.45966530e-06)
(-6.20359587e-05, 2.61243209e-06)
(-5.99639821e-05, 2.76320517e-06)
(-5.77757509e-05, 2.91174593e-06)
(-5.54754673e-05, 3.05781640e-06)
(-5.30675539e-05, 3.20117956e-06)
(-5.05566445e-05, 3.34159973e-06)
(-4.79475757e-05, 3.47884290e-06)
(-4.52453766e-05, 3.61267713e-06)
(-4.24552596e-05, 3.74287287e-06)
(-3.95826101e-05, 3.86920340e-06)
(-3.66329756e-05, 3.99144512e-06)
(-3.36120548e-05, 4.10937800e-06)
(-3.05256868e-05, 4.22278589e-06)
(-2.73798392e-05, 4.33145696e-06)
(-2.41805968e-05, 4.43518404e-06)
(-2.09341490e-05, 4.53376497e-06)
(-1.76467783e-05, 4.62700306e-06)
(-1.43248475e-05, 4.71470737e-06)
(-1.09747872e-05, 4.79669317e-06)
(-7.60308334e-06, 4.87278225e-06)
(-4.21626442e-06, 4.94280330e-06)
(-8.20888452e-07, 5.00659230e-06)
( 2.57646978e-06, 5.06399287e-06)
( 5.96923171e-06, 5.11485661e-06)
( 9.35082793e-06, 5.15904346e-06)
( 1.27147111e-05, 5.19642204e-06)
( 1.60543688e-05, 5.22687001e-06)
( 1.93633365e-05, 5.25027433e-06)
( 2.26352099e-05, 5.26653168e-06)
( 2.58636579e-05, 5.27554867e-06)
( 2.90424349e-05, 5.27724219e-06)
( 3.21653930e-05, 5.27153969e-06)
( 3.52264940e-05, 5.25837944e-06)
( 3.82198214e-05, 5.23771081e-06)
( 4.11395921e-05, 5.20949448e-06)
( 4.39801674e-05, 5.17370271e-06)
( 4.67360642e-05, 5.13031953e-06)
( 4.94019658e-05, 5.07934095e-06)
( 5.19727321e-05, 5.02077511e-06)
( 5.44434099e-05, 4.95464249e-06)
( 5.68092423e-05, 4.88097601e-06)
( 5.90656781e-05, 4.79982118e-06)
( 6.12083807e-05, 4.71123615e-06)
( 6.32332364e-05, 4.61529186e-06)
( 6.51363623e-05, 4.51207203e-06)
( 6.69141142e-05, 4.40167324e-06)
( 6.85630931e-05, 4.28420489e-06)
( 7.00801524e-05, 4.15978925e-06)
( 7.14624031e-05, 4.02856133e-06)
( 7.27072203e-05, 3.89066890e-06)
( 7.38122474e-05, 3.74627234e-06)
( 7.47754009e-05, 3.59554455e-06)
( 7.55948744e-05, 3.43867077e-06)
( 7.62691420e-05, 3.27584845e-06)
( 7.67969609e-05, 3.10728702e-06)
( 7.71773737e-05, 2.93320765e-06)
( 7.74097102e-05, 2.75384304e-06)
( 7.74935887e-05, 2.56943708e-06)
( 7.74289161e-05, 2.38024459e-06)
( 7.72158882e-05, 2.18653094e-06)
( 7.68549891e-05, 1.98857171e-06)
( 7.63469901e-05, 1.78665229e-06)
( 7.56929476e-05, 1.58106744e-06)
( 7.48942012e-05, 1.37212090e-06)
( 7.39523710e-05, 1.16012484e-06)
( 7.28693536e-05, 9.45399443e-07)
( 7.16473188e-05, 7.28272326e-07)
( 7.02887048e-05, 5.09078029e-07)
( 6.87962132e-05, 2.88157434e-07)
( 6.71728038e-05, 6.58571885e-08)
( 6.54216883e-05,-1.57470913e-07)
( 6.35463238e-05,-3.81470551e-07)
( 6.15504061e-05,-6.05781526e-07)
( 5.94378620e-05,-8.30040428e-07)
( 5.72128416e-05,-1.05388131e-06)
( 5.48797097e-05,-1.27693637e-06)
( 5.24430378e-05,-1.49883669e-06)
( 4.99075939e-05,-1.71921292e-06)
( 4.72783341e-05,-1.93769600e-06)
( 4.45603919e-05,-2.15391794e-06)
( 4.17590687e-05,-2.36751252e-06)
( 3.88798228e-05,-2.57811604e-06)
( 3.59282588e-05,-2.78536809e-06)
( 3.29101165e-05,-2.98891227e-06)
( 2.98312597e-05,-3.18839697e-06)
( 2.66976645e-05,-3.38347610e-06)
( 2.35154076e-05,-3.57380981e-06)
( 2.02906545e-05,-3.75906528e-06)
( 1.70296472e-05,-3.93891739e-06)
( 1.37386920e-05,-4.11304946e-06)
( 1.04241473e-05,-4.28115396e-06)
( 7.09241118e-06,-4.44293319e-06)
( 3.74990881e-06,-4.59809993e-06)
( 4.03079982e-07,-4.74637816e-06)
(-2.94163338e-06,-4.88750360e-06)
(-6.27779976e-06,-5.02122441e-06)
(-9.59901053e-06,-5.14730172e-06)
(-1.28988923e-05,-5.26551024e-06)
(-1.61711194e-05,-5.37563872e-06)
(-1.94094258e-05,-5.47749056e-06)
(-2.26076174e-05,-5.57088419e-06)
(-2.57595842e-05,-5.65565358e-06)
(-2.88593113e-05,-5.73164860e-06)
(-3.19008912e-05,-5.79873544e-06)
(-3.48785346e-05,-5.85679693e-06)
(-3.77865819e-05,-5.90573281e-06)
(-4.06195135e-05,-5.94546006e-06)
(-4.33719608e-05,-5.97591305e-06)
(-4.60387158e-05,-5.99704378e-06)
(-4.86147416e-05,-6.00882201e-06)
(-5.10951817e-05,-6.01123531e-06)
(-5.34753689e-05,-6.00428919e-06)
(-5.57508343e-05,-5.98800705e-06)
(-5.79173157e-05,-5.96243022e-06)
(-5.99707656e-05,-5.92761779e-06)
(-6.19073585e-05,-5.88364661e-06)
(-6.37234982e-05,-5.83061101e-06)
(-6.54158245e-05,-5.76862270e-06)
(-6.69812190e-05,-5.69781046e-06)
(-6.84168114e-05,-5.61831986e-06)
(-6.97199842e-05,-5.53031294e-06)
(-7.08883775e-05,-5.43396786e-06)
(-7.19198933e-05,-5.32947842e-06)
(-7.28126995e-05,-5.21705367e-06)
(-7.35652323e-05,-5.09691739e-06)
(-7.41761998e-05,-4.96930756e-06)
(-7.46445832e-05,-4.83447581e-06)
(-7.49696392e-05,-4.69268681e-06)
(-7.51509005e-05,-4.54421763e-06)
(-7.51881767e-05,-4.38935709e-06)
(-7.50815540e-05,-4.22840507e-06)
(-7.48313951e-05,-4.06167177e-06)
(-7.44383377e-05,-3.88947696e-06)
(-7.39032929e-05,-3.71214926e-06)
(-7.32274436e-05,-3.53002529e-06)
(-7.24122414e-05,-3.34344886e-06)
(-7.14594036e-05,-3.15277021e-06)
(-7.03709096e-05,-2.95834507e-06)
(-6.91489967e-05,-2.76053390e-06)
(-6.77961556e-05,-2.55970095e-06)
(-6.63151251e-05,-2.35621343e-06)
(-6.47088868e-05,-2.15044063e-06)
(-6.29806588e-05,-1.94275302e-06)
(-6.11338892e-05,-1.73352140e-06)
(-5.91722497e-05,-1.52311600e-06)
(-5.70996278e-05,-1.31190563e-06)
(-5.49201190e-05,-1.10025681e-06)
(-5.26380192e-05,-8.88532928e-07)
(-5.02578159e-05,-6.77093385e-07)
(-4.77841794e-05,-4.66292795e-07)
(-4.52219537e-05,-2.56480172e-07)
(-4.25761471e-05,-4.79981473e-08)
(-3.98519221e-05, 1.58817781e-07)
(-3.70545857e-05, 3.63639992e-07)
(-3.41895792e-05, 5.66149441e-07)
(-3.12624669e-05, 7.66036330e-07)
(-2.82789263e-05, 9.63000775e-07)
(-2.52447365e-05, 1.15675338e-06)
(-2.21657672e-05, 1.34701584e-06)
(-1.90479674e-05, 1.53352149e-06)
(-1.58973538e-05, 1.71601575e-06)
(-1.27199998e-05, 1.89425664e-06)
(-9.52202312e-06, 2.06801517e-06)
(-6.30957447e-06, 2.23707573e-06)
(-3.08882578e-06, 2.40123640e-06)
( 1.34041684e-07, 2.56030924e-06)
( 3.35284906e-06, 2.71412055e-06)
( 6.56143170e-06, 2.86251105e-06)
( 9.75365088e-06, 3.00533601e-06)
( 1.29234055e-05, 3.14246538e-06)
( 1.60646436e-05, 3.27378384e-06)
( 1.91713740e-05, 3.39919078e-06)
( 2.22376775e-05, 3.51860029e-06)
( 2.52577181e-05, 3.63194105e-06)
( 2.82257540e-05, 3.73915621e-06)
( 3.11361486e-05, 3.84020323e-06)
( 3.39833812e-05, 3.93505361e-06)
( 3.67620569e-05, 4.02369265e-06)
( 3.94669173e-05, 4.10611918e-06)
( 4.20928503e-05, 4.18234513e-06)
( 4.46348994e-05, 4.25239521e-06)
( 4.70882732e-05, 4.31630646e-06)
( 4.94483545e-05, 4.37412778e-06)
( 5.17107088e-05, 4.42591945e-06)
( 5.38710924e-05, 4.47175256e-06)
( 5.59254608e-05, 4.51170852e-06)
( 5.78699757e-05, 4.54587841e-06)
( 5.97010127e-05, 4.57436241e-06)
( 6.14151675e-05, 4.59726910e-06)
( 6.30092625e-05, 4.61471490e-06)
( 6.44803526e-05, 4.62682331e-06)
( 6.58257309e-05, 4.63372426e-06)
( 6.70429333e-05, 4.63555338e-06)
( 6.81297431e-05, 4.63245132e-06)
( 6.90841952e-05, 4.62456300e-06)
( 6.99045798e-05, 4.61203690e-06)
( 7.05894450e-05, 4.59502433e-06)
( 7.11375999e-05, 4.57367871e-06)
( 7.15481165e-05, 4.54815483e-06)
( 7.18203314e-05, 4.51860815e-06)
( 7.19538466e-05, 4.48519411e-06)
( 7.19485307e-05, 4.44806741e-06)
( 7.18045185e-05, 4.40738134e-06)
( 7.15222106e-05, 4.36328716e-06)
( 7.11022730e-05, 4.31593343e-06)
( 7.05456352e-05, 4.26546537e-06)
( 6.98534885e-05, 4.21202436e-06)
( 6.90272835e-05, 4.15574730e-06)
( 6.80687274e-05, 4.09676612e-06)
( 6.69797807e-05, 4.03520727e-06)
( 6.57626529e-05, 3.97119131e-06)
( 6.44197986e-05, 3.90483242e-06)
( 6.29539127e-05, 3.83623805e-06)
( 6.13679250e-05, 3.76550860e-06)
( 5.96649945e-05, 3.69273708e-06)
( 5.78485036e-05, 3.61800889e-06)
( 5.59220512e-05, 3.54140157e-06)
( 5.38894460e-05, 3.46298467e-06)
( 5.17546990e-05, 3.38281963e-06)
( 4.95220159e-05, 3.30095968e-06)
( 4.71957889e-05, 3.21744983e-06)
( 4.47805883e-05, 3.13232690e-06)
( 4.22811538e-05, 3.04561960e-06)
( 3.97023852e-05, 2.95734861e-06)
( 3.70493331e-05, 2.86752679e-06)
( 3.43271892e-05, 2.77615939e-06)
( 3.15412761e-05, 2.68324427e-06)
( 2.86970376e-05, 2.58877226e-06)
( 2.58000275e-05, 2.49272748e-06)
( 2.28558996e-05, 2.39508774e-06)
( 1.98703964e-05, 2.29582496e-06)
( 1.68493382e-05, 2.19490570e-06)
( 1.37986119e-05, 2.09229161e-06)
( 1.07241596e-05, 1.98794000e-06)
( 7.63196726e-06, 1.88180447e-06)
( 4.52805313e-06, 1.77383544e-06)
( 1.41845607e-06, 1.66398090e-06)
(-1.69077599e-06, 1.55218699e-06)
(-4.79359779e-06, 1.43839875e-06)
(-7.88397836e-06, 1.32256085e-06)
(-1.09559127e-05, 1.20461826e-06)
(-1.40034335e-05, 1.08451708e-06)
(-1.70206225e-05, 9.62205262e-07)
(-2.00016219e-05, 8.37633397e-07)
(-2.29406460e-05, 7.10755487e-07)
(-2.58319922e-05, 5.81529727e-07)
(-2.86700523e-05, 4.49919293e-07)
(-3.14493230e-05, 3.15893103e-07)
(-3.41644169e-05, 1.79426600e-07)
(-3.68100730e-05, 4.05024943e-08)
(-3.93811668e-05,-1.00888494e-07)
(-4.18727205e-05,-2.44746911e-07)
(-4.42799123e-05,-3.91063877e-07)
(-4.65980865e-05,-5.39820403e-07)
(-4.88227621e-05,-6.90986765e-07)
(-5.09496417e-05,-8.44521875e-07)
(-5.29746199e-05,-1.00037272e-06)
(-5.48937918e-05,-1.15847381e-06)
(-5.67034599e-05,-1.31874670e-06)
(-5.84001423e-05,-1.48109953e-06)
(-5.99805787e-05,-1.64542663e-06)
(-6.14417377e-05,-1.81160816e-06)
(-6.27808221e-05,-1.97950980e-06)
(-6.39952751e-05,-2.14898254e-06)
(-6.50827848e-05,-2.31986245e-06)
(-6.60412893e-05,-2.49197058e-06)
(-6.68689808e-05,-2.66511288e-06)
(-6.75643090e-05,-2.83908018e-06)
(-6.81259844e-05,-3.01364827e-06)
(-6.85529811e-05,-3.18857803e-06)
(-6.88445387e-05,-3.36361557e-06)
(-6.90001641e-05,-3.53849251e-06)
(-6.90196323e-05,-3.71292632e-06)
(-6.89029876e-05,-3.88662068e-06)
(-6.86505427e-05,-4.05926592e-06)
(-6.82628791e-05,-4.23053956e-06)
(-6.77408455e-05,-4.40010690e-06)
(-6.70855566e-05,-4.56762163e-06)
(-6.62983906e-05,-4.73272659e-06)
(-6.53809872e-05,-4.89505451e-06)
(-6.43352439e-05,-5.05422885e-06)
(-6.31633126e-05,-5.20986469e-06)
(-6.18675953e-05,-5.36156969e-06)
(-6.04507399e-05,-5.50894510e-06)
(-5.89156345e-05,-5.65158678e-06)
(-5.72654019e-05,-5.78908634e-06)
(-5.55033937e-05,-5.92103226e-06)
(-5.36331836e-05,-6.04701113e-06)
(-5.16585602e-05,-6.16660882e-06)
(-4.95835198e-05,-6.27941178e-06)
(-4.74122585e-05,-6.38500834e-06)
(-4.51491635e-05,-6.48299004e-06)
(-4.27988050e-05,-6.57295294e-06)
(-4.03659267e-05,-6.65449905e-06)
(-3.78554363e-05,-6.72723768e-06)
(-3.52723961e-05,-6.79078682e-06)
(-3.26220127e-05,-6.84477459e-06)
(-2.99096264e-05,-6.88884058e-06)
(-2.71407010e-05,-6.92263729e-06)
(-2.43208121e-05,-6.94583152e-06)
(-2.14556368e-05,-6.95810572e-06)
(-1.85509416e-05,-6.95915936e-06)
(-1.56125711e-05,-6.94871028e-06)
(-1.26464360e-05,-6.92649595e-06)
(-9.65850145e-06,-6.89227480e-06)
(-6.65477494e-06,-6.84582742e-06)
(-3.64129394e-06,-6.78695775e-06)
(-6.24113855e-07,-6.71549423e-06)
( 2.39070433e-06,-6.63129091e-06)
( 5.39710631e-06,-6.53422846e-06)
( 8.38905681e-06,-6.42421515e-06)
( 1.13605518e-05,-6.30118776e-06)
( 1.43056309e-05,-6.16511243e-06)
( 1.72183892e-05,-6.01598540e-06)
( 2.00929897e-05,-5.85383375e-06)
( 2.29236750e-05,-5.67871595e-06)
( 2.57047791e-05,-5.49072240e-06)
( 2.84307390e-05,-5.28997592e-06)
( 3.10961064e-05,-5.07663201e-06)
( 3.36955582e-05,-4.85087921e-06)
( 3.62239081e-05,-4.61293916e-06)
( 3.86761169e-05,-4.36306675e-06)
( 4.10473031e-05,-4.10155003e-06)
( 4.33327525e-05,-3.82871013e-06)
( 4.55279285e-05,-3.54490098e-06)
( 4.76284810e-05,-3.25050901e-06)
( 4.96302554e-05,-2.94595272e-06)
( 5.15293016e-05,-2.63168213e-06)
( 5.33218814e-05,-2.30817814e-06)
( 5.50044770e-05,-1.97595181e-06)
( 5.65737976e-05,-1.63554353e-06)
( 5.80267867e-05,-1.28752204e-06)
( 5.93606281e-05,-9.32483463e-07)
( 6.05727517e-05,-5.71050129e-07)
( 6.16608391e-05,-2.03869380e-07)
( 6.26228278e-05, 1.68387748e-07)
( 6.34569161e-05, 5.45027921e-07)
( 6.41615663e-05, 9.25336982e-07)
( 6.47355081e-05, 1.30858152e-06)
( 6.51777410e-05, 1.69401050e-06)
( 6.54875365e-05, 2.08085697e-06)
( 6.56644392e-05, 2.46833987e-06)
( 6.57082681e-05, 2.85566581e-06)
( 6.56191164e-05, 3.24203106e-06)
( 6.53973518e-05, 3.62662339e-06)
( 6.50436149e-05, 4.00862420e-06)
( 6.45588183e-05, 4.38721044e-06)
( 6.39441442e-05, 4.76155679e-06)
( 6.32010422e-05, 5.13083771e-06)
( 6.23312255e-05, 5.49422959e-06)
( 6.13366678e-05, 5.85091293e-06)
( 6.02195985e-05, 6.20007447e-06)
( 5.89824982e-05, 6.54090937e-06)
( 5.76280929e-05, 6.87262340e-06)
( 5.61593488e-05, 7.19443507e-06)
( 5.45794650e-05, 7.50557781e-06)
( 5.28918673e-05, 7.80530209e-06)
( 5.11002002e-05, 8.09287748e-06)
( 4.92083196e-05, 8.36759477e-06)
( 4.72202841e-05, 8.62876796e-06)
( 4.51403463e-05, 8.87573624e-06)
( 4.29729437e-05, 9.10786593e-06)
( 4.07226890e-05, 9.32455231e-06)
( 3.83943602e-05, 9.52522144e-06)
( 3.59928905e-05, 9.70933189e-06)
( 3.35233573e-05, 9.87637635e-06)
( 3.09909716e-05, 1.00258832e-05)
( 2.84010665e-05, 1.01574181e-05)
( 2.57590860e-05, 1.02705851e-05)
( 2.30705728e-05, 1.03650282e-05)
( 2.03411572e-05, 1.04404323e-05)
( 1.75765440e-05, 1.04965245e-05)
( 1.47825012e-05, 1.05330748e-05)
( 1.19648467e-05, 1.05498971e-05)
( 9.12943663e-06, 1.05468501e-05)
( 6.28215226e-06, 1.05238372e-05)
( 3.42888762e-06, 1.04808080e-05)
( 5.75536806e-07, 1.04177576e-05)
(-2.27201857e-06, 1.03347277e-05)
(-5.10792198e-06, 1.02318061e-05)
(-7.92635447e-06, 1.01091268e-05)
(-1.07215470e-05, 9.96687009e-06)
(-1.34877929e-05, 9.80526184e-06)
(-1.62194598e-05, 9.62457334e-06)
(-1.89110015e-05, 9.42512058e-06)
(-2.15569699e-05, 9.20726362e-06)
(-2.41520266e-05, 8.97140573e-06)
(-2.66909539e-05, 8.71799247e-06)
(-2.91686657e-05, 8.44751052e-06)
(-3.15802184e-05, 8.16048658e-06)
(-3.39208211e-05, 7.85748598e-06)
(-3.61858457e-05, 7.53911125e-06)
(-3.83708361e-05, 7.20600060e-06)
(-4.04715179e-05, 6.85882623e-06)
(-4.24838068e-05, 6.49829260e-06)
(-4.44038171e-05, 6.12513455e-06)
(-4.62278693e-05, 5.74011539e-06)
(-4.79524981e-05, 5.34402481e-06)
(-4.95744586e-05, 4.93767684e-06)
(-5.10907330e-05, 4.52190762e-06)
(-5.24985367e-05, 4.09757314e-06)
(-5.37953232e-05, 3.66554698e-06)
(-5.49787892e-05, 3.22671788e-06)
(-5.60468788e-05, 2.78198740e-06)
(-5.69977871e-05, 2.33226740e-06)
(-5.78299632e-05, 1.87847763e-06)
(-5.85421131e-05, 1.42154320e-06)
(-5.91332011e-05, 9.62392064e-07)
(-5.96024516e-05, 5.01952492e-07)
(-5.99493498e-05, 4.11505782e-08)
(-6.01736416e-05,-4.19092286e-07)
(-6.02753335e-05,-8.77861899e-07)
(-6.02546914e-05,-1.33425371e-06)
(-6.01122390e-05,-1.78737526e-06)
(-5.98487560e-05,-2.23634856e-06)
(-5.94652748e-05,-2.68031242e-06)
(-5.89630776e-05,-3.11842476e-06)
(-5.83436923e-05,-3.54986478e-06)
(-5.76088886e-05,-3.97383516e-06)
(-5.67606722e-05,-4.38956405e-06)
(-5.58012801e-05,-4.79630711e-06)
(-5.47331744e-05,-5.19334935e-06)
(-5.35590358e-05,-5.58000693e-06)
(-5.22817565e-05,-5.95562880e-06)
(-5.09044333e-05,-6.31959832e-06)
(-4.94303592e-05,-6.67133463e-06)
(-4.78630157e-05,-7.01029401e-06)
(-4.62060636e-05,-7.33597109e-06)
(-4.44633345e-05,-7.64789986e-06)
(-4.26388211e-05,-7.94565459e-06)
(-4.07366676e-05,-8.22885068e-06)
(-3.87611597e-05,-8.49714521e-06)
(-3.67167142e-05,-8.75023750e-06)
(-3.46078688e-05,-8.98786940e-06)
(-3.24392707e-05,-9.20982554e-06)
(-3.02156662e-05,-9.41593331e-06)
(-2.79418892e-05,-9.60606283e-06)
(-2.56228502e-05,-9.78012660e-06)
(-2.32635243e-05,-9.93807918e-06)
(-2.08689405e-05,-1.00799166e-05)
(-1.84441693e-05,-1.02056755e-05)
(-1.59943116e-05,-1.03154326e-05)
(-1.35244867e-05,-1.04093035e-05)
(-1.10398211e-05,-1.04874413e-05)
(-8.54543651e-06,-1.05500358e-05)
(-6.04643858e-06,-1.05973118e-05)
(-3.54790546e-06,-1.06295276e-05)
(-1.05487654e-06,-1.06469732e-05)
( 1.42765873e-06,-1.06499689e-05)
( 3.89477165e-06,-1.06388628e-05)
( 6.34160509e-06,-1.06140293e-05)
( 8.76338392e-06,-1.05758668e-05)
( 1.11554252e-05,-1.05247954e-05)
( 1.35131483e-05,-1.04612547e-05)
( 1.58320843e-05,-1.03857014e-05)
( 1.81078854e-05,-1.02986068e-05)
( 2.03363338e-05,-1.02004543e-05)
( 2.25133506e-05,-1.00917369e-05)
( 2.46350034e-05,-9.97295446e-06)
( 2.66975147e-05,-9.84461108e-06)
( 2.86972690e-05,-9.70721239e-06)
( 3.06308194e-05,-9.56126287e-06)
( 3.24948947e-05,-9.40726308e-06)
( 3.42864049e-05,-9.24570695e-06)
( 3.60024467e-05,-9.07707903e-06)
( 3.76403089e-05,-8.90185181e-06)
( 3.91974764e-05,-8.72048298e-06)
( 4.06716345e-05,-8.53341284e-06)
( 4.20606722e-05,-8.34106162e-06)
( 4.33626852e-05,-8.14382696e-06)
( 4.45759783e-05,-7.94208137e-06)
( 4.56990671e-05,-7.73616983e-06)
( 4.67306795e-05,-7.52640737e-06)
( 4.76697563e-05,-7.31307684e-06)
( 4.85154515e-05,-7.09642670e-06)
( 4.92671319e-05,-6.87666887e-06)
( 4.99243764e-05,-6.65397682e-06)
( 5.04869743e-05,-6.42848361e-06)
( 5.09549236e-05,-6.20028014e-06)
( 5.13284288e-05,-5.96941346e-06)
( 5.16078972e-05,-5.73588528e-06)
( 5.17939362e-05,-5.49965049e-06)
( 5.18873487e-05,-5.26061589e-06)
( 5.18891291e-05,-5.01863901e-06)
( 5.18004581e-05,-4.77352708e-06)
( 5.16226976e-05,-4.52503608e-06)
( 5.13573843e-05,-4.27286996e-06)
( 5.10062240e-05,-4.01667993e-06)
( 5.05710847e-05,-3.75606392e-06)
( 5.00539893e-05,-3.49056609e-06)
( 4.94571083e-05,-3.21967648e-06)
( 4.87827521e-05,-2.94283069e-06)
( 4.80333622e-05,-2.65940975e-06)
( 4.72115034e-05,-2.36873988e-06)
( 4.63198542e-05,-2.07009246e-06)
( 4.53611980e-05,-1.76268392e-06)
( 4.43384137e-05,-1.44567566e-06)
( 4.32544654e-05,-1.11817396e-06)
( 4.21123929e-05,-7.79229780e-07)
( 4.09153010e-05,-4.27838513e-07)
( 3.96663493e-05,-6.29395765e-08)
( 3.83687410e-05, 3.16584188e-07)
( 3.70257121e-05, 7.11907361e-07)
( 3.56405201e-05, 1.12426310e-06)
( 3.42164321e-05, 1.55494470e-06)
( 3.27567135e-05, 2.00530763e-06)
( 3.12646158e-05, 2.47677218e-06)
( 2.97433637e-05, 2.97082681e-06)
( 2.81961430e-05, 3.48903243e-06)
( 2.66260870e-05, 4.03302764e-06)
( 2.50362631e-05, 4.60453540e-06)
( 2.34296582e-05, 5.20537112e-06)
( 2.18091644e-05, 5.83745269e-06)
( 2.01775630e-05, 6.50281277e-06)
( 1.85375074e-05, 7.20361385e-06)
( 1.68915058e-05, 7.94216664e-06)
( 1.52419009e-05, 8.72095264e-06)
( 1.35908488e-05, 9.54265169e-06)
( 1.19402947e-05, 1.04101759e-05)
( 1.02919455e-05, 1.13267114e-05)
( 8.64723882e-06, 1.22957698e-05)
( 7.00730646e-06, 1.33212520e-05)
( 5.37293097e-06, 1.44075282e-05)
( 3.74449395e-06, 1.55595379e-05)
( 2.12191267e-06, 1.67829162e-05)
( 5.04561504e-07, 1.80841557e-05)
(-1.10882692e-06, 1.94708138e-05)
(-2.72028820e-06, 2.09517829e-05)
(-4.33279065e-06, 2.25376465e-05)
(-5.95045270e-06, 2.42411529e-05)
(-7.57883572e-06, 2.60778587e-05)
(-9.22534588e-06, 2.80670145e-05)
(-1.08997975e-05, 3.02328097e-05)
(-1.26152216e-05, 3.26061619e-05)
(-1.43890575e-05, 3.52273538e-05)
(-1.62449625e-05, 3.81500392e-05)
(-1.82156598e-05, 4.14475408e-05)
(-2.03476090e-05, 4.52231719e-05)
(-2.27090599e-05, 4.96280144e-05)
(-2.54048192e-05, 5.48934815e-05)
(-2.86055089e-05, 6.13957560e-05)
(-3.26117275e-05, 6.97969342e-05)
(-3.80145757e-05, 8.13977355e-05)
(-4.62208316e-05, 9.92898330e-05)
(-6.05273548e-05, 1.30715718e-04)
(-1.37769687e-04, 3.00086612e-04)
