% ======================================================
% L-Bracket Method of Moments Solution
% ======================================================
% Frequency: 10.000 GHz
% Wavelength: 0.029980 m
% Segments: N=3336 (1668 horiz + 1668 vert)
% Transmitter: (25.0000, 25.0000) m
%
% Solver: SSOR with hierarchical omega
% omega = 0.1010
% iterations = 346
% convergence = 9.75e-10
% time = 284.45 seconds
% ======================================================
% Format: (real, imaginary) current coefficients
% ======================================================
(-1.01354305e-06,-6.09619977e-07)
(-4.12026471e-06,-1.75897039e-06)
(-7.00249766e-06,-2.88894759e-06)
(-9.86350533e-06,-4.01687401e-06)
(-1.26991878e-05,-5.13824378e-06)
(-1.55066700e-05,-6.25028184e-06)
(-1.82816037e-05,-7.35053129e-06)
(-2.10191516e-05,-8.43668233e-06)
(-2.37142876e-05,-9.50650885e-06)
(-2.63619321e-05,-1.05578472e-05)
(-2.89570206e-05,-1.15885875e-05)
(-3.14945443e-05,-1.25966704e-05)
(-3.39695775e-05,-1.35800884e-05)
(-3.63772967e-05,-1.45368866e-05)
(-3.87129969e-05,-1.54651655e-05)
(-4.09721048e-05,-1.63630839e-05)
(-4.31501905e-05,-1.72288615e-05)
(-4.52429780e-05,-1.80607825e-05)
(-4.72463552e-05,-1.88571981e-05)
(-4.91563829e-05,-1.96165300e-05)
(-5.09693031e-05,-2.03372730e-05)
(-5.26815472e-05,-2.10179980e-05)
(-5.42897433e-05,-2.16573546e-05)
(-5.57907233e-05,-2.22540739e-05)
(-5.71815291e-05,-2.28069707e-05)
(-5.84594191e-05,-2.33149458e-05)
(-5.96218734e-05,-2.37769885e-05)
(-6.06665990e-05,-2.41921781e-05)
(-6.15915347e-05,-2.45596858e-05)
(-6.23948549e-05,-2.48787767e-05)
(-6.30749734e-05,-2.51488106e-05)
(-6.36305467e-05,-2.53692439e-05)
(-6.40604766e-05,-2.55396302e-05)
(-6.43639125e-05,-2.56596214e-05)
(-6.45402533e-05,-2.57289685e-05)
(-6.45891480e-05,-2.57475218e-05)
(-6.45104974e-05,-2.57152315e-05)
(-6.43044534e-05,-2.56321477e-05)
(-6.39714193e-05,-2.54984201e-05)
(-6.35120489e-05,-2.53142981e-05)
(-6.29272451e-05,-2.50801303e-05)
(-6.22181585e-05,-2.47963635e-05)
(-6.13861847e-05,-2.44635421e-05)
(-6.04329620e-05,-2.40823072e-05)
(-5.93603676e-05,-2.36533948e-05)
(-5.81705148e-05,-2.31776351e-05)
(-5.68657481e-05,-2.26559504e-05)
(-5.54486388e-05,-2.20893535e-05)
(-5.39219800e-05,-2.14789457e-05)
(-5.22887813e-05,-2.08259146e-05)
(-5.05522624e-05,-2.01315318e-05)
(-4.87158472e-05,-1.93971508e-05)
(-4.67831569e-05,-1.86242037e-05)
(-4.47580027e-05,-1.78141989e-05)
(-4.26443786e-05,-1.69687179e-05)
(-4.04464533e-05,-1.60894125e-05)
(-3.81685620e-05,-1.51780013e-05)
(-3.58151981e-05,-1.42362664e-05)
(-3.33910039e-05,-1.32660500e-05)
(-3.09007618e-05,-1.22692507e-05)
(-2.83493848e-05,-1.12478201e-05)
(-2.57419066e-05,-1.02037583e-05)
(-2.30834721e-05,-9.13911072e-06)
(-2.03793266e-05,-8.05596361e-06)
(-1.76348061e-05,-6.95644018e-06)
(-1.48553263e-05,-5.84269634e-06)
(-1.20463724e-05,-4.71691652e-06)
(-9.21348753e-06,-3.58130932e-06)
(-6.36226256e-06,-2.43810324e-06)
(-3.49832461e-06,-1.28954223e-06)
(-6.27326091e-07,-1.37881336e-07)
( 2.24506649e-06, 1.01461779e-06)
( 5.11318371e-06, 2.16569132e-06)
( 7.97136446e-06, 3.31307769e-06)
( 1.08139671e-05, 4.45452212e-06)
( 1.36353805e-05, 5.58778099e-06)
( 1.64300355e-05, 6.71062631e-06)
( 1.91924154e-05, 7.82085012e-06)
( 2.19170673e-05, 8.91626882e-06)
( 2.45986124e-05, 9.99472753e-06)
( 2.72317574e-05, 1.10541043e-05)
( 2.98113039e-05, 1.20923144e-05)
( 3.23321598e-05, 1.31073143e-05)
( 3.47893485e-05, 1.40971059e-05)
( 3.71780191e-05, 1.50597403e-05)
( 3.94934560e-05, 1.59933217e-05)
( 4.17310883e-05, 1.68960116e-05)
( 4.38864985e-05, 1.77660315e-05)
( 4.59554315e-05, 1.86016675e-05)
( 4.79338032e-05, 1.94012730e-05)
( 4.98177079e-05, 2.01632722e-05)
( 5.16034268e-05, 2.08861633e-05)
( 5.32874350e-05, 2.15685212e-05)
( 5.48664083e-05, 2.22090010e-05)
( 5.63372303e-05, 2.28063399e-05)
( 5.76969978e-05, 2.33593603e-05)
( 5.89430274e-05, 2.38669717e-05)
( 6.00728600e-05, 2.43281733e-05)
( 6.10842665e-05, 2.47420559e-05)
( 6.19752513e-05, 2.51078034e-05)
( 6.27440570e-05, 2.54246951e-05)
( 6.33891676e-05, 2.56921065e-05)
( 6.39093114e-05, 2.59095107e-05)
( 6.43034636e-05, 2.60764800e-05)
( 6.45708486e-05, 2.61926861e-05)
( 6.47109408e-05, 2.62579012e-05)
( 6.47234666e-05, 2.62719982e-05)
( 6.46084044e-05, 2.62349512e-05)
( 6.43659844e-05, 2.61468356e-05)
( 6.39966888e-05, 2.60078278e-05)
( 6.35012505e-05, 2.58182049e-05)
( 6.28806516e-05, 2.55783444e-05)
( 6.21361215e-05, 2.52887231e-05)
( 6.12691346e-05, 2.49499167e-05)
( 6.02814073e-05, 2.45625980e-05)
( 5.91748946e-05, 2.41275363e-05)
( 5.79517863e-05, 2.36455953e-05)
( 5.66145025e-05, 2.31177320e-05)
( 5.51656892e-05, 2.25449941e-05)
( 5.36082126e-05, 2.19285186e-05)
( 5.19451537e-05, 2.12695292e-05)
( 5.01798022e-05, 2.05693340e-05)
( 4.83156500e-05, 1.98293229e-05)
( 4.63563842e-05, 1.90509649e-05)
( 4.43058801e-05, 1.82358049e-05)
( 4.21681930e-05, 1.73854613e-05)
( 3.99475507e-05, 1.65016219e-05)
( 3.76483450e-05, 1.55860415e-05)
( 3.52751229e-05, 1.46405377e-05)
( 3.28325776e-05, 1.36669876e-05)
( 3.03255395e-05, 1.26673239e-05)
( 2.77589664e-05, 1.16435315e-05)
( 2.51379338e-05, 1.05976430e-05)
( 2.24676247e-05, 9.53173491e-06)
( 1.97533197e-05, 8.44792360e-06)
( 1.70003862e-05, 7.34836099e-06)
( 1.42142681e-05, 6.23523026e-06)
( 1.14004749e-05, 5.11074155e-06)
( 8.56457068e-06, 3.97712752e-06)
( 5.71216330e-06, 2.83663894e-06)
( 2.84889331e-06, 1.69154017e-06)
(-1.95772899e-08, 5.44104693e-07)
(-2.88757617e-06,-6.03389466e-07)
(-5.74943190e-06,-1.74866424e-06)
(-8.59948517e-06,-2.88944609e-06)
(-1.14320999e-05,-4.02347051e-06)
(-1.42416746e-05,-5.14848657e-06)
(-1.70226529e-05,-6.26226140e-06)
(-1.97695353e-05,-7.36258462e-06)
(-2.24768893e-05,-8.44727278e-06)
(-2.51393607e-05,-9.51417372e-06)
(-2.77516837e-05,-1.05611708e-05)
(-3.03086917e-05,-1.15861872e-05)
(-3.28053271e-05,-1.25871901e-05)
(-3.52366518e-05,-1.35621945e-05)
(-3.75978563e-05,-1.45092676e-05)
(-3.98842700e-05,-1.54265321e-05)
(-4.20913696e-05,-1.63121705e-05)
(-4.42147885e-05,-1.71644284e-05)
(-4.62503254e-05,-1.79816181e-05)
(-4.81939525e-05,-1.87621218e-05)
(-5.00418233e-05,-1.95043950e-05)
(-5.17902805e-05,-2.02069698e-05)
(-5.34358631e-05,-2.08684573e-05)
(-5.49753130e-05,-2.14875506e-05)
(-5.64055818e-05,-2.20630277e-05)
(-5.77238365e-05,-2.25937533e-05)
(-5.89274653e-05,-2.30786818e-05)
(-6.00140826e-05,-2.35168587e-05)
(-6.09815339e-05,-2.39074228e-05)
(-6.18278996e-05,-2.42496081e-05)
(-6.25514994e-05,-2.45427450e-05)
(-6.31508951e-05,-2.47862615e-05)
(-6.36248937e-05,-2.49796850e-05)
(-6.39725496e-05,-2.51226425e-05)
(-6.41931666e-05,-2.52148614e-05)
(-6.42862993e-05,-2.52561708e-05)
(-6.42517535e-05,-2.52465006e-05)
(-6.40895872e-05,-2.51858827e-05)
(-6.38001101e-05,-2.50744504e-05)
(-6.33838833e-05,-2.49124380e-05)
(-6.28417175e-05,-2.47001806e-05)
(-6.21746724e-05,-2.44381134e-05)
(-6.13840536e-05,-2.41267706e-05)
(-6.04714107e-05,-2.37667843e-05)
(-5.94385339e-05,-2.33588835e-05)
(-5.82874506e-05,-2.29038923e-05)
(-5.70204214e-05,-2.24027284e-05)
(-5.56399354e-05,-2.18564013e-05)
(-5.41487057e-05,-2.12660099e-05)
(-5.25496635e-05,-2.06327407e-05)
(-5.08459528e-05,-1.99578652e-05)
(-4.90409239e-05,-1.92427373e-05)
(-4.71381270e-05,-1.84887908e-05)
(-4.51413048e-05,-1.76975360e-05)
(-4.30543857e-05,-1.68705574e-05)
(-4.08814755e-05,-1.60095097e-05)
(-3.86268494e-05,-1.51161152e-05)
(-3.62949441e-05,-1.41921598e-05)
(-3.38903482e-05,-1.32394897e-05)
(-3.14177936e-05,-1.22600076e-05)
(-2.88821465e-05,-1.12556688e-05)
(-2.62883969e-05,-1.02284775e-05)
(-2.36416497e-05,-9.18048260e-06)
(-2.09471140e-05,-8.11377359e-06)
(-1.82100930e-05,-7.03047645e-06)
(-1.54359739e-05,-5.93274937e-06)
(-1.26302166e-05,-4.82277839e-06)
(-9.79834333e-06,-3.70277309e-06)
(-6.94592796e-06,-2.57496211e-06)
(-4.07858458e-06,-1.44158876e-06)
(-1.20195669e-06,-3.04906494e-07)
( 1.67829399e-06, 8.32825550e-07)
( 4.55649869e-06, 1.96934708e-06)
( 7.42699272e-06, 3.10240112e-06)
( 1.02841267e-05, 4.22973855e-06)
( 1.31222776e-05, 5.34912254e-06)
( 1.59358598e-05, 6.45833301e-06)
( 1.87193365e-05, 7.55517103e-06)
( 2.14672298e-05, 8.63746322e-06)
( 2.41741324e-05, 9.70306600e-06)
( 2.68347176e-05, 1.07498699e-05)
( 2.94437502e-05, 1.17758036e-05)
( 3.19960964e-05, 1.27788384e-05)
( 3.44867344e-05, 1.37569917e-05)
( 3.69107640e-05, 1.47083312e-05)
( 3.92634161e-05, 1.56309788e-05)
( 4.15400625e-05, 1.65231141e-05)
( 4.37362247e-05, 1.73829781e-05)
( 4.58475828e-05, 1.82088766e-05)
( 4.78699840e-05, 1.89991834e-05)
( 4.97994510e-05, 1.97523440e-05)
( 5.16321894e-05, 2.04668778e-05)
( 5.33645954e-05, 2.11413818e-05)
( 5.49932630e-05, 2.17745327e-05)
( 5.65149905e-05, 2.23650899e-05)
( 5.79267870e-05, 2.29118979e-05)
( 5.92258781e-05, 2.34138880e-05)
( 6.04097115e-05, 2.38700811e-05)
( 6.14759618e-05, 2.42795890e-05)
( 6.24225355e-05, 2.46416164e-05)
( 6.32475747e-05, 2.49554622e-05)
( 6.39494609e-05, 2.52205212e-05)
( 6.45268183e-05, 2.54362846e-05)
( 6.49785163e-05, 2.56023415e-05)
( 6.53036719e-05, 2.57183795e-05)
( 6.55016515e-05, 2.57841850e-05)
( 6.55720717e-05, 2.57996437e-05)
( 6.55148007e-05, 2.57647410e-05)
( 6.53299580e-05, 2.56795616e-05)
( 6.50179145e-05, 2.55442891e-05)
( 6.45792917e-05, 2.53592063e-05)
( 6.40149603e-05, 2.51246936e-05)
( 6.33260389e-05, 2.48412291e-05)
( 6.25138912e-05, 2.45093867e-05)
( 6.15801239e-05, 2.41298356e-05)
( 6.05265832e-05, 2.37033385e-05)
( 5.93553512e-05, 2.32307501e-05)
( 5.80687419e-05, 2.27130153e-05)
( 5.66692967e-05, 2.21511675e-05)
( 5.51597792e-05, 2.15463261e-05)
( 5.35431698e-05, 2.08996945e-05)
( 5.18226601e-05, 2.02125574e-05)
( 5.00016464e-05, 1.94862786e-05)
( 4.80837229e-05, 1.87222978e-05)
( 4.60726748e-05, 1.79221278e-05)
( 4.39724709e-05, 1.70873518e-05)
( 4.17872558e-05, 1.62196198e-05)
( 3.95213414e-05, 1.53206453e-05)
( 3.71791990e-05, 1.43922021e-05)
( 3.47654500e-05, 1.34361208e-05)
( 3.22848569e-05, 1.24542848e-05)
( 2.97423143e-05, 1.14486267e-05)
( 2.71428386e-05, 1.04211245e-05)
( 2.44915589e-05, 9.37379767e-06)
( 2.17937063e-05, 8.30870313e-06)
( 1.90546039e-05, 7.22793105e-06)
( 1.62796561e-05, 6.13360083e-06)
( 1.34743382e-05, 5.02785681e-06)
( 1.06441857e-05, 3.91286411e-06)
( 7.79478304e-06, 2.79080431e-06)
( 4.93175276e-06, 1.66387110e-06)
( 2.06074457e-06, 5.34266052e-07)
(-8.12575912e-07,-5.95805826e-07)
(-3.68253828e-06,-1.72414036e-06)
(-6.54347852e-06,-2.84853856e-06)
(-9.38975016e-06,-3.96681095e-06)
(-1.22157354e-05,-5.07678187e-06)
(-1.50158561e-05,-6.17629372e-06)
(-1.77845849e-05,-7.26321119e-06)
(-2.05164561e-05,-8.33542544e-06)
(-2.32060763e-05,-9.39085822e-06)
(-2.58481352e-05,-1.04274659e-05)
(-2.84374159e-05,-1.14432436e-05)
(-3.09688052e-05,-1.24362288e-05)
(-3.34373040e-05,-1.34045055e-05)
(-3.58380368e-05,-1.43462075e-05)
(-3.81662613e-05,-1.52595226e-05)
(-4.04173780e-05,-1.61426956e-05)
(-4.25869392e-05,-1.69940321e-05)
(-4.46706577e-05,-1.78119012e-05)
(-4.66644154e-05,-1.85947394e-05)
(-4.85642712e-05,-1.93410530e-05)
(-5.03664690e-05,-2.00494212e-05)
(-5.20674452e-05,-2.07184990e-05)
(-5.36638353e-05,-2.13470192e-05)
(-5.51524813e-05,-2.19337957e-05)
(-5.65304370e-05,-2.24777249e-05)
(-5.77949748e-05,-2.29777882e-05)
(-5.89435904e-05,-2.34330541e-05)
(-5.99740082e-05,-2.38426796e-05)
(-6.08841855e-05,-2.42059117e-05)
(-6.16723167e-05,-2.45220895e-05)
(-6.23368370e-05,-2.47906445e-05)
(-6.28764254e-05,-2.50111024e-05)
(-6.32900073e-05,-2.51830833e-05)
(-6.35767567e-05,-2.53063031e-05)
(-6.37360980e-05,-2.53805733e-05)
(-6.37677070e-05,-2.54058017e-05)
(-6.36715117e-05,-2.53819923e-05)
(-6.34476923e-05,-2.53092453e-05)
(-6.30966811e-05,-2.51877571e-05)
(-6.26191616e-05,-2.50178193e-05)
(-6.20160672e-05,-2.47998184e-05)
(-6.12885794e-05,-2.45342350e-05)
(-6.04381256e-05,-2.42216427e-05)
(-5.94663762e-05,-2.38627067e-05)
(-5.83752413e-05,-2.34581830e-05)
(-5.71668672e-05,-2.30089163e-05)
(-5.58436321e-05,-2.25158384e-05)
(-5.44081415e-05,-2.19799668e-05)
(-5.28632228e-05,-2.14024018e-05)
(-5.12119204e-05,-2.07843251e-05)
(-4.94574891e-05,-2.01269969e-05)
(-4.76033880e-05,-1.94317536e-05)
(-4.56532738e-05,-1.87000053e-05)
(-4.36109935e-05,-1.79332325e-05)
(-4.14805769e-05,-1.71329837e-05)
(-3.92662287e-05,-1.63008721e-05)
(-3.69723200e-05,-1.54385722e-05)
(-3.46033802e-05,-1.45478170e-05)
(-3.21640876e-05,-1.36303939e-05)
(-2.96592608e-05,-1.26881418e-05)
(-2.70938483e-05,-1.17229472e-05)
(-2.44729199e-05,-1.07367405e-05)
(-2.18016556e-05,-9.73149211e-06)
(-1.90853364e-05,-8.70920867e-06)
(-1.63293332e-05,-7.67192920e-06)
(-1.35390965e-05,-6.62172091e-06)
(-1.07201457e-05,-5.56067530e-06)
(-7.87805819e-06,-4.49090393e-06)
(-5.01845819e-06,-3.41453437e-06)
(-2.14700592e-06,-2.33370598e-06)
( 7.30613723e-07,-1.25056577e-06)
( 3.60870232e-06,-1.67264110e-07)
( 6.48155918e-06, 9.14049365e-07)
( 9.34349262e-06, 1.99123005e-06)
( 1.21888312e-05, 3.06214253e-06)
( 1.50119347e-05, 4.12466475e-06)
( 1.78072058e-05, 5.17669216e-06)
( 2.05691005e-05, 6.21614184e-06)
( 2.32921395e-05, 7.24095657e-06)
( 2.59709188e-05, 8.24910882e-06)
( 2.86001206e-05, 9.23860473e-06)
( 3.11745237e-05, 1.02074880e-05)
( 3.36890136e-05, 1.11538437e-05)
( 3.61385931e-05, 1.20758020e-05)
( 3.85183918e-05, 1.29715418e-05)
( 4.08236759e-05, 1.38392944e-05)
( 4.30498576e-05, 1.46773467e-05)
( 4.51925042e-05, 1.54840448e-05)
( 4.72473465e-05, 1.62577971e-05)
( 4.92102881e-05, 1.69970773e-05)
( 5.10774126e-05, 1.77004276e-05)
( 5.28449920e-05, 1.83664615e-05)
( 5.45094939e-05, 1.89938662e-05)
( 5.60675883e-05, 1.95814055e-05)
( 5.75161548e-05, 2.01279222e-05)
( 5.88522882e-05, 2.06323399e-05)
( 6.00733045e-05, 2.10936658e-05)
( 6.11767464e-05, 2.15109921e-05)
( 6.21603880e-05, 2.18834980e-05)
( 6.30222393e-05, 2.22104509e-05)
( 6.37605504e-05, 2.24912087e-05)
( 6.43738145e-05, 2.27252199e-05)
( 6.48607715e-05, 2.29120258e-05)
( 6.52204101e-05, 2.30512605e-05)
( 6.54519701e-05, 2.31426521e-05)
( 6.55549439e-05, 2.31860230e-05)
( 6.55290775e-05, 2.31812904e-05)
( 6.53743710e-05, 2.31284663e-05)
( 6.50910789e-05, 2.30276576e-05)
( 6.46797094e-05, 2.28790659e-05)
( 6.41410235e-05, 2.26829869e-05)
( 6.34760336e-05, 2.24398099e-05)
( 6.26860015e-05, 2.21500174e-05)
( 6.17724360e-05, 2.18141834e-05)
( 6.07370900e-05, 2.14329731e-05)
( 5.95819569e-05, 2.10071409e-05)
( 5.83092669e-05, 2.05375293e-05)
( 5.69214825e-05, 2.00250672e-05)
( 5.54212939e-05, 1.94707680e-05)
( 5.38116133e-05, 1.88757277e-05)
( 5.20955697e-05, 1.82411226e-05)
( 5.02765024e-05, 1.75682072e-05)
( 4.83579544e-05, 1.68583115e-05)
( 4.63436659e-05, 1.61128387e-05)
( 4.42375663e-05, 1.53332619e-05)
( 4.20437669e-05, 1.45211219e-05)
( 3.97665527e-05, 1.36780238e-05)
( 3.74103739e-05, 1.28056337e-05)
( 3.49798371e-05, 1.19056759e-05)
( 3.24796964e-05, 1.09799288e-05)
( 2.99148438e-05, 1.00302224e-05)
( 2.72902998e-05, 9.05843361e-06)
( 2.46112033e-05, 8.06648340e-06)
( 2.18828014e-05, 7.05633261e-06)
( 1.91104393e-05, 6.02997822e-06)
( 1.62995495e-05, 4.98944938e-06)
( 1.34556412e-05, 3.93680345e-06)
( 1.05842895e-05, 2.87412194e-06)
( 7.69112412e-06, 1.80350640e-06)
( 4.78181856e-06, 7.27074325e-07)
( 1.86207869e-06,-3.53045073e-07)
(-1.06236840e-06,-1.43471501e-06)
(-3.98578580e-06,-2.51579536e-06)
(-6.90243809e-06,-3.59414687e-06)
(-9.80660265e-06,-4.66763537e-06)
(-1.26925810e-05,-5.73413600e-06)
(-1.55547102e-05,-6.79153737e-06)
(-1.83873737e-05,-7.83774573e-06)
(-2.11850128e-05,-8.87068913e-06)
(-2.39421376e-05,-9.88832147e-06)
(-2.66533376e-05,-1.08886266e-05)
(-2.93132927e-05,-1.18696221e-05)
(-3.19167836e-05,-1.28293636e-05)
(-3.44587020e-05,-1.37659481e-05)
(-3.69340610e-05,-1.46775182e-05)
(-3.93380049e-05,-1.55622655e-05)
(-4.16658183e-05,-1.64184342e-05)
(-4.39129364e-05,-1.72443247e-05)
(-4.60749530e-05,-1.80382968e-05)
(-4.81476301e-05,-1.87987730e-05)
(-5.01269055e-05,-1.95242417e-05)
(-5.20089017e-05,-2.02132601e-05)
(-5.37899326e-05,-2.08644570e-05)
(-5.54665117e-05,-2.14765356e-05)
(-5.70353584e-05,-2.20482763e-05)
(-5.84934048e-05,-2.25785386e-05)
(-5.98378015e-05,-2.30662636e-05)
(-6.10659237e-05,-2.35104764e-05)
(-6.21753758e-05,-2.39102874e-05)
(-6.31639965e-05,-2.42648946e-05)
(-6.40298632e-05,-2.45735851e-05)
(-6.47712954e-05,-2.48357361e-05)
(-6.53868583e-05,-2.50508168e-05)
(-6.58753657e-05,-2.52183886e-05)
(-6.62358820e-05,-2.53381070e-05)
(-6.64677244e-05,-2.54097213e-05)
(-6.65704641e-05,-2.54330756e-05)
(-6.65439271e-05,-2.54081092e-05)
(-6.63881947e-05,-2.53348563e-05)
(-6.61036031e-05,-2.52134462e-05)
(-6.56907429e-05,-2.50441031e-05)
(-6.51504578e-05,-2.48271453e-05)
(-6.44838431e-05,-2.45629850e-05)
(-6.36922434e-05,-2.42521272e-05)
(-6.27772499e-05,-2.38951686e-05)
(-6.17406972e-05,-2.34927968e-05)
(-6.05846599e-05,-2.30457883e-05)
(-5.93114482e-05,-2.25550075e-05)
(-5.79236036e-05,-2.20214049e-05)
(-5.64238935e-05,-2.14460148e-05)
(-5.48153060e-05,-2.08299537e-05)
(-5.31010438e-05,-2.01744176e-05)
(-5.12845181e-05,-1.94806802e-05)
(-4.93693415e-05,-1.87500897e-05)
(-4.73593212e-05,-1.79840665e-05)
(-4.52584509e-05,-1.71841004e-05)
(-4.30709036e-05,-1.63517474e-05)
(-4.08010228e-05,-1.54886265e-05)
(-3.84533141e-05,-1.45964170e-05)
(-3.60324362e-05,-1.36768543e-05)
(-3.35431917e-05,-1.27317273e-05)
(-3.09905176e-05,-1.17628742e-05)
(-2.83794756e-05,-1.07721792e-05)
(-2.57152417e-05,-9.76156849e-06)
(-2.30030965e-05,-8.73300641e-06)
(-2.02484144e-05,-7.68849172e-06)
(-1.74566530e-05,-6.63005345e-06)
(-1.46333422e-05,-5.55974690e-06)
(-1.17840736e-05,-4.47964948e-06)
(-8.91448898e-06,-3.39185663e-06)
(-6.03026952e-06,-2.29847761e-06)
(-3.13712427e-06,-1.20163127e-06)
(-2.40778998e-07,-1.03441837e-07)
( 2.65303516e-06, 9.93965294e-07)
( 5.53859307e-06, 2.08846783e-06)
( 8.41018691e-06, 3.17795082e-06)
( 1.12621374e-05, 4.26031081e-06)
( 1.40888053e-05, 5.33346008e-06)
( 1.68846021e-05, 6.39533081e-06)
( 1.96440015e-05, 7.44387912e-06)
( 2.23615501e-05, 8.47708922e-06)
( 2.50318783e-05, 9.49297733e-06)
( 2.76497109e-05, 1.04895957e-05)
( 3.02098773e-05, 1.14650363e-05)
( 3.27073221e-05, 1.24174350e-05)
( 3.51371149e-05, 1.33449746e-05)
( 3.74944600e-05, 1.42458892e-05)
( 3.97747058e-05, 1.51184670e-05)
( 4.19733543e-05, 1.59610541e-05)
( 4.40860697e-05, 1.67720575e-05)
( 4.61086869e-05, 1.75499486e-05)
( 4.80372201e-05, 1.82932656e-05)
( 4.98678703e-05, 1.90006170e-05)
( 5.15970330e-05, 1.96706839e-05)
( 5.32213050e-05, 2.03022228e-05)
( 5.47374917e-05, 2.08940678e-05)
( 5.61426128e-05, 2.14451329e-05)
( 5.74339085e-05, 2.19544144e-05)
( 5.86088448e-05, 2.24209925e-05)
( 5.96651186e-05, 2.28440330e-05)
( 6.06006622e-05, 2.32227893e-05)
( 6.14136473e-05, 2.35566032e-05)
( 6.21024887e-05, 2.38449068e-05)
( 6.26658472e-05, 2.40872228e-05)
( 6.31026325e-05, 2.42831663e-05)
( 6.34120053e-05, 2.44324443e-05)
( 6.35933787e-05, 2.45348572e-05)
( 6.36464196e-05, 2.45902987e-05)
( 6.35710492e-05, 2.45987556e-05)
( 6.33674431e-05, 2.45603084e-05)
( 6.30360312e-05, 2.44751303e-05)
( 6.25774965e-05, 2.43434873e-05)
( 6.19927738e-05, 2.41657373e-05)
( 6.12830482e-05, 2.39423293e-05)
( 6.04497523e-05, 2.36738023e-05)
( 5.94945634e-05, 2.33607843e-05)
( 5.84194004e-05, 2.30039909e-05)
( 5.72264200e-05, 2.26042234e-05)
( 5.59180121e-05, 2.21623677e-05)
( 5.44967954e-05, 2.16793919e-05)
( 5.29656122e-05, 2.11563444e-05)
( 5.13275225e-05, 2.05943518e-05)
( 4.95857981e-05, 1.99946163e-05)
( 4.77439164e-05, 1.93584134e-05)
( 4.58055532e-05, 1.86870892e-05)
( 4.37745752e-05, 1.79820576e-05)
( 4.16550333e-05, 1.72447972e-05)
( 3.94511534e-05, 1.64768484e-05)
( 3.71673289e-05, 1.56798104e-05)
( 3.48081119e-05, 1.48553374e-05)
( 3.23782038e-05, 1.40051356e-05)
( 2.98824464e-05, 1.31309597e-05)
( 2.73258123e-05, 1.22346091e-05)
( 2.47133951e-05, 1.13179243e-05)
( 2.20503990e-05, 1.03827833e-05)
( 1.93421290e-05, 9.43109745e-06)
( 1.65939803e-05, 8.46480791e-06)
( 1.38114275e-05, 7.48588148e-06)
( 1.10000139e-05, 6.49630667e-06)
( 8.16534054e-06, 5.49808970e-06)
( 5.31305527e-06, 4.49325044e-06)
( 2.44884148e-06, 3.48381830e-06)
(-4.21593074e-07, 2.47182818e-06)
(-3.29252751e-06, 1.45931634e-06)
(-6.15823911e-06, 4.48316343e-07)
(-9.01301459e-06,-5.59145041e-07)
(-1.18511614e-05,-1.56105190e-06)
(-1.46670189e-05,-2.55540318e-06)
(-1.74549696e-05,-3.54021673e-06)
(-2.02094501e-05,-4.51353318e-06)
(-2.29249622e-05,-5.47341990e-06)
(-2.55960837e-05,-6.41797480e-06)
(-2.82174791e-05,-7.34533010e-06)
(-3.07839100e-05,-8.25365605e-06)
(-3.32902456e-05,-9.14116449e-06)
(-3.57314728e-05,-1.00061124e-05)
(-3.81027061e-05,-1.08468054e-05)
(-4.03991969e-05,-1.16616008e-05)
(-4.26163435e-05,-1.24489112e-05)
(-4.47496996e-05,-1.32072072e-05)
(-4.67949835e-05,-1.39350208e-05)
(-4.87480862e-05,-1.46309476e-05)
(-5.06050798e-05,-1.52936504e-05)
(-5.23622250e-05,-1.59218607e-05)
(-5.40159789e-05,-1.65143823e-05)
(-5.55630015e-05,-1.70700924e-05)
(-5.70001627e-05,-1.75879446e-05)
(-5.83245483e-05,-1.80669706e-05)
(-5.95334658e-05,-1.85062819e-05)
(-6.06244497e-05,-1.89050714e-05)
(-6.15952666e-05,-1.92626153e-05)
(-6.24439194e-05,-1.95782737e-05)
(-6.31686514e-05,-1.98514926e-05)
(-6.37679497e-05,-2.00818039e-05)
(-6.42405483e-05,-2.02688273e-05)
(-6.45854308e-05,-2.04122697e-05)
(-6.48018322e-05,-2.05119269e-05)
(-6.48892403e-05,-2.05676826e-05)
(-6.48473974e-05,-2.05795095e-05)
(-6.46763003e-05,-2.05474687e-05)
(-6.43762004e-05,-2.04717096e-05)
(-6.39476037e-05,-2.03524693e-05)
(-6.33912694e-05,-2.01900721e-05)
(-6.27082086e-05,-1.99849288e-05)
(-6.18996825e-05,-1.97375354e-05)
(-6.09671998e-05,-1.94484725e-05)
(-5.99125142e-05,-1.91184035e-05)
(-5.87376203e-05,-1.87480732e-05)
(-5.74447505e-05,-1.83383067e-05)
(-5.60363702e-05,-1.78900070e-05)
(-5.45151732e-05,-1.74041533e-05)
(-5.28840763e-05,-1.68817991e-05)
(-5.11462141e-05,-1.63240696e-05)
(-4.93049323e-05,-1.57321598e-05)
(-4.73637815e-05,-1.51073318e-05)
(-4.53265105e-05,-1.44509118e-05)
(-4.31970583e-05,-1.37642882e-05)
(-4.09795474e-05,-1.30489080e-05)
(-3.86782748e-05,-1.23062742e-05)
(-3.62977045e-05,-1.15379424e-05)
(-3.38424579e-05,-1.07455181e-05)
(-3.13173055e-05,-9.93065312e-06)
(-2.87271574e-05,-9.09504229e-06)
(-2.60770533e-05,-8.24042003e-06)
(-2.33721533e-05,-7.36855686e-06)
(-2.06177273e-05,-6.48125585e-06)
(-1.78191449e-05,-5.58034897e-06)
(-1.49818650e-05,-4.66769340e-06)
(-1.21114248e-05,-3.74516788e-06)
(-9.21342951e-06,-2.81466886e-06)
(-6.29354065e-06,-1.87810680e-06)
(-3.35746555e-06,-9.37402323e-07)
(-4.10945929e-07, 5.51758902e-09)
( 2.54025331e-06, 9.48723421e-07)
( 5.49035539e-06, 1.89028694e-06)
( 8.43358299e-06, 2.82828499e-06)
( 1.13641696e-05, 3.76080334e-06)
( 1.42763706e-05, 4.68594040e-06)
( 1.71644751e-05, 5.60181098e-06)
( 2.00228164e-05, 6.50654997e-06)
( 2.28457838e-05, 7.39831606e-06)
( 2.56278332e-05, 8.27529526e-06)
( 2.83634980e-05, 9.13570449e-06)
( 3.10474002e-05, 9.97779505e-06)
( 3.36742606e-05, 1.07998560e-05)
( 3.62389093e-05, 1.16002176e-05)
( 3.87362959e-05, 1.23772543e-05)
( 4.11614996e-05, 1.31293880e-05)
( 4.35097386e-05, 1.38550915e-05)
( 4.57763797e-05, 1.45528907e-05)
( 4.79569473e-05, 1.52213679e-05)
( 5.00471327e-05, 1.58591646e-05)
( 5.20428017e-05, 1.64649838e-05)
( 5.39400037e-05, 1.70375927e-05)
( 5.57349791e-05, 1.75758248e-05)
( 5.74241665e-05, 1.80785826e-05)
( 5.90042103e-05, 1.85448392e-05)
( 6.04719669e-05, 1.89736403e-05)
( 6.18245112e-05, 1.93641063e-05)
( 6.30591422e-05, 1.97154336e-05)
( 6.41733887e-05, 2.00268966e-05)
( 6.51650138e-05, 2.02978482e-05)
( 6.60320198e-05, 2.05277220e-05)
( 6.67726517e-05, 2.07160324e-05)
( 6.73854013e-05, 2.08623761e-05)
( 6.78690099e-05, 2.09664328e-05)
( 6.82224708e-05, 2.10279652e-05)
( 6.84450317e-05, 2.10468201e-05)
( 6.85361958e-05, 2.10229282e-05)
( 6.84957232e-05, 2.09563041e-05)
( 6.83236314e-05, 2.08470466e-05)
( 6.80201954e-05, 2.06953382e-05)
( 6.75859471e-05, 2.05014445e-05)
( 6.70216742e-05, 2.02657140e-05)
( 6.63284193e-05, 1.99885771e-05)
( 6.55074773e-05, 1.96705453e-05)
( 6.45603935e-05, 1.93122101e-05)
( 6.34889602e-05, 1.89142420e-05)
( 6.22952135e-05, 1.84773888e-05)
( 6.09814294e-05, 1.80024743e-05)
( 5.95501191e-05, 1.74903967e-05)
( 5.80040248e-05, 1.69421266e-05)
( 5.63461136e-05, 1.63587054e-05)
( 5.45795723e-05, 1.57412429e-05)
( 5.27078010e-05, 1.50909154e-05)
( 5.07344067e-05, 1.44089632e-05)
( 4.86631958e-05, 1.36966882e-05)
( 4.64981672e-05, 1.29554514e-05)
( 4.42435043e-05, 1.21866702e-05)
( 4.19035668e-05, 1.13918155e-05)
( 3.94828822e-05, 1.05724093e-05)
( 3.69861371e-05, 9.73002098e-06)
( 3.44181678e-05, 8.86626503e-06)
( 3.17839511e-05, 7.98279737e-06)
( 2.90885942e-05, 7.08131235e-06)
( 2.63373253e-05, 6.16353945e-06)
( 2.35354826e-05, 5.23123991e-06)
( 2.06885046e-05, 4.28620330e-06)
( 1.78019187e-05, 3.33024413e-06)
( 1.48813309e-05, 2.36519826e-06)
( 1.19324147e-05, 1.39291941e-06)
( 8.96089984e-06, 4.15275558e-07)
( 5.97256098e-06,-5.65854633e-07)
( 2.97320657e-06,-1.54858547e-06)
(-3.13326757e-08,-2.53102785e-06)
(-3.03521524e-06,-3.51129288e-06)
(-6.03260028e-06,-4.48749552e-06)
(-9.01765912e-06,-5.45775822e-06)
(-1.19845867e-05,-6.42021450e-06)
(-1.49276132e-05,-7.37301256e-06)
(-1.78410148e-05,-8.31431884e-06)
(-2.07191259e-05,-9.24232150e-06)
(-2.35563495e-05,-1.01552339e-05)
(-2.63471685e-05,-1.10512982e-05)
(-2.90861565e-05,-1.19287883e-05)
(-3.17679888e-05,-1.27860136e-05)
(-3.43874526e-05,-1.36213222e-05)
(-3.69394573e-05,-1.44331035e-05)
(-3.94190445e-05,-1.52197921e-05)
(-4.18213983e-05,-1.59798703e-05)
(-4.41418541e-05,-1.67118711e-05)
(-4.63759081e-05,-1.74143808e-05)
(-4.85192265e-05,-1.80860422e-05)
(-5.05676536e-05,-1.87255568e-05)
(-5.25172202e-05,-1.93316874e-05)
(-5.43641516e-05,-1.99032604e-05)
(-5.61048747e-05,-2.04391680e-05)
(-5.77360256e-05,-2.09383707e-05)
(-5.92544558e-05,-2.13998987e-05)
(-6.06572386e-05,-2.18228541e-05)
(-6.19416748e-05,-2.22064126e-05)
(-6.31052982e-05,-2.25498250e-05)
(-6.41458806e-05,-2.28524185e-05)
(-6.50614356e-05,-2.31135984e-05)
(-6.58502235e-05,-2.33328487e-05)
(-6.65107539e-05,-2.35097332e-05)
(-6.70417889e-05,-2.36438969e-05)
(-6.74423459e-05,-2.37350658e-05)
(-6.77116992e-05,-2.37830479e-05)
(-6.78493813e-05,-2.37877336e-05)
(-6.78551845e-05,-2.37490956e-05)
(-6.77291605e-05,-2.36671893e-05)
(-6.74716209e-05,-2.35421524e-05)
(-6.70831361e-05,-2.33742047e-05)
(-6.65645349e-05,-2.31636476e-05)
(-6.59169020e-05,-2.29108636e-05)
(-6.51415763e-05,-2.26163157e-05)
(-6.42401484e-05,-2.22805462e-05)
(-6.32144571e-05,-2.19041758e-05)
(-6.20665859e-05,-2.14879021e-05)
(-6.07988590e-05,-2.10324990e-05)
(-5.94138363e-05,-2.05388142e-05)
(-5.79143089e-05,-2.00077684e-05)
(-5.63032930e-05,-1.94403530e-05)
(-5.45840243e-05,-1.88376284e-05)
(-5.27599513e-05,-1.82007217e-05)
(-5.08347286e-05,-1.75308250e-05)
(-4.88122098e-05,-1.68291926e-05)
(-4.66964395e-05,-1.60971388e-05)
(-4.44916455e-05,-1.53360352e-05)
(-4.22022303e-05,-1.45473083e-05)
(-3.98327623e-05,-1.37324365e-05)
(-3.73879671e-05,-1.28929473e-05)
(-3.48727176e-05,-1.20304145e-05)
(-3.22920246e-05,-1.11464548e-05)
(-2.96510267e-05,-1.02427250e-05)
(-2.69549803e-05,-9.32091867e-06)
(-2.42092490e-05,-8.38276279e-06)
(-2.14192928e-05,-7.43001453e-06)
(-1.85906576e-05,-6.46445776e-06)
(-1.57289640e-05,-5.48789964e-06)
(-1.28398958e-05,-4.50216710e-06)
(-9.92918930e-06,-3.50910328e-06)
(-7.00262157e-06,-2.51056400e-06)
(-4.06599890e-06,-1.50841414e-06)
(-1.12514541e-06,-5.04524020e-07)
( 1.81410861e-06, 4.99234215e-07)
( 4.74593824e-06, 1.50099021e-06)
( 7.66453555e-06, 2.49887904e-06)
( 1.05641211e-05, 3.49104481e-06)
( 1.34389556e-05, 4.47564425e-06)
( 1.62833508e-05, 5.45085029e-06)
( 1.90916817e-05, 6.41485558e-06)
( 2.18583968e-05, 7.36587601e-06)
( 2.45780296e-05, 8.30215413e-06)
( 2.72452095e-05, 9.22196256e-06)
( 2.98546723e-05, 1.01236073e-05)
( 3.24012706e-05, 1.10054312e-05)
( 3.48799843e-05, 1.18658166e-05)
( 3.72859303e-05, 1.27031892e-05)
( 3.96143723e-05, 1.35160206e-05)
( 4.18607303e-05, 1.43028313e-05)
( 4.40205894e-05, 1.50621937e-05)
( 4.60897087e-05, 1.57927347e-05)
( 4.80640300e-05, 1.64931383e-05)
( 4.99396854e-05, 1.71621482e-05)
( 5.17130052e-05, 1.77985703e-05)
( 5.33805249e-05, 1.84012748e-05)
( 5.49389925e-05, 1.89691984e-05)
( 5.63853746e-05, 1.95013462e-05)
( 5.77168626e-05, 1.99967939e-05)
( 5.89308778e-05, 2.04546892e-05)
( 6.00250772e-05, 2.08742535e-05)
( 6.09973575e-05, 2.12547833e-05)
( 6.18458593e-05, 2.15956516e-05)
( 6.25689713e-05, 2.18963092e-05)
( 6.31653327e-05, 2.21562851e-05)
( 6.36338363e-05, 2.23751880e-05)
( 6.39736306e-05, 2.25527064e-05)
( 6.41841212e-05, 2.26886095e-05)
( 6.42649724e-05, 2.27827476e-05)
( 6.42161072e-05, 2.28350518e-05)
( 6.40377078e-05, 2.28455345e-05)
( 6.37302149e-05, 2.28142890e-05)
( 6.32943272e-05, 2.27414894e-05)
( 6.27309993e-05, 2.26273899e-05)
( 6.20414403e-05, 2.24723243e-05)
( 6.12271111e-05, 2.22767054e-05)
( 6.02897212e-05, 2.20410235e-05)
( 5.92312255e-05, 2.17658461e-05)
( 5.80538205e-05, 2.14518161e-05)
( 5.67599393e-05, 2.10996502e-05)
( 5.53522471e-05, 2.07101382e-05)
( 5.38336360e-05, 2.02841404e-05)
( 5.22072184e-05, 1.98225863e-05)
( 5.04763217e-05, 1.93264725e-05)
( 4.86444808e-05, 1.87968606e-05)
( 4.67154315e-05, 1.82348749e-05)
( 4.46931028e-05, 1.76417000e-05)
( 4.25816090e-05, 1.70185786e-05)
( 4.03852415e-05, 1.63668087e-05)
( 3.81084600e-05, 1.56877408e-05)
( 3.57558841e-05, 1.49827753e-05)
( 3.33322833e-05, 1.42533596e-05)
( 3.08425680e-05, 1.35009849e-05)
( 2.82917794e-05, 1.27271834e-05)
( 2.56850796e-05, 1.19335249e-05)
( 2.30277410e-05, 1.11216138e-05)
( 2.03251361e-05, 1.02930856e-05)
( 1.75827264e-05, 9.44960377e-06)
( 1.48060519e-05, 8.59285607e-06)
( 1.20007194e-05, 7.72455138e-06)
( 9.17239205e-06, 6.84641607e-06)
( 6.32677752e-06, 5.96019053e-06)
( 3.46961679e-06, 5.06762563e-06)
( 6.06672657e-07, 4.17047917e-06)
(-2.25628177e-06, 3.27051231e-06)
(-5.11347455e-06, 2.36948606e-06)
(-7.95914646e-06, 1.46915766e-06)
(-1.07875625e-05, 5.71277122e-07)
(-1.35930231e-05,-3.22416363e-07)
(-1.63698760e-05,-1.21019785e-06)
(-1.91125269e-05,-2.09036011e-06)
(-2.18154510e-05,-2.96121704e-06)
(-2.44732038e-05,-3.82110702e-06)
(-2.70804321e-05,-4.66839619e-06)
(-2.96318845e-05,-5.50148170e-06)
(-3.21224220e-05,-6.31879488e-06)
(-3.45470282e-05,-7.11880432e-06)
(-3.69008189e-05,-7.90001885e-06)
(-3.91790526e-05,-8.66099048e-06)
(-4.13771391e-05,-9.40031721e-06)
(-4.34906492e-05,-1.01166457e-05)
(-4.55153231e-05,-1.08086741e-05)
(-4.74470793e-05,-1.14751540e-05)
(-4.92820222e-05,-1.21148936e-05)
(-5.10164503e-05,-1.27267593e-05)
(-5.26468631e-05,-1.33096780e-05)
(-5.41699685e-05,-1.38626395e-05)
(-5.55826892e-05,-1.43846977e-05)
(-5.68821683e-05,-1.48749727e-05)
(-5.80657759e-05,-1.53326527e-05)
(-5.91311135e-05,-1.57569946e-05)
(-6.00760192e-05,-1.61473262e-05)
(-6.08985718e-05,-1.65030466e-05)
(-6.15970946e-05,-1.68236279e-05)
(-6.21701589e-05,-1.71086152e-05)
(-6.26165866e-05,-1.73576281e-05)
(-6.29354528e-05,-1.75703607e-05)
(-6.31260874e-05,-1.77465822e-05)
(-6.31880764e-05,-1.78861372e-05)
(-6.31212629e-05,-1.79889453e-05)
(-6.29257475e-05,-1.80550015e-05)
(-6.26018876e-05,-1.80843759e-05)
(-6.21502974e-05,-1.80772128e-05)
(-6.15718460e-05,-1.80337307e-05)
(-6.08676562e-05,-1.79542215e-05)
(-6.00391020e-05,-1.78390491e-05)
(-5.90878059e-05,-1.76886493e-05)
(-5.80156359e-05,-1.75035276e-05)
(-5.68247015e-05,-1.72842587e-05)
(-5.55173498e-05,-1.70314848e-05)
(-5.40961606e-05,-1.67459139e-05)
(-5.25639417e-05,-1.64283182e-05)
(-5.09237229e-05,-1.60795323e-05)
(-4.91787502e-05,-1.57004510e-05)
(-4.73324797e-05,-1.52920276e-05)
(-4.53885700e-05,-1.48552713e-05)
(-4.33508760e-05,-1.43912454e-05)
(-4.12234402e-05,-1.39010642e-05)
(-3.90104858e-05,-1.33858912e-05)
(-3.67164074e-05,-1.28469359e-05)
(-3.43457630e-05,-1.22854515e-05)
(-3.19032647e-05,-1.17027319e-05)
(-2.93937693e-05,-1.11001092e-05)
(-2.68222690e-05,-1.04789503e-05)
(-2.41938816e-05,-9.84065421e-06)
(-2.15138398e-05,-9.18664896e-06)
(-1.87874817e-05,-8.51838854e-06)
(-1.60202395e-05,-7.83734975e-06)
(-1.32176293e-05,-7.14502900e-06)
(-1.03852402e-05,-6.44293919e-06)
(-7.52872287e-06,-5.73260644e-06)
(-4.65377870e-06,-5.01556686e-06)
(-1.76614855e-06,-4.29336337e-06)
( 1.12839867e-06,-3.56754238e-06)
( 4.02407737e-06,-2.83965062e-06)
( 6.91509667e-06,-2.11123187e-06)
( 9.79567188e-06,-1.38382380e-06)
( 1.26600359e-05,-6.58954736e-07)
( 1.55024506e-05, 6.18594159e-08)
( 1.83172181e-05, 7.77118344e-07)
( 2.10986923e-05, 1.48534035e-06)
( 2.38412895e-05, 2.18506539e-06)
( 2.65395002e-05, 2.87485801e-06)
( 2.91878992e-05, 3.55331022e-06)
( 3.17811569e-05, 4.21904438e-06)
( 3.43140496e-05, 4.87071587e-06)
( 3.67814698e-05, 5.50701581e-06)
( 3.91784365e-05, 6.12667360e-06)
( 4.15001050e-05, 6.72845946e-06)
( 4.37417764e-05, 7.31118678e-06)
( 4.58989072e-05, 7.87371444e-06)
( 4.79671177e-05, 8.41494899e-06)
( 4.99422017e-05, 8.93384673e-06)
( 5.18201338e-05, 9.42941570e-06)
( 5.35970782e-05, 9.90071750e-06)
( 5.52693960e-05, 1.03468691e-05)
( 5.68336525e-05, 1.07670442e-05)
( 5.82866240e-05, 1.11604753e-05)
( 5.96253046e-05, 1.15264542e-05)
( 6.08469117e-05, 1.18643340e-05)
( 6.19488919e-05, 1.21735299e-05)
( 6.29289264e-05, 1.24535201e-05)
( 6.37849351e-05, 1.27038465e-05)
( 6.45150814e-05, 1.29241159e-05)
( 6.51177754e-05, 1.31140000e-05)
( 6.55916779e-05, 1.32732361e-05)
( 6.59357024e-05, 1.34016275e-05)
( 6.61490179e-05, 1.34990433e-05)
( 6.62310505e-05, 1.35654186e-05)
( 6.61814850e-05, 1.36007543e-05)
( 6.60002651e-05, 1.36051171e-05)
( 6.56875942e-05, 1.35786386e-05)
( 6.52439349e-05, 1.35215152e-05)
( 6.46700085e-05, 1.34340072e-05)
( 6.39667936e-05, 1.33164383e-05)
( 6.31355244e-05, 1.31691942e-05)
( 6.21776883e-05, 1.29927219e-05)
( 6.10950235e-05, 1.27875286e-05)
( 5.98895156e-05, 1.25541800e-05)
( 5.85633937e-05, 1.22932994e-05)
( 5.71191267e-05, 1.20055658e-05)
( 5.55594182e-05, 1.16917124e-05)
( 5.38872013e-05, 1.13525252e-05)
( 5.21056336e-05, 1.09888406e-05)
( 5.02180906e-05, 1.06015437e-05)
( 4.82281597e-05, 1.01915666e-05)
( 4.61396329e-05, 9.75988590e-06)
( 4.39564999e-05, 9.30752057e-06)
( 4.16829404e-05, 8.83552990e-06)
( 3.93233159e-05, 8.34501102e-06)
( 3.68821613e-05, 7.83709648e-06)
( 3.43641764e-05, 7.31295187e-06)
( 3.17742167e-05, 6.77377320e-06)
( 2.91172840e-05, 6.22078441e-06)
( 2.63985167e-05, 5.65523471e-06)
( 2.36231800e-05, 5.07839595e-06)
( 2.07966556e-05, 4.49155986e-06)
( 1.79244313e-05, 3.89603541e-06)
( 1.50120904e-05, 3.29314598e-06)
( 1.20653006e-05, 2.68422668e-06)
( 9.08980342e-06, 2.07062146e-06)
( 6.09140276e-06, 1.45368042e-06)
( 3.07595361e-06, 8.34756989e-07)
( 4.93506819e-08, 2.15205090e-07)
(-2.98248306e-06,-4.03623555e-07)
(-6.01360801e-06,-1.02038225e-06)
(-9.03807947e-06,-1.63373202e-06)
(-1.20499593e-05,-2.24234438e-06)
(-1.50433276e-05,-2.84490396e-06)
(-1.80122941e-05,-3.44011120e-06)
(-2.09510100e-05,-4.02668494e-06)
(-2.38536793e-05,-4.60336496e-06)
(-2.67145700e-05,-5.16891455e-06)
(-2.95280257e-05,-5.72212290e-06)
(-3.22884766e-05,-6.26180755e-06)
(-3.49904504e-05,-6.78681666e-06)
(-3.76285831e-05,-7.29603135e-06)
(-4.01976298e-05,-7.78836781e-06)
(-4.26924748e-05,-8.26277948e-06)
(-4.51081420e-05,-8.71825903e-06)
(-4.74398044e-05,-9.15384036e-06)
(-4.96827941e-05,-9.56860039e-06)
(-5.18326113e-05,-9.96166091e-06)
(-5.38849335e-05,-1.03321902e-05)
(-5.58356237e-05,-1.06794046e-05)
(-5.76807393e-05,-1.10025702e-05)
(-5.94165394e-05,-1.13010036e-05)
(-6.10394927e-05,-1.15740742e-05)
(-6.25462847e-05,-1.18212043e-05)
(-6.39338238e-05,-1.20418709e-05)
(-6.51992485e-05,-1.22356063e-05)
(-6.63399321e-05,-1.24019992e-05)
(-6.73534893e-05,-1.25406951e-05)
(-6.82377801e-05,-1.26513971e-05)
(-6.89909148e-05,-1.27338664e-05)
(-6.96112578e-05,-1.27879228e-05)
(-7.00974310e-05,-1.28134447e-05)
(-7.04483168e-05,-1.28103695e-05)
(-7.06630607e-05,-1.27786934e-05)
(-7.07410730e-05,-1.27184715e-05)
(-7.06820303e-05,-1.26298179e-05)
(-7.04858767e-05,-1.25129046e-05)
(-7.01528236e-05,-1.23679620e-05)
(-6.96833501e-05,-1.21952777e-05)
(-6.90782022e-05,-1.19951962e-05)
(-6.83383913e-05,-1.17681181e-05)
(-6.74651931e-05,-1.15144992e-05)
(-6.64601448e-05,-1.12348496e-05)
(-6.53250426e-05,-1.09297326e-05)
(-6.40619386e-05,-1.05997637e-05)
(-6.26731367e-05,-1.02456090e-05)
(-6.11611886e-05,-9.86798419e-06)
(-5.95288893e-05,-9.46765294e-06)
(-5.77792711e-05,-9.04542543e-06)
(-5.59155987e-05,-8.60215667e-06)
(-5.39413628e-05,-8.13874485e-06)
(-5.18602733e-05,-7.65612952e-06)
(-4.96762524e-05,-7.15528973e-06)
(-4.73934272e-05,-6.63724210e-06)
(-4.50161219e-05,-6.10303880e-06)
(-4.25488491e-05,-5.55376552e-06)
(-3.99963019e-05,-4.99053924e-06)
(-3.73633440e-05,-4.41450614e-06)
(-3.46550010e-05,-3.82683929e-06)
(-3.18764508e-05,-3.22873636e-06)
(-2.90330128e-05,-2.62141727e-06)
(-2.61301387e-05,-2.00612182e-06)
(-2.31734009e-05,-1.38410726e-06)
(-2.01684828e-05,-7.56645812e-07)
(-1.71211667e-05,-1.25022212e-07)
(-1.40373232e-05, 5.09468809e-07)
(-1.09229000e-05, 1.14552507e-06)
(-7.78390942e-06, 1.78183946e-06)
(-4.62641771e-06, 2.41710249e-06)
(-1.45653254e-06, 3.05000488e-06)
( 1.71960867e-06, 3.67924010e-06)
( 4.89585078e-06, 4.30350690e-06)
( 8.06603297e-06, 4.92151190e-06)
( 1.12240008e-05, 5.53197210e-06)
( 1.43636184e-05, 6.13361739e-06)
( 1.74787802e-05, 6.72519305e-06)
( 2.05634233e-05, 7.30546223e-06)
( 2.36115391e-05, 7.87320834e-06)
( 2.66171851e-05, 8.42723750e-06)
( 2.95744971e-05, 8.96638085e-06)
( 3.24777001e-05, 9.48949689e-06)
( 3.53211199e-05, 9.99547374e-06)
( 3.80991947e-05, 1.04832313e-05)
( 4.08064855e-05, 1.09517236e-05)
( 4.34376873e-05, 1.13999405e-05)
( 4.59876394e-05, 1.18269102e-05)
( 4.84513356e-05, 1.22317006e-05)
( 5.08239343e-05, 1.26134220e-05)
( 5.31007680e-05, 1.29712280e-05)
( 5.52773527e-05, 1.33043180e-05)
( 5.73493966e-05, 1.36119382e-05)
( 5.93128088e-05, 1.38933838e-05)
( 6.11637076e-05, 1.41479998e-05)
( 6.28984280e-05, 1.43751830e-05)
( 6.45135293e-05, 1.45743827e-05)
( 6.60058017e-05, 1.47451024e-05)
( 6.73722730e-05, 1.48869006e-05)
( 6.86102145e-05, 1.49993917e-05)
( 6.97171464e-05, 1.50822472e-05)
( 7.06908432e-05, 1.51351962e-05)
( 7.15293376e-05, 1.51580261e-05)
( 7.22309252e-05, 1.51505833e-05)
( 7.27941674e-05, 1.51127733e-05)
( 7.32178948e-05, 1.50445615e-05)
( 7.35012095e-05, 1.49459732e-05)
( 7.36434869e-05, 1.48170934e-05)
( 7.36443771e-05, 1.46580674e-05)
( 7.35038061e-05, 1.44691001e-05)
( 7.32219755e-05, 1.42504560e-05)
( 7.27993626e-05, 1.40024591e-05)
( 7.22367196e-05, 1.37254920e-05)
( 7.15350721e-05, 1.34199953e-05)
( 7.06957172e-05, 1.30864674e-05)
( 6.97202212e-05, 1.27254632e-05)
( 6.86104166e-05, 1.23375935e-05)
( 6.73683987e-05, 1.19235235e-05)
( 6.59965212e-05, 1.14839724e-05)
( 6.44973922e-05, 1.10197115e-05)
( 6.28738687e-05, 1.05315630e-05)
( 6.11290514e-05, 1.00203989e-05)
( 5.92662787e-05, 9.48713880e-06)
( 5.72891199e-05, 8.93274895e-06)
( 5.52013684e-05, 8.35824001e-06)
( 5.30070345e-05, 7.76466537e-06)
( 5.07103375e-05, 7.15311923e-06)
( 4.83156972e-05, 6.52473459e-06)
( 4.58277256e-05, 5.88068111e-06)
( 4.32512176e-05, 5.22216297e-06)
( 4.05911420e-05, 4.55041659e-06)
( 3.78526312e-05, 3.86670835e-06)
( 3.50409717e-05, 3.17233218e-06)
( 3.21615934e-05, 2.46860709e-06)
( 2.92200592e-05, 1.75687470e-06)
( 2.62220537e-05, 1.03849667e-06)
( 2.31733725e-05, 3.14852083e-07)
( 2.00799104e-05,-4.12665213e-07)
( 1.69476503e-05,-1.14264927e-06)
( 1.37826507e-05,-1.87368477e-06)
( 1.05910348e-05,-2.60434981e-06)
( 7.37897767e-06,-3.33321860e-06)
( 4.15269432e-06,-4.05886434e-06)
( 9.18427685e-07,-4.77986197e-06)
(-2.31756384e-06,-5.49479099e-06)
(-5.54901861e-06,-6.20223827e-06)
(-8.76968410e-06,-6.90080087e-06)
(-1.19733291e-05,-7.58908880e-06)
(-1.51537561e-05,-8.26572786e-06)
(-1.83048133e-05,-8.92936234e-06)
(-2.14204067e-05,-9.57865777e-06)
(-2.44945124e-05,-1.02123036e-05)
(-2.75211877e-05,-1.08290160e-05)
(-3.04945838e-05,-1.14275403e-05)
(-3.34089561e-05,-1.20066534e-05)
(-3.62586765e-05,-1.25651670e-05)
(-3.90382437e-05,-1.31019290e-05)
(-4.17422944e-05,-1.36158269e-05)
(-4.43656136e-05,-1.41057895e-05)
(-4.69031449e-05,-1.45707891e-05)
(-4.93500004e-05,-1.50098444e-05)
(-5.17014699e-05,-1.54220215e-05)
(-5.39530308e-05,-1.58064368e-05)
(-5.61003561e-05,-1.61622584e-05)
(-5.81393236e-05,-1.64887083e-05)
(-6.00660232e-05,-1.67850634e-05)
(-6.18767651e-05,-1.70506580e-05)
(-6.35680865e-05,-1.72848846e-05)
(-6.51367585e-05,-1.74871955e-05)
(-6.65797926e-05,-1.76571040e-05)
(-6.78944458e-05,-1.77941858e-05)
(-6.90782264e-05,-1.78980796e-05)
(-7.01288988e-05,-1.79684883e-05)
(-7.10444873e-05,-1.80051795e-05)
(-7.18232802e-05,-1.80079865e-05)
(-7.24638330e-05,-1.79768083e-05)
(-7.29649710e-05,-1.79116106e-05)
(-7.33257914e-05,-1.78124253e-05)
(-7.35456650e-05,-1.76793513e-05)
(-7.36242373e-05,-1.75125540e-05)
(-7.35614291e-05,-1.73122653e-05)
(-7.33574360e-05,-1.70787833e-05)
(-7.30127286e-05,-1.68124719e-05)
(-7.25280507e-05,-1.65137599e-05)
(-7.19044182e-05,-1.61831409e-05)
(-7.11431166e-05,-1.58211718e-05)
(-7.02456983e-05,-1.54284723e-05)
(-6.92139795e-05,-1.50057237e-05)
(-6.80500364e-05,-1.45536672e-05)
(-6.67562011e-05,-1.40731034e-05)
(-6.53350564e-05,-1.35648900e-05)
(-6.37894310e-05,-1.30299407e-05)
(-6.21223935e-05,-1.24692232e-05)
(-6.03372466e-05,-1.18837575e-05)
(-5.84375198e-05,-1.12746141e-05)
(-5.64269629e-05,-1.06429114e-05)
(-5.43095381e-05,-9.98981418e-06)
(-5.20894123e-05,-9.31653097e-06)
(-4.97709488e-05,-8.62431178e-06)
(-4.73586983e-05,-7.91444568e-06)
(-4.48573902e-05,-7.18825824e-06)
(-4.22719229e-05,-6.44710893e-06)
(-3.96073543e-05,-5.69238849e-06)
(-3.68688917e-05,-4.92551607e-06)
(-3.40618816e-05,-4.14793655e-06)
(-3.11917986e-05,-3.36111755e-06)
(-2.82642355e-05,-2.56654660e-06)
(-2.52848915e-05,-1.76572812e-06)
(-2.22595612e-05,-9.60180457e-07)
(-1.91941235e-05,-1.51432801e-07)
(-1.60945294e-05, 6.58977825e-07)
(-1.29667913e-05, 1.46950968e-06)
(-9.81697001e-06, 2.27861939e-06)
(-6.65116398e-06, 3.08476502e-06)
(-3.47549672e-06, 3.88640921e-06)
(-2.96105081e-07, 4.68202225e-06)
( 2.88087276e-06, 5.47008516e-06)
( 6.04930924e-06, 6.24909272e-06)
( 9.20309932e-06, 7.01755654e-06)
( 1.23361724e-05, 7.77400802e-06)
( 1.54425039e-05, 8.51700133e-06)
( 1.85161272e-05, 9.24511629e-06)
( 2.15511451e-05, 9.95696124e-06)
( 2.45417410e-05, 1.06511759e-05)
( 2.74821904e-05, 1.13264338e-05)
( 3.03668717e-05, 1.19814456e-05)
( 3.31902771e-05, 1.26149608e-05)
( 3.59470232e-05, 1.32257710e-05)
( 3.86318613e-05, 1.38127119e-05)
( 4.12396872e-05, 1.43746655e-05)
( 4.37655513e-05, 1.49105630e-05)
( 4.62046679e-05, 1.54193860e-05)
( 4.85524240e-05, 1.59001692e-05)
( 5.08043886e-05, 1.63520021e-05)
( 5.29563204e-05, 1.67740307e-05)
( 5.50041763e-05, 1.71654590e-05)
( 5.69441188e-05, 1.75255512e-05)
( 5.87725232e-05, 1.78536322e-05)
( 6.04859845e-05, 1.81490898e-05)
( 6.20813234e-05, 1.84113750e-05)
( 6.35555923e-05, 1.86400037e-05)
( 6.49060809e-05, 1.88345573e-05)
( 6.61303212e-05, 1.89946833e-05)
( 6.72260914e-05, 1.91200963e-05)
( 6.81914206e-05, 1.92105781e-05)
( 6.90245917e-05, 1.92659782e-05)
( 6.97241449e-05, 1.92862140e-05)
( 7.02888799e-05, 1.92712707e-05)
( 7.07178579e-05, 1.92212015e-05)
( 7.10104032e-05, 1.91361268e-05)
( 7.11661040e-05, 1.90162347e-05)
( 7.11848130e-05, 1.88617796e-05)
( 7.10666474e-05, 1.86730820e-05)
( 7.08119882e-05, 1.84505278e-05)
( 7.04214791e-05, 1.81945670e-05)
( 6.98960252e-05, 1.79057130e-05)
( 6.92367904e-05, 1.75845413e-05)
( 6.84451954e-05, 1.72316883e-05)
( 6.75229143e-05, 1.68478494e-05)
( 6.64718712e-05, 1.64337781e-05)
( 6.52942360e-05, 1.59902841e-05)
( 6.39924201e-05, 1.55182314e-05)
( 6.25690713e-05, 1.50185366e-05)
( 6.10270686e-05, 1.44921667e-05)
( 5.93695161e-05, 1.39401374e-05)
( 5.75997370e-05, 1.33635106e-05)
( 5.57212666e-05, 1.27633922e-05)
( 5.37378458e-05, 1.21409300e-05)
( 5.16534131e-05, 1.14973111e-05)
( 4.94720970e-05, 1.08337594e-05)
( 4.71982078e-05, 1.01515333e-05)
( 4.48362291e-05, 9.45192261e-06)
( 4.23908091e-05, 8.73624651e-06)
( 3.98667512e-05, 8.00585043e-06)
( 3.72690048e-05, 7.26210346e-06)
( 3.46026556e-05, 6.50639557e-06)
( 3.18729157e-05, 5.74013478e-06)
( 2.90851131e-05, 4.96474437e-06)
( 2.62446818e-05, 4.18166002e-06)
( 2.33571511e-05, 3.39232699e-06)
( 2.04281347e-05, 2.59819722e-06)
( 1.74633201e-05, 1.80072655e-06)
( 1.44684573e-05, 1.00137181e-06)
( 1.14493481e-05, 2.01588074e-07)
( 8.41183458e-06,-5.97174217e-07)
( 5.36178789e-06,-1.39347197e-06)
( 2.30509715e-06,-2.18587222e-06)
(-7.52342014e-07,-2.97295481e-06)
(-3.80463871e-06,-3.75331505e-06)
(-6.84591811e-06,-4.52556635e-06)
(-9.87033262e-06,-5.28834277e-06)
(-1.28720732e-05,-6.04030147e-06)
(-1.58453801e-05,-6.78012521e-06)
(-1.87845545e-05,-7.50652467e-06)
(-2.16839685e-05,-8.21824074e-06)
(-2.45380766e-05,-8.91404676e-06)
(-2.73414258e-05,-9.59275061e-06)
(-3.00886661e-05,-1.02531968e-05)
(-3.27745605e-05,-1.08942683e-05)
(-3.53939951e-05,-1.15148887e-05)
(-3.79419889e-05,-1.21140236e-05)
(-4.04137026e-05,-1.26906826e-05)
(-4.28044484e-05,-1.32439205e-05)
(-4.51096987e-05,-1.37728393e-05)
(-4.73250942e-05,-1.42765891e-05)
(-4.94464527e-05,-1.47543694e-05)
(-5.14697763e-05,-1.52054306e-05)
(-5.33912597e-05,-1.56290747e-05)
(-5.52072965e-05,-1.60246563e-05)
(-5.69144866e-05,-1.63915834e-05)
(-5.85096421e-05,-1.67293183e-05)
(-5.99897933e-05,-1.70373779e-05)
(-6.13521946e-05,-1.73153344e-05)
(-6.25943291e-05,-1.75628157e-05)
(-6.37139136e-05,-1.77795053e-05)
(-6.47089025e-05,-1.79651430e-05)
(-6.55774919e-05,-1.81195246e-05)
(-6.63181225e-05,-1.82425018e-05)
(-6.69294828e-05,-1.83339823e-05)
(-6.74105112e-05,-1.83939292e-05)
(-6.77603980e-05,-1.84223609e-05)
(-6.79785867e-05,-1.84193505e-05)
(-6.80647750e-05,-1.83850253e-05)
(-6.80189152e-05,-1.83195662e-05)
(-6.78412141e-05,-1.82232066e-05)
(-6.75321328e-05,-1.80962320e-05)
(-6.70923849e-05,-1.79389789e-05)
(-6.65229360e-05,-1.77518335e-05)
(-6.58250009e-05,-1.75352313e-05)
(-6.50000417e-05,-1.72896552e-05)
(-6.40497646e-05,-1.70156348e-05)
(-6.29761165e-05,-1.67137446e-05)
(-6.17812815e-05,-1.63846031e-05)
(-6.04676761e-05,-1.60288712e-05)
(-5.90379449e-05,-1.56472506e-05)
(-5.74949553e-05,-1.52404824e-05)
(-5.58417919e-05,-1.48093453e-05)
(-5.40817506e-05,-1.43546543e-05)
(-5.22183319e-05,-1.38772587e-05)
(-5.02552345e-05,-1.33780406e-05)
(-4.81963480e-05,-1.28579130e-05)
(-4.60457452e-05,-1.23178181e-05)
(-4.38076746e-05,-1.17587254e-05)
(-4.14865516e-05,-1.11816300e-05)
(-3.90869507e-05,-1.05875508e-05)
(-3.66135962e-05,-9.97752839e-06)
(-3.40713529e-05,-9.35262324e-06)
(-3.14652173e-05,-8.71391403e-06)
(-2.88003076e-05,-8.06249556e-06)
(-2.60818537e-05,-7.39947693e-06)
(-2.33151873e-05,-6.72597967e-06)
(-2.05057316e-05,-6.04313579e-06)
(-1.76589909e-05,-5.35208601e-06)
(-1.47805396e-05,-4.65397782e-06)
(-1.18760120e-05,-3.94996368e-06)
(-8.95109079e-06,-3.24119916e-06)
(-6.01149661e-06,-2.52884118e-06)
(-3.06297664e-06,-1.81404618e-06)
(-1.11293638e-07,-1.09796840e-06)
( 2.83778528e-06,-3.81758129e-07)
( 5.77849977e-06, 3.33440012e-07)
( 8.70510746e-06, 1.04648871e-06)
( 1.16118951e-05, 1.75625961e-06)
( 1.44931895e-05, 2.46163492e-06)
( 1.73433687e-05, 3.16150899e-06)
( 2.01568730e-05, 3.85478981e-06)
( 2.29282155e-05, 4.54040054e-06)
( 2.56519928e-05, 5.21728093e-06)
( 2.83228957e-05, 5.88438874e-06)
( 3.09357197e-05, 6.54070109e-06)
( 3.34853745e-05, 7.18521583e-06)
( 3.59668948e-05, 7.81695277e-06)
( 3.83754493e-05, 8.43495495e-06)
( 4.07063505e-05, 9.03828981e-06)
( 4.29550639e-05, 9.62605034e-06)
( 4.51172168e-05, 1.01973562e-05)
( 4.71886069e-05, 1.07513548e-05)
( 4.91652107e-05, 1.12872222e-05)
( 5.10431910e-05, 1.18041643e-05)
( 5.28189052e-05, 1.23014173e-05)
( 5.44889119e-05, 1.27782492e-05)
( 5.60499778e-05, 1.32339602e-05)
( 5.74990845e-05, 1.36678837e-05)
( 5.88334341e-05, 1.40793867e-05)
( 6.00504549e-05, 1.44678708e-05)
( 6.11478066e-05, 1.48327731e-05)
( 6.21233851e-05, 1.51735660e-05)
( 6.29753264e-05, 1.54897586e-05)
( 6.37020108e-05, 1.57808967e-05)
( 6.43020658e-05, 1.60465635e-05)
( 6.47743693e-05, 1.62863799e-05)
( 6.51180517e-05, 1.65000052e-05)
( 6.53324976e-05, 1.66871370e-05)
( 6.54173477e-05, 1.68475116e-05)
( 6.53724989e-05, 1.69809048e-05)
( 6.51981052e-05, 1.70871313e-05)
( 6.48945772e-05, 1.71660455e-05)
( 6.44625818e-05, 1.72175415e-05)
( 6.39030404e-05, 1.72415530e-05)
( 6.32171279e-05, 1.72380536e-05)
( 6.24062700e-05, 1.72070567e-05)
( 6.14721406e-05, 1.71486155e-05)
( 6.04166588e-05, 1.70628229e-05)
( 5.92419851e-05, 1.69498116e-05)
( 5.79505173e-05, 1.68097538e-05)
( 5.65448856e-05, 1.66428610e-05)
( 5.50279478e-05, 1.64493838e-05)
( 5.34027836e-05, 1.62296118e-05)
( 5.16726884e-05, 1.59838729e-05)
( 4.98411674e-05, 1.57125336e-05)
( 4.79119279e-05, 1.54159981e-05)
( 4.58888726e-05, 1.50947079e-05)
( 4.37760918e-05, 1.47491417e-05)
( 4.15778550e-05, 1.43798145e-05)
( 3.92986030e-05, 1.39872774e-05)
( 3.69429384e-05, 1.35721167e-05)
( 3.45156169e-05, 1.31349533e-05)
( 3.20215378e-05, 1.26764425e-05)
( 2.94657342e-05, 1.21972724e-05)
( 2.68533626e-05, 1.16981641e-05)
( 2.41896930e-05, 1.11798702e-05)
( 2.14800984e-05, 1.06431742e-05)
( 1.87300436e-05, 1.00888896e-05)
( 1.59450744e-05, 9.51785906e-06)
( 1.31308065e-05, 8.93095308e-06)
( 1.02929143e-05, 8.32906931e-06)
( 7.43711908e-06, 7.71313133e-06)
( 4.56917768e-06, 7.08408751e-06)
( 1.69487088e-06, 6.44290987e-06)
(-1.18000843e-06, 5.79059286e-06)
(-4.04966695e-06, 5.12815209e-06)
(-6.90832278e-06, 4.45662303e-06)
(-9.75021712e-06, 3.77705964e-06)
(-1.25696261e-05, 3.09053302e-06)
(-1.53608722e-05, 2.39812993e-06)
(-1.81183363e-05, 1.70095131e-06)
(-2.08364688e-05, 1.00011077e-06)
(-2.35098009e-05, 2.96733052e-07)
(-2.61329562e-05,-4.08047626e-07)
(-2.87006614e-05,-1.11308917e-06)
(-3.12077573e-05,-1.81724331e-06)
(-3.36492093e-05,-2.51935729e-06)
(-3.60201177e-05,-3.21827563e-06)
(-3.83157282e-05,-3.91284191e-06)
(-4.05314410e-05,-4.60190057e-06)
(-4.26628210e-05,-5.28429871e-06)
(-4.47056066e-05,-5.95888801e-06)
(-4.66557183e-05,-6.62452657e-06)
(-4.85092679e-05,-7.28008082e-06)
(-5.02625657e-05,-7.92442742e-06)
(-5.19121286e-05,-8.55645525e-06)
(-5.34546874e-05,-9.17506726e-06)
(-5.48871933e-05,-9.77918250e-06)
(-5.62068244e-05,-1.03677380e-05)
(-5.74109915e-05,-1.09396909e-05)
(-5.84973438e-05,-1.14940201e-05)
(-5.94637732e-05,-1.20297284e-05)
(-6.03084193e-05,-1.25458445e-05)
(-6.10296728e-05,-1.30414247e-05)
(-6.16261791e-05,-1.35155550e-05)
(-6.20968411e-05,-1.39673528e-05)
(-6.24408215e-05,-1.43959690e-05)
(-6.26575444e-05,-1.48005896e-05)
(-6.27466966e-05,-1.51804373e-05)
(-6.27082283e-05,-1.55347738e-05)
(-6.25423528e-05,-1.58629010e-05)
(-6.22495466e-05,-1.61641628e-05)
(-6.18305480e-05,-1.64379467e-05)
(-6.12863555e-05,-1.66836855e-05)
(-6.06182258e-05,-1.69008583e-05)
(-5.98276712e-05,-1.70889924e-05)
(-5.89164559e-05,-1.72476643e-05)
(-5.78865928e-05,-1.73765012e-05)
(-5.67403389e-05,-1.74751820e-05)
(-5.54801905e-05,-1.75434382e-05)
(-5.41088781e-05,-1.75810554e-05)
(-5.26293601e-05,-1.75878738e-05)
(-5.10448170e-05,-1.75637891e-05)
(-4.93586442e-05,-1.75087533e-05)
(-4.75744451e-05,-1.74227750e-05)
(-4.56960231e-05,-1.73059205e-05)
(-4.37273736e-05,-1.71583133e-05)
(-4.16726755e-05,-1.69801353e-05)
(-3.95362821e-05,-1.67716263e-05)
(-3.73227121e-05,-1.65330841e-05)
(-3.50366397e-05,-1.62648650e-05)
(-3.26828845e-05,-1.59673827e-05)
(-3.02664015e-05,-1.56411085e-05)
(-2.77922702e-05,-1.52865709e-05)
(-2.52656841e-05,-1.49043548e-05)
(-2.26919392e-05,-1.44951007e-05)
(-2.00764228e-05,-1.40595042e-05)
(-1.74246022e-05,-1.35983146e-05)
(-1.47420127e-05,-1.31123341e-05)
(-1.20342459e-05,-1.26024166e-05)
(-9.30693789e-06,-1.20694660e-05)
(-6.56575686e-06,-1.15144353e-05)
(-3.81639134e-06,-1.09383243e-05)
(-1.06453791e-06,-1.03421783e-05)
( 1.68411094e-06,-9.72708642e-06)
( 4.42387894e-06,-9.09417904e-06)
( 7.14911814e-06,-8.44462630e-06)
( 9.85422089e-06,-7.77963561e-06)
( 1.25336318e-05,-7.10044946e-06)
( 1.51818596e-05,-6.40834300e-06)
( 1.77934885e-05,-5.70462152e-06)
( 2.03631901e-05,-4.99061791e-06)
( 2.28857344e-05,-4.26768997e-06)
( 2.53560007e-05,-3.53721763e-06)
( 2.77689888e-05,-2.80060014e-06)
( 3.01198292e-05,-2.05925313e-06)
( 3.24037931e-05,-1.31460570e-06)
( 3.46163032e-05,-5.68097342e-07)
( 3.67529419e-05, 1.78825144e-07)
( 3.88094619e-05, 9.24710735e-07)
( 4.07817938e-05, 1.66810738e-06)
( 4.26660553e-05, 2.40756518e-06)
( 4.44585587e-05, 3.14163959e-06)
( 4.61558186e-05, 3.86889465e-06)
( 4.77545590e-05, 4.58790623e-06)
( 4.92517199e-05, 5.29726525e-06)
( 5.06444632e-05, 5.99558087e-06)
( 5.19301784e-05, 6.68148374e-06)
( 5.31064881e-05, 7.35362913e-06)
( 5.41712516e-05, 8.01070008e-06)
( 5.51225700e-05, 8.65141051e-06)
( 5.59587889e-05, 9.27450821e-06)
( 5.66785017e-05, 9.87877786e-06)
( 5.72805519e-05, 1.04630439e-05)
( 5.77640349e-05, 1.10261734e-05)
( 5.81282991e-05, 1.15670788e-05)
( 5.83729469e-05, 1.20847205e-05)
( 5.84978345e-05, 1.25781095e-05)
( 5.85030716e-05, 1.30463097e-05)
( 5.83890204e-05, 1.34884402e-05)
( 5.81562939e-05, 1.39036780e-05)
( 5.78057537e-05, 1.42912592e-05)
( 5.73385077e-05, 1.46504817e-05)
( 5.67559064e-05, 1.49807064e-05)
( 5.60595393e-05, 1.52813593e-05)
( 5.52512309e-05, 1.55519327e-05)
( 5.43330353e-05, 1.57919865e-05)
( 5.33072313e-05, 1.60011495e-05)
( 5.21763167e-05, 1.61791203e-05)
( 5.09430017e-05, 1.63256681e-05)
( 4.96102021e-05, 1.64406332e-05)
( 4.81810328e-05, 1.65239277e-05)
( 4.66587994e-05, 1.65755355e-05)
( 4.50469906e-05, 1.65955126e-05)
( 4.33492699e-05, 1.65839866e-05)
( 4.15694666e-05, 1.65411570e-05)
( 3.97115667e-05, 1.64672939e-05)
( 3.77797039e-05, 1.63627381e-05)
( 3.57781495e-05, 1.62278997e-05)
( 3.37113024e-05, 1.60632572e-05)
( 3.15836790e-05, 1.58693562e-05)
( 2.93999030e-05, 1.56468080e-05)
( 2.71646941e-05, 1.53962881e-05)
( 2.48828579e-05, 1.51185339e-05)
( 2.25592743e-05, 1.48143434e-05)
( 2.01988869e-05, 1.44845725e-05)
( 1.78066914e-05, 1.41301330e-05)
( 1.53877247e-05, 1.37519898e-05)
( 1.29470535e-05, 1.33511586e-05)
( 1.04897626e-05, 1.29287029e-05)
( 8.02094418e-06, 1.24857313e-05)
( 5.54568636e-06, 1.20233939e-05)
( 3.06906182e-06, 1.15428797e-05)
( 5.96116866e-07, 1.10454131e-05)
(-1.86813956e-06, 1.05322501e-05)
(-4.31874672e-06, 1.00046754e-05)
(-6.75080274e-06, 9.46399832e-06)
(-9.15947508e-06, 8.91154911e-06)
(-1.15400107e-05, 8.34867543e-06)
(-1.38877463e-05, 7.77673832e-06)
(-1.61981176e-05, 7.19710832e-06)
(-1.84666692e-05, 6.61116158e-06)
(-2.06890636e-05, 6.02027586e-06)
(-2.28610899e-05, 5.42582653e-06)
(-2.49786723e-05, 4.82918263e-06)
(-2.70378781e-05, 4.23170282e-06)
(-2.90349257e-05, 3.63473144e-06)
(-3.09661913e-05, 3.03959454e-06)
(-3.28282164e-05, 2.44759600e-06)
(-3.46177139e-05, 1.86001363e-06)
(-3.63315739e-05, 1.27809541e-06)
(-3.79668696e-05, 7.03055731e-07)
(-3.95208621e-05, 1.36071771e-07)
(-4.09910052e-05,-4.21720049e-07)
(-4.23749489e-05,-9.69227513e-07)
(-4.36705437e-05,-1.50540593e-06)
(-4.48758433e-05,-2.02926132e-06)
(-4.59891069e-05,-2.53985349e-06)
(-4.70088018e-05,-3.03629894e-06)
(-4.79336044e-05,-3.51777359e-06)
(-4.87624015e-05,-3.98351541e-06)
(-4.94942907e-05,-4.43282679e-06)
(-5.01285804e-05,-4.86507682e-06)
(-5.06647891e-05,-5.27970329e-06)
(-5.11026446e-05,-5.67621456e-06)
(-5.14420821e-05,-6.05419117e-06)
(-5.16832424e-05,-6.41328733e-06)
(-5.18264693e-05,-6.75323207e-06)
(-5.18723065e-05,-7.07383030e-06)
(-5.18214941e-05,-7.37496353e-06)
(-5.16749644e-05,-7.65659048e-06)
(-5.14338380e-05,-7.91874736e-06)
(-5.10994184e-05,-8.16154797e-06)
(-5.06731869e-05,-8.38518357e-06)
(-5.01567971e-05,-8.58992251e-06)
(-4.95520685e-05,-8.77610962e-06)
(-4.88609799e-05,-8.94416537e-06)
(-4.80856631e-05,-9.09458486e-06)
(-4.72283951e-05,-9.22793648e-06)
(-4.62915909e-05,-9.34486044e-06)
(-4.52777958e-05,-9.44606705e-06)
(-4.41896767e-05,-9.53233480e-06)
(-4.30300145e-05,-9.60450821e-06)
(-4.18016946e-05,-9.66349555e-06)
(-4.05076987e-05,-9.71026627e-06)
(-3.91510952e-05,-9.74584838e-06)
(-3.77350302e-05,-9.77132555e-06)
(-3.62627179e-05,-9.78783415e-06)
(-3.47374309e-05,-9.79656006e-06)
(-3.31624903e-05,-9.79873543e-06)
(-3.15412559e-05,-9.79563528e-06)
(-2.98771161e-05,-9.78857402e-06)
(-2.81734779e-05,-9.77890193e-06)
(-2.64337562e-05,-9.76800152e-06)
(-2.46613638e-05,-9.75728386e-06)
(-2.28597009e-05,-9.74818498e-06)
(-2.10321445e-05,-9.74216221e-06)
(-1.91820377e-05,-9.74069053e-06)
(-1.73126795e-05,-9.74525911e-06)
(-1.54273136e-05,-9.75736785e-06)
(-1.35291173e-05,-9.77852410e-06)
(-1.16211914e-05,-9.81023960e-06)
(-9.70654805e-06,-9.85402756e-06)
(-7.78809999e-06,-9.91140016e-06)
(-5.86864869e-06,-9.98386628e-06)
(-3.95087252e-06,-1.00729297e-05)
(-2.03731437e-06,-1.01800878e-05)
(-1.30368779e-07,-1.03068307e-05)
( 1.76773147e-06,-1.04546417e-05)
( 3.65492970e-06,-1.06249973e-05)
( 5.52936059e-06,-1.08193698e-05)
( 7.38936674e-06,-1.10392297e-05)
( 9.23351673e-06,-1.12860504e-05)
( 1.10606253e-05,-1.15613140e-05)
( 1.28697757e-05,-1.18665196e-05)
( 1.46603454e-05,-1.22031937e-05)
( 1.64320358e-05,-1.25729035e-05)
( 1.81849060e-05,-1.29772744e-05)
( 1.99194139e-05,-1.34180118e-05)
( 2.16364643e-05,-1.38969278e-05)
( 2.33374676e-05,-1.44159766e-05)
( 2.50244109e-05,-1.49772975e-05)
( 2.66999467e-05,-1.55832704e-05)
( 2.83675031e-05,-1.62365862e-05)
( 3.00314236e-05,-1.69403368e-05)
( 3.16971462e-05,-1.76981326e-05)
( 3.33714353e-05,-1.85142543e-05)
( 3.50626870e-05,-1.93938547e-05)
( 3.67813369e-05,-2.03432289e-05)
( 3.85404121e-05,-2.13701803e-05)
( 4.03562946e-05,-2.24845275e-05)
( 4.22497957e-05,-2.36988186e-05)
( 4.42477052e-05,-2.50293604e-05)
( 4.63850806e-05,-2.64977394e-05)
( 4.87087360e-05,-2.81331400e-05)
( 5.12827444e-05,-2.99759989e-05)
( 5.41974848e-05,-3.20840123e-05)
( 5.75852780e-05,-3.45425141e-05)
( 6.16491179e-05,-3.74835397e-05)
( 6.67197252e-05,-4.11236634e-05)
( 7.33809364e-05,-4.58471155e-05)
( 8.27841005e-05,-5.24140652e-05)
( 9.76793964e-05,-6.26432938e-05)
( 1.24520725e-04,-8.08068899e-05)
( 2.75457789e-04,-1.81008543e-04)
(-1.01355559e-06,-6.09623225e-07)
(-4.12025838e-06,-1.75896854e-06)
(-7.00250063e-06,-2.88894864e-06)
(-9.86350393e-06,-4.01687334e-06)
(-1.26991883e-05,-5.13824416e-06)
(-1.55066699e-05,-6.25028163e-06)
(-1.82816037e-05,-7.35053137e-06)
(-2.10191516e-05,-8.43668230e-06)
(-2.37142876e-05,-9.50650885e-06)
(-2.63619321e-05,-1.05578472e-05)
(-2.89570206e-05,-1.15885874e-05)
(-3.14945443e-05,-1.25966704e-05)
(-3.39695775e-05,-1.35800884e-05)
(-3.63772967e-05,-1.45368866e-05)
(-3.87129969e-05,-1.54651655e-05)
(-4.09721048e-05,-1.63630839e-05)
(-4.31501905e-05,-1.72288615e-05)
(-4.52429780e-05,-1.80607825e-05)
(-4.72463552e-05,-1.88571981e-05)
(-4.91563829e-05,-1.96165300e-05)
(-5.09693031e-05,-2.03372730e-05)
(-5.26815472e-05,-2.10179980e-05)
(-5.42897433e-05,-2.16573546e-05)
(-5.57907233e-05,-2.22540739e-05)
(-5.71815291e-05,-2.28069707e-05)
(-5.84594191e-05,-2.33149458e-05)
(-5.96218734e-05,-2.37769885e-05)
(-6.06665990e-05,-2.41921781e-05)
(-6.15915347e-05,-2.45596858e-05)
(-6.23948549e-05,-2.48787767e-05)
(-6.30749734e-05,-2.51488106e-05)
(-6.36305467e-05,-2.53692439e-05)
(-6.40604766e-05,-2.55396302e-05)
(-6.43639125e-05,-2.56596214e-05)
(-6.45402533e-05,-2.57289685e-05)
(-6.45891480e-05,-2.57475218e-05)
(-6.45104974e-05,-2.57152315e-05)
(-6.43044534e-05,-2.56321477e-05)
(-6.39714193e-05,-2.54984201e-05)
(-6.35120489e-05,-2.53142981e-05)
(-6.29272451e-05,-2.50801303e-05)
(-6.22181585e-05,-2.47963635e-05)
(-6.13861847e-05,-2.44635421e-05)
(-6.04329620e-05,-2.40823072e-05)
(-5.93603676e-05,-2.36533948e-05)
(-5.81705148e-05,-2.31776351e-05)
(-5.68657481e-05,-2.26559504e-05)
(-5.54486388e-05,-2.20893535e-05)
(-5.39219800e-05,-2.14789457e-05)
(-5.22887813e-05,-2.08259146e-05)
(-5.05522624e-05,-2.01315318e-05)
(-4.87158472e-05,-1.93971508e-05)
(-4.67831569e-05,-1.86242037e-05)
(-4.47580027e-05,-1.78141989e-05)
(-4.26443786e-05,-1.69687179e-05)
(-4.04464533e-05,-1.60894125e-05)
(-3.81685620e-05,-1.51780013e-05)
(-3.58151981e-05,-1.42362664e-05)
(-3.33910039e-05,-1.32660500e-05)
(-3.09007618e-05,-1.22692507e-05)
(-2.83493848e-05,-1.12478201e-05)
(-2.57419066e-05,-1.02037583e-05)
(-2.30834721e-05,-9.13911072e-06)
(-2.03793266e-05,-8.05596361e-06)
(-1.76348061e-05,-6.95644018e-06)
(-1.48553263e-05,-5.84269634e-06)
(-1.20463724e-05,-4.71691652e-06)
(-9.21348753e-06,-3.58130932e-06)
(-6.36226256e-06,-2.43810324e-06)
(-3.49832461e-06,-1.28954223e-06)
(-6.27326092e-07,-1.37881335e-07)
( 2.24506649e-06, 1.01461779e-06)
( 5.11318371e-06, 2.16569132e-06)
( 7.97136445e-06, 3.31307769e-06)
( 1.08139671e-05, 4.45452212e-06)
( 1.36353805e-05, 5.58778099e-06)
( 1.64300355e-05, 6.71062631e-06)
( 1.91924154e-05, 7.82085012e-06)
( 2.19170673e-05, 8.91626882e-06)
( 2.45986124e-05, 9.99472753e-06)
( 2.72317574e-05, 1.10541043e-05)
( 2.98113039e-05, 1.20923144e-05)
( 3.23321598e-05, 1.31073143e-05)
( 3.47893485e-05, 1.40971059e-05)
( 3.71780191e-05, 1.50597403e-05)
( 3.94934560e-05, 1.59933217e-05)
( 4.17310883e-05, 1.68960116e-05)
( 4.38864985e-05, 1.77660315e-05)
( 4.59554315e-05, 1.86016675e-05)
( 4.79338032e-05, 1.94012730e-05)
( 4.98177079e-05, 2.01632722e-05)
( 5.16034268e-05, 2.08861633e-05)
( 5.32874350e-05, 2.15685212e-05)
( 5.48664083e-05, 2.22090010e-05)
( 5.63372303e-05, 2.28063399e-05)
( 5.76969978e-05, 2.33593603e-05)
( 5.89430274e-05, 2.38669717e-05)
( 6.00728600e-05, 2.43281733e-05)
( 6.10842665e-05, 2.47420559e-05)
( 6.19752513e-05, 2.51078035e-05)
( 6.27440570e-05, 2.54246951e-05)
( 6.33891676e-05, 2.56921065e-05)
( 6.39093114e-05, 2.59095107e-05)
( 6.43034636e-05, 2.60764800e-05)
( 6.45708486e-05, 2.61926861e-05)
( 6.47109408e-05, 2.62579012e-05)
( 6.47234666e-05, 2.62719982e-05)
( 6.46084044e-05, 2.62349512e-05)
( 6.43659844e-05, 2.61468356e-05)
( 6.39966888e-05, 2.60078278e-05)
( 6.35012505e-05, 2.58182049e-05)
( 6.28806516e-05, 2.55783444e-05)
( 6.21361215e-05, 2.52887231e-05)
( 6.12691346e-05, 2.49499167e-05)
( 6.02814073e-05, 2.45625980e-05)
( 5.91748946e-05, 2.41275363e-05)
( 5.79517863e-05, 2.36455953e-05)
( 5.66145025e-05, 2.31177320e-05)
( 5.51656892e-05, 2.25449941e-05)
( 5.36082126e-05, 2.19285186e-05)
( 5.19451537e-05, 2.12695292e-05)
( 5.01798022e-05, 2.05693340e-05)
( 4.83156500e-05, 1.98293229e-05)
( 4.63563842e-05, 1.90509649e-05)
( 4.43058801e-05, 1.82358049e-05)
( 4.21681930e-05, 1.73854613e-05)
( 3.99475507e-05, 1.65016219e-05)
( 3.76483450e-05, 1.55860415e-05)
( 3.52751229e-05, 1.46405377e-05)
( 3.28325776e-05, 1.36669876e-05)
( 3.03255395e-05, 1.26673239e-05)
( 2.77589664e-05, 1.16435315e-05)
( 2.51379338e-05, 1.05976430e-05)
( 2.24676247e-05, 9.53173491e-06)
( 1.97533197e-05, 8.44792360e-06)
( 1.70003862e-05, 7.34836099e-06)
( 1.42142681e-05, 6.23523026e-06)
( 1.14004749e-05, 5.11074155e-06)
( 8.56457068e-06, 3.97712752e-06)
( 5.71216330e-06, 2.83663894e-06)
( 2.84889331e-06, 1.69154017e-06)
(-1.95772907e-08, 5.44104693e-07)
(-2.88757617e-06,-6.03389467e-07)
(-5.74943191e-06,-1.74866424e-06)
(-8.59948518e-06,-2.88944609e-06)
(-1.14320999e-05,-4.02347051e-06)
(-1.42416746e-05,-5.14848657e-06)
(-1.70226529e-05,-6.26226140e-06)
(-1.97695353e-05,-7.36258462e-06)
(-2.24768893e-05,-8.44727278e-06)
(-2.51393607e-05,-9.51417372e-06)
(-2.77516837e-05,-1.05611708e-05)
(-3.03086917e-05,-1.15861872e-05)
(-3.28053271e-05,-1.25871901e-05)
(-3.52366518e-05,-1.35621945e-05)
(-3.75978563e-05,-1.45092676e-05)
(-3.98842700e-05,-1.54265321e-05)
(-4.20913696e-05,-1.63121705e-05)
(-4.42147885e-05,-1.71644284e-05)
(-4.62503254e-05,-1.79816181e-05)
(-4.81939525e-05,-1.87621218e-05)
(-5.00418233e-05,-1.95043950e-05)
(-5.17902805e-05,-2.02069698e-05)
(-5.34358631e-05,-2.08684573e-05)
(-5.49753130e-05,-2.14875506e-05)
(-5.64055818e-05,-2.20630277e-05)
(-5.77238365e-05,-2.25937533e-05)
(-5.89274653e-05,-2.30786818e-05)
(-6.00140826e-05,-2.35168587e-05)
(-6.09815339e-05,-2.39074228e-05)
(-6.18278996e-05,-2.42496081e-05)
(-6.25514994e-05,-2.45427450e-05)
(-6.31508951e-05,-2.47862615e-05)
(-6.36248937e-05,-2.49796850e-05)
(-6.39725496e-05,-2.51226424e-05)
(-6.41931666e-05,-2.52148614e-05)
(-6.42862993e-05,-2.52561707e-05)
(-6.42517535e-05,-2.52465006e-05)
(-6.40895872e-05,-2.51858827e-05)
(-6.38001101e-05,-2.50744504e-05)
(-6.33838833e-05,-2.49124380e-05)
(-6.28417175e-05,-2.47001806e-05)
(-6.21746724e-05,-2.44381134e-05)
(-6.13840536e-05,-2.41267706e-05)
(-6.04714107e-05,-2.37667843e-05)
(-5.94385339e-05,-2.33588835e-05)
(-5.82874506e-05,-2.29038923e-05)
(-5.70204214e-05,-2.24027284e-05)
(-5.56399354e-05,-2.18564013e-05)
(-5.41487057e-05,-2.12660099e-05)
(-5.25496635e-05,-2.06327407e-05)
(-5.08459528e-05,-1.99578652e-05)
(-4.90409239e-05,-1.92427373e-05)
(-4.71381270e-05,-1.84887908e-05)
(-4.51413048e-05,-1.76975360e-05)
(-4.30543857e-05,-1.68705574e-05)
(-4.08814755e-05,-1.60095097e-05)
(-3.86268494e-05,-1.51161152e-05)
(-3.62949441e-05,-1.41921598e-05)
(-3.38903482e-05,-1.32394897e-05)
(-3.14177936e-05,-1.22600076e-05)
(-2.88821465e-05,-1.12556688e-05)
(-2.62883969e-05,-1.02284775e-05)
(-2.36416497e-05,-9.18048260e-06)
(-2.09471140e-05,-8.11377359e-06)
(-1.82100930e-05,-7.03047645e-06)
(-1.54359739e-05,-5.93274937e-06)
(-1.26302166e-05,-4.82277839e-06)
(-9.79834333e-06,-3.70277309e-06)
(-6.94592796e-06,-2.57496211e-06)
(-4.07858458e-06,-1.44158876e-06)
(-1.20195669e-06,-3.04906494e-07)
( 1.67829399e-06, 8.32825549e-07)
( 4.55649869e-06, 1.96934707e-06)
( 7.42699273e-06, 3.10240112e-06)
( 1.02841267e-05, 4.22973855e-06)
( 1.31222776e-05, 5.34912254e-06)
( 1.59358598e-05, 6.45833301e-06)
( 1.87193365e-05, 7.55517103e-06)
( 2.14672298e-05, 8.63746322e-06)
( 2.41741324e-05, 9.70306599e-06)
( 2.68347176e-05, 1.07498699e-05)
( 2.94437502e-05, 1.17758036e-05)
( 3.19960964e-05, 1.27788384e-05)
( 3.44867344e-05, 1.37569917e-05)
( 3.69107640e-05, 1.47083312e-05)
( 3.92634161e-05, 1.56309788e-05)
( 4.15400625e-05, 1.65231141e-05)
( 4.37362247e-05, 1.73829781e-05)
( 4.58475828e-05, 1.82088766e-05)
( 4.78699840e-05, 1.89991834e-05)
( 4.97994510e-05, 1.97523440e-05)
( 5.16321894e-05, 2.04668778e-05)
( 5.33645954e-05, 2.11413818e-05)
( 5.49932630e-05, 2.17745327e-05)
( 5.65149905e-05, 2.23650899e-05)
( 5.79267870e-05, 2.29118979e-05)
( 5.92258781e-05, 2.34138880e-05)
( 6.04097115e-05, 2.38700811e-05)
( 6.14759618e-05, 2.42795890e-05)
( 6.24225355e-05, 2.46416164e-05)
( 6.32475747e-05, 2.49554622e-05)
( 6.39494609e-05, 2.52205212e-05)
( 6.45268183e-05, 2.54362846e-05)
( 6.49785163e-05, 2.56023415e-05)
( 6.53036719e-05, 2.57183795e-05)
( 6.55016515e-05, 2.57841850e-05)
( 6.55720717e-05, 2.57996437e-05)
( 6.55148007e-05, 2.57647410e-05)
( 6.53299580e-05, 2.56795616e-05)
( 6.50179145e-05, 2.55442891e-05)
( 6.45792917e-05, 2.53592063e-05)
( 6.40149603e-05, 2.51246936e-05)
( 6.33260389e-05, 2.48412291e-05)
( 6.25138912e-05, 2.45093867e-05)
( 6.15801239e-05, 2.41298356e-05)
( 6.05265832e-05, 2.37033385e-05)
( 5.93553512e-05, 2.32307501e-05)
( 5.80687419e-05, 2.27130153e-05)
( 5.66692967e-05, 2.21511675e-05)
( 5.51597792e-05, 2.15463261e-05)
( 5.35431698e-05, 2.08996945e-05)
( 5.18226601e-05, 2.02125574e-05)
( 5.00016464e-05, 1.94862786e-05)
( 4.80837229e-05, 1.87222978e-05)
( 4.60726748e-05, 1.79221278e-05)
( 4.39724709e-05, 1.70873518e-05)
( 4.17872558e-05, 1.62196198e-05)
( 3.95213414e-05, 1.53206453e-05)
( 3.71791990e-05, 1.43922021e-05)
( 3.47654500e-05, 1.34361208e-05)
( 3.22848569e-05, 1.24542848e-05)
( 2.97423143e-05, 1.14486267e-05)
( 2.71428386e-05, 1.04211245e-05)
( 2.44915589e-05, 9.37379767e-06)
( 2.17937063e-05, 8.30870313e-06)
( 1.90546039e-05, 7.22793106e-06)
( 1.62796561e-05, 6.13360083e-06)
( 1.34743382e-05, 5.02785681e-06)
( 1.06441857e-05, 3.91286412e-06)
( 7.79478304e-06, 2.79080431e-06)
( 4.93175276e-06, 1.66387110e-06)
( 2.06074457e-06, 5.34266053e-07)
(-8.12575912e-07,-5.95805825e-07)
(-3.68253828e-06,-1.72414036e-06)
(-6.54347852e-06,-2.84853856e-06)
(-9.38975016e-06,-3.96681095e-06)
(-1.22157354e-05,-5.07678187e-06)
(-1.50158561e-05,-6.17629372e-06)
(-1.77845849e-05,-7.26321119e-06)
(-2.05164561e-05,-8.33542544e-06)
(-2.32060763e-05,-9.39085822e-06)
(-2.58481352e-05,-1.04274659e-05)
(-2.84374159e-05,-1.14432436e-05)
(-3.09688052e-05,-1.24362288e-05)
(-3.34373040e-05,-1.34045055e-05)
(-3.58380368e-05,-1.43462075e-05)
(-3.81662613e-05,-1.52595226e-05)
(-4.04173780e-05,-1.61426956e-05)
(-4.25869392e-05,-1.69940321e-05)
(-4.46706577e-05,-1.78119012e-05)
(-4.66644154e-05,-1.85947394e-05)
(-4.85642712e-05,-1.93410530e-05)
(-5.03664690e-05,-2.00494212e-05)
(-5.20674452e-05,-2.07184990e-05)
(-5.36638353e-05,-2.13470192e-05)
(-5.51524813e-05,-2.19337957e-05)
(-5.65304370e-05,-2.24777249e-05)
(-5.77949748e-05,-2.29777882e-05)
(-5.89435904e-05,-2.34330541e-05)
(-5.99740082e-05,-2.38426796e-05)
(-6.08841855e-05,-2.42059117e-05)
(-6.16723167e-05,-2.45220895e-05)
(-6.23368370e-05,-2.47906445e-05)
(-6.28764254e-05,-2.50111024e-05)
(-6.32900073e-05,-2.51830833e-05)
(-6.35767567e-05,-2.53063031e-05)
(-6.37360980e-05,-2.53805733e-05)
(-6.37677070e-05,-2.54058017e-05)
(-6.36715117e-05,-2.53819923e-05)
(-6.34476923e-05,-2.53092453e-05)
(-6.30966811e-05,-2.51877571e-05)
(-6.26191616e-05,-2.50178193e-05)
(-6.20160672e-05,-2.47998184e-05)
(-6.12885794e-05,-2.45342350e-05)
(-6.04381256e-05,-2.42216427e-05)
(-5.94663762e-05,-2.38627067e-05)
(-5.83752413e-05,-2.34581830e-05)
(-5.71668672e-05,-2.30089163e-05)
(-5.58436321e-05,-2.25158384e-05)
(-5.44081415e-05,-2.19799668e-05)
(-5.28632228e-05,-2.14024018e-05)
(-5.12119204e-05,-2.07843251e-05)
(-4.94574891e-05,-2.01269969e-05)
(-4.76033880e-05,-1.94317536e-05)
(-4.56532738e-05,-1.87000053e-05)
(-4.36109935e-05,-1.79332325e-05)
(-4.14805769e-05,-1.71329837e-05)
(-3.92662287e-05,-1.63008721e-05)
(-3.69723200e-05,-1.54385722e-05)
(-3.46033802e-05,-1.45478170e-05)
(-3.21640876e-05,-1.36303939e-05)
(-2.96592608e-05,-1.26881418e-05)
(-2.70938483e-05,-1.17229472e-05)
(-2.44729199e-05,-1.07367405e-05)
(-2.18016556e-05,-9.73149211e-06)
(-1.90853364e-05,-8.70920867e-06)
(-1.63293332e-05,-7.67192920e-06)
(-1.35390965e-05,-6.62172091e-06)
(-1.07201457e-05,-5.56067530e-06)
(-7.87805819e-06,-4.49090393e-06)
(-5.01845819e-06,-3.41453437e-06)
(-2.14700592e-06,-2.33370598e-06)
( 7.30613723e-07,-1.25056577e-06)
( 3.60870232e-06,-1.67264110e-07)
( 6.48155918e-06, 9.14049365e-07)
( 9.34349262e-06, 1.99123005e-06)
( 1.21888312e-05, 3.06214253e-06)
( 1.50119347e-05, 4.12466475e-06)
( 1.78072058e-05, 5.17669216e-06)
( 2.05691005e-05, 6.21614184e-06)
( 2.32921395e-05, 7.24095657e-06)
( 2.59709188e-05, 8.24910882e-06)
( 2.86001206e-05, 9.23860473e-06)
( 3.11745237e-05, 1.02074880e-05)
( 3.36890136e-05, 1.11538437e-05)
( 3.61385931e-05, 1.20758020e-05)
( 3.85183918e-05, 1.29715418e-05)
( 4.08236759e-05, 1.38392944e-05)
( 4.30498576e-05, 1.46773467e-05)
( 4.51925042e-05, 1.54840448e-05)
( 4.72473465e-05, 1.62577971e-05)
( 4.92102881e-05, 1.69970773e-05)
( 5.10774126e-05, 1.77004276e-05)
( 5.28449920e-05, 1.83664615e-05)
( 5.45094939e-05, 1.89938662e-05)
( 5.60675883e-05, 1.95814055e-05)
( 5.75161548e-05, 2.01279222e-05)
( 5.88522882e-05, 2.06323399e-05)
( 6.00733045e-05, 2.10936658e-05)
( 6.11767464e-05, 2.15109921e-05)
( 6.21603880e-05, 2.18834980e-05)
( 6.30222393e-05, 2.22104509e-05)
( 6.37605504e-05, 2.24912087e-05)
( 6.43738145e-05, 2.27252199e-05)
( 6.48607715e-05, 2.29120258e-05)
( 6.52204101e-05, 2.30512605e-05)
( 6.54519701e-05, 2.31426521e-05)
( 6.55549439e-05, 2.31860230e-05)
( 6.55290775e-05, 2.31812904e-05)
( 6.53743710e-05, 2.31284663e-05)
( 6.50910789e-05, 2.30276576e-05)
( 6.46797094e-05, 2.28790659e-05)
( 6.41410235e-05, 2.26829869e-05)
( 6.34760336e-05, 2.24398099e-05)
( 6.26860015e-05, 2.21500174e-05)
( 6.17724360e-05, 2.18141834e-05)
( 6.07370900e-05, 2.14329731e-05)
( 5.95819569e-05, 2.10071409e-05)
( 5.83092669e-05, 2.05375293e-05)
( 5.69214825e-05, 2.00250672e-05)
( 5.54212939e-05, 1.94707680e-05)
( 5.38116133e-05, 1.88757277e-05)
( 5.20955697e-05, 1.82411226e-05)
( 5.02765024e-05, 1.75682072e-05)
( 4.83579544e-05, 1.68583115e-05)
( 4.63436659e-05, 1.61128386e-05)
( 4.42375663e-05, 1.53332619e-05)
( 4.20437669e-05, 1.45211219e-05)
( 3.97665527e-05, 1.36780238e-05)
( 3.74103739e-05, 1.28056337e-05)
( 3.49798371e-05, 1.19056759e-05)
( 3.24796964e-05, 1.09799288e-05)
( 2.99148438e-05, 1.00302224e-05)
( 2.72902998e-05, 9.05843361e-06)
( 2.46112033e-05, 8.06648340e-06)
( 2.18828014e-05, 7.05633261e-06)
( 1.91104393e-05, 6.02997822e-06)
( 1.62995495e-05, 4.98944938e-06)
( 1.34556412e-05, 3.93680345e-06)
( 1.05842895e-05, 2.87412194e-06)
( 7.69112412e-06, 1.80350640e-06)
( 4.78181856e-06, 7.27074324e-07)
( 1.86207870e-06,-3.53045073e-07)
(-1.06236840e-06,-1.43471501e-06)
(-3.98578580e-06,-2.51579536e-06)
(-6.90243809e-06,-3.59414687e-06)
(-9.80660265e-06,-4.66763537e-06)
(-1.26925810e-05,-5.73413601e-06)
(-1.55547102e-05,-6.79153737e-06)
(-1.83873737e-05,-7.83774574e-06)
(-2.11850128e-05,-8.87068913e-06)
(-2.39421376e-05,-9.88832147e-06)
(-2.66533376e-05,-1.08886266e-05)
(-2.93132927e-05,-1.18696221e-05)
(-3.19167836e-05,-1.28293636e-05)
(-3.44587020e-05,-1.37659481e-05)
(-3.69340610e-05,-1.46775182e-05)
(-3.93380049e-05,-1.55622655e-05)
(-4.16658183e-05,-1.64184342e-05)
(-4.39129364e-05,-1.72443247e-05)
(-4.60749530e-05,-1.80382968e-05)
(-4.81476301e-05,-1.87987730e-05)
(-5.01269055e-05,-1.95242417e-05)
(-5.20089017e-05,-2.02132601e-05)
(-5.37899326e-05,-2.08644570e-05)
(-5.54665117e-05,-2.14765356e-05)
(-5.70353584e-05,-2.20482763e-05)
(-5.84934048e-05,-2.25785386e-05)
(-5.98378015e-05,-2.30662636e-05)
(-6.10659237e-05,-2.35104764e-05)
(-6.21753758e-05,-2.39102874e-05)
(-6.31639965e-05,-2.42648946e-05)
(-6.40298632e-05,-2.45735851e-05)
(-6.47712954e-05,-2.48357361e-05)
(-6.53868583e-05,-2.50508168e-05)
(-6.58753657e-05,-2.52183886e-05)
(-6.62358820e-05,-2.53381070e-05)
(-6.64677244e-05,-2.54097213e-05)
(-6.65704641e-05,-2.54330756e-05)
(-6.65439271e-05,-2.54081092e-05)
(-6.63881947e-05,-2.53348563e-05)
(-6.61036031e-05,-2.52134462e-05)
(-6.56907429e-05,-2.50441031e-05)
(-6.51504578e-05,-2.48271453e-05)
(-6.44838431e-05,-2.45629850e-05)
(-6.36922434e-05,-2.42521272e-05)
(-6.27772499e-05,-2.38951686e-05)
(-6.17406972e-05,-2.34927968e-05)
(-6.05846599e-05,-2.30457883e-05)
(-5.93114482e-05,-2.25550075e-05)
(-5.79236036e-05,-2.20214049e-05)
(-5.64238935e-05,-2.14460148e-05)
(-5.48153060e-05,-2.08299536e-05)
(-5.31010438e-05,-2.01744176e-05)
(-5.12845181e-05,-1.94806802e-05)
(-4.93693415e-05,-1.87500897e-05)
(-4.73593212e-05,-1.79840665e-05)
(-4.52584509e-05,-1.71841004e-05)
(-4.30709036e-05,-1.63517474e-05)
(-4.08010228e-05,-1.54886265e-05)
(-3.84533141e-05,-1.45964170e-05)
(-3.60324362e-05,-1.36768543e-05)
(-3.35431917e-05,-1.27317273e-05)
(-3.09905176e-05,-1.17628742e-05)
(-2.83794756e-05,-1.07721792e-05)
(-2.57152417e-05,-9.76156849e-06)
(-2.30030965e-05,-8.73300641e-06)
(-2.02484144e-05,-7.68849172e-06)
(-1.74566530e-05,-6.63005345e-06)
(-1.46333422e-05,-5.55974690e-06)
(-1.17840736e-05,-4.47964948e-06)
(-8.91448898e-06,-3.39185663e-06)
(-6.03026952e-06,-2.29847761e-06)
(-3.13712427e-06,-1.20163127e-06)
(-2.40778998e-07,-1.03441837e-07)
( 2.65303516e-06, 9.93965294e-07)
( 5.53859307e-06, 2.08846783e-06)
( 8.41018691e-06, 3.17795082e-06)
( 1.12621374e-05, 4.26031081e-06)
( 1.40888053e-05, 5.33346008e-06)
( 1.68846021e-05, 6.39533081e-06)
( 1.96440015e-05, 7.44387912e-06)
( 2.23615501e-05, 8.47708922e-06)
( 2.50318783e-05, 9.49297733e-06)
( 2.76497109e-05, 1.04895957e-05)
( 3.02098773e-05, 1.14650363e-05)
( 3.27073221e-05, 1.24174350e-05)
( 3.51371149e-05, 1.33449746e-05)
( 3.74944600e-05, 1.42458892e-05)
( 3.97747058e-05, 1.51184670e-05)
( 4.19733543e-05, 1.59610541e-05)
( 4.40860697e-05, 1.67720575e-05)
( 4.61086869e-05, 1.75499486e-05)
( 4.80372201e-05, 1.82932656e-05)
( 4.98678703e-05, 1.90006170e-05)
( 5.15970330e-05, 1.96706839e-05)
( 5.32213050e-05, 2.03022228e-05)
( 5.47374917e-05, 2.08940678e-05)
( 5.61426128e-05, 2.14451329e-05)
( 5.74339085e-05, 2.19544144e-05)
( 5.86088448e-05, 2.24209925e-05)
( 5.96651186e-05, 2.28440330e-05)
( 6.06006622e-05, 2.32227893e-05)
( 6.14136473e-05, 2.35566032e-05)
( 6.21024887e-05, 2.38449068e-05)
( 6.26658472e-05, 2.40872228e-05)
( 6.31026325e-05, 2.42831663e-05)
( 6.34120053e-05, 2.44324443e-05)
( 6.35933787e-05, 2.45348572e-05)
( 6.36464196e-05, 2.45902987e-05)
( 6.35710492e-05, 2.45987556e-05)
( 6.33674431e-05, 2.45603084e-05)
( 6.30360312e-05, 2.44751303e-05)
( 6.25774965e-05, 2.43434873e-05)
( 6.19927738e-05, 2.41657373e-05)
( 6.12830482e-05, 2.39423293e-05)
( 6.04497523e-05, 2.36738023e-05)
( 5.94945634e-05, 2.33607843e-05)
( 5.84194004e-05, 2.30039909e-05)
( 5.72264200e-05, 2.26042234e-05)
( 5.59180121e-05, 2.21623677e-05)
( 5.44967954e-05, 2.16793919e-05)
( 5.29656122e-05, 2.11563444e-05)
( 5.13275225e-05, 2.05943518e-05)
( 4.95857981e-05, 1.99946163e-05)
( 4.77439164e-05, 1.93584134e-05)
( 4.58055532e-05, 1.86870892e-05)
( 4.37745752e-05, 1.79820576e-05)
( 4.16550333e-05, 1.72447972e-05)
( 3.94511534e-05, 1.64768484e-05)
( 3.71673289e-05, 1.56798104e-05)
( 3.48081119e-05, 1.48553374e-05)
( 3.23782038e-05, 1.40051356e-05)
( 2.98824464e-05, 1.31309597e-05)
( 2.73258123e-05, 1.22346091e-05)
( 2.47133951e-05, 1.13179243e-05)
( 2.20503990e-05, 1.03827833e-05)
( 1.93421290e-05, 9.43109745e-06)
( 1.65939803e-05, 8.46480791e-06)
( 1.38114275e-05, 7.48588148e-06)
( 1.10000139e-05, 6.49630667e-06)
( 8.16534054e-06, 5.49808970e-06)
( 5.31305527e-06, 4.49325044e-06)
( 2.44884148e-06, 3.48381830e-06)
(-4.21593075e-07, 2.47182818e-06)
(-3.29252751e-06, 1.45931634e-06)
(-6.15823911e-06, 4.48316344e-07)
(-9.01301459e-06,-5.59145041e-07)
(-1.18511614e-05,-1.56105190e-06)
(-1.46670189e-05,-2.55540318e-06)
(-1.74549696e-05,-3.54021673e-06)
(-2.02094501e-05,-4.51353318e-06)
(-2.29249622e-05,-5.47341990e-06)
(-2.55960837e-05,-6.41797480e-06)
(-2.82174791e-05,-7.34533010e-06)
(-3.07839100e-05,-8.25365604e-06)
(-3.32902456e-05,-9.14116448e-06)
(-3.57314728e-05,-1.00061124e-05)
(-3.81027061e-05,-1.08468054e-05)
(-4.03991969e-05,-1.16616008e-05)
(-4.26163435e-05,-1.24489112e-05)
(-4.47496996e-05,-1.32072072e-05)
(-4.67949835e-05,-1.39350208e-05)
(-4.87480862e-05,-1.46309476e-05)
(-5.06050798e-05,-1.52936504e-05)
(-5.23622250e-05,-1.59218607e-05)
(-5.40159789e-05,-1.65143823e-05)
(-5.55630015e-05,-1.70700924e-05)
(-5.70001627e-05,-1.75879446e-05)
(-5.83245483e-05,-1.80669706e-05)
(-5.95334658e-05,-1.85062819e-05)
(-6.06244497e-05,-1.89050714e-05)
(-6.15952666e-05,-1.92626153e-05)
(-6.24439194e-05,-1.95782737e-05)
(-6.31686514e-05,-1.98514926e-05)
(-6.37679497e-05,-2.00818039e-05)
(-6.42405483e-05,-2.02688273e-05)
(-6.45854308e-05,-2.04122697e-05)
(-6.48018322e-05,-2.05119269e-05)
(-6.48892403e-05,-2.05676826e-05)
(-6.48473974e-05,-2.05795095e-05)
(-6.46763003e-05,-2.05474687e-05)
(-6.43762004e-05,-2.04717096e-05)
(-6.39476037e-05,-2.03524693e-05)
(-6.33912694e-05,-2.01900721e-05)
(-6.27082086e-05,-1.99849288e-05)
(-6.18996825e-05,-1.97375354e-05)
(-6.09671998e-05,-1.94484725e-05)
(-5.99125142e-05,-1.91184035e-05)
(-5.87376203e-05,-1.87480732e-05)
(-5.74447505e-05,-1.83383067e-05)
(-5.60363702e-05,-1.78900070e-05)
(-5.45151732e-05,-1.74041533e-05)
(-5.28840763e-05,-1.68817991e-05)
(-5.11462141e-05,-1.63240696e-05)
(-4.93049323e-05,-1.57321598e-05)
(-4.73637815e-05,-1.51073318e-05)
(-4.53265105e-05,-1.44509118e-05)
(-4.31970583e-05,-1.37642882e-05)
(-4.09795474e-05,-1.30489080e-05)
(-3.86782748e-05,-1.23062742e-05)
(-3.62977045e-05,-1.15379424e-05)
(-3.38424579e-05,-1.07455181e-05)
(-3.13173055e-05,-9.93065312e-06)
(-2.87271574e-05,-9.09504229e-06)
(-2.60770533e-05,-8.24042003e-06)
(-2.33721533e-05,-7.36855686e-06)
(-2.06177273e-05,-6.48125585e-06)
(-1.78191449e-05,-5.58034897e-06)
(-1.49818650e-05,-4.66769340e-06)
(-1.21114248e-05,-3.74516788e-06)
(-9.21342951e-06,-2.81466886e-06)
(-6.29354065e-06,-1.87810680e-06)
(-3.35746555e-06,-9.37402323e-07)
(-4.10945929e-07, 5.51758862e-09)
( 2.54025331e-06, 9.48723421e-07)
( 5.49035539e-06, 1.89028694e-06)
( 8.43358299e-06, 2.82828499e-06)
( 1.13641696e-05, 3.76080334e-06)
( 1.42763706e-05, 4.68594040e-06)
( 1.71644751e-05, 5.60181098e-06)
( 2.00228164e-05, 6.50654997e-06)
( 2.28457838e-05, 7.39831606e-06)
( 2.56278332e-05, 8.27529526e-06)
( 2.83634980e-05, 9.13570449e-06)
( 3.10474002e-05, 9.97779505e-06)
( 3.36742606e-05, 1.07998560e-05)
( 3.62389093e-05, 1.16002176e-05)
( 3.87362959e-05, 1.23772543e-05)
( 4.11614996e-05, 1.31293880e-05)
( 4.35097386e-05, 1.38550915e-05)
( 4.57763797e-05, 1.45528907e-05)
( 4.79569473e-05, 1.52213679e-05)
( 5.00471327e-05, 1.58591646e-05)
( 5.20428017e-05, 1.64649838e-05)
( 5.39400037e-05, 1.70375927e-05)
( 5.57349791e-05, 1.75758248e-05)
( 5.74241665e-05, 1.80785826e-05)
( 5.90042103e-05, 1.85448392e-05)
( 6.04719669e-05, 1.89736403e-05)
( 6.18245112e-05, 1.93641063e-05)
( 6.30591422e-05, 1.97154336e-05)
( 6.41733887e-05, 2.00268966e-05)
( 6.51650138e-05, 2.02978482e-05)
( 6.60320198e-05, 2.05277220e-05)
( 6.67726517e-05, 2.07160324e-05)
( 6.73854013e-05, 2.08623761e-05)
( 6.78690099e-05, 2.09664328e-05)
( 6.82224708e-05, 2.10279652e-05)
( 6.84450317e-05, 2.10468201e-05)
( 6.85361958e-05, 2.10229282e-05)
( 6.84957232e-05, 2.09563041e-05)
( 6.83236314e-05, 2.08470466e-05)
( 6.80201954e-05, 2.06953382e-05)
( 6.75859471e-05, 2.05014445e-05)
( 6.70216742e-05, 2.02657140e-05)
( 6.63284193e-05, 1.99885771e-05)
( 6.55074773e-05, 1.96705453e-05)
( 6.45603935e-05, 1.93122101e-05)
( 6.34889602e-05, 1.89142420e-05)
( 6.22952135e-05, 1.84773888e-05)
( 6.09814294e-05, 1.80024743e-05)
( 5.95501191e-05, 1.74903967e-05)
( 5.80040248e-05, 1.69421266e-05)
( 5.63461136e-05, 1.63587054e-05)
( 5.45795723e-05, 1.57412429e-05)
( 5.27078010e-05, 1.50909154e-05)
( 5.07344067e-05, 1.44089632e-05)
( 4.86631958e-05, 1.36966882e-05)
( 4.64981672e-05, 1.29554514e-05)
( 4.42435043e-05, 1.21866702e-05)
( 4.19035668e-05, 1.13918155e-05)
( 3.94828822e-05, 1.05724093e-05)
( 3.69861371e-05, 9.73002098e-06)
( 3.44181678e-05, 8.86626504e-06)
( 3.17839511e-05, 7.98279737e-06)
( 2.90885942e-05, 7.08131235e-06)
( 2.63373253e-05, 6.16353945e-06)
( 2.35354826e-05, 5.23123991e-06)
( 2.06885046e-05, 4.28620330e-06)
( 1.78019187e-05, 3.33024413e-06)
( 1.48813309e-05, 2.36519826e-06)
( 1.19324147e-05, 1.39291941e-06)
( 8.96089984e-06, 4.15275558e-07)
( 5.97256098e-06,-5.65854633e-07)
( 2.97320657e-06,-1.54858547e-06)
(-3.13326753e-08,-2.53102785e-06)
(-3.03521524e-06,-3.51129288e-06)
(-6.03260028e-06,-4.48749552e-06)
(-9.01765912e-06,-5.45775822e-06)
(-1.19845867e-05,-6.42021450e-06)
(-1.49276132e-05,-7.37301256e-06)
(-1.78410148e-05,-8.31431884e-06)
(-2.07191259e-05,-9.24232150e-06)
(-2.35563495e-05,-1.01552339e-05)
(-2.63471685e-05,-1.10512982e-05)
(-2.90861565e-05,-1.19287883e-05)
(-3.17679888e-05,-1.27860136e-05)
(-3.43874526e-05,-1.36213222e-05)
(-3.69394573e-05,-1.44331035e-05)
(-3.94190445e-05,-1.52197921e-05)
(-4.18213983e-05,-1.59798703e-05)
(-4.41418541e-05,-1.67118711e-05)
(-4.63759081e-05,-1.74143808e-05)
(-4.85192265e-05,-1.80860422e-05)
(-5.05676536e-05,-1.87255568e-05)
(-5.25172202e-05,-1.93316874e-05)
(-5.43641516e-05,-1.99032604e-05)
(-5.61048747e-05,-2.04391680e-05)
(-5.77360256e-05,-2.09383707e-05)
(-5.92544558e-05,-2.13998987e-05)
(-6.06572386e-05,-2.18228541e-05)
(-6.19416748e-05,-2.22064126e-05)
(-6.31052982e-05,-2.25498250e-05)
(-6.41458806e-05,-2.28524185e-05)
(-6.50614356e-05,-2.31135984e-05)
(-6.58502235e-05,-2.33328487e-05)
(-6.65107539e-05,-2.35097332e-05)
(-6.70417889e-05,-2.36438969e-05)
(-6.74423459e-05,-2.37350658e-05)
(-6.77116992e-05,-2.37830479e-05)
(-6.78493813e-05,-2.37877336e-05)
(-6.78551845e-05,-2.37490956e-05)
(-6.77291605e-05,-2.36671893e-05)
(-6.74716209e-05,-2.35421524e-05)
(-6.70831361e-05,-2.33742047e-05)
(-6.65645349e-05,-2.31636476e-05)
(-6.59169020e-05,-2.29108636e-05)
(-6.51415763e-05,-2.26163157e-05)
(-6.42401484e-05,-2.22805462e-05)
(-6.32144571e-05,-2.19041758e-05)
(-6.20665859e-05,-2.14879021e-05)
(-6.07988590e-05,-2.10324990e-05)
(-5.94138363e-05,-2.05388142e-05)
(-5.79143089e-05,-2.00077684e-05)
(-5.63032930e-05,-1.94403530e-05)
(-5.45840243e-05,-1.88376284e-05)
(-5.27599513e-05,-1.82007217e-05)
(-5.08347286e-05,-1.75308250e-05)
(-4.88122098e-05,-1.68291926e-05)
(-4.66964395e-05,-1.60971388e-05)
(-4.44916455e-05,-1.53360352e-05)
(-4.22022303e-05,-1.45473083e-05)
(-3.98327623e-05,-1.37324365e-05)
(-3.73879671e-05,-1.28929473e-05)
(-3.48727176e-05,-1.20304145e-05)
(-3.22920246e-05,-1.11464548e-05)
(-2.96510267e-05,-1.02427250e-05)
(-2.69549803e-05,-9.32091867e-06)
(-2.42092490e-05,-8.38276279e-06)
(-2.14192928e-05,-7.43001453e-06)
(-1.85906576e-05,-6.46445776e-06)
(-1.57289640e-05,-5.48789964e-06)
(-1.28398958e-05,-4.50216710e-06)
(-9.92918930e-06,-3.50910328e-06)
(-7.00262157e-06,-2.51056400e-06)
(-4.06599890e-06,-1.50841414e-06)
(-1.12514541e-06,-5.04524019e-07)
( 1.81410861e-06, 4.99234215e-07)
( 4.74593824e-06, 1.50099021e-06)
( 7.66453555e-06, 2.49887904e-06)
( 1.05641211e-05, 3.49104481e-06)
( 1.34389556e-05, 4.47564425e-06)
( 1.62833508e-05, 5.45085029e-06)
( 1.90916817e-05, 6.41485559e-06)
( 2.18583968e-05, 7.36587601e-06)
( 2.45780296e-05, 8.30215413e-06)
( 2.72452095e-05, 9.22196256e-06)
( 2.98546723e-05, 1.01236073e-05)
( 3.24012706e-05, 1.10054312e-05)
( 3.48799843e-05, 1.18658166e-05)
( 3.72859303e-05, 1.27031892e-05)
( 3.96143723e-05, 1.35160206e-05)
( 4.18607303e-05, 1.43028313e-05)
( 4.40205894e-05, 1.50621937e-05)
( 4.60897087e-05, 1.57927347e-05)
( 4.80640300e-05, 1.64931383e-05)
( 4.99396854e-05, 1.71621482e-05)
( 5.17130052e-05, 1.77985703e-05)
( 5.33805249e-05, 1.84012748e-05)
( 5.49389925e-05, 1.89691984e-05)
( 5.63853746e-05, 1.95013462e-05)
( 5.77168626e-05, 1.99967939e-05)
( 5.89308778e-05, 2.04546892e-05)
( 6.00250772e-05, 2.08742535e-05)
( 6.09973575e-05, 2.12547833e-05)
( 6.18458593e-05, 2.15956516e-05)
( 6.25689713e-05, 2.18963092e-05)
( 6.31653327e-05, 2.21562851e-05)
( 6.36338363e-05, 2.23751880e-05)
( 6.39736306e-05, 2.25527064e-05)
( 6.41841212e-05, 2.26886095e-05)
( 6.42649724e-05, 2.27827476e-05)
( 6.42161072e-05, 2.28350518e-05)
( 6.40377078e-05, 2.28455345e-05)
( 6.37302149e-05, 2.28142890e-05)
( 6.32943272e-05, 2.27414894e-05)
( 6.27309993e-05, 2.26273899e-05)
( 6.20414403e-05, 2.24723243e-05)
( 6.12271111e-05, 2.22767054e-05)
( 6.02897212e-05, 2.20410235e-05)
( 5.92312255e-05, 2.17658461e-05)
( 5.80538205e-05, 2.14518161e-05)
( 5.67599393e-05, 2.10996502e-05)
( 5.53522471e-05, 2.07101382e-05)
( 5.38336360e-05, 2.02841404e-05)
( 5.22072184e-05, 1.98225863e-05)
( 5.04763217e-05, 1.93264725e-05)
( 4.86444808e-05, 1.87968606e-05)
( 4.67154315e-05, 1.82348749e-05)
( 4.46931028e-05, 1.76417000e-05)
( 4.25816090e-05, 1.70185786e-05)
( 4.03852415e-05, 1.63668087e-05)
( 3.81084600e-05, 1.56877408e-05)
( 3.57558841e-05, 1.49827753e-05)
( 3.33322833e-05, 1.42533596e-05)
( 3.08425680e-05, 1.35009849e-05)
( 2.82917794e-05, 1.27271834e-05)
( 2.56850796e-05, 1.19335249e-05)
( 2.30277410e-05, 1.11216138e-05)
( 2.03251361e-05, 1.02930856e-05)
( 1.75827264e-05, 9.44960377e-06)
( 1.48060519e-05, 8.59285607e-06)
( 1.20007194e-05, 7.72455138e-06)
( 9.17239205e-06, 6.84641607e-06)
( 6.32677752e-06, 5.96019053e-06)
( 3.46961679e-06, 5.06762563e-06)
( 6.06672657e-07, 4.17047917e-06)
(-2.25628177e-06, 3.27051231e-06)
(-5.11347455e-06, 2.36948606e-06)
(-7.95914646e-06, 1.46915766e-06)
(-1.07875625e-05, 5.71277122e-07)
(-1.35930231e-05,-3.22416363e-07)
(-1.63698760e-05,-1.21019785e-06)
(-1.91125269e-05,-2.09036011e-06)
(-2.18154510e-05,-2.96121704e-06)
(-2.44732038e-05,-3.82110702e-06)
(-2.70804321e-05,-4.66839619e-06)
(-2.96318845e-05,-5.50148170e-06)
(-3.21224220e-05,-6.31879488e-06)
(-3.45470282e-05,-7.11880432e-06)
(-3.69008189e-05,-7.90001885e-06)
(-3.91790526e-05,-8.66099048e-06)
(-4.13771391e-05,-9.40031721e-06)
(-4.34906492e-05,-1.01166457e-05)
(-4.55153231e-05,-1.08086741e-05)
(-4.74470793e-05,-1.14751540e-05)
(-4.92820222e-05,-1.21148936e-05)
(-5.10164503e-05,-1.27267593e-05)
(-5.26468631e-05,-1.33096780e-05)
(-5.41699685e-05,-1.38626395e-05)
(-5.55826892e-05,-1.43846977e-05)
(-5.68821683e-05,-1.48749727e-05)
(-5.80657759e-05,-1.53326527e-05)
(-5.91311135e-05,-1.57569946e-05)
(-6.00760192e-05,-1.61473262e-05)
(-6.08985718e-05,-1.65030466e-05)
(-6.15970946e-05,-1.68236279e-05)
(-6.21701589e-05,-1.71086152e-05)
(-6.26165866e-05,-1.73576281e-05)
(-6.29354528e-05,-1.75703607e-05)
(-6.31260874e-05,-1.77465822e-05)
(-6.31880764e-05,-1.78861372e-05)
(-6.31212629e-05,-1.79889453e-05)
(-6.29257475e-05,-1.80550015e-05)
(-6.26018876e-05,-1.80843759e-05)
(-6.21502974e-05,-1.80772128e-05)
(-6.15718460e-05,-1.80337307e-05)
(-6.08676562e-05,-1.79542215e-05)
(-6.00391020e-05,-1.78390491e-05)
(-5.90878059e-05,-1.76886493e-05)
(-5.80156359e-05,-1.75035276e-05)
(-5.68247015e-05,-1.72842587e-05)
(-5.55173498e-05,-1.70314848e-05)
(-5.40961606e-05,-1.67459139e-05)
(-5.25639417e-05,-1.64283182e-05)
(-5.09237229e-05,-1.60795323e-05)
(-4.91787502e-05,-1.57004510e-05)
(-4.73324797e-05,-1.52920276e-05)
(-4.53885700e-05,-1.48552713e-05)
(-4.33508760e-05,-1.43912454e-05)
(-4.12234402e-05,-1.39010642e-05)
(-3.90104858e-05,-1.33858912e-05)
(-3.67164074e-05,-1.28469359e-05)
(-3.43457630e-05,-1.22854515e-05)
(-3.19032647e-05,-1.17027319e-05)
(-2.93937693e-05,-1.11001092e-05)
(-2.68222690e-05,-1.04789503e-05)
(-2.41938816e-05,-9.84065421e-06)
(-2.15138398e-05,-9.18664896e-06)
(-1.87874817e-05,-8.51838854e-06)
(-1.60202395e-05,-7.83734975e-06)
(-1.32176293e-05,-7.14502900e-06)
(-1.03852402e-05,-6.44293919e-06)
(-7.52872287e-06,-5.73260644e-06)
(-4.65377870e-06,-5.01556686e-06)
(-1.76614855e-06,-4.29336337e-06)
( 1.12839867e-06,-3.56754238e-06)
( 4.02407737e-06,-2.83965062e-06)
( 6.91509667e-06,-2.11123187e-06)
( 9.79567188e-06,-1.38382380e-06)
( 1.26600359e-05,-6.58954736e-07)
( 1.55024506e-05, 6.18594155e-08)
( 1.83172181e-05, 7.77118344e-07)
( 2.10986923e-05, 1.48534035e-06)
( 2.38412895e-05, 2.18506539e-06)
( 2.65395002e-05, 2.87485801e-06)
( 2.91878992e-05, 3.55331022e-06)
( 3.17811569e-05, 4.21904438e-06)
( 3.43140496e-05, 4.87071587e-06)
( 3.67814698e-05, 5.50701581e-06)
( 3.91784365e-05, 6.12667360e-06)
( 4.15001050e-05, 6.72845946e-06)
( 4.37417764e-05, 7.31118678e-06)
( 4.58989072e-05, 7.87371444e-06)
( 4.79671177e-05, 8.41494899e-06)
( 4.99422017e-05, 8.93384673e-06)
( 5.18201338e-05, 9.42941570e-06)
( 5.35970782e-05, 9.90071750e-06)
( 5.52693960e-05, 1.03468691e-05)
( 5.68336525e-05, 1.07670442e-05)
( 5.82866240e-05, 1.11604753e-05)
( 5.96253046e-05, 1.15264542e-05)
( 6.08469117e-05, 1.18643340e-05)
( 6.19488919e-05, 1.21735299e-05)
( 6.29289264e-05, 1.24535201e-05)
( 6.37849351e-05, 1.27038465e-05)
( 6.45150814e-05, 1.29241159e-05)
( 6.51177754e-05, 1.31140000e-05)
( 6.55916779e-05, 1.32732361e-05)
( 6.59357024e-05, 1.34016275e-05)
( 6.61490179e-05, 1.34990433e-05)
( 6.62310505e-05, 1.35654186e-05)
( 6.61814850e-05, 1.36007543e-05)
( 6.60002651e-05, 1.36051171e-05)
( 6.56875942e-05, 1.35786386e-05)
( 6.52439349e-05, 1.35215152e-05)
( 6.46700085e-05, 1.34340072e-05)
( 6.39667936e-05, 1.33164383e-05)
( 6.31355244e-05, 1.31691942e-05)
( 6.21776883e-05, 1.29927219e-05)
( 6.10950235e-05, 1.27875286e-05)
( 5.98895156e-05, 1.25541800e-05)
( 5.85633937e-05, 1.22932994e-05)
( 5.71191267e-05, 1.20055658e-05)
( 5.55594182e-05, 1.16917124e-05)
( 5.38872013e-05, 1.13525252e-05)
( 5.21056336e-05, 1.09888406e-05)
( 5.02180906e-05, 1.06015437e-05)
( 4.82281597e-05, 1.01915666e-05)
( 4.61396329e-05, 9.75988590e-06)
( 4.39564999e-05, 9.30752057e-06)
( 4.16829404e-05, 8.83552990e-06)
( 3.93233159e-05, 8.34501102e-06)
( 3.68821613e-05, 7.83709649e-06)
( 3.43641764e-05, 7.31295187e-06)
( 3.17742167e-05, 6.77377320e-06)
( 2.91172840e-05, 6.22078441e-06)
( 2.63985167e-05, 5.65523471e-06)
( 2.36231800e-05, 5.07839595e-06)
( 2.07966556e-05, 4.49155986e-06)
( 1.79244313e-05, 3.89603541e-06)
( 1.50120904e-05, 3.29314598e-06)
( 1.20653006e-05, 2.68422668e-06)
( 9.08980342e-06, 2.07062146e-06)
( 6.09140276e-06, 1.45368043e-06)
( 3.07595361e-06, 8.34756989e-07)
( 4.93506821e-08, 2.15205090e-07)
(-2.98248306e-06,-4.03623555e-07)
(-6.01360801e-06,-1.02038225e-06)
(-9.03807947e-06,-1.63373202e-06)
(-1.20499593e-05,-2.24234438e-06)
(-1.50433276e-05,-2.84490396e-06)
(-1.80122941e-05,-3.44011120e-06)
(-2.09510100e-05,-4.02668494e-06)
(-2.38536793e-05,-4.60336496e-06)
(-2.67145700e-05,-5.16891455e-06)
(-2.95280257e-05,-5.72212290e-06)
(-3.22884766e-05,-6.26180755e-06)
(-3.49904504e-05,-6.78681666e-06)
(-3.76285831e-05,-7.29603135e-06)
(-4.01976298e-05,-7.78836781e-06)
(-4.26924748e-05,-8.26277948e-06)
(-4.51081420e-05,-8.71825903e-06)
(-4.74398044e-05,-9.15384036e-06)
(-4.96827941e-05,-9.56860039e-06)
(-5.18326113e-05,-9.96166092e-06)
(-5.38849335e-05,-1.03321902e-05)
(-5.58356237e-05,-1.06794046e-05)
(-5.76807392e-05,-1.10025702e-05)
(-5.94165394e-05,-1.13010036e-05)
(-6.10394927e-05,-1.15740742e-05)
(-6.25462847e-05,-1.18212043e-05)
(-6.39338238e-05,-1.20418709e-05)
(-6.51992485e-05,-1.22356063e-05)
(-6.63399321e-05,-1.24019992e-05)
(-6.73534893e-05,-1.25406951e-05)
(-6.82377801e-05,-1.26513971e-05)
(-6.89909148e-05,-1.27338664e-05)
(-6.96112578e-05,-1.27879228e-05)
(-7.00974310e-05,-1.28134447e-05)
(-7.04483168e-05,-1.28103695e-05)
(-7.06630607e-05,-1.27786934e-05)
(-7.07410730e-05,-1.27184715e-05)
(-7.06820303e-05,-1.26298179e-05)
(-7.04858767e-05,-1.25129046e-05)
(-7.01528236e-05,-1.23679620e-05)
(-6.96833501e-05,-1.21952777e-05)
(-6.90782022e-05,-1.19951962e-05)
(-6.83383913e-05,-1.17681181e-05)
(-6.74651931e-05,-1.15144992e-05)
(-6.64601448e-05,-1.12348496e-05)
(-6.53250426e-05,-1.09297326e-05)
(-6.40619386e-05,-1.05997637e-05)
(-6.26731367e-05,-1.02456090e-05)
(-6.11611886e-05,-9.86798419e-06)
(-5.95288893e-05,-9.46765294e-06)
(-5.77792711e-05,-9.04542543e-06)
(-5.59155987e-05,-8.60215667e-06)
(-5.39413628e-05,-8.13874485e-06)
(-5.18602733e-05,-7.65612952e-06)
(-4.96762524e-05,-7.15528973e-06)
(-4.73934272e-05,-6.63724210e-06)
(-4.50161219e-05,-6.10303880e-06)
(-4.25488491e-05,-5.55376552e-06)
(-3.99963019e-05,-4.99053924e-06)
(-3.73633440e-05,-4.41450614e-06)
(-3.46550010e-05,-3.82683929e-06)
(-3.18764508e-05,-3.22873636e-06)
(-2.90330128e-05,-2.62141727e-06)
(-2.61301387e-05,-2.00612182e-06)
(-2.31734009e-05,-1.38410726e-06)
(-2.01684828e-05,-7.56645812e-07)
(-1.71211667e-05,-1.25022212e-07)
(-1.40373232e-05, 5.09468809e-07)
(-1.09229000e-05, 1.14552507e-06)
(-7.78390942e-06, 1.78183946e-06)
(-4.62641771e-06, 2.41710249e-06)
(-1.45653254e-06, 3.05000488e-06)
( 1.71960867e-06, 3.67924010e-06)
( 4.89585078e-06, 4.30350690e-06)
( 8.06603297e-06, 4.92151190e-06)
( 1.12240008e-05, 5.53197210e-06)
( 1.43636184e-05, 6.13361739e-06)
( 1.74787802e-05, 6.72519305e-06)
( 2.05634233e-05, 7.30546223e-06)
( 2.36115391e-05, 7.87320834e-06)
( 2.66171851e-05, 8.42723750e-06)
( 2.95744971e-05, 8.96638085e-06)
( 3.24777001e-05, 9.48949689e-06)
( 3.53211199e-05, 9.99547374e-06)
( 3.80991947e-05, 1.04832313e-05)
( 4.08064855e-05, 1.09517236e-05)
( 4.34376873e-05, 1.13999405e-05)
( 4.59876394e-05, 1.18269102e-05)
( 4.84513356e-05, 1.22317006e-05)
( 5.08239343e-05, 1.26134220e-05)
( 5.31007680e-05, 1.29712280e-05)
( 5.52773527e-05, 1.33043180e-05)
( 5.73493966e-05, 1.36119382e-05)
( 5.93128088e-05, 1.38933838e-05)
( 6.11637076e-05, 1.41479998e-05)
( 6.28984280e-05, 1.43751830e-05)
( 6.45135293e-05, 1.45743827e-05)
( 6.60058017e-05, 1.47451024e-05)
( 6.73722730e-05, 1.48869006e-05)
( 6.86102145e-05, 1.49993917e-05)
( 6.97171464e-05, 1.50822472e-05)
( 7.06908432e-05, 1.51351962e-05)
( 7.15293376e-05, 1.51580261e-05)
( 7.22309252e-05, 1.51505833e-05)
( 7.27941674e-05, 1.51127733e-05)
( 7.32178948e-05, 1.50445615e-05)
( 7.35012095e-05, 1.49459732e-05)
( 7.36434869e-05, 1.48170934e-05)
( 7.36443771e-05, 1.46580674e-05)
( 7.35038061e-05, 1.44691001e-05)
( 7.32219755e-05, 1.42504560e-05)
( 7.27993626e-05, 1.40024591e-05)
( 7.22367196e-05, 1.37254920e-05)
( 7.15350721e-05, 1.34199953e-05)
( 7.06957172e-05, 1.30864674e-05)
( 6.97202212e-05, 1.27254632e-05)
( 6.86104166e-05, 1.23375935e-05)
( 6.73683987e-05, 1.19235235e-05)
( 6.59965212e-05, 1.14839724e-05)
( 6.44973922e-05, 1.10197115e-05)
( 6.28738687e-05, 1.05315630e-05)
( 6.11290514e-05, 1.00203989e-05)
( 5.92662787e-05, 9.48713880e-06)
( 5.72891199e-05, 8.93274895e-06)
( 5.52013684e-05, 8.35824001e-06)
( 5.30070345e-05, 7.76466537e-06)
( 5.07103375e-05, 7.15311923e-06)
( 4.83156972e-05, 6.52473459e-06)
( 4.58277256e-05, 5.88068111e-06)
( 4.32512176e-05, 5.22216296e-06)
( 4.05911420e-05, 4.55041659e-06)
( 3.78526312e-05, 3.86670835e-06)
( 3.50409717e-05, 3.17233218e-06)
( 3.21615934e-05, 2.46860709e-06)
( 2.92200592e-05, 1.75687470e-06)
( 2.62220537e-05, 1.03849667e-06)
( 2.31733725e-05, 3.14852083e-07)
( 2.00799104e-05,-4.12665213e-07)
( 1.69476503e-05,-1.14264927e-06)
( 1.37826507e-05,-1.87368477e-06)
( 1.05910348e-05,-2.60434981e-06)
( 7.37897767e-06,-3.33321860e-06)
( 4.15269432e-06,-4.05886434e-06)
( 9.18427685e-07,-4.77986197e-06)
(-2.31756384e-06,-5.49479099e-06)
(-5.54901861e-06,-6.20223827e-06)
(-8.76968410e-06,-6.90080087e-06)
(-1.19733291e-05,-7.58908880e-06)
(-1.51537561e-05,-8.26572786e-06)
(-1.83048133e-05,-8.92936234e-06)
(-2.14204067e-05,-9.57865777e-06)
(-2.44945124e-05,-1.02123036e-05)
(-2.75211877e-05,-1.08290160e-05)
(-3.04945838e-05,-1.14275403e-05)
(-3.34089561e-05,-1.20066534e-05)
(-3.62586765e-05,-1.25651670e-05)
(-3.90382437e-05,-1.31019290e-05)
(-4.17422944e-05,-1.36158269e-05)
(-4.43656136e-05,-1.41057895e-05)
(-4.69031449e-05,-1.45707891e-05)
(-4.93500004e-05,-1.50098444e-05)
(-5.17014699e-05,-1.54220215e-05)
(-5.39530308e-05,-1.58064368e-05)
(-5.61003561e-05,-1.61622584e-05)
(-5.81393236e-05,-1.64887083e-05)
(-6.00660232e-05,-1.67850634e-05)
(-6.18767651e-05,-1.70506580e-05)
(-6.35680865e-05,-1.72848846e-05)
(-6.51367585e-05,-1.74871955e-05)
(-6.65797926e-05,-1.76571040e-05)
(-6.78944458e-05,-1.77941858e-05)
(-6.90782264e-05,-1.78980796e-05)
(-7.01288988e-05,-1.79684883e-05)
(-7.10444873e-05,-1.80051795e-05)
(-7.18232802e-05,-1.80079865e-05)
(-7.24638330e-05,-1.79768083e-05)
(-7.29649710e-05,-1.79116106e-05)
(-7.33257914e-05,-1.78124253e-05)
(-7.35456650e-05,-1.76793513e-05)
(-7.36242373e-05,-1.75125540e-05)
(-7.35614291e-05,-1.73122653e-05)
(-7.33574360e-05,-1.70787833e-05)
(-7.30127286e-05,-1.68124719e-05)
(-7.25280507e-05,-1.65137599e-05)
(-7.19044182e-05,-1.61831409e-05)
(-7.11431166e-05,-1.58211718e-05)
(-7.02456983e-05,-1.54284723e-05)
(-6.92139795e-05,-1.50057237e-05)
(-6.80500364e-05,-1.45536672e-05)
(-6.67562011e-05,-1.40731034e-05)
(-6.53350564e-05,-1.35648900e-05)
(-6.37894310e-05,-1.30299407e-05)
(-6.21223935e-05,-1.24692232e-05)
(-6.03372466e-05,-1.18837575e-05)
(-5.84375198e-05,-1.12746141e-05)
(-5.64269629e-05,-1.06429114e-05)
(-5.43095381e-05,-9.98981418e-06)
(-5.20894123e-05,-9.31653097e-06)
(-4.97709488e-05,-8.62431178e-06)
(-4.73586983e-05,-7.91444568e-06)
(-4.48573902e-05,-7.18825824e-06)
(-4.22719229e-05,-6.44710893e-06)
(-3.96073543e-05,-5.69238849e-06)
(-3.68688917e-05,-4.92551607e-06)
(-3.40618816e-05,-4.14793655e-06)
(-3.11917986e-05,-3.36111755e-06)
(-2.82642355e-05,-2.56654660e-06)
(-2.52848915e-05,-1.76572812e-06)
(-2.22595612e-05,-9.60180456e-07)
(-1.91941235e-05,-1.51432801e-07)
(-1.60945294e-05, 6.58977826e-07)
(-1.29667913e-05, 1.46950968e-06)
(-9.81697001e-06, 2.27861939e-06)
(-6.65116398e-06, 3.08476502e-06)
(-3.47549672e-06, 3.88640921e-06)
(-2.96105081e-07, 4.68202225e-06)
( 2.88087276e-06, 5.47008516e-06)
( 6.04930924e-06, 6.24909272e-06)
( 9.20309932e-06, 7.01755654e-06)
( 1.23361724e-05, 7.77400802e-06)
( 1.54425039e-05, 8.51700133e-06)
( 1.85161272e-05, 9.24511629e-06)
( 2.15511451e-05, 9.95696124e-06)
( 2.45417410e-05, 1.06511759e-05)
( 2.74821904e-05, 1.13264338e-05)
( 3.03668717e-05, 1.19814456e-05)
( 3.31902771e-05, 1.26149608e-05)
( 3.59470232e-05, 1.32257710e-05)
( 3.86318613e-05, 1.38127119e-05)
( 4.12396872e-05, 1.43746655e-05)
( 4.37655513e-05, 1.49105630e-05)
( 4.62046679e-05, 1.54193860e-05)
( 4.85524240e-05, 1.59001692e-05)
( 5.08043886e-05, 1.63520021e-05)
( 5.29563204e-05, 1.67740307e-05)
( 5.50041763e-05, 1.71654590e-05)
( 5.69441188e-05, 1.75255512e-05)
( 5.87725232e-05, 1.78536322e-05)
( 6.04859845e-05, 1.81490898e-05)
( 6.20813234e-05, 1.84113750e-05)
( 6.35555923e-05, 1.86400037e-05)
( 6.49060809e-05, 1.88345573e-05)
( 6.61303212e-05, 1.89946833e-05)
( 6.72260914e-05, 1.91200963e-05)
( 6.81914206e-05, 1.92105781e-05)
( 6.90245917e-05, 1.92659782e-05)
( 6.97241449e-05, 1.92862140e-05)
( 7.02888799e-05, 1.92712707e-05)
( 7.07178579e-05, 1.92212015e-05)
( 7.10104032e-05, 1.91361268e-05)
( 7.11661040e-05, 1.90162347e-05)
( 7.11848130e-05, 1.88617796e-05)
( 7.10666474e-05, 1.86730820e-05)
( 7.08119882e-05, 1.84505278e-05)
( 7.04214791e-05, 1.81945670e-05)
( 6.98960252e-05, 1.79057130e-05)
( 6.92367904e-05, 1.75845413e-05)
( 6.84451954e-05, 1.72316883e-05)
( 6.75229143e-05, 1.68478494e-05)
( 6.64718712e-05, 1.64337781e-05)
( 6.52942360e-05, 1.59902841e-05)
( 6.39924201e-05, 1.55182314e-05)
( 6.25690713e-05, 1.50185366e-05)
( 6.10270686e-05, 1.44921667e-05)
( 5.93695161e-05, 1.39401374e-05)
( 5.75997370e-05, 1.33635106e-05)
( 5.57212666e-05, 1.27633922e-05)
( 5.37378458e-05, 1.21409300e-05)
( 5.16534131e-05, 1.14973111e-05)
( 4.94720970e-05, 1.08337594e-05)
( 4.71982078e-05, 1.01515333e-05)
( 4.48362291e-05, 9.45192261e-06)
( 4.23908091e-05, 8.73624651e-06)
( 3.98667512e-05, 8.00585043e-06)
( 3.72690048e-05, 7.26210346e-06)
( 3.46026556e-05, 6.50639557e-06)
( 3.18729157e-05, 5.74013478e-06)
( 2.90851131e-05, 4.96474437e-06)
( 2.62446818e-05, 4.18166003e-06)
( 2.33571511e-05, 3.39232699e-06)
( 2.04281347e-05, 2.59819723e-06)
( 1.74633201e-05, 1.80072655e-06)
( 1.44684573e-05, 1.00137182e-06)
( 1.14493481e-05, 2.01588075e-07)
( 8.41183458e-06,-5.97174217e-07)
( 5.36178789e-06,-1.39347197e-06)
( 2.30509715e-06,-2.18587222e-06)
(-7.52342014e-07,-2.97295480e-06)
(-3.80463871e-06,-3.75331505e-06)
(-6.84591811e-06,-4.52556635e-06)
(-9.87033262e-06,-5.28834277e-06)
(-1.28720732e-05,-6.04030147e-06)
(-1.58453801e-05,-6.78012521e-06)
(-1.87845545e-05,-7.50652467e-06)
(-2.16839685e-05,-8.21824074e-06)
(-2.45380766e-05,-8.91404676e-06)
(-2.73414258e-05,-9.59275061e-06)
(-3.00886661e-05,-1.02531968e-05)
(-3.27745605e-05,-1.08942683e-05)
(-3.53939951e-05,-1.15148887e-05)
(-3.79419889e-05,-1.21140236e-05)
(-4.04137026e-05,-1.26906826e-05)
(-4.28044484e-05,-1.32439205e-05)
(-4.51096987e-05,-1.37728393e-05)
(-4.73250942e-05,-1.42765891e-05)
(-4.94464527e-05,-1.47543694e-05)
(-5.14697763e-05,-1.52054306e-05)
(-5.33912597e-05,-1.56290747e-05)
(-5.52072965e-05,-1.60246563e-05)
(-5.69144866e-05,-1.63915834e-05)
(-5.85096421e-05,-1.67293183e-05)
(-5.99897933e-05,-1.70373779e-05)
(-6.13521946e-05,-1.73153344e-05)
(-6.25943291e-05,-1.75628157e-05)
(-6.37139136e-05,-1.77795053e-05)
(-6.47089025e-05,-1.79651430e-05)
(-6.55774919e-05,-1.81195246e-05)
(-6.63181225e-05,-1.82425018e-05)
(-6.69294828e-05,-1.83339823e-05)
(-6.74105112e-05,-1.83939292e-05)
(-6.77603980e-05,-1.84223609e-05)
(-6.79785867e-05,-1.84193505e-05)
(-6.80647750e-05,-1.83850253e-05)
(-6.80189152e-05,-1.83195662e-05)
(-6.78412141e-05,-1.82232066e-05)
(-6.75321328e-05,-1.80962320e-05)
(-6.70923849e-05,-1.79389789e-05)
(-6.65229360e-05,-1.77518335e-05)
(-6.58250009e-05,-1.75352313e-05)
(-6.50000417e-05,-1.72896552e-05)
(-6.40497646e-05,-1.70156348e-05)
(-6.29761165e-05,-1.67137446e-05)
(-6.17812815e-05,-1.63846031e-05)
(-6.04676761e-05,-1.60288712e-05)
(-5.90379449e-05,-1.56472506e-05)
(-5.74949553e-05,-1.52404824e-05)
(-5.58417919e-05,-1.48093453e-05)
(-5.40817506e-05,-1.43546543e-05)
(-5.22183319e-05,-1.38772587e-05)
(-5.02552345e-05,-1.33780406e-05)
(-4.81963480e-05,-1.28579130e-05)
(-4.60457452e-05,-1.23178181e-05)
(-4.38076746e-05,-1.17587254e-05)
(-4.14865516e-05,-1.11816300e-05)
(-3.90869507e-05,-1.05875508e-05)
(-3.66135962e-05,-9.97752839e-06)
(-3.40713529e-05,-9.35262324e-06)
(-3.14652173e-05,-8.71391403e-06)
(-2.88003076e-05,-8.06249556e-06)
(-2.60818537e-05,-7.39947693e-06)
(-2.33151873e-05,-6.72597967e-06)
(-2.05057316e-05,-6.04313579e-06)
(-1.76589909e-05,-5.35208601e-06)
(-1.47805396e-05,-4.65397782e-06)
(-1.18760120e-05,-3.94996368e-06)
(-8.95109079e-06,-3.24119916e-06)
(-6.01149661e-06,-2.52884118e-06)
(-3.06297664e-06,-1.81404618e-06)
(-1.11293639e-07,-1.09796840e-06)
( 2.83778528e-06,-3.81758129e-07)
( 5.77849977e-06, 3.33440012e-07)
( 8.70510746e-06, 1.04648871e-06)
( 1.16118951e-05, 1.75625961e-06)
( 1.44931895e-05, 2.46163492e-06)
( 1.73433687e-05, 3.16150899e-06)
( 2.01568730e-05, 3.85478981e-06)
( 2.29282155e-05, 4.54040054e-06)
( 2.56519928e-05, 5.21728093e-06)
( 2.83228957e-05, 5.88438874e-06)
( 3.09357197e-05, 6.54070109e-06)
( 3.34853745e-05, 7.18521583e-06)
( 3.59668948e-05, 7.81695277e-06)
( 3.83754493e-05, 8.43495495e-06)
( 4.07063505e-05, 9.03828981e-06)
( 4.29550639e-05, 9.62605034e-06)
( 4.51172168e-05, 1.01973562e-05)
( 4.71886069e-05, 1.07513548e-05)
( 4.91652107e-05, 1.12872222e-05)
( 5.10431910e-05, 1.18041643e-05)
( 5.28189052e-05, 1.23014173e-05)
( 5.44889119e-05, 1.27782492e-05)
( 5.60499778e-05, 1.32339602e-05)
( 5.74990845e-05, 1.36678837e-05)
( 5.88334341e-05, 1.40793867e-05)
( 6.00504549e-05, 1.44678708e-05)
( 6.11478066e-05, 1.48327731e-05)
( 6.21233851e-05, 1.51735660e-05)
( 6.29753264e-05, 1.54897586e-05)
( 6.37020108e-05, 1.57808967e-05)
( 6.43020658e-05, 1.60465635e-05)
( 6.47743693e-05, 1.62863799e-05)
( 6.51180517e-05, 1.65000052e-05)
( 6.53324976e-05, 1.66871370e-05)
( 6.54173477e-05, 1.68475116e-05)
( 6.53724989e-05, 1.69809048e-05)
( 6.51981052e-05, 1.70871313e-05)
( 6.48945772e-05, 1.71660455e-05)
( 6.44625818e-05, 1.72175415e-05)
( 6.39030404e-05, 1.72415530e-05)
( 6.32171279e-05, 1.72380536e-05)
( 6.24062700e-05, 1.72070567e-05)
( 6.14721406e-05, 1.71486155e-05)
( 6.04166588e-05, 1.70628229e-05)
( 5.92419851e-05, 1.69498116e-05)
( 5.79505173e-05, 1.68097538e-05)
( 5.65448856e-05, 1.66428610e-05)
( 5.50279478e-05, 1.64493838e-05)
( 5.34027836e-05, 1.62296118e-05)
( 5.16726884e-05, 1.59838729e-05)
( 4.98411674e-05, 1.57125336e-05)
( 4.79119279e-05, 1.54159981e-05)
( 4.58888726e-05, 1.50947079e-05)
( 4.37760918e-05, 1.47491417e-05)
( 4.15778550e-05, 1.43798145e-05)
( 3.92986030e-05, 1.39872774e-05)
( 3.69429384e-05, 1.35721167e-05)
( 3.45156169e-05, 1.31349533e-05)
( 3.20215378e-05, 1.26764425e-05)
( 2.94657342e-05, 1.21972724e-05)
( 2.68533626e-05, 1.16981641e-05)
( 2.41896930e-05, 1.11798702e-05)
( 2.14800984e-05, 1.06431742e-05)
( 1.87300436e-05, 1.00888896e-05)
( 1.59450744e-05, 9.51785906e-06)
( 1.31308065e-05, 8.93095308e-06)
( 1.02929143e-05, 8.32906931e-06)
( 7.43711908e-06, 7.71313133e-06)
( 4.56917768e-06, 7.08408751e-06)
( 1.69487088e-06, 6.44290987e-06)
(-1.18000843e-06, 5.79059286e-06)
(-4.04966695e-06, 5.12815209e-06)
(-6.90832278e-06, 4.45662303e-06)
(-9.75021712e-06, 3.77705964e-06)
(-1.25696261e-05, 3.09053302e-06)
(-1.53608722e-05, 2.39812993e-06)
(-1.81183363e-05, 1.70095131e-06)
(-2.08364688e-05, 1.00011077e-06)
(-2.35098009e-05, 2.96733052e-07)
(-2.61329562e-05,-4.08047626e-07)
(-2.87006614e-05,-1.11308917e-06)
(-3.12077573e-05,-1.81724331e-06)
(-3.36492093e-05,-2.51935729e-06)
(-3.60201177e-05,-3.21827563e-06)
(-3.83157282e-05,-3.91284191e-06)
(-4.05314410e-05,-4.60190057e-06)
(-4.26628210e-05,-5.28429871e-06)
(-4.47056066e-05,-5.95888801e-06)
(-4.66557183e-05,-6.62452657e-06)
(-4.85092679e-05,-7.28008082e-06)
(-5.02625657e-05,-7.92442742e-06)
(-5.19121286e-05,-8.55645525e-06)
(-5.34546874e-05,-9.17506726e-06)
(-5.48871933e-05,-9.77918250e-06)
(-5.62068244e-05,-1.03677380e-05)
(-5.74109915e-05,-1.09396909e-05)
(-5.84973438e-05,-1.14940201e-05)
(-5.94637732e-05,-1.20297284e-05)
(-6.03084193e-05,-1.25458445e-05)
(-6.10296728e-05,-1.30414247e-05)
(-6.16261791e-05,-1.35155550e-05)
(-6.20968411e-05,-1.39673528e-05)
(-6.24408215e-05,-1.43959690e-05)
(-6.26575444e-05,-1.48005896e-05)
(-6.27466966e-05,-1.51804373e-05)
(-6.27082283e-05,-1.55347738e-05)
(-6.25423528e-05,-1.58629010e-05)
(-6.22495466e-05,-1.61641628e-05)
(-6.18305480e-05,-1.64379467e-05)
(-6.12863555e-05,-1.66836855e-05)
(-6.06182258e-05,-1.69008583e-05)
(-5.98276712e-05,-1.70889924e-05)
(-5.89164559e-05,-1.72476643e-05)
(-5.78865928e-05,-1.73765012e-05)
(-5.67403389e-05,-1.74751820e-05)
(-5.54801905e-05,-1.75434382e-05)
(-5.41088781e-05,-1.75810554e-05)
(-5.26293601e-05,-1.75878738e-05)
(-5.10448170e-05,-1.75637891e-05)
(-4.93586442e-05,-1.75087533e-05)
(-4.75744451e-05,-1.74227750e-05)
(-4.56960231e-05,-1.73059205e-05)
(-4.37273736e-05,-1.71583133e-05)
(-4.16726755e-05,-1.69801353e-05)
(-3.95362821e-05,-1.67716263e-05)
(-3.73227121e-05,-1.65330841e-05)
(-3.50366397e-05,-1.62648650e-05)
(-3.26828845e-05,-1.59673827e-05)
(-3.02664015e-05,-1.56411085e-05)
(-2.77922702e-05,-1.52865709e-05)
(-2.52656841e-05,-1.49043548e-05)
(-2.26919392e-05,-1.44951007e-05)
(-2.00764228e-05,-1.40595042e-05)
(-1.74246022e-05,-1.35983146e-05)
(-1.47420127e-05,-1.31123341e-05)
(-1.20342459e-05,-1.26024166e-05)
(-9.30693789e-06,-1.20694660e-05)
(-6.56575685e-06,-1.15144353e-05)
(-3.81639134e-06,-1.09383243e-05)
(-1.06453791e-06,-1.03421783e-05)
( 1.68411094e-06,-9.72708642e-06)
( 4.42387894e-06,-9.09417904e-06)
( 7.14911814e-06,-8.44462630e-06)
( 9.85422089e-06,-7.77963561e-06)
( 1.25336318e-05,-7.10044946e-06)
( 1.51818596e-05,-6.40834300e-06)
( 1.77934885e-05,-5.70462152e-06)
( 2.03631901e-05,-4.99061791e-06)
( 2.28857344e-05,-4.26768997e-06)
( 2.53560007e-05,-3.53721763e-06)
( 2.77689888e-05,-2.80060014e-06)
( 3.01198292e-05,-2.05925313e-06)
( 3.24037931e-05,-1.31460570e-06)
( 3.46163032e-05,-5.68097342e-07)
( 3.67529419e-05, 1.78825144e-07)
( 3.88094619e-05, 9.24710735e-07)
( 4.07817938e-05, 1.66810738e-06)
( 4.26660553e-05, 2.40756518e-06)
( 4.44585587e-05, 3.14163959e-06)
( 4.61558186e-05, 3.86889465e-06)
( 4.77545590e-05, 4.58790623e-06)
( 4.92517199e-05, 5.29726525e-06)
( 5.06444632e-05, 5.99558087e-06)
( 5.19301784e-05, 6.68148374e-06)
( 5.31064881e-05, 7.35362913e-06)
( 5.41712516e-05, 8.01070008e-06)
( 5.51225700e-05, 8.65141051e-06)
( 5.59587889e-05, 9.27450821e-06)
( 5.66785017e-05, 9.87877786e-06)
( 5.72805519e-05, 1.04630439e-05)
( 5.77640349e-05, 1.10261734e-05)
( 5.81282991e-05, 1.15670788e-05)
( 5.83729469e-05, 1.20847205e-05)
( 5.84978345e-05, 1.25781095e-05)
( 5.85030716e-05, 1.30463097e-05)
( 5.83890204e-05, 1.34884402e-05)
( 5.81562939e-05, 1.39036780e-05)
( 5.78057537e-05, 1.42912592e-05)
( 5.73385077e-05, 1.46504817e-05)
( 5.67559064e-05, 1.49807064e-05)
( 5.60595393e-05, 1.52813593e-05)
( 5.52512309e-05, 1.55519327e-05)
( 5.43330353e-05, 1.57919865e-05)
( 5.33072313e-05, 1.60011495e-05)
( 5.21763167e-05, 1.61791203e-05)
( 5.09430017e-05, 1.63256681e-05)
( 4.96102021e-05, 1.64406332e-05)
( 4.81810328e-05, 1.65239277e-05)
( 4.66587994e-05, 1.65755355e-05)
( 4.50469906e-05, 1.65955126e-05)
( 4.33492699e-05, 1.65839866e-05)
( 4.15694666e-05, 1.65411570e-05)
( 3.97115667e-05, 1.64672939e-05)
( 3.77797039e-05, 1.63627381e-05)
( 3.57781495e-05, 1.62278997e-05)
( 3.37113024e-05, 1.60632572e-05)
( 3.15836790e-05, 1.58693562e-05)
( 2.93999030e-05, 1.56468080e-05)
( 2.71646941e-05, 1.53962881e-05)
( 2.48828579e-05, 1.51185339e-05)
( 2.25592743e-05, 1.48143434e-05)
( 2.01988869e-05, 1.44845725e-05)
( 1.78066914e-05, 1.41301330e-05)
( 1.53877247e-05, 1.37519898e-05)
( 1.29470535e-05, 1.33511586e-05)
( 1.04897626e-05, 1.29287029e-05)
( 8.02094418e-06, 1.24857313e-05)
( 5.54568636e-06, 1.20233939e-05)
( 3.06906182e-06, 1.15428797e-05)
( 5.96116866e-07, 1.10454131e-05)
(-1.86813956e-06, 1.05322501e-05)
(-4.31874672e-06, 1.00046754e-05)
(-6.75080274e-06, 9.46399832e-06)
(-9.15947508e-06, 8.91154911e-06)
(-1.15400107e-05, 8.34867543e-06)
(-1.38877463e-05, 7.77673832e-06)
(-1.61981176e-05, 7.19710832e-06)
(-1.84666692e-05, 6.61116158e-06)
(-2.06890636e-05, 6.02027586e-06)
(-2.28610899e-05, 5.42582653e-06)
(-2.49786723e-05, 4.82918263e-06)
(-2.70378781e-05, 4.23170282e-06)
(-2.90349257e-05, 3.63473144e-06)
(-3.09661913e-05, 3.03959454e-06)
(-3.28282164e-05, 2.44759600e-06)
(-3.46177139e-05, 1.86001363e-06)
(-3.63315739e-05, 1.27809541e-06)
(-3.79668696e-05, 7.03055731e-07)
(-3.95208621e-05, 1.36071772e-07)
(-4.09910052e-05,-4.21720049e-07)
(-4.23749489e-05,-9.69227512e-07)
(-4.36705437e-05,-1.50540593e-06)
(-4.48758433e-05,-2.02926132e-06)
(-4.59891069e-05,-2.53985349e-06)
(-4.70088018e-05,-3.03629894e-06)
(-4.79336044e-05,-3.51777359e-06)
(-4.87624015e-05,-3.98351541e-06)
(-4.94942907e-05,-4.43282679e-06)
(-5.01285804e-05,-4.86507682e-06)
(-5.06647891e-05,-5.27970329e-06)
(-5.11026446e-05,-5.67621456e-06)
(-5.14420821e-05,-6.05419117e-06)
(-5.16832424e-05,-6.41328733e-06)
(-5.18264693e-05,-6.75323207e-06)
(-5.18723065e-05,-7.07383030e-06)
(-5.18214941e-05,-7.37496353e-06)
(-5.16749644e-05,-7.65659048e-06)
(-5.14338380e-05,-7.91874736e-06)
(-5.10994184e-05,-8.16154797e-06)
(-5.06731869e-05,-8.38518357e-06)
(-5.01567971e-05,-8.58992251e-06)
(-4.95520685e-05,-8.77610962e-06)
(-4.88609799e-05,-8.94416537e-06)
(-4.80856631e-05,-9.09458486e-06)
(-4.72283951e-05,-9.22793648e-06)
(-4.62915909e-05,-9.34486044e-06)
(-4.52777958e-05,-9.44606705e-06)
(-4.41896767e-05,-9.53233480e-06)
(-4.30300145e-05,-9.60450821e-06)
(-4.18016946e-05,-9.66349555e-06)
(-4.05076987e-05,-9.71026627e-06)
(-3.91510952e-05,-9.74584838e-06)
(-3.77350302e-05,-9.77132555e-06)
(-3.62627179e-05,-9.78783415e-06)
(-3.47374309e-05,-9.79656006e-06)
(-3.31624903e-05,-9.79873543e-06)
(-3.15412559e-05,-9.79563528e-06)
(-2.98771161e-05,-9.78857402e-06)
(-2.81734779e-05,-9.77890193e-06)
(-2.64337562e-05,-9.76800152e-06)
(-2.46613638e-05,-9.75728386e-06)
(-2.28597009e-05,-9.74818498e-06)
(-2.10321445e-05,-9.74216221e-06)
(-1.91820377e-05,-9.74069053e-06)
(-1.73126795e-05,-9.74525911e-06)
(-1.54273136e-05,-9.75736785e-06)
(-1.35291173e-05,-9.77852410e-06)
(-1.16211914e-05,-9.81023960e-06)
(-9.70654805e-06,-9.85402756e-06)
(-7.78809999e-06,-9.91140016e-06)
(-5.86864869e-06,-9.98386628e-06)
(-3.95087252e-06,-1.00729297e-05)
(-2.03731437e-06,-1.01800878e-05)
(-1.30368779e-07,-1.03068307e-05)
( 1.76773147e-06,-1.04546417e-05)
( 3.65492970e-06,-1.06249973e-05)
( 5.52936059e-06,-1.08193698e-05)
( 7.38936674e-06,-1.10392297e-05)
( 9.23351673e-06,-1.12860504e-05)
( 1.10606253e-05,-1.15613140e-05)
( 1.28697757e-05,-1.18665196e-05)
( 1.46603454e-05,-1.22031937e-05)
( 1.64320358e-05,-1.25729035e-05)
( 1.81849060e-05,-1.29772744e-05)
( 1.99194139e-05,-1.34180118e-05)
( 2.16364643e-05,-1.38969278e-05)
( 2.33374676e-05,-1.44159766e-05)
( 2.50244109e-05,-1.49772975e-05)
( 2.66999467e-05,-1.55832704e-05)
( 2.83675031e-05,-1.62365862e-05)
( 3.00314236e-05,-1.69403368e-05)
( 3.16971462e-05,-1.76981326e-05)
( 3.33714353e-05,-1.85142543e-05)
( 3.50626870e-05,-1.93938547e-05)
( 3.67813369e-05,-2.03432289e-05)
( 3.85404121e-05,-2.13701803e-05)
( 4.03562946e-05,-2.24845275e-05)
( 4.22497957e-05,-2.36988186e-05)
( 4.42477052e-05,-2.50293604e-05)
( 4.63850806e-05,-2.64977394e-05)
( 4.87087360e-05,-2.81331400e-05)
( 5.12827444e-05,-2.99759989e-05)
( 5.41974848e-05,-3.20840123e-05)
( 5.75852780e-05,-3.45425141e-05)
( 6.16491179e-05,-3.74835397e-05)
( 6.67197252e-05,-4.11236634e-05)
( 7.33809364e-05,-4.58471155e-05)
( 8.27841005e-05,-5.24140652e-05)
( 9.76793964e-05,-6.26432938e-05)
( 1.24520725e-04,-8.08068899e-05)
( 2.75457789e-04,-1.81008543e-04)
