% L-Bracket Geometry
% N_total=3336, N_horizontal=1668, N_vertical=1668
% Resolution: 100 segments per wavelength
% Format: x(m) y(m)
1.49897823e-04 0.00000000e+00
4.49693468e-04 0.00000000e+00
7.49489113e-04 0.00000000e+00
1.04928476e-03 0.00000000e+00
1.34908040e-03 0.00000000e+00
1.64887605e-03 0.00000000e+00
1.94867169e-03 0.00000000e+00
2.24846734e-03 0.00000000e+00
2.54826298e-03 0.00000000e+00
2.84805863e-03 0.00000000e+00
3.14785427e-03 0.00000000e+00
3.44764992e-03 0.00000000e+00
3.74744556e-03 0.00000000e+00
4.04724121e-03 0.00000000e+00
4.34703685e-03 0.00000000e+00
4.64683250e-03 0.00000000e+00
4.94662814e-03 0.00000000e+00
5.24642379e-03 0.00000000e+00
5.54621943e-03 0.00000000e+00
5.84601508e-03 0.00000000e+00
6.14581072e-03 0.00000000e+00
6.44560637e-03 0.00000000e+00
6.74540201e-03 0.00000000e+00
7.04519766e-03 0.00000000e+00
7.34499330e-03 0.00000000e+00
7.64478895e-03 0.00000000e+00
7.94458459e-03 0.00000000e+00
8.24438024e-03 0.00000000e+00
8.54417588e-03 0.00000000e+00
8.84397153e-03 0.00000000e+00
9.14376717e-03 0.00000000e+00
9.44356282e-03 0.00000000e+00
9.74335846e-03 0.00000000e+00
1.00431541e-02 0.00000000e+00
1.03429498e-02 0.00000000e+00
1.06427454e-02 0.00000000e+00
1.09425410e-02 0.00000000e+00
1.12423367e-02 0.00000000e+00
1.15421323e-02 0.00000000e+00
1.18419280e-02 0.00000000e+00
1.21417236e-02 0.00000000e+00
1.24415193e-02 0.00000000e+00
1.27413149e-02 0.00000000e+00
1.30411106e-02 0.00000000e+00
1.33409062e-02 0.00000000e+00
1.36407018e-02 0.00000000e+00
1.39404975e-02 0.00000000e+00
1.42402931e-02 0.00000000e+00
1.45400888e-02 0.00000000e+00
1.48398844e-02 0.00000000e+00
1.51396801e-02 0.00000000e+00
1.54394757e-02 0.00000000e+00
1.57392714e-02 0.00000000e+00
1.60390670e-02 0.00000000e+00
1.63388627e-02 0.00000000e+00
1.66386583e-02 0.00000000e+00
1.69384539e-02 0.00000000e+00
1.72382496e-02 0.00000000e+00
1.75380452e-02 0.00000000e+00
1.78378409e-02 0.00000000e+00
1.81376365e-02 0.00000000e+00
1.84374322e-02 0.00000000e+00
1.87372278e-02 0.00000000e+00
1.90370235e-02 0.00000000e+00
1.93368191e-02 0.00000000e+00
1.96366147e-02 0.00000000e+00
1.99364104e-02 0.00000000e+00
2.02362060e-02 0.00000000e+00
2.05360017e-02 0.00000000e+00
2.08357973e-02 0.00000000e+00
2.11355930e-02 0.00000000e+00
2.14353886e-02 0.00000000e+00
2.17351843e-02 0.00000000e+00
2.20349799e-02 0.00000000e+00
2.23347756e-02 0.00000000e+00
2.26345712e-02 0.00000000e+00
2.29343668e-02 0.00000000e+00
2.32341625e-02 0.00000000e+00
2.35339581e-02 0.00000000e+00
2.38337538e-02 0.00000000e+00
2.41335494e-02 0.00000000e+00
2.44333451e-02 0.00000000e+00
2.47331407e-02 0.00000000e+00
2.50329364e-02 0.00000000e+00
2.53327320e-02 0.00000000e+00
2.56325276e-02 0.00000000e+00
2.59323233e-02 0.00000000e+00
2.62321189e-02 0.00000000e+00
2.65319146e-02 0.00000000e+00
2.68317102e-02 0.00000000e+00
2.71315059e-02 0.00000000e+00
2.74313015e-02 0.00000000e+00
2.77310972e-02 0.00000000e+00
2.80308928e-02 0.00000000e+00
2.83306885e-02 0.00000000e+00
2.86304841e-02 0.00000000e+00
2.89302797e-02 0.00000000e+00
2.92300754e-02 0.00000000e+00
2.95298710e-02 0.00000000e+00
2.98296667e-02 0.00000000e+00
3.01294623e-02 0.00000000e+00
3.04292580e-02 0.00000000e+00
3.07290536e-02 0.00000000e+00
3.10288493e-02 0.00000000e+00
3.13286449e-02 0.00000000e+00
3.16284405e-02 0.00000000e+00
3.19282362e-02 0.00000000e+00
3.22280318e-02 0.00000000e+00
3.25278275e-02 0.00000000e+00
3.28276231e-02 0.00000000e+00
3.31274188e-02 0.00000000e+00
3.34272144e-02 0.00000000e+00
3.37270101e-02 0.00000000e+00
3.40268057e-02 0.00000000e+00
3.43266014e-02 0.00000000e+00
3.46263970e-02 0.00000000e+00
3.49261926e-02 0.00000000e+00
3.52259883e-02 0.00000000e+00
3.55257839e-02 0.00000000e+00
3.58255796e-02 0.00000000e+00
3.61253752e-02 0.00000000e+00
3.64251709e-02 0.00000000e+00
3.67249665e-02 0.00000000e+00
3.70247622e-02 0.00000000e+00
3.73245578e-02 0.00000000e+00
3.76243535e-02 0.00000000e+00
3.79241491e-02 0.00000000e+00
3.82239447e-02 0.00000000e+00
3.85237404e-02 0.00000000e+00
3.88235360e-02 0.00000000e+00
3.91233317e-02 0.00000000e+00
3.94231273e-02 0.00000000e+00
3.97229230e-02 0.00000000e+00
4.00227186e-02 0.00000000e+00
4.03225143e-02 0.00000000e+00
4.06223099e-02 0.00000000e+00
4.09221055e-02 0.00000000e+00
4.12219012e-02 0.00000000e+00
4.15216968e-02 0.00000000e+00
4.18214925e-02 0.00000000e+00
4.21212881e-02 0.00000000e+00
4.24210838e-02 0.00000000e+00
4.27208794e-02 0.00000000e+00
4.30206751e-02 0.00000000e+00
4.33204707e-02 0.00000000e+00
4.36202664e-02 0.00000000e+00
4.39200620e-02 0.00000000e+00
4.42198576e-02 0.00000000e+00
4.45196533e-02 0.00000000e+00
4.48194489e-02 0.00000000e+00
4.51192446e-02 0.00000000e+00
4.54190402e-02 0.00000000e+00
4.57188359e-02 0.00000000e+00
4.60186315e-02 0.00000000e+00
4.63184272e-02 0.00000000e+00
4.66182228e-02 0.00000000e+00
4.69180184e-02 0.00000000e+00
4.72178141e-02 0.00000000e+00
4.75176097e-02 0.00000000e+00
4.78174054e-02 0.00000000e+00
4.81172010e-02 0.00000000e+00
4.84169967e-02 0.00000000e+00
4.87167923e-02 0.00000000e+00
4.90165880e-02 0.00000000e+00
4.93163836e-02 0.00000000e+00
4.96161793e-02 0.00000000e+00
4.99159749e-02 0.00000000e+00
5.02157705e-02 0.00000000e+00
5.05155662e-02 0.00000000e+00
5.08153618e-02 0.00000000e+00
5.11151575e-02 0.00000000e+00
5.14149531e-02 0.00000000e+00
5.17147488e-02 0.00000000e+00
5.20145444e-02 0.00000000e+00
5.23143401e-02 0.00000000e+00
5.26141357e-02 0.00000000e+00
5.29139313e-02 0.00000000e+00
5.32137270e-02 0.00000000e+00
5.35135226e-02 0.00000000e+00
5.38133183e-02 0.00000000e+00
5.41131139e-02 0.00000000e+00
5.44129096e-02 0.00000000e+00
5.47127052e-02 0.00000000e+00
5.50125009e-02 0.00000000e+00
5.53122965e-02 0.00000000e+00
5.56120922e-02 0.00000000e+00
5.59118878e-02 0.00000000e+00
5.62116834e-02 0.00000000e+00
5.65114791e-02 0.00000000e+00
5.68112747e-02 0.00000000e+00
5.71110704e-02 0.00000000e+00
5.74108660e-02 0.00000000e+00
5.77106617e-02 0.00000000e+00
5.80104573e-02 0.00000000e+00
5.83102530e-02 0.00000000e+00
5.86100486e-02 0.00000000e+00
5.89098442e-02 0.00000000e+00
5.92096399e-02 0.00000000e+00
5.95094355e-02 0.00000000e+00
5.98092312e-02 0.00000000e+00
6.01090268e-02 0.00000000e+00
6.04088225e-02 0.00000000e+00
6.07086181e-02 0.00000000e+00
6.10084138e-02 0.00000000e+00
6.13082094e-02 0.00000000e+00
6.16080051e-02 0.00000000e+00
6.19078007e-02 0.00000000e+00
6.22075963e-02 0.00000000e+00
6.25073920e-02 0.00000000e+00
6.28071876e-02 0.00000000e+00
6.31069833e-02 0.00000000e+00
6.34067789e-02 0.00000000e+00
6.37065746e-02 0.00000000e+00
6.40063702e-02 0.00000000e+00
6.43061659e-02 0.00000000e+00
6.46059615e-02 0.00000000e+00
6.49057571e-02 0.00000000e+00
6.52055528e-02 0.00000000e+00
6.55053484e-02 0.00000000e+00
6.58051441e-02 0.00000000e+00
6.61049397e-02 0.00000000e+00
6.64047354e-02 0.00000000e+00
6.67045310e-02 0.00000000e+00
6.70043267e-02 0.00000000e+00
6.73041223e-02 0.00000000e+00
6.76039180e-02 0.00000000e+00
6.79037136e-02 0.00000000e+00
6.82035092e-02 0.00000000e+00
6.85033049e-02 0.00000000e+00
6.88031005e-02 0.00000000e+00
6.91028962e-02 0.00000000e+00
6.94026918e-02 0.00000000e+00
6.97024875e-02 0.00000000e+00
7.00022831e-02 0.00000000e+00
7.03020788e-02 0.00000000e+00
7.06018744e-02 0.00000000e+00
7.09016700e-02 0.00000000e+00
7.12014657e-02 0.00000000e+00
7.15012613e-02 0.00000000e+00
7.18010570e-02 0.00000000e+00
7.21008526e-02 0.00000000e+00
7.24006483e-02 0.00000000e+00
7.27004439e-02 0.00000000e+00
7.30002396e-02 0.00000000e+00
7.33000352e-02 0.00000000e+00
7.35998309e-02 0.00000000e+00
7.38996265e-02 0.00000000e+00
7.41994221e-02 0.00000000e+00
7.44992178e-02 0.00000000e+00
7.47990134e-02 0.00000000e+00
7.50988091e-02 0.00000000e+00
7.53986047e-02 0.00000000e+00
7.56984004e-02 0.00000000e+00
7.59981960e-02 0.00000000e+00
7.62979917e-02 0.00000000e+00
7.65977873e-02 0.00000000e+00
7.68975829e-02 0.00000000e+00
7.71973786e-02 0.00000000e+00
7.74971742e-02 0.00000000e+00
7.77969699e-02 0.00000000e+00
7.80967655e-02 0.00000000e+00
7.83965612e-02 0.00000000e+00
7.86963568e-02 0.00000000e+00
7.89961525e-02 0.00000000e+00
7.92959481e-02 0.00000000e+00
7.95957438e-02 0.00000000e+00
7.98955394e-02 0.00000000e+00
8.01953350e-02 0.00000000e+00
8.04951307e-02 0.00000000e+00
8.07949263e-02 0.00000000e+00
8.10947220e-02 0.00000000e+00
8.13945176e-02 0.00000000e+00
8.16943133e-02 0.00000000e+00
8.19941089e-02 0.00000000e+00
8.22939046e-02 0.00000000e+00
8.25937002e-02 0.00000000e+00
8.28934958e-02 0.00000000e+00
8.31932915e-02 0.00000000e+00
8.34930871e-02 0.00000000e+00
8.37928828e-02 0.00000000e+00
8.40926784e-02 0.00000000e+00
8.43924741e-02 0.00000000e+00
8.46922697e-02 0.00000000e+00
8.49920654e-02 0.00000000e+00
8.52918610e-02 0.00000000e+00
8.55916567e-02 0.00000000e+00
8.58914523e-02 0.00000000e+00
8.61912479e-02 0.00000000e+00
8.64910436e-02 0.00000000e+00
8.67908392e-02 0.00000000e+00
8.70906349e-02 0.00000000e+00
8.73904305e-02 0.00000000e+00
8.76902262e-02 0.00000000e+00
8.79900218e-02 0.00000000e+00
8.82898175e-02 0.00000000e+00
8.85896131e-02 0.00000000e+00
8.88894087e-02 0.00000000e+00
8.91892044e-02 0.00000000e+00
8.94890000e-02 0.00000000e+00
8.97887957e-02 0.00000000e+00
9.00885913e-02 0.00000000e+00
9.03883870e-02 0.00000000e+00
9.06881826e-02 0.00000000e+00
9.09879783e-02 0.00000000e+00
9.12877739e-02 0.00000000e+00
9.15875696e-02 0.00000000e+00
9.18873652e-02 0.00000000e+00
9.21871608e-02 0.00000000e+00
9.24869565e-02 0.00000000e+00
9.27867521e-02 0.00000000e+00
9.30865478e-02 0.00000000e+00
9.33863434e-02 0.00000000e+00
9.36861391e-02 0.00000000e+00
9.39859347e-02 0.00000000e+00
9.42857304e-02 0.00000000e+00
9.45855260e-02 0.00000000e+00
9.48853216e-02 0.00000000e+00
9.51851173e-02 0.00000000e+00
9.54849129e-02 0.00000000e+00
9.57847086e-02 0.00000000e+00
9.60845042e-02 0.00000000e+00
9.63842999e-02 0.00000000e+00
9.66840955e-02 0.00000000e+00
9.69838912e-02 0.00000000e+00
9.72836868e-02 0.00000000e+00
9.75834825e-02 0.00000000e+00
9.78832781e-02 0.00000000e+00
9.81830737e-02 0.00000000e+00
9.84828694e-02 0.00000000e+00
9.87826650e-02 0.00000000e+00
9.90824607e-02 0.00000000e+00
9.93822563e-02 0.00000000e+00
9.96820520e-02 0.00000000e+00
9.99818476e-02 0.00000000e+00
1.00281643e-01 0.00000000e+00
1.00581439e-01 0.00000000e+00
1.00881235e-01 0.00000000e+00
1.01181030e-01 0.00000000e+00
1.01480826e-01 0.00000000e+00
1.01780621e-01 0.00000000e+00
1.02080417e-01 0.00000000e+00
1.02380213e-01 0.00000000e+00
1.02680008e-01 0.00000000e+00
1.02979804e-01 0.00000000e+00
1.03279600e-01 0.00000000e+00
1.03579395e-01 0.00000000e+00
1.03879191e-01 0.00000000e+00
1.04178987e-01 0.00000000e+00
1.04478782e-01 0.00000000e+00
1.04778578e-01 0.00000000e+00
1.05078374e-01 0.00000000e+00
1.05378169e-01 0.00000000e+00
1.05677965e-01 0.00000000e+00
1.05977761e-01 0.00000000e+00
1.06277556e-01 0.00000000e+00
1.06577352e-01 0.00000000e+00
1.06877147e-01 0.00000000e+00
1.07176943e-01 0.00000000e+00
1.07476739e-01 0.00000000e+00
1.07776534e-01 0.00000000e+00
1.08076330e-01 0.00000000e+00
1.08376126e-01 0.00000000e+00
1.08675921e-01 0.00000000e+00
1.08975717e-01 0.00000000e+00
1.09275513e-01 0.00000000e+00
1.09575308e-01 0.00000000e+00
1.09875104e-01 0.00000000e+00
1.10174900e-01 0.00000000e+00
1.10474695e-01 0.00000000e+00
1.10774491e-01 0.00000000e+00
1.11074286e-01 0.00000000e+00
1.11374082e-01 0.00000000e+00
1.11673878e-01 0.00000000e+00
1.11973673e-01 0.00000000e+00
1.12273469e-01 0.00000000e+00
1.12573265e-01 0.00000000e+00
1.12873060e-01 0.00000000e+00
1.13172856e-01 0.00000000e+00
1.13472652e-01 0.00000000e+00
1.13772447e-01 0.00000000e+00
1.14072243e-01 0.00000000e+00
1.14372039e-01 0.00000000e+00
1.14671834e-01 0.00000000e+00
1.14971630e-01 0.00000000e+00
1.15271426e-01 0.00000000e+00
1.15571221e-01 0.00000000e+00
1.15871017e-01 0.00000000e+00
1.16170812e-01 0.00000000e+00
1.16470608e-01 0.00000000e+00
1.16770404e-01 0.00000000e+00
1.17070199e-01 0.00000000e+00
1.17369995e-01 0.00000000e+00
1.17669791e-01 0.00000000e+00
1.17969586e-01 0.00000000e+00
1.18269382e-01 0.00000000e+00
1.18569178e-01 0.00000000e+00
1.18868973e-01 0.00000000e+00
1.19168769e-01 0.00000000e+00
1.19468565e-01 0.00000000e+00
1.19768360e-01 0.00000000e+00
1.20068156e-01 0.00000000e+00
1.20367951e-01 0.00000000e+00
1.20667747e-01 0.00000000e+00
1.20967543e-01 0.00000000e+00
1.21267338e-01 0.00000000e+00
1.21567134e-01 0.00000000e+00
1.21866930e-01 0.00000000e+00
1.22166725e-01 0.00000000e+00
1.22466521e-01 0.00000000e+00
1.22766317e-01 0.00000000e+00
1.23066112e-01 0.00000000e+00
1.23365908e-01 0.00000000e+00
1.23665704e-01 0.00000000e+00
1.23965499e-01 0.00000000e+00
1.24265295e-01 0.00000000e+00
1.24565091e-01 0.00000000e+00
1.24864886e-01 0.00000000e+00
1.25164682e-01 0.00000000e+00
1.25464477e-01 0.00000000e+00
1.25764273e-01 0.00000000e+00
1.26064069e-01 0.00000000e+00
1.26363864e-01 0.00000000e+00
1.26663660e-01 0.00000000e+00
1.26963456e-01 0.00000000e+00
1.27263251e-01 0.00000000e+00
1.27563047e-01 0.00000000e+00
1.27862843e-01 0.00000000e+00
1.28162638e-01 0.00000000e+00
1.28462434e-01 0.00000000e+00
1.28762230e-01 0.00000000e+00
1.29062025e-01 0.00000000e+00
1.29361821e-01 0.00000000e+00
1.29661616e-01 0.00000000e+00
1.29961412e-01 0.00000000e+00
1.30261208e-01 0.00000000e+00
1.30561003e-01 0.00000000e+00
1.30860799e-01 0.00000000e+00
1.31160595e-01 0.00000000e+00
1.31460390e-01 0.00000000e+00
1.31760186e-01 0.00000000e+00
1.32059982e-01 0.00000000e+00
1.32359777e-01 0.00000000e+00
1.32659573e-01 0.00000000e+00
1.32959369e-01 0.00000000e+00
1.33259164e-01 0.00000000e+00
1.33558960e-01 0.00000000e+00
1.33858756e-01 0.00000000e+00
1.34158551e-01 0.00000000e+00
1.34458347e-01 0.00000000e+00
1.34758142e-01 0.00000000e+00
1.35057938e-01 0.00000000e+00
1.35357734e-01 0.00000000e+00
1.35657529e-01 0.00000000e+00
1.35957325e-01 0.00000000e+00
1.36257121e-01 0.00000000e+00
1.36556916e-01 0.00000000e+00
1.36856712e-01 0.00000000e+00
1.37156508e-01 0.00000000e+00
1.37456303e-01 0.00000000e+00
1.37756099e-01 0.00000000e+00
1.38055895e-01 0.00000000e+00
1.38355690e-01 0.00000000e+00
1.38655486e-01 0.00000000e+00
1.38955281e-01 0.00000000e+00
1.39255077e-01 0.00000000e+00
1.39554873e-01 0.00000000e+00
1.39854668e-01 0.00000000e+00
1.40154464e-01 0.00000000e+00
1.40454260e-01 0.00000000e+00
1.40754055e-01 0.00000000e+00
1.41053851e-01 0.00000000e+00
1.41353647e-01 0.00000000e+00
1.41653442e-01 0.00000000e+00
1.41953238e-01 0.00000000e+00
1.42253034e-01 0.00000000e+00
1.42552829e-01 0.00000000e+00
1.42852625e-01 0.00000000e+00
1.43152420e-01 0.00000000e+00
1.43452216e-01 0.00000000e+00
1.43752012e-01 0.00000000e+00
1.44051807e-01 0.00000000e+00
1.44351603e-01 0.00000000e+00
1.44651399e-01 0.00000000e+00
1.44951194e-01 0.00000000e+00
1.45250990e-01 0.00000000e+00
1.45550786e-01 0.00000000e+00
1.45850581e-01 0.00000000e+00
1.46150377e-01 0.00000000e+00
1.46450173e-01 0.00000000e+00
1.46749968e-01 0.00000000e+00
1.47049764e-01 0.00000000e+00
1.47349560e-01 0.00000000e+00
1.47649355e-01 0.00000000e+00
1.47949151e-01 0.00000000e+00
1.48248946e-01 0.00000000e+00
1.48548742e-01 0.00000000e+00
1.48848538e-01 0.00000000e+00
1.49148333e-01 0.00000000e+00
1.49448129e-01 0.00000000e+00
1.49747925e-01 0.00000000e+00
1.50047720e-01 0.00000000e+00
1.50347516e-01 0.00000000e+00
1.50647312e-01 0.00000000e+00
1.50947107e-01 0.00000000e+00
1.51246903e-01 0.00000000e+00
1.51546699e-01 0.00000000e+00
1.51846494e-01 0.00000000e+00
1.52146290e-01 0.00000000e+00
1.52446085e-01 0.00000000e+00
1.52745881e-01 0.00000000e+00
1.53045677e-01 0.00000000e+00
1.53345472e-01 0.00000000e+00
1.53645268e-01 0.00000000e+00
1.53945064e-01 0.00000000e+00
1.54244859e-01 0.00000000e+00
1.54544655e-01 0.00000000e+00
1.54844451e-01 0.00000000e+00
1.55144246e-01 0.00000000e+00
1.55444042e-01 0.00000000e+00
1.55743838e-01 0.00000000e+00
1.56043633e-01 0.00000000e+00
1.56343429e-01 0.00000000e+00
1.56643225e-01 0.00000000e+00
1.56943020e-01 0.00000000e+00
1.57242816e-01 0.00000000e+00
1.57542611e-01 0.00000000e+00
1.57842407e-01 0.00000000e+00
1.58142203e-01 0.00000000e+00
1.58441998e-01 0.00000000e+00
1.58741794e-01 0.00000000e+00
1.59041590e-01 0.00000000e+00
1.59341385e-01 0.00000000e+00
1.59641181e-01 0.00000000e+00
1.59940977e-01 0.00000000e+00
1.60240772e-01 0.00000000e+00
1.60540568e-01 0.00000000e+00
1.60840364e-01 0.00000000e+00
1.61140159e-01 0.00000000e+00
1.61439955e-01 0.00000000e+00
1.61739750e-01 0.00000000e+00
1.62039546e-01 0.00000000e+00
1.62339342e-01 0.00000000e+00
1.62639137e-01 0.00000000e+00
1.62938933e-01 0.00000000e+00
1.63238729e-01 0.00000000e+00
1.63538524e-01 0.00000000e+00
1.63838320e-01 0.00000000e+00
1.64138116e-01 0.00000000e+00
1.64437911e-01 0.00000000e+00
1.64737707e-01 0.00000000e+00
1.65037503e-01 0.00000000e+00
1.65337298e-01 0.00000000e+00
1.65637094e-01 0.00000000e+00
1.65936890e-01 0.00000000e+00
1.66236685e-01 0.00000000e+00
1.66536481e-01 0.00000000e+00
1.66836276e-01 0.00000000e+00
1.67136072e-01 0.00000000e+00
1.67435868e-01 0.00000000e+00
1.67735663e-01 0.00000000e+00
1.68035459e-01 0.00000000e+00
1.68335255e-01 0.00000000e+00
1.68635050e-01 0.00000000e+00
1.68934846e-01 0.00000000e+00
1.69234642e-01 0.00000000e+00
1.69534437e-01 0.00000000e+00
1.69834233e-01 0.00000000e+00
1.70134029e-01 0.00000000e+00
1.70433824e-01 0.00000000e+00
1.70733620e-01 0.00000000e+00
1.71033415e-01 0.00000000e+00
1.71333211e-01 0.00000000e+00
1.71633007e-01 0.00000000e+00
1.71932802e-01 0.00000000e+00
1.72232598e-01 0.00000000e+00
1.72532394e-01 0.00000000e+00
1.72832189e-01 0.00000000e+00
1.73131985e-01 0.00000000e+00
1.73431781e-01 0.00000000e+00
1.73731576e-01 0.00000000e+00
1.74031372e-01 0.00000000e+00
1.74331168e-01 0.00000000e+00
1.74630963e-01 0.00000000e+00
1.74930759e-01 0.00000000e+00
1.75230555e-01 0.00000000e+00
1.75530350e-01 0.00000000e+00
1.75830146e-01 0.00000000e+00
1.76129941e-01 0.00000000e+00
1.76429737e-01 0.00000000e+00
1.76729533e-01 0.00000000e+00
1.77029328e-01 0.00000000e+00
1.77329124e-01 0.00000000e+00
1.77628920e-01 0.00000000e+00
1.77928715e-01 0.00000000e+00
1.78228511e-01 0.00000000e+00
1.78528307e-01 0.00000000e+00
1.78828102e-01 0.00000000e+00
1.79127898e-01 0.00000000e+00
1.79427694e-01 0.00000000e+00
1.79727489e-01 0.00000000e+00
1.80027285e-01 0.00000000e+00
1.80327080e-01 0.00000000e+00
1.80626876e-01 0.00000000e+00
1.80926672e-01 0.00000000e+00
1.81226467e-01 0.00000000e+00
1.81526263e-01 0.00000000e+00
1.81826059e-01 0.00000000e+00
1.82125854e-01 0.00000000e+00
1.82425650e-01 0.00000000e+00
1.82725446e-01 0.00000000e+00
1.83025241e-01 0.00000000e+00
1.83325037e-01 0.00000000e+00
1.83624833e-01 0.00000000e+00
1.83924628e-01 0.00000000e+00
1.84224424e-01 0.00000000e+00
1.84524220e-01 0.00000000e+00
1.84824015e-01 0.00000000e+00
1.85123811e-01 0.00000000e+00
1.85423606e-01 0.00000000e+00
1.85723402e-01 0.00000000e+00
1.86023198e-01 0.00000000e+00
1.86322993e-01 0.00000000e+00
1.86622789e-01 0.00000000e+00
1.86922585e-01 0.00000000e+00
1.87222380e-01 0.00000000e+00
1.87522176e-01 0.00000000e+00
1.87821972e-01 0.00000000e+00
1.88121767e-01 0.00000000e+00
1.88421563e-01 0.00000000e+00
1.88721359e-01 0.00000000e+00
1.89021154e-01 0.00000000e+00
1.89320950e-01 0.00000000e+00
1.89620745e-01 0.00000000e+00
1.89920541e-01 0.00000000e+00
1.90220337e-01 0.00000000e+00
1.90520132e-01 0.00000000e+00
1.90819928e-01 0.00000000e+00
1.91119724e-01 0.00000000e+00
1.91419519e-01 0.00000000e+00
1.91719315e-01 0.00000000e+00
1.92019111e-01 0.00000000e+00
1.92318906e-01 0.00000000e+00
1.92618702e-01 0.00000000e+00
1.92918498e-01 0.00000000e+00
1.93218293e-01 0.00000000e+00
1.93518089e-01 0.00000000e+00
1.93817885e-01 0.00000000e+00
1.94117680e-01 0.00000000e+00
1.94417476e-01 0.00000000e+00
1.94717271e-01 0.00000000e+00
1.95017067e-01 0.00000000e+00
1.95316863e-01 0.00000000e+00
1.95616658e-01 0.00000000e+00
1.95916454e-01 0.00000000e+00
1.96216250e-01 0.00000000e+00
1.96516045e-01 0.00000000e+00
1.96815841e-01 0.00000000e+00
1.97115637e-01 0.00000000e+00
1.97415432e-01 0.00000000e+00
1.97715228e-01 0.00000000e+00
1.98015024e-01 0.00000000e+00
1.98314819e-01 0.00000000e+00
1.98614615e-01 0.00000000e+00
1.98914410e-01 0.00000000e+00
1.99214206e-01 0.00000000e+00
1.99514002e-01 0.00000000e+00
1.99813797e-01 0.00000000e+00
2.00113593e-01 0.00000000e+00
2.00413389e-01 0.00000000e+00
2.00713184e-01 0.00000000e+00
2.01012980e-01 0.00000000e+00
2.01312776e-01 0.00000000e+00
2.01612571e-01 0.00000000e+00
2.01912367e-01 0.00000000e+00
2.02212163e-01 0.00000000e+00
2.02511958e-01 0.00000000e+00
2.02811754e-01 0.00000000e+00
2.03111550e-01 0.00000000e+00
2.03411345e-01 0.00000000e+00
2.03711141e-01 0.00000000e+00
2.04010936e-01 0.00000000e+00
2.04310732e-01 0.00000000e+00
2.04610528e-01 0.00000000e+00
2.04910323e-01 0.00000000e+00
2.05210119e-01 0.00000000e+00
2.05509915e-01 0.00000000e+00
2.05809710e-01 0.00000000e+00
2.06109506e-01 0.00000000e+00
2.06409302e-01 0.00000000e+00
2.06709097e-01 0.00000000e+00
2.07008893e-01 0.00000000e+00
2.07308689e-01 0.00000000e+00
2.07608484e-01 0.00000000e+00
2.07908280e-01 0.00000000e+00
2.08208075e-01 0.00000000e+00
2.08507871e-01 0.00000000e+00
2.08807667e-01 0.00000000e+00
2.09107462e-01 0.00000000e+00
2.09407258e-01 0.00000000e+00
2.09707054e-01 0.00000000e+00
2.10006849e-01 0.00000000e+00
2.10306645e-01 0.00000000e+00
2.10606441e-01 0.00000000e+00
2.10906236e-01 0.00000000e+00
2.11206032e-01 0.00000000e+00
2.11505828e-01 0.00000000e+00
2.11805623e-01 0.00000000e+00
2.12105419e-01 0.00000000e+00
2.12405214e-01 0.00000000e+00
2.12705010e-01 0.00000000e+00
2.13004806e-01 0.00000000e+00
2.13304601e-01 0.00000000e+00
2.13604397e-01 0.00000000e+00
2.13904193e-01 0.00000000e+00
2.14203988e-01 0.00000000e+00
2.14503784e-01 0.00000000e+00
2.14803580e-01 0.00000000e+00
2.15103375e-01 0.00000000e+00
2.15403171e-01 0.00000000e+00
2.15702967e-01 0.00000000e+00
2.16002762e-01 0.00000000e+00
2.16302558e-01 0.00000000e+00
2.16602354e-01 0.00000000e+00
2.16902149e-01 0.00000000e+00
2.17201945e-01 0.00000000e+00
2.17501740e-01 0.00000000e+00
2.17801536e-01 0.00000000e+00
2.18101332e-01 0.00000000e+00
2.18401127e-01 0.00000000e+00
2.18700923e-01 0.00000000e+00
2.19000719e-01 0.00000000e+00
2.19300514e-01 0.00000000e+00
2.19600310e-01 0.00000000e+00
2.19900106e-01 0.00000000e+00
2.20199901e-01 0.00000000e+00
2.20499697e-01 0.00000000e+00
2.20799493e-01 0.00000000e+00
2.21099288e-01 0.00000000e+00
2.21399084e-01 0.00000000e+00
2.21698879e-01 0.00000000e+00
2.21998675e-01 0.00000000e+00
2.22298471e-01 0.00000000e+00
2.22598266e-01 0.00000000e+00
2.22898062e-01 0.00000000e+00
2.23197858e-01 0.00000000e+00
2.23497653e-01 0.00000000e+00
2.23797449e-01 0.00000000e+00
2.24097245e-01 0.00000000e+00
2.24397040e-01 0.00000000e+00
2.24696836e-01 0.00000000e+00
2.24996632e-01 0.00000000e+00
2.25296427e-01 0.00000000e+00
2.25596223e-01 0.00000000e+00
2.25896019e-01 0.00000000e+00
2.26195814e-01 0.00000000e+00
2.26495610e-01 0.00000000e+00
2.26795405e-01 0.00000000e+00
2.27095201e-01 0.00000000e+00
2.27394997e-01 0.00000000e+00
2.27694792e-01 0.00000000e+00
2.27994588e-01 0.00000000e+00
2.28294384e-01 0.00000000e+00
2.28594179e-01 0.00000000e+00
2.28893975e-01 0.00000000e+00
2.29193771e-01 0.00000000e+00
2.29493566e-01 0.00000000e+00
2.29793362e-01 0.00000000e+00
2.30093158e-01 0.00000000e+00
2.30392953e-01 0.00000000e+00
2.30692749e-01 0.00000000e+00
2.30992544e-01 0.00000000e+00
2.31292340e-01 0.00000000e+00
2.31592136e-01 0.00000000e+00
2.31891931e-01 0.00000000e+00
2.32191727e-01 0.00000000e+00
2.32491523e-01 0.00000000e+00
2.32791318e-01 0.00000000e+00
2.33091114e-01 0.00000000e+00
2.33390910e-01 0.00000000e+00
2.33690705e-01 0.00000000e+00
2.33990501e-01 0.00000000e+00
2.34290297e-01 0.00000000e+00
2.34590092e-01 0.00000000e+00
2.34889888e-01 0.00000000e+00
2.35189684e-01 0.00000000e+00
2.35489479e-01 0.00000000e+00
2.35789275e-01 0.00000000e+00
2.36089070e-01 0.00000000e+00
2.36388866e-01 0.00000000e+00
2.36688662e-01 0.00000000e+00
2.36988457e-01 0.00000000e+00
2.37288253e-01 0.00000000e+00
2.37588049e-01 0.00000000e+00
2.37887844e-01 0.00000000e+00
2.38187640e-01 0.00000000e+00
2.38487436e-01 0.00000000e+00
2.38787231e-01 0.00000000e+00
2.39087027e-01 0.00000000e+00
2.39386823e-01 0.00000000e+00
2.39686618e-01 0.00000000e+00
2.39986414e-01 0.00000000e+00
2.40286209e-01 0.00000000e+00
2.40586005e-01 0.00000000e+00
2.40885801e-01 0.00000000e+00
2.41185596e-01 0.00000000e+00
2.41485392e-01 0.00000000e+00
2.41785188e-01 0.00000000e+00
2.42084983e-01 0.00000000e+00
2.42384779e-01 0.00000000e+00
2.42684575e-01 0.00000000e+00
2.42984370e-01 0.00000000e+00
2.43284166e-01 0.00000000e+00
2.43583962e-01 0.00000000e+00
2.43883757e-01 0.00000000e+00
2.44183553e-01 0.00000000e+00
2.44483349e-01 0.00000000e+00
2.44783144e-01 0.00000000e+00
2.45082940e-01 0.00000000e+00
2.45382735e-01 0.00000000e+00
2.45682531e-01 0.00000000e+00
2.45982327e-01 0.00000000e+00
2.46282122e-01 0.00000000e+00
2.46581918e-01 0.00000000e+00
2.46881714e-01 0.00000000e+00
2.47181509e-01 0.00000000e+00
2.47481305e-01 0.00000000e+00
2.47781101e-01 0.00000000e+00
2.48080896e-01 0.00000000e+00
2.48380692e-01 0.00000000e+00
2.48680488e-01 0.00000000e+00
2.48980283e-01 0.00000000e+00
2.49280079e-01 0.00000000e+00
2.49579874e-01 0.00000000e+00
2.49879670e-01 0.00000000e+00
2.50179466e-01 0.00000000e+00
2.50479261e-01 0.00000000e+00
2.50779057e-01 0.00000000e+00
2.51078853e-01 0.00000000e+00
2.51378648e-01 0.00000000e+00
2.51678444e-01 0.00000000e+00
2.51978240e-01 0.00000000e+00
2.52278035e-01 0.00000000e+00
2.52577831e-01 0.00000000e+00
2.52877627e-01 0.00000000e+00
2.53177422e-01 0.00000000e+00
2.53477218e-01 0.00000000e+00
2.53777014e-01 0.00000000e+00
2.54076809e-01 0.00000000e+00
2.54376605e-01 0.00000000e+00
2.54676400e-01 0.00000000e+00
2.54976196e-01 0.00000000e+00
2.55275992e-01 0.00000000e+00
2.55575787e-01 0.00000000e+00
2.55875583e-01 0.00000000e+00
2.56175379e-01 0.00000000e+00
2.56475174e-01 0.00000000e+00
2.56774970e-01 0.00000000e+00
2.57074766e-01 0.00000000e+00
2.57374561e-01 0.00000000e+00
2.57674357e-01 0.00000000e+00
2.57974153e-01 0.00000000e+00
2.58273948e-01 0.00000000e+00
2.58573744e-01 0.00000000e+00
2.58873539e-01 0.00000000e+00
2.59173335e-01 0.00000000e+00
2.59473131e-01 0.00000000e+00
2.59772926e-01 0.00000000e+00
2.60072722e-01 0.00000000e+00
2.60372518e-01 0.00000000e+00
2.60672313e-01 0.00000000e+00
2.60972109e-01 0.00000000e+00
2.61271905e-01 0.00000000e+00
2.61571700e-01 0.00000000e+00
2.61871496e-01 0.00000000e+00
2.62171292e-01 0.00000000e+00
2.62471087e-01 0.00000000e+00
2.62770883e-01 0.00000000e+00
2.63070679e-01 0.00000000e+00
2.63370474e-01 0.00000000e+00
2.63670270e-01 0.00000000e+00
2.63970065e-01 0.00000000e+00
2.64269861e-01 0.00000000e+00
2.64569657e-01 0.00000000e+00
2.64869452e-01 0.00000000e+00
2.65169248e-01 0.00000000e+00
2.65469044e-01 0.00000000e+00
2.65768839e-01 0.00000000e+00
2.66068635e-01 0.00000000e+00
2.66368431e-01 0.00000000e+00
2.66668226e-01 0.00000000e+00
2.66968022e-01 0.00000000e+00
2.67267818e-01 0.00000000e+00
2.67567613e-01 0.00000000e+00
2.67867409e-01 0.00000000e+00
2.68167204e-01 0.00000000e+00
2.68467000e-01 0.00000000e+00
2.68766796e-01 0.00000000e+00
2.69066591e-01 0.00000000e+00
2.69366387e-01 0.00000000e+00
2.69666183e-01 0.00000000e+00
2.69965978e-01 0.00000000e+00
2.70265774e-01 0.00000000e+00
2.70565570e-01 0.00000000e+00
2.70865365e-01 0.00000000e+00
2.71165161e-01 0.00000000e+00
2.71464957e-01 0.00000000e+00
2.71764752e-01 0.00000000e+00
2.72064548e-01 0.00000000e+00
2.72364344e-01 0.00000000e+00
2.72664139e-01 0.00000000e+00
2.72963935e-01 0.00000000e+00
2.73263730e-01 0.00000000e+00
2.73563526e-01 0.00000000e+00
2.73863322e-01 0.00000000e+00
2.74163117e-01 0.00000000e+00
2.74462913e-01 0.00000000e+00
2.74762709e-01 0.00000000e+00
2.75062504e-01 0.00000000e+00
2.75362300e-01 0.00000000e+00
2.75662096e-01 0.00000000e+00
2.75961891e-01 0.00000000e+00
2.76261687e-01 0.00000000e+00
2.76561483e-01 0.00000000e+00
2.76861278e-01 0.00000000e+00
2.77161074e-01 0.00000000e+00
2.77460869e-01 0.00000000e+00
2.77760665e-01 0.00000000e+00
2.78060461e-01 0.00000000e+00
2.78360256e-01 0.00000000e+00
2.78660052e-01 0.00000000e+00
2.78959848e-01 0.00000000e+00
2.79259643e-01 0.00000000e+00
2.79559439e-01 0.00000000e+00
2.79859235e-01 0.00000000e+00
2.80159030e-01 0.00000000e+00
2.80458826e-01 0.00000000e+00
2.80758622e-01 0.00000000e+00
2.81058417e-01 0.00000000e+00
2.81358213e-01 0.00000000e+00
2.81658008e-01 0.00000000e+00
2.81957804e-01 0.00000000e+00
2.82257600e-01 0.00000000e+00
2.82557395e-01 0.00000000e+00
2.82857191e-01 0.00000000e+00
2.83156987e-01 0.00000000e+00
2.83456782e-01 0.00000000e+00
2.83756578e-01 0.00000000e+00
2.84056374e-01 0.00000000e+00
2.84356169e-01 0.00000000e+00
2.84655965e-01 0.00000000e+00
2.84955761e-01 0.00000000e+00
2.85255556e-01 0.00000000e+00
2.85555352e-01 0.00000000e+00
2.85855148e-01 0.00000000e+00
2.86154943e-01 0.00000000e+00
2.86454739e-01 0.00000000e+00
2.86754534e-01 0.00000000e+00
2.87054330e-01 0.00000000e+00
2.87354126e-01 0.00000000e+00
2.87653921e-01 0.00000000e+00
2.87953717e-01 0.00000000e+00
2.88253513e-01 0.00000000e+00
2.88553308e-01 0.00000000e+00
2.88853104e-01 0.00000000e+00
2.89152900e-01 0.00000000e+00
2.89452695e-01 0.00000000e+00
2.89752491e-01 0.00000000e+00
2.90052287e-01 0.00000000e+00
2.90352082e-01 0.00000000e+00
2.90651878e-01 0.00000000e+00
2.90951673e-01 0.00000000e+00
2.91251469e-01 0.00000000e+00
2.91551265e-01 0.00000000e+00
2.91851060e-01 0.00000000e+00
2.92150856e-01 0.00000000e+00
2.92450652e-01 0.00000000e+00
2.92750447e-01 0.00000000e+00
2.93050243e-01 0.00000000e+00
2.93350039e-01 0.00000000e+00
2.93649834e-01 0.00000000e+00
2.93949630e-01 0.00000000e+00
2.94249426e-01 0.00000000e+00
2.94549221e-01 0.00000000e+00
2.94849017e-01 0.00000000e+00
2.95148813e-01 0.00000000e+00
2.95448608e-01 0.00000000e+00
2.95748404e-01 0.00000000e+00
2.96048199e-01 0.00000000e+00
2.96347995e-01 0.00000000e+00
2.96647791e-01 0.00000000e+00
2.96947586e-01 0.00000000e+00
2.97247382e-01 0.00000000e+00
2.97547178e-01 0.00000000e+00
2.97846973e-01 0.00000000e+00
2.98146769e-01 0.00000000e+00
2.98446565e-01 0.00000000e+00
2.98746360e-01 0.00000000e+00
2.99046156e-01 0.00000000e+00
2.99345952e-01 0.00000000e+00
2.99645747e-01 0.00000000e+00
2.99945543e-01 0.00000000e+00
3.00245338e-01 0.00000000e+00
3.00545134e-01 0.00000000e+00
3.00844930e-01 0.00000000e+00
3.01144725e-01 0.00000000e+00
3.01444521e-01 0.00000000e+00
3.01744317e-01 0.00000000e+00
3.02044112e-01 0.00000000e+00
3.02343908e-01 0.00000000e+00
3.02643704e-01 0.00000000e+00
3.02943499e-01 0.00000000e+00
3.03243295e-01 0.00000000e+00
3.03543091e-01 0.00000000e+00
3.03842886e-01 0.00000000e+00
3.04142682e-01 0.00000000e+00
3.04442478e-01 0.00000000e+00
3.04742273e-01 0.00000000e+00
3.05042069e-01 0.00000000e+00
3.05341864e-01 0.00000000e+00
3.05641660e-01 0.00000000e+00
3.05941456e-01 0.00000000e+00
3.06241251e-01 0.00000000e+00
3.06541047e-01 0.00000000e+00
3.06840843e-01 0.00000000e+00
3.07140638e-01 0.00000000e+00
3.07440434e-01 0.00000000e+00
3.07740230e-01 0.00000000e+00
3.08040025e-01 0.00000000e+00
3.08339821e-01 0.00000000e+00
3.08639617e-01 0.00000000e+00
3.08939412e-01 0.00000000e+00
3.09239208e-01 0.00000000e+00
3.09539003e-01 0.00000000e+00
3.09838799e-01 0.00000000e+00
3.10138595e-01 0.00000000e+00
3.10438390e-01 0.00000000e+00
3.10738186e-01 0.00000000e+00
3.11037982e-01 0.00000000e+00
3.11337777e-01 0.00000000e+00
3.11637573e-01 0.00000000e+00
3.11937369e-01 0.00000000e+00
3.12237164e-01 0.00000000e+00
3.12536960e-01 0.00000000e+00
3.12836756e-01 0.00000000e+00
3.13136551e-01 0.00000000e+00
3.13436347e-01 0.00000000e+00
3.13736143e-01 0.00000000e+00
3.14035938e-01 0.00000000e+00
3.14335734e-01 0.00000000e+00
3.14635529e-01 0.00000000e+00
3.14935325e-01 0.00000000e+00
3.15235121e-01 0.00000000e+00
3.15534916e-01 0.00000000e+00
3.15834712e-01 0.00000000e+00
3.16134508e-01 0.00000000e+00
3.16434303e-01 0.00000000e+00
3.16734099e-01 0.00000000e+00
3.17033895e-01 0.00000000e+00
3.17333690e-01 0.00000000e+00
3.17633486e-01 0.00000000e+00
3.17933282e-01 0.00000000e+00
3.18233077e-01 0.00000000e+00
3.18532873e-01 0.00000000e+00
3.18832668e-01 0.00000000e+00
3.19132464e-01 0.00000000e+00
3.19432260e-01 0.00000000e+00
3.19732055e-01 0.00000000e+00
3.20031851e-01 0.00000000e+00
3.20331647e-01 0.00000000e+00
3.20631442e-01 0.00000000e+00
3.20931238e-01 0.00000000e+00
3.21231034e-01 0.00000000e+00
3.21530829e-01 0.00000000e+00
3.21830625e-01 0.00000000e+00
3.22130421e-01 0.00000000e+00
3.22430216e-01 0.00000000e+00
3.22730012e-01 0.00000000e+00
3.23029808e-01 0.00000000e+00
3.23329603e-01 0.00000000e+00
3.23629399e-01 0.00000000e+00
3.23929194e-01 0.00000000e+00
3.24228990e-01 0.00000000e+00
3.24528786e-01 0.00000000e+00
3.24828581e-01 0.00000000e+00
3.25128377e-01 0.00000000e+00
3.25428173e-01 0.00000000e+00
3.25727968e-01 0.00000000e+00
3.26027764e-01 0.00000000e+00
3.26327560e-01 0.00000000e+00
3.26627355e-01 0.00000000e+00
3.26927151e-01 0.00000000e+00
3.27226947e-01 0.00000000e+00
3.27526742e-01 0.00000000e+00
3.27826538e-01 0.00000000e+00
3.28126333e-01 0.00000000e+00
3.28426129e-01 0.00000000e+00
3.28725925e-01 0.00000000e+00
3.29025720e-01 0.00000000e+00
3.29325516e-01 0.00000000e+00
3.29625312e-01 0.00000000e+00
3.29925107e-01 0.00000000e+00
3.30224903e-01 0.00000000e+00
3.30524699e-01 0.00000000e+00
3.30824494e-01 0.00000000e+00
3.31124290e-01 0.00000000e+00
3.31424086e-01 0.00000000e+00
3.31723881e-01 0.00000000e+00
3.32023677e-01 0.00000000e+00
3.32323473e-01 0.00000000e+00
3.32623268e-01 0.00000000e+00
3.32923064e-01 0.00000000e+00
3.33222859e-01 0.00000000e+00
3.33522655e-01 0.00000000e+00
3.33822451e-01 0.00000000e+00
3.34122246e-01 0.00000000e+00
3.34422042e-01 0.00000000e+00
3.34721838e-01 0.00000000e+00
3.35021633e-01 0.00000000e+00
3.35321429e-01 0.00000000e+00
3.35621225e-01 0.00000000e+00
3.35921020e-01 0.00000000e+00
3.36220816e-01 0.00000000e+00
3.36520612e-01 0.00000000e+00
3.36820407e-01 0.00000000e+00
3.37120203e-01 0.00000000e+00
3.37419998e-01 0.00000000e+00
3.37719794e-01 0.00000000e+00
3.38019590e-01 0.00000000e+00
3.38319385e-01 0.00000000e+00
3.38619181e-01 0.00000000e+00
3.38918977e-01 0.00000000e+00
3.39218772e-01 0.00000000e+00
3.39518568e-01 0.00000000e+00
3.39818364e-01 0.00000000e+00
3.40118159e-01 0.00000000e+00
3.40417955e-01 0.00000000e+00
3.40717751e-01 0.00000000e+00
3.41017546e-01 0.00000000e+00
3.41317342e-01 0.00000000e+00
3.41617138e-01 0.00000000e+00
3.41916933e-01 0.00000000e+00
3.42216729e-01 0.00000000e+00
3.42516524e-01 0.00000000e+00
3.42816320e-01 0.00000000e+00
3.43116116e-01 0.00000000e+00
3.43415911e-01 0.00000000e+00
3.43715707e-01 0.00000000e+00
3.44015503e-01 0.00000000e+00
3.44315298e-01 0.00000000e+00
3.44615094e-01 0.00000000e+00
3.44914890e-01 0.00000000e+00
3.45214685e-01 0.00000000e+00
3.45514481e-01 0.00000000e+00
3.45814277e-01 0.00000000e+00
3.46114072e-01 0.00000000e+00
3.46413868e-01 0.00000000e+00
3.46713663e-01 0.00000000e+00
3.47013459e-01 0.00000000e+00
3.47313255e-01 0.00000000e+00
3.47613050e-01 0.00000000e+00
3.47912846e-01 0.00000000e+00
3.48212642e-01 0.00000000e+00
3.48512437e-01 0.00000000e+00
3.48812233e-01 0.00000000e+00
3.49112029e-01 0.00000000e+00
3.49411824e-01 0.00000000e+00
3.49711620e-01 0.00000000e+00
3.50011416e-01 0.00000000e+00
3.50311211e-01 0.00000000e+00
3.50611007e-01 0.00000000e+00
3.50910802e-01 0.00000000e+00
3.51210598e-01 0.00000000e+00
3.51510394e-01 0.00000000e+00
3.51810189e-01 0.00000000e+00
3.52109985e-01 0.00000000e+00
3.52409781e-01 0.00000000e+00
3.52709576e-01 0.00000000e+00
3.53009372e-01 0.00000000e+00
3.53309168e-01 0.00000000e+00
3.53608963e-01 0.00000000e+00
3.53908759e-01 0.00000000e+00
3.54208555e-01 0.00000000e+00
3.54508350e-01 0.00000000e+00
3.54808146e-01 0.00000000e+00
3.55107942e-01 0.00000000e+00
3.55407737e-01 0.00000000e+00
3.55707533e-01 0.00000000e+00
3.56007328e-01 0.00000000e+00
3.56307124e-01 0.00000000e+00
3.56606920e-01 0.00000000e+00
3.56906715e-01 0.00000000e+00
3.57206511e-01 0.00000000e+00
3.57506307e-01 0.00000000e+00
3.57806102e-01 0.00000000e+00
3.58105898e-01 0.00000000e+00
3.58405694e-01 0.00000000e+00
3.58705489e-01 0.00000000e+00
3.59005285e-01 0.00000000e+00
3.59305081e-01 0.00000000e+00
3.59604876e-01 0.00000000e+00
3.59904672e-01 0.00000000e+00
3.60204467e-01 0.00000000e+00
3.60504263e-01 0.00000000e+00
3.60804059e-01 0.00000000e+00
3.61103854e-01 0.00000000e+00
3.61403650e-01 0.00000000e+00
3.61703446e-01 0.00000000e+00
3.62003241e-01 0.00000000e+00
3.62303037e-01 0.00000000e+00
3.62602833e-01 0.00000000e+00
3.62902628e-01 0.00000000e+00
3.63202424e-01 0.00000000e+00
3.63502220e-01 0.00000000e+00
3.63802015e-01 0.00000000e+00
3.64101811e-01 0.00000000e+00
3.64401607e-01 0.00000000e+00
3.64701402e-01 0.00000000e+00
3.65001198e-01 0.00000000e+00
3.65300993e-01 0.00000000e+00
3.65600789e-01 0.00000000e+00
3.65900585e-01 0.00000000e+00
3.66200380e-01 0.00000000e+00
3.66500176e-01 0.00000000e+00
3.66799972e-01 0.00000000e+00
3.67099767e-01 0.00000000e+00
3.67399563e-01 0.00000000e+00
3.67699359e-01 0.00000000e+00
3.67999154e-01 0.00000000e+00
3.68298950e-01 0.00000000e+00
3.68598746e-01 0.00000000e+00
3.68898541e-01 0.00000000e+00
3.69198337e-01 0.00000000e+00
3.69498132e-01 0.00000000e+00
3.69797928e-01 0.00000000e+00
3.70097724e-01 0.00000000e+00
3.70397519e-01 0.00000000e+00
3.70697315e-01 0.00000000e+00
3.70997111e-01 0.00000000e+00
3.71296906e-01 0.00000000e+00
3.71596702e-01 0.00000000e+00
3.71896498e-01 0.00000000e+00
3.72196293e-01 0.00000000e+00
3.72496089e-01 0.00000000e+00
3.72795885e-01 0.00000000e+00
3.73095680e-01 0.00000000e+00
3.73395476e-01 0.00000000e+00
3.73695272e-01 0.00000000e+00
3.73995067e-01 0.00000000e+00
3.74294863e-01 0.00000000e+00
3.74594658e-01 0.00000000e+00
3.74894454e-01 0.00000000e+00
3.75194250e-01 0.00000000e+00
3.75494045e-01 0.00000000e+00
3.75793841e-01 0.00000000e+00
3.76093637e-01 0.00000000e+00
3.76393432e-01 0.00000000e+00
3.76693228e-01 0.00000000e+00
3.76993024e-01 0.00000000e+00
3.77292819e-01 0.00000000e+00
3.77592615e-01 0.00000000e+00
3.77892411e-01 0.00000000e+00
3.78192206e-01 0.00000000e+00
3.78492002e-01 0.00000000e+00
3.78791797e-01 0.00000000e+00
3.79091593e-01 0.00000000e+00
3.79391389e-01 0.00000000e+00
3.79691184e-01 0.00000000e+00
3.79990980e-01 0.00000000e+00
3.80290776e-01 0.00000000e+00
3.80590571e-01 0.00000000e+00
3.80890367e-01 0.00000000e+00
3.81190163e-01 0.00000000e+00
3.81489958e-01 0.00000000e+00
3.81789754e-01 0.00000000e+00
3.82089550e-01 0.00000000e+00
3.82389345e-01 0.00000000e+00
3.82689141e-01 0.00000000e+00
3.82988937e-01 0.00000000e+00
3.83288732e-01 0.00000000e+00
3.83588528e-01 0.00000000e+00
3.83888323e-01 0.00000000e+00
3.84188119e-01 0.00000000e+00
3.84487915e-01 0.00000000e+00
3.84787710e-01 0.00000000e+00
3.85087506e-01 0.00000000e+00
3.85387302e-01 0.00000000e+00
3.85687097e-01 0.00000000e+00
3.85986893e-01 0.00000000e+00
3.86286689e-01 0.00000000e+00
3.86586484e-01 0.00000000e+00
3.86886280e-01 0.00000000e+00
3.87186076e-01 0.00000000e+00
3.87485871e-01 0.00000000e+00
3.87785667e-01 0.00000000e+00
3.88085462e-01 0.00000000e+00
3.88385258e-01 0.00000000e+00
3.88685054e-01 0.00000000e+00
3.88984849e-01 0.00000000e+00
3.89284645e-01 0.00000000e+00
3.89584441e-01 0.00000000e+00
3.89884236e-01 0.00000000e+00
3.90184032e-01 0.00000000e+00
3.90483828e-01 0.00000000e+00
3.90783623e-01 0.00000000e+00
3.91083419e-01 0.00000000e+00
3.91383215e-01 0.00000000e+00
3.91683010e-01 0.00000000e+00
3.91982806e-01 0.00000000e+00
3.92282602e-01 0.00000000e+00
3.92582397e-01 0.00000000e+00
3.92882193e-01 0.00000000e+00
3.93181988e-01 0.00000000e+00
3.93481784e-01 0.00000000e+00
3.93781580e-01 0.00000000e+00
3.94081375e-01 0.00000000e+00
3.94381171e-01 0.00000000e+00
3.94680967e-01 0.00000000e+00
3.94980762e-01 0.00000000e+00
3.95280558e-01 0.00000000e+00
3.95580354e-01 0.00000000e+00
3.95880149e-01 0.00000000e+00
3.96179945e-01 0.00000000e+00
3.96479741e-01 0.00000000e+00
3.96779536e-01 0.00000000e+00
3.97079332e-01 0.00000000e+00
3.97379127e-01 0.00000000e+00
3.97678923e-01 0.00000000e+00
3.97978719e-01 0.00000000e+00
3.98278514e-01 0.00000000e+00
3.98578310e-01 0.00000000e+00
3.98878106e-01 0.00000000e+00
3.99177901e-01 0.00000000e+00
3.99477697e-01 0.00000000e+00
3.99777493e-01 0.00000000e+00
4.00077288e-01 0.00000000e+00
4.00377084e-01 0.00000000e+00
4.00676880e-01 0.00000000e+00
4.00976675e-01 0.00000000e+00
4.01276471e-01 0.00000000e+00
4.01576267e-01 0.00000000e+00
4.01876062e-01 0.00000000e+00
4.02175858e-01 0.00000000e+00
4.02475653e-01 0.00000000e+00
4.02775449e-01 0.00000000e+00
4.03075245e-01 0.00000000e+00
4.03375040e-01 0.00000000e+00
4.03674836e-01 0.00000000e+00
4.03974632e-01 0.00000000e+00
4.04274427e-01 0.00000000e+00
4.04574223e-01 0.00000000e+00
4.04874019e-01 0.00000000e+00
4.05173814e-01 0.00000000e+00
4.05473610e-01 0.00000000e+00
4.05773406e-01 0.00000000e+00
4.06073201e-01 0.00000000e+00
4.06372997e-01 0.00000000e+00
4.06672792e-01 0.00000000e+00
4.06972588e-01 0.00000000e+00
4.07272384e-01 0.00000000e+00
4.07572179e-01 0.00000000e+00
4.07871975e-01 0.00000000e+00
4.08171771e-01 0.00000000e+00
4.08471566e-01 0.00000000e+00
4.08771362e-01 0.00000000e+00
4.09071158e-01 0.00000000e+00
4.09370953e-01 0.00000000e+00
4.09670749e-01 0.00000000e+00
4.09970545e-01 0.00000000e+00
4.10270340e-01 0.00000000e+00
4.10570136e-01 0.00000000e+00
4.10869932e-01 0.00000000e+00
4.11169727e-01 0.00000000e+00
4.11469523e-01 0.00000000e+00
4.11769318e-01 0.00000000e+00
4.12069114e-01 0.00000000e+00
4.12368910e-01 0.00000000e+00
4.12668705e-01 0.00000000e+00
4.12968501e-01 0.00000000e+00
4.13268297e-01 0.00000000e+00
4.13568092e-01 0.00000000e+00
4.13867888e-01 0.00000000e+00
4.14167684e-01 0.00000000e+00
4.14467479e-01 0.00000000e+00
4.14767275e-01 0.00000000e+00
4.15067071e-01 0.00000000e+00
4.15366866e-01 0.00000000e+00
4.15666662e-01 0.00000000e+00
4.15966457e-01 0.00000000e+00
4.16266253e-01 0.00000000e+00
4.16566049e-01 0.00000000e+00
4.16865844e-01 0.00000000e+00
4.17165640e-01 0.00000000e+00
4.17465436e-01 0.00000000e+00
4.17765231e-01 0.00000000e+00
4.18065027e-01 0.00000000e+00
4.18364823e-01 0.00000000e+00
4.18664618e-01 0.00000000e+00
4.18964414e-01 0.00000000e+00
4.19264210e-01 0.00000000e+00
4.19564005e-01 0.00000000e+00
4.19863801e-01 0.00000000e+00
4.20163596e-01 0.00000000e+00
4.20463392e-01 0.00000000e+00
4.20763188e-01 0.00000000e+00
4.21062983e-01 0.00000000e+00
4.21362779e-01 0.00000000e+00
4.21662575e-01 0.00000000e+00
4.21962370e-01 0.00000000e+00
4.22262166e-01 0.00000000e+00
4.22561962e-01 0.00000000e+00
4.22861757e-01 0.00000000e+00
4.23161553e-01 0.00000000e+00
4.23461349e-01 0.00000000e+00
4.23761144e-01 0.00000000e+00
4.24060940e-01 0.00000000e+00
4.24360736e-01 0.00000000e+00
4.24660531e-01 0.00000000e+00
4.24960327e-01 0.00000000e+00
4.25260122e-01 0.00000000e+00
4.25559918e-01 0.00000000e+00
4.25859714e-01 0.00000000e+00
4.26159509e-01 0.00000000e+00
4.26459305e-01 0.00000000e+00
4.26759101e-01 0.00000000e+00
4.27058896e-01 0.00000000e+00
4.27358692e-01 0.00000000e+00
4.27658488e-01 0.00000000e+00
4.27958283e-01 0.00000000e+00
4.28258079e-01 0.00000000e+00
4.28557875e-01 0.00000000e+00
4.28857670e-01 0.00000000e+00
4.29157466e-01 0.00000000e+00
4.29457261e-01 0.00000000e+00
4.29757057e-01 0.00000000e+00
4.30056853e-01 0.00000000e+00
4.30356648e-01 0.00000000e+00
4.30656444e-01 0.00000000e+00
4.30956240e-01 0.00000000e+00
4.31256035e-01 0.00000000e+00
4.31555831e-01 0.00000000e+00
4.31855627e-01 0.00000000e+00
4.32155422e-01 0.00000000e+00
4.32455218e-01 0.00000000e+00
4.32755014e-01 0.00000000e+00
4.33054809e-01 0.00000000e+00
4.33354605e-01 0.00000000e+00
4.33654401e-01 0.00000000e+00
4.33954196e-01 0.00000000e+00
4.34253992e-01 0.00000000e+00
4.34553787e-01 0.00000000e+00
4.34853583e-01 0.00000000e+00
4.35153379e-01 0.00000000e+00
4.35453174e-01 0.00000000e+00
4.35752970e-01 0.00000000e+00
4.36052766e-01 0.00000000e+00
4.36352561e-01 0.00000000e+00
4.36652357e-01 0.00000000e+00
4.36952153e-01 0.00000000e+00
4.37251948e-01 0.00000000e+00
4.37551744e-01 0.00000000e+00
4.37851540e-01 0.00000000e+00
4.38151335e-01 0.00000000e+00
4.38451131e-01 0.00000000e+00
4.38750926e-01 0.00000000e+00
4.39050722e-01 0.00000000e+00
4.39350518e-01 0.00000000e+00
4.39650313e-01 0.00000000e+00
4.39950109e-01 0.00000000e+00
4.40249905e-01 0.00000000e+00
4.40549700e-01 0.00000000e+00
4.40849496e-01 0.00000000e+00
4.41149292e-01 0.00000000e+00
4.41449087e-01 0.00000000e+00
4.41748883e-01 0.00000000e+00
4.42048679e-01 0.00000000e+00
4.42348474e-01 0.00000000e+00
4.42648270e-01 0.00000000e+00
4.42948066e-01 0.00000000e+00
4.43247861e-01 0.00000000e+00
4.43547657e-01 0.00000000e+00
4.43847452e-01 0.00000000e+00
4.44147248e-01 0.00000000e+00
4.44447044e-01 0.00000000e+00
4.44746839e-01 0.00000000e+00
4.45046635e-01 0.00000000e+00
4.45346431e-01 0.00000000e+00
4.45646226e-01 0.00000000e+00
4.45946022e-01 0.00000000e+00
4.46245818e-01 0.00000000e+00
4.46545613e-01 0.00000000e+00
4.46845409e-01 0.00000000e+00
4.47145205e-01 0.00000000e+00
4.47445000e-01 0.00000000e+00
4.47744796e-01 0.00000000e+00
4.48044591e-01 0.00000000e+00
4.48344387e-01 0.00000000e+00
4.48644183e-01 0.00000000e+00
4.48943978e-01 0.00000000e+00
4.49243774e-01 0.00000000e+00
4.49543570e-01 0.00000000e+00
4.49843365e-01 0.00000000e+00
4.50143161e-01 0.00000000e+00
4.50442957e-01 0.00000000e+00
4.50742752e-01 0.00000000e+00
4.51042548e-01 0.00000000e+00
4.51342344e-01 0.00000000e+00
4.51642139e-01 0.00000000e+00
4.51941935e-01 0.00000000e+00
4.52241731e-01 0.00000000e+00
4.52541526e-01 0.00000000e+00
4.52841322e-01 0.00000000e+00
4.53141117e-01 0.00000000e+00
4.53440913e-01 0.00000000e+00
4.53740709e-01 0.00000000e+00
4.54040504e-01 0.00000000e+00
4.54340300e-01 0.00000000e+00
4.54640096e-01 0.00000000e+00
4.54939891e-01 0.00000000e+00
4.55239687e-01 0.00000000e+00
4.55539483e-01 0.00000000e+00
4.55839278e-01 0.00000000e+00
4.56139074e-01 0.00000000e+00
4.56438870e-01 0.00000000e+00
4.56738665e-01 0.00000000e+00
4.57038461e-01 0.00000000e+00
4.57338256e-01 0.00000000e+00
4.57638052e-01 0.00000000e+00
4.57937848e-01 0.00000000e+00
4.58237643e-01 0.00000000e+00
4.58537439e-01 0.00000000e+00
4.58837235e-01 0.00000000e+00
4.59137030e-01 0.00000000e+00
4.59436826e-01 0.00000000e+00
4.59736622e-01 0.00000000e+00
4.60036417e-01 0.00000000e+00
4.60336213e-01 0.00000000e+00
4.60636009e-01 0.00000000e+00
4.60935804e-01 0.00000000e+00
4.61235600e-01 0.00000000e+00
4.61535396e-01 0.00000000e+00
4.61835191e-01 0.00000000e+00
4.62134987e-01 0.00000000e+00
4.62434782e-01 0.00000000e+00
4.62734578e-01 0.00000000e+00
4.63034374e-01 0.00000000e+00
4.63334169e-01 0.00000000e+00
4.63633965e-01 0.00000000e+00
4.63933761e-01 0.00000000e+00
4.64233556e-01 0.00000000e+00
4.64533352e-01 0.00000000e+00
4.64833148e-01 0.00000000e+00
4.65132943e-01 0.00000000e+00
4.65432739e-01 0.00000000e+00
4.65732535e-01 0.00000000e+00
4.66032330e-01 0.00000000e+00
4.66332126e-01 0.00000000e+00
4.66631921e-01 0.00000000e+00
4.66931717e-01 0.00000000e+00
4.67231513e-01 0.00000000e+00
4.67531308e-01 0.00000000e+00
4.67831104e-01 0.00000000e+00
4.68130900e-01 0.00000000e+00
4.68430695e-01 0.00000000e+00
4.68730491e-01 0.00000000e+00
4.69030287e-01 0.00000000e+00
4.69330082e-01 0.00000000e+00
4.69629878e-01 0.00000000e+00
4.69929674e-01 0.00000000e+00
4.70229469e-01 0.00000000e+00
4.70529265e-01 0.00000000e+00
4.70829061e-01 0.00000000e+00
4.71128856e-01 0.00000000e+00
4.71428652e-01 0.00000000e+00
4.71728447e-01 0.00000000e+00
4.72028243e-01 0.00000000e+00
4.72328039e-01 0.00000000e+00
4.72627834e-01 0.00000000e+00
4.72927630e-01 0.00000000e+00
4.73227426e-01 0.00000000e+00
4.73527221e-01 0.00000000e+00
4.73827017e-01 0.00000000e+00
4.74126813e-01 0.00000000e+00
4.74426608e-01 0.00000000e+00
4.74726404e-01 0.00000000e+00
4.75026200e-01 0.00000000e+00
4.75325995e-01 0.00000000e+00
4.75625791e-01 0.00000000e+00
4.75925586e-01 0.00000000e+00
4.76225382e-01 0.00000000e+00
4.76525178e-01 0.00000000e+00
4.76824973e-01 0.00000000e+00
4.77124769e-01 0.00000000e+00
4.77424565e-01 0.00000000e+00
4.77724360e-01 0.00000000e+00
4.78024156e-01 0.00000000e+00
4.78323952e-01 0.00000000e+00
4.78623747e-01 0.00000000e+00
4.78923543e-01 0.00000000e+00
4.79223339e-01 0.00000000e+00
4.79523134e-01 0.00000000e+00
4.79822930e-01 0.00000000e+00
4.80122726e-01 0.00000000e+00
4.80422521e-01 0.00000000e+00
4.80722317e-01 0.00000000e+00
4.81022112e-01 0.00000000e+00
4.81321908e-01 0.00000000e+00
4.81621704e-01 0.00000000e+00
4.81921499e-01 0.00000000e+00
4.82221295e-01 0.00000000e+00
4.82521091e-01 0.00000000e+00
4.82820886e-01 0.00000000e+00
4.83120682e-01 0.00000000e+00
4.83420478e-01 0.00000000e+00
4.83720273e-01 0.00000000e+00
4.84020069e-01 0.00000000e+00
4.84319865e-01 0.00000000e+00
4.84619660e-01 0.00000000e+00
4.84919456e-01 0.00000000e+00
4.85219251e-01 0.00000000e+00
4.85519047e-01 0.00000000e+00
4.85818843e-01 0.00000000e+00
4.86118638e-01 0.00000000e+00
4.86418434e-01 0.00000000e+00
4.86718230e-01 0.00000000e+00
4.87018025e-01 0.00000000e+00
4.87317821e-01 0.00000000e+00
4.87617617e-01 0.00000000e+00
4.87917412e-01 0.00000000e+00
4.88217208e-01 0.00000000e+00
4.88517004e-01 0.00000000e+00
4.88816799e-01 0.00000000e+00
4.89116595e-01 0.00000000e+00
4.89416390e-01 0.00000000e+00
4.89716186e-01 0.00000000e+00
4.90015982e-01 0.00000000e+00
4.90315777e-01 0.00000000e+00
4.90615573e-01 0.00000000e+00
4.90915369e-01 0.00000000e+00
4.91215164e-01 0.00000000e+00
4.91514960e-01 0.00000000e+00
4.91814756e-01 0.00000000e+00
4.92114551e-01 0.00000000e+00
4.92414347e-01 0.00000000e+00
4.92714143e-01 0.00000000e+00
4.93013938e-01 0.00000000e+00
4.93313734e-01 0.00000000e+00
4.93613530e-01 0.00000000e+00
4.93913325e-01 0.00000000e+00
4.94213121e-01 0.00000000e+00
4.94512916e-01 0.00000000e+00
4.94812712e-01 0.00000000e+00
4.95112508e-01 0.00000000e+00
4.95412303e-01 0.00000000e+00
4.95712099e-01 0.00000000e+00
4.96011895e-01 0.00000000e+00
4.96311690e-01 0.00000000e+00
4.96611486e-01 0.00000000e+00
4.96911282e-01 0.00000000e+00
4.97211077e-01 0.00000000e+00
4.97510873e-01 0.00000000e+00
4.97810669e-01 0.00000000e+00
4.98110464e-01 0.00000000e+00
4.98410260e-01 0.00000000e+00
4.98710055e-01 0.00000000e+00
4.99009851e-01 0.00000000e+00
4.99309647e-01 0.00000000e+00
4.99609442e-01 0.00000000e+00
4.99909238e-01 0.00000000e+00
0.00000000e+00 1.49897823e-04
0.00000000e+00 4.49693468e-04
0.00000000e+00 7.49489113e-04
0.00000000e+00 1.04928476e-03
0.00000000e+00 1.34908040e-03
0.00000000e+00 1.64887605e-03
0.00000000e+00 1.94867169e-03
0.00000000e+00 2.24846734e-03
0.00000000e+00 2.54826298e-03
0.00000000e+00 2.84805863e-03
0.00000000e+00 3.14785427e-03
0.00000000e+00 3.44764992e-03
0.00000000e+00 3.74744556e-03
0.00000000e+00 4.04724121e-03
0.00000000e+00 4.34703685e-03
0.00000000e+00 4.64683250e-03
0.00000000e+00 4.94662814e-03
0.00000000e+00 5.24642379e-03
0.00000000e+00 5.54621943e-03
0.00000000e+00 5.84601508e-03
0.00000000e+00 6.14581072e-03
0.00000000e+00 6.44560637e-03
0.00000000e+00 6.74540201e-03
0.00000000e+00 7.04519766e-03
0.00000000e+00 7.34499330e-03
0.00000000e+00 7.64478895e-03
0.00000000e+00 7.94458459e-03
0.00000000e+00 8.24438024e-03
0.00000000e+00 8.54417588e-03
0.00000000e+00 8.84397153e-03
0.00000000e+00 9.14376717e-03
0.00000000e+00 9.44356282e-03
0.00000000e+00 9.74335846e-03
0.00000000e+00 1.00431541e-02
0.00000000e+00 1.03429498e-02
0.00000000e+00 1.06427454e-02
0.00000000e+00 1.09425410e-02
0.00000000e+00 1.12423367e-02
0.00000000e+00 1.15421323e-02
0.00000000e+00 1.18419280e-02
0.00000000e+00 1.21417236e-02
0.00000000e+00 1.24415193e-02
0.00000000e+00 1.27413149e-02
0.00000000e+00 1.30411106e-02
0.00000000e+00 1.33409062e-02
0.00000000e+00 1.36407018e-02
0.00000000e+00 1.39404975e-02
0.00000000e+00 1.42402931e-02
0.00000000e+00 1.45400888e-02
0.00000000e+00 1.48398844e-02
0.00000000e+00 1.51396801e-02
0.00000000e+00 1.54394757e-02
0.00000000e+00 1.57392714e-02
0.00000000e+00 1.60390670e-02
0.00000000e+00 1.63388627e-02
0.00000000e+00 1.66386583e-02
0.00000000e+00 1.69384539e-02
0.00000000e+00 1.72382496e-02
0.00000000e+00 1.75380452e-02
0.00000000e+00 1.78378409e-02
0.00000000e+00 1.81376365e-02
0.00000000e+00 1.84374322e-02
0.00000000e+00 1.87372278e-02
0.00000000e+00 1.90370235e-02
0.00000000e+00 1.93368191e-02
0.00000000e+00 1.96366147e-02
0.00000000e+00 1.99364104e-02
0.00000000e+00 2.02362060e-02
0.00000000e+00 2.05360017e-02
0.00000000e+00 2.08357973e-02
0.00000000e+00 2.11355930e-02
0.00000000e+00 2.14353886e-02
0.00000000e+00 2.17351843e-02
0.00000000e+00 2.20349799e-02
0.00000000e+00 2.23347756e-02
0.00000000e+00 2.26345712e-02
0.00000000e+00 2.29343668e-02
0.00000000e+00 2.32341625e-02
0.00000000e+00 2.35339581e-02
0.00000000e+00 2.38337538e-02
0.00000000e+00 2.41335494e-02
0.00000000e+00 2.44333451e-02
0.00000000e+00 2.47331407e-02
0.00000000e+00 2.50329364e-02
0.00000000e+00 2.53327320e-02
0.00000000e+00 2.56325276e-02
0.00000000e+00 2.59323233e-02
0.00000000e+00 2.62321189e-02
0.00000000e+00 2.65319146e-02
0.00000000e+00 2.68317102e-02
0.00000000e+00 2.71315059e-02
0.00000000e+00 2.74313015e-02
0.00000000e+00 2.77310972e-02
0.00000000e+00 2.80308928e-02
0.00000000e+00 2.83306885e-02
0.00000000e+00 2.86304841e-02
0.00000000e+00 2.89302797e-02
0.00000000e+00 2.92300754e-02
0.00000000e+00 2.95298710e-02
0.00000000e+00 2.98296667e-02
0.00000000e+00 3.01294623e-02
0.00000000e+00 3.04292580e-02
0.00000000e+00 3.07290536e-02
0.00000000e+00 3.10288493e-02
0.00000000e+00 3.13286449e-02
0.00000000e+00 3.16284405e-02
0.00000000e+00 3.19282362e-02
0.00000000e+00 3.22280318e-02
0.00000000e+00 3.25278275e-02
0.00000000e+00 3.28276231e-02
0.00000000e+00 3.31274188e-02
0.00000000e+00 3.34272144e-02
0.00000000e+00 3.37270101e-02
0.00000000e+00 3.40268057e-02
0.00000000e+00 3.43266014e-02
0.00000000e+00 3.46263970e-02
0.00000000e+00 3.49261926e-02
0.00000000e+00 3.52259883e-02
0.00000000e+00 3.55257839e-02
0.00000000e+00 3.58255796e-02
0.00000000e+00 3.61253752e-02
0.00000000e+00 3.64251709e-02
0.00000000e+00 3.67249665e-02
0.00000000e+00 3.70247622e-02
0.00000000e+00 3.73245578e-02
0.00000000e+00 3.76243535e-02
0.00000000e+00 3.79241491e-02
0.00000000e+00 3.82239447e-02
0.00000000e+00 3.85237404e-02
0.00000000e+00 3.88235360e-02
0.00000000e+00 3.91233317e-02
0.00000000e+00 3.94231273e-02
0.00000000e+00 3.97229230e-02
0.00000000e+00 4.00227186e-02
0.00000000e+00 4.03225143e-02
0.00000000e+00 4.06223099e-02
0.00000000e+00 4.09221055e-02
0.00000000e+00 4.12219012e-02
0.00000000e+00 4.15216968e-02
0.00000000e+00 4.18214925e-02
0.00000000e+00 4.21212881e-02
0.00000000e+00 4.24210838e-02
0.00000000e+00 4.27208794e-02
0.00000000e+00 4.30206751e-02
0.00000000e+00 4.33204707e-02
0.00000000e+00 4.36202664e-02
0.00000000e+00 4.39200620e-02
0.00000000e+00 4.42198576e-02
0.00000000e+00 4.45196533e-02
0.00000000e+00 4.48194489e-02
0.00000000e+00 4.51192446e-02
0.00000000e+00 4.54190402e-02
0.00000000e+00 4.57188359e-02
0.00000000e+00 4.60186315e-02
0.00000000e+00 4.63184272e-02
0.00000000e+00 4.66182228e-02
0.00000000e+00 4.69180184e-02
0.00000000e+00 4.72178141e-02
0.00000000e+00 4.75176097e-02
0.00000000e+00 4.78174054e-02
0.00000000e+00 4.81172010e-02
0.00000000e+00 4.84169967e-02
0.00000000e+00 4.87167923e-02
0.00000000e+00 4.90165880e-02
0.00000000e+00 4.93163836e-02
0.00000000e+00 4.96161793e-02
0.00000000e+00 4.99159749e-02
0.00000000e+00 5.02157705e-02
0.00000000e+00 5.05155662e-02
0.00000000e+00 5.08153618e-02
0.00000000e+00 5.11151575e-02
0.00000000e+00 5.14149531e-02
0.00000000e+00 5.17147488e-02
0.00000000e+00 5.20145444e-02
0.00000000e+00 5.23143401e-02
0.00000000e+00 5.26141357e-02
0.00000000e+00 5.29139313e-02
0.00000000e+00 5.32137270e-02
0.00000000e+00 5.35135226e-02
0.00000000e+00 5.38133183e-02
0.00000000e+00 5.41131139e-02
0.00000000e+00 5.44129096e-02
0.00000000e+00 5.47127052e-02
0.00000000e+00 5.50125009e-02
0.00000000e+00 5.53122965e-02
0.00000000e+00 5.56120922e-02
0.00000000e+00 5.59118878e-02
0.00000000e+00 5.62116834e-02
0.00000000e+00 5.65114791e-02
0.00000000e+00 5.68112747e-02
0.00000000e+00 5.71110704e-02
0.00000000e+00 5.74108660e-02
0.00000000e+00 5.77106617e-02
0.00000000e+00 5.80104573e-02
0.00000000e+00 5.83102530e-02
0.00000000e+00 5.86100486e-02
0.00000000e+00 5.89098442e-02
0.00000000e+00 5.92096399e-02
0.00000000e+00 5.95094355e-02
0.00000000e+00 5.98092312e-02
0.00000000e+00 6.01090268e-02
0.00000000e+00 6.04088225e-02
0.00000000e+00 6.07086181e-02
0.00000000e+00 6.10084138e-02
0.00000000e+00 6.13082094e-02
0.00000000e+00 6.16080051e-02
0.00000000e+00 6.19078007e-02
0.00000000e+00 6.22075963e-02
0.00000000e+00 6.25073920e-02
0.00000000e+00 6.28071876e-02
0.00000000e+00 6.31069833e-02
0.00000000e+00 6.34067789e-02
0.00000000e+00 6.37065746e-02
0.00000000e+00 6.40063702e-02
0.00000000e+00 6.43061659e-02
0.00000000e+00 6.46059615e-02
0.00000000e+00 6.49057571e-02
0.00000000e+00 6.52055528e-02
0.00000000e+00 6.55053484e-02
0.00000000e+00 6.58051441e-02
0.00000000e+00 6.61049397e-02
0.00000000e+00 6.64047354e-02
0.00000000e+00 6.67045310e-02
0.00000000e+00 6.70043267e-02
0.00000000e+00 6.73041223e-02
0.00000000e+00 6.76039180e-02
0.00000000e+00 6.79037136e-02
0.00000000e+00 6.82035092e-02
0.00000000e+00 6.85033049e-02
0.00000000e+00 6.88031005e-02
0.00000000e+00 6.91028962e-02
0.00000000e+00 6.94026918e-02
0.00000000e+00 6.97024875e-02
0.00000000e+00 7.00022831e-02
0.00000000e+00 7.03020788e-02
0.00000000e+00 7.06018744e-02
0.00000000e+00 7.09016700e-02
0.00000000e+00 7.12014657e-02
0.00000000e+00 7.15012613e-02
0.00000000e+00 7.18010570e-02
0.00000000e+00 7.21008526e-02
0.00000000e+00 7.24006483e-02
0.00000000e+00 7.27004439e-02
0.00000000e+00 7.30002396e-02
0.00000000e+00 7.33000352e-02
0.00000000e+00 7.35998309e-02
0.00000000e+00 7.38996265e-02
0.00000000e+00 7.41994221e-02
0.00000000e+00 7.44992178e-02
0.00000000e+00 7.47990134e-02
0.00000000e+00 7.50988091e-02
0.00000000e+00 7.53986047e-02
0.00000000e+00 7.56984004e-02
0.00000000e+00 7.59981960e-02
0.00000000e+00 7.62979917e-02
0.00000000e+00 7.65977873e-02
0.00000000e+00 7.68975829e-02
0.00000000e+00 7.71973786e-02
0.00000000e+00 7.74971742e-02
0.00000000e+00 7.77969699e-02
0.00000000e+00 7.80967655e-02
0.00000000e+00 7.83965612e-02
0.00000000e+00 7.86963568e-02
0.00000000e+00 7.89961525e-02
0.00000000e+00 7.92959481e-02
0.00000000e+00 7.95957438e-02
0.00000000e+00 7.98955394e-02
0.00000000e+00 8.01953350e-02
0.00000000e+00 8.04951307e-02
0.00000000e+00 8.07949263e-02
0.00000000e+00 8.10947220e-02
0.00000000e+00 8.13945176e-02
0.00000000e+00 8.16943133e-02
0.00000000e+00 8.19941089e-02
0.00000000e+00 8.22939046e-02
0.00000000e+00 8.25937002e-02
0.00000000e+00 8.28934958e-02
0.00000000e+00 8.31932915e-02
0.00000000e+00 8.34930871e-02
0.00000000e+00 8.37928828e-02
0.00000000e+00 8.40926784e-02
0.00000000e+00 8.43924741e-02
0.00000000e+00 8.46922697e-02
0.00000000e+00 8.49920654e-02
0.00000000e+00 8.52918610e-02
0.00000000e+00 8.55916567e-02
0.00000000e+00 8.58914523e-02
0.00000000e+00 8.61912479e-02
0.00000000e+00 8.64910436e-02
0.00000000e+00 8.67908392e-02
0.00000000e+00 8.70906349e-02
0.00000000e+00 8.73904305e-02
0.00000000e+00 8.76902262e-02
0.00000000e+00 8.79900218e-02
0.00000000e+00 8.82898175e-02
0.00000000e+00 8.85896131e-02
0.00000000e+00 8.88894087e-02
0.00000000e+00 8.91892044e-02
0.00000000e+00 8.94890000e-02
0.00000000e+00 8.97887957e-02
0.00000000e+00 9.00885913e-02
0.00000000e+00 9.03883870e-02
0.00000000e+00 9.06881826e-02
0.00000000e+00 9.09879783e-02
0.00000000e+00 9.12877739e-02
0.00000000e+00 9.15875696e-02
0.00000000e+00 9.18873652e-02
0.00000000e+00 9.21871608e-02
0.00000000e+00 9.24869565e-02
0.00000000e+00 9.27867521e-02
0.00000000e+00 9.30865478e-02
0.00000000e+00 9.33863434e-02
0.00000000e+00 9.36861391e-02
0.00000000e+00 9.39859347e-02
0.00000000e+00 9.42857304e-02
0.00000000e+00 9.45855260e-02
0.00000000e+00 9.48853216e-02
0.00000000e+00 9.51851173e-02
0.00000000e+00 9.54849129e-02
0.00000000e+00 9.57847086e-02
0.00000000e+00 9.60845042e-02
0.00000000e+00 9.63842999e-02
0.00000000e+00 9.66840955e-02
0.00000000e+00 9.69838912e-02
0.00000000e+00 9.72836868e-02
0.00000000e+00 9.75834825e-02
0.00000000e+00 9.78832781e-02
0.00000000e+00 9.81830737e-02
0.00000000e+00 9.84828694e-02
0.00000000e+00 9.87826650e-02
0.00000000e+00 9.90824607e-02
0.00000000e+00 9.93822563e-02
0.00000000e+00 9.96820520e-02
0.00000000e+00 9.99818476e-02
0.00000000e+00 1.00281643e-01
0.00000000e+00 1.00581439e-01
0.00000000e+00 1.00881235e-01
0.00000000e+00 1.01181030e-01
0.00000000e+00 1.01480826e-01
0.00000000e+00 1.01780621e-01
0.00000000e+00 1.02080417e-01
0.00000000e+00 1.02380213e-01
0.00000000e+00 1.02680008e-01
0.00000000e+00 1.02979804e-01
0.00000000e+00 1.03279600e-01
0.00000000e+00 1.03579395e-01
0.00000000e+00 1.03879191e-01
0.00000000e+00 1.04178987e-01
0.00000000e+00 1.04478782e-01
0.00000000e+00 1.04778578e-01
0.00000000e+00 1.05078374e-01
0.00000000e+00 1.05378169e-01
0.00000000e+00 1.05677965e-01
0.00000000e+00 1.05977761e-01
0.00000000e+00 1.06277556e-01
0.00000000e+00 1.06577352e-01
0.00000000e+00 1.06877147e-01
0.00000000e+00 1.07176943e-01
0.00000000e+00 1.07476739e-01
0.00000000e+00 1.07776534e-01
0.00000000e+00 1.08076330e-01
0.00000000e+00 1.08376126e-01
0.00000000e+00 1.08675921e-01
0.00000000e+00 1.08975717e-01
0.00000000e+00 1.09275513e-01
0.00000000e+00 1.09575308e-01
0.00000000e+00 1.09875104e-01
0.00000000e+00 1.10174900e-01
0.00000000e+00 1.10474695e-01
0.00000000e+00 1.10774491e-01
0.00000000e+00 1.11074286e-01
0.00000000e+00 1.11374082e-01
0.00000000e+00 1.11673878e-01
0.00000000e+00 1.11973673e-01
0.00000000e+00 1.12273469e-01
0.00000000e+00 1.12573265e-01
0.00000000e+00 1.12873060e-01
0.00000000e+00 1.13172856e-01
0.00000000e+00 1.13472652e-01
0.00000000e+00 1.13772447e-01
0.00000000e+00 1.14072243e-01
0.00000000e+00 1.14372039e-01
0.00000000e+00 1.14671834e-01
0.00000000e+00 1.14971630e-01
0.00000000e+00 1.15271426e-01
0.00000000e+00 1.15571221e-01
0.00000000e+00 1.15871017e-01
0.00000000e+00 1.16170812e-01
0.00000000e+00 1.16470608e-01
0.00000000e+00 1.16770404e-01
0.00000000e+00 1.17070199e-01
0.00000000e+00 1.17369995e-01
0.00000000e+00 1.17669791e-01
0.00000000e+00 1.17969586e-01
0.00000000e+00 1.18269382e-01
0.00000000e+00 1.18569178e-01
0.00000000e+00 1.18868973e-01
0.00000000e+00 1.19168769e-01
0.00000000e+00 1.19468565e-01
0.00000000e+00 1.19768360e-01
0.00000000e+00 1.20068156e-01
0.00000000e+00 1.20367951e-01
0.00000000e+00 1.20667747e-01
0.00000000e+00 1.20967543e-01
0.00000000e+00 1.21267338e-01
0.00000000e+00 1.21567134e-01
0.00000000e+00 1.21866930e-01
0.00000000e+00 1.22166725e-01
0.00000000e+00 1.22466521e-01
0.00000000e+00 1.22766317e-01
0.00000000e+00 1.23066112e-01
0.00000000e+00 1.23365908e-01
0.00000000e+00 1.23665704e-01
0.00000000e+00 1.23965499e-01
0.00000000e+00 1.24265295e-01
0.00000000e+00 1.24565091e-01
0.00000000e+00 1.24864886e-01
0.00000000e+00 1.25164682e-01
0.00000000e+00 1.25464477e-01
0.00000000e+00 1.25764273e-01
0.00000000e+00 1.26064069e-01
0.00000000e+00 1.26363864e-01
0.00000000e+00 1.26663660e-01
0.00000000e+00 1.26963456e-01
0.00000000e+00 1.27263251e-01
0.00000000e+00 1.27563047e-01
0.00000000e+00 1.27862843e-01
0.00000000e+00 1.28162638e-01
0.00000000e+00 1.28462434e-01
0.00000000e+00 1.28762230e-01
0.00000000e+00 1.29062025e-01
0.00000000e+00 1.29361821e-01
0.00000000e+00 1.29661616e-01
0.00000000e+00 1.29961412e-01
0.00000000e+00 1.30261208e-01
0.00000000e+00 1.30561003e-01
0.00000000e+00 1.30860799e-01
0.00000000e+00 1.31160595e-01
0.00000000e+00 1.31460390e-01
0.00000000e+00 1.31760186e-01
0.00000000e+00 1.32059982e-01
0.00000000e+00 1.32359777e-01
0.00000000e+00 1.32659573e-01
0.00000000e+00 1.32959369e-01
0.00000000e+00 1.33259164e-01
0.00000000e+00 1.33558960e-01
0.00000000e+00 1.33858756e-01
0.00000000e+00 1.34158551e-01
0.00000000e+00 1.34458347e-01
0.00000000e+00 1.34758142e-01
0.00000000e+00 1.35057938e-01
0.00000000e+00 1.35357734e-01
0.00000000e+00 1.35657529e-01
0.00000000e+00 1.35957325e-01
0.00000000e+00 1.36257121e-01
0.00000000e+00 1.36556916e-01
0.00000000e+00 1.36856712e-01
0.00000000e+00 1.37156508e-01
0.00000000e+00 1.37456303e-01
0.00000000e+00 1.37756099e-01
0.00000000e+00 1.38055895e-01
0.00000000e+00 1.38355690e-01
0.00000000e+00 1.38655486e-01
0.00000000e+00 1.38955281e-01
0.00000000e+00 1.39255077e-01
0.00000000e+00 1.39554873e-01
0.00000000e+00 1.39854668e-01
0.00000000e+00 1.40154464e-01
0.00000000e+00 1.40454260e-01
0.00000000e+00 1.40754055e-01
0.00000000e+00 1.41053851e-01
0.00000000e+00 1.41353647e-01
0.00000000e+00 1.41653442e-01
0.00000000e+00 1.41953238e-01
0.00000000e+00 1.42253034e-01
0.00000000e+00 1.42552829e-01
0.00000000e+00 1.42852625e-01
0.00000000e+00 1.43152420e-01
0.00000000e+00 1.43452216e-01
0.00000000e+00 1.43752012e-01
0.00000000e+00 1.44051807e-01
0.00000000e+00 1.44351603e-01
0.00000000e+00 1.44651399e-01
0.00000000e+00 1.44951194e-01
0.00000000e+00 1.45250990e-01
0.00000000e+00 1.45550786e-01
0.00000000e+00 1.45850581e-01
0.00000000e+00 1.46150377e-01
0.00000000e+00 1.46450173e-01
0.00000000e+00 1.46749968e-01
0.00000000e+00 1.47049764e-01
0.00000000e+00 1.47349560e-01
0.00000000e+00 1.47649355e-01
0.00000000e+00 1.47949151e-01
0.00000000e+00 1.48248946e-01
0.00000000e+00 1.48548742e-01
0.00000000e+00 1.48848538e-01
0.00000000e+00 1.49148333e-01
0.00000000e+00 1.49448129e-01
0.00000000e+00 1.49747925e-01
0.00000000e+00 1.50047720e-01
0.00000000e+00 1.50347516e-01
0.00000000e+00 1.50647312e-01
0.00000000e+00 1.50947107e-01
0.00000000e+00 1.51246903e-01
0.00000000e+00 1.51546699e-01
0.00000000e+00 1.51846494e-01
0.00000000e+00 1.52146290e-01
0.00000000e+00 1.52446085e-01
0.00000000e+00 1.52745881e-01
0.00000000e+00 1.53045677e-01
0.00000000e+00 1.53345472e-01
0.00000000e+00 1.53645268e-01
0.00000000e+00 1.53945064e-01
0.00000000e+00 1.54244859e-01
0.00000000e+00 1.54544655e-01
0.00000000e+00 1.54844451e-01
0.00000000e+00 1.55144246e-01
0.00000000e+00 1.55444042e-01
0.00000000e+00 1.55743838e-01
0.00000000e+00 1.56043633e-01
0.00000000e+00 1.56343429e-01
0.00000000e+00 1.56643225e-01
0.00000000e+00 1.56943020e-01
0.00000000e+00 1.57242816e-01
0.00000000e+00 1.57542611e-01
0.00000000e+00 1.57842407e-01
0.00000000e+00 1.58142203e-01
0.00000000e+00 1.58441998e-01
0.00000000e+00 1.58741794e-01
0.00000000e+00 1.59041590e-01
0.00000000e+00 1.59341385e-01
0.00000000e+00 1.59641181e-01
0.00000000e+00 1.59940977e-01
0.00000000e+00 1.60240772e-01
0.00000000e+00 1.60540568e-01
0.00000000e+00 1.60840364e-01
0.00000000e+00 1.61140159e-01
0.00000000e+00 1.61439955e-01
0.00000000e+00 1.61739750e-01
0.00000000e+00 1.62039546e-01
0.00000000e+00 1.62339342e-01
0.00000000e+00 1.62639137e-01
0.00000000e+00 1.62938933e-01
0.00000000e+00 1.63238729e-01
0.00000000e+00 1.63538524e-01
0.00000000e+00 1.63838320e-01
0.00000000e+00 1.64138116e-01
0.00000000e+00 1.64437911e-01
0.00000000e+00 1.64737707e-01
0.00000000e+00 1.65037503e-01
0.00000000e+00 1.65337298e-01
0.00000000e+00 1.65637094e-01
0.00000000e+00 1.65936890e-01
0.00000000e+00 1.66236685e-01
0.00000000e+00 1.66536481e-01
0.00000000e+00 1.66836276e-01
0.00000000e+00 1.67136072e-01
0.00000000e+00 1.67435868e-01
0.00000000e+00 1.67735663e-01
0.00000000e+00 1.68035459e-01
0.00000000e+00 1.68335255e-01
0.00000000e+00 1.68635050e-01
0.00000000e+00 1.68934846e-01
0.00000000e+00 1.69234642e-01
0.00000000e+00 1.69534437e-01
0.00000000e+00 1.69834233e-01
0.00000000e+00 1.70134029e-01
0.00000000e+00 1.70433824e-01
0.00000000e+00 1.70733620e-01
0.00000000e+00 1.71033415e-01
0.00000000e+00 1.71333211e-01
0.00000000e+00 1.71633007e-01
0.00000000e+00 1.71932802e-01
0.00000000e+00 1.72232598e-01
0.00000000e+00 1.72532394e-01
0.00000000e+00 1.72832189e-01
0.00000000e+00 1.73131985e-01
0.00000000e+00 1.73431781e-01
0.00000000e+00 1.73731576e-01
0.00000000e+00 1.74031372e-01
0.00000000e+00 1.74331168e-01
0.00000000e+00 1.74630963e-01
0.00000000e+00 1.74930759e-01
0.00000000e+00 1.75230555e-01
0.00000000e+00 1.75530350e-01
0.00000000e+00 1.75830146e-01
0.00000000e+00 1.76129941e-01
0.00000000e+00 1.76429737e-01
0.00000000e+00 1.76729533e-01
0.00000000e+00 1.77029328e-01
0.00000000e+00 1.77329124e-01
0.00000000e+00 1.77628920e-01
0.00000000e+00 1.77928715e-01
0.00000000e+00 1.78228511e-01
0.00000000e+00 1.78528307e-01
0.00000000e+00 1.78828102e-01
0.00000000e+00 1.79127898e-01
0.00000000e+00 1.79427694e-01
0.00000000e+00 1.79727489e-01
0.00000000e+00 1.80027285e-01
0.00000000e+00 1.80327080e-01
0.00000000e+00 1.80626876e-01
0.00000000e+00 1.80926672e-01
0.00000000e+00 1.81226467e-01
0.00000000e+00 1.81526263e-01
0.00000000e+00 1.81826059e-01
0.00000000e+00 1.82125854e-01
0.00000000e+00 1.82425650e-01
0.00000000e+00 1.82725446e-01
0.00000000e+00 1.83025241e-01
0.00000000e+00 1.83325037e-01
0.00000000e+00 1.83624833e-01
0.00000000e+00 1.83924628e-01
0.00000000e+00 1.84224424e-01
0.00000000e+00 1.84524220e-01
0.00000000e+00 1.84824015e-01
0.00000000e+00 1.85123811e-01
0.00000000e+00 1.85423606e-01
0.00000000e+00 1.85723402e-01
0.00000000e+00 1.86023198e-01
0.00000000e+00 1.86322993e-01
0.00000000e+00 1.86622789e-01
0.00000000e+00 1.86922585e-01
0.00000000e+00 1.87222380e-01
0.00000000e+00 1.87522176e-01
0.00000000e+00 1.87821972e-01
0.00000000e+00 1.88121767e-01
0.00000000e+00 1.88421563e-01
0.00000000e+00 1.88721359e-01
0.00000000e+00 1.89021154e-01
0.00000000e+00 1.89320950e-01
0.00000000e+00 1.89620745e-01
0.00000000e+00 1.89920541e-01
0.00000000e+00 1.90220337e-01
0.00000000e+00 1.90520132e-01
0.00000000e+00 1.90819928e-01
0.00000000e+00 1.91119724e-01
0.00000000e+00 1.91419519e-01
0.00000000e+00 1.91719315e-01
0.00000000e+00 1.92019111e-01
0.00000000e+00 1.92318906e-01
0.00000000e+00 1.92618702e-01
0.00000000e+00 1.92918498e-01
0.00000000e+00 1.93218293e-01
0.00000000e+00 1.93518089e-01
0.00000000e+00 1.93817885e-01
0.00000000e+00 1.94117680e-01
0.00000000e+00 1.94417476e-01
0.00000000e+00 1.94717271e-01
0.00000000e+00 1.95017067e-01
0.00000000e+00 1.95316863e-01
0.00000000e+00 1.95616658e-01
0.00000000e+00 1.95916454e-01
0.00000000e+00 1.96216250e-01
0.00000000e+00 1.96516045e-01
0.00000000e+00 1.96815841e-01
0.00000000e+00 1.97115637e-01
0.00000000e+00 1.97415432e-01
0.00000000e+00 1.97715228e-01
0.00000000e+00 1.98015024e-01
0.00000000e+00 1.98314819e-01
0.00000000e+00 1.98614615e-01
0.00000000e+00 1.98914410e-01
0.00000000e+00 1.99214206e-01
0.00000000e+00 1.99514002e-01
0.00000000e+00 1.99813797e-01
0.00000000e+00 2.00113593e-01
0.00000000e+00 2.00413389e-01
0.00000000e+00 2.00713184e-01
0.00000000e+00 2.01012980e-01
0.00000000e+00 2.01312776e-01
0.00000000e+00 2.01612571e-01
0.00000000e+00 2.01912367e-01
0.00000000e+00 2.02212163e-01
0.00000000e+00 2.02511958e-01
0.00000000e+00 2.02811754e-01
0.00000000e+00 2.03111550e-01
0.00000000e+00 2.03411345e-01
0.00000000e+00 2.03711141e-01
0.00000000e+00 2.04010936e-01
0.00000000e+00 2.04310732e-01
0.00000000e+00 2.04610528e-01
0.00000000e+00 2.04910323e-01
0.00000000e+00 2.05210119e-01
0.00000000e+00 2.05509915e-01
0.00000000e+00 2.05809710e-01
0.00000000e+00 2.06109506e-01
0.00000000e+00 2.06409302e-01
0.00000000e+00 2.06709097e-01
0.00000000e+00 2.07008893e-01
0.00000000e+00 2.07308689e-01
0.00000000e+00 2.07608484e-01
0.00000000e+00 2.07908280e-01
0.00000000e+00 2.08208075e-01
0.00000000e+00 2.08507871e-01
0.00000000e+00 2.08807667e-01
0.00000000e+00 2.09107462e-01
0.00000000e+00 2.09407258e-01
0.00000000e+00 2.09707054e-01
0.00000000e+00 2.10006849e-01
0.00000000e+00 2.10306645e-01
0.00000000e+00 2.10606441e-01
0.00000000e+00 2.10906236e-01
0.00000000e+00 2.11206032e-01
0.00000000e+00 2.11505828e-01
0.00000000e+00 2.11805623e-01
0.00000000e+00 2.12105419e-01
0.00000000e+00 2.12405214e-01
0.00000000e+00 2.12705010e-01
0.00000000e+00 2.13004806e-01
0.00000000e+00 2.13304601e-01
0.00000000e+00 2.13604397e-01
0.00000000e+00 2.13904193e-01
0.00000000e+00 2.14203988e-01
0.00000000e+00 2.14503784e-01
0.00000000e+00 2.14803580e-01
0.00000000e+00 2.15103375e-01
0.00000000e+00 2.15403171e-01
0.00000000e+00 2.15702967e-01
0.00000000e+00 2.16002762e-01
0.00000000e+00 2.16302558e-01
0.00000000e+00 2.16602354e-01
0.00000000e+00 2.16902149e-01
0.00000000e+00 2.17201945e-01
0.00000000e+00 2.17501740e-01
0.00000000e+00 2.17801536e-01
0.00000000e+00 2.18101332e-01
0.00000000e+00 2.18401127e-01
0.00000000e+00 2.18700923e-01
0.00000000e+00 2.19000719e-01
0.00000000e+00 2.19300514e-01
0.00000000e+00 2.19600310e-01
0.00000000e+00 2.19900106e-01
0.00000000e+00 2.20199901e-01
0.00000000e+00 2.20499697e-01
0.00000000e+00 2.20799493e-01
0.00000000e+00 2.21099288e-01
0.00000000e+00 2.21399084e-01
0.00000000e+00 2.21698879e-01
0.00000000e+00 2.21998675e-01
0.00000000e+00 2.22298471e-01
0.00000000e+00 2.22598266e-01
0.00000000e+00 2.22898062e-01
0.00000000e+00 2.23197858e-01
0.00000000e+00 2.23497653e-01
0.00000000e+00 2.23797449e-01
0.00000000e+00 2.24097245e-01
0.00000000e+00 2.24397040e-01
0.00000000e+00 2.24696836e-01
0.00000000e+00 2.24996632e-01
0.00000000e+00 2.25296427e-01
0.00000000e+00 2.25596223e-01
0.00000000e+00 2.25896019e-01
0.00000000e+00 2.26195814e-01
0.00000000e+00 2.26495610e-01
0.00000000e+00 2.26795405e-01
0.00000000e+00 2.27095201e-01
0.00000000e+00 2.27394997e-01
0.00000000e+00 2.27694792e-01
0.00000000e+00 2.27994588e-01
0.00000000e+00 2.28294384e-01
0.00000000e+00 2.28594179e-01
0.00000000e+00 2.28893975e-01
0.00000000e+00 2.29193771e-01
0.00000000e+00 2.29493566e-01
0.00000000e+00 2.29793362e-01
0.00000000e+00 2.30093158e-01
0.00000000e+00 2.30392953e-01
0.00000000e+00 2.30692749e-01
0.00000000e+00 2.30992544e-01
0.00000000e+00 2.31292340e-01
0.00000000e+00 2.31592136e-01
0.00000000e+00 2.31891931e-01
0.00000000e+00 2.32191727e-01
0.00000000e+00 2.32491523e-01
0.00000000e+00 2.32791318e-01
0.00000000e+00 2.33091114e-01
0.00000000e+00 2.33390910e-01
0.00000000e+00 2.33690705e-01
0.00000000e+00 2.33990501e-01
0.00000000e+00 2.34290297e-01
0.00000000e+00 2.34590092e-01
0.00000000e+00 2.34889888e-01
0.00000000e+00 2.35189684e-01
0.00000000e+00 2.35489479e-01
0.00000000e+00 2.35789275e-01
0.00000000e+00 2.36089070e-01
0.00000000e+00 2.36388866e-01
0.00000000e+00 2.36688662e-01
0.00000000e+00 2.36988457e-01
0.00000000e+00 2.37288253e-01
0.00000000e+00 2.37588049e-01
0.00000000e+00 2.37887844e-01
0.00000000e+00 2.38187640e-01
0.00000000e+00 2.38487436e-01
0.00000000e+00 2.38787231e-01
0.00000000e+00 2.39087027e-01
0.00000000e+00 2.39386823e-01
0.00000000e+00 2.39686618e-01
0.00000000e+00 2.39986414e-01
0.00000000e+00 2.40286209e-01
0.00000000e+00 2.40586005e-01
0.00000000e+00 2.40885801e-01
0.00000000e+00 2.41185596e-01
0.00000000e+00 2.41485392e-01
0.00000000e+00 2.41785188e-01
0.00000000e+00 2.42084983e-01
0.00000000e+00 2.42384779e-01
0.00000000e+00 2.42684575e-01
0.00000000e+00 2.42984370e-01
0.00000000e+00 2.43284166e-01
0.00000000e+00 2.43583962e-01
0.00000000e+00 2.43883757e-01
0.00000000e+00 2.44183553e-01
0.00000000e+00 2.44483349e-01
0.00000000e+00 2.44783144e-01
0.00000000e+00 2.45082940e-01
0.00000000e+00 2.45382735e-01
0.00000000e+00 2.45682531e-01
0.00000000e+00 2.45982327e-01
0.00000000e+00 2.46282122e-01
0.00000000e+00 2.46581918e-01
0.00000000e+00 2.46881714e-01
0.00000000e+00 2.47181509e-01
0.00000000e+00 2.47481305e-01
0.00000000e+00 2.47781101e-01
0.00000000e+00 2.48080896e-01
0.00000000e+00 2.48380692e-01
0.00000000e+00 2.48680488e-01
0.00000000e+00 2.48980283e-01
0.00000000e+00 2.49280079e-01
0.00000000e+00 2.49579874e-01
0.00000000e+00 2.49879670e-01
0.00000000e+00 2.50179466e-01
0.00000000e+00 2.50479261e-01
0.00000000e+00 2.50779057e-01
0.00000000e+00 2.51078853e-01
0.00000000e+00 2.51378648e-01
0.00000000e+00 2.51678444e-01
0.00000000e+00 2.51978240e-01
0.00000000e+00 2.52278035e-01
0.00000000e+00 2.52577831e-01
0.00000000e+00 2.52877627e-01
0.00000000e+00 2.53177422e-01
0.00000000e+00 2.53477218e-01
0.00000000e+00 2.53777014e-01
0.00000000e+00 2.54076809e-01
0.00000000e+00 2.54376605e-01
0.00000000e+00 2.54676400e-01
0.00000000e+00 2.54976196e-01
0.00000000e+00 2.55275992e-01
0.00000000e+00 2.55575787e-01
0.00000000e+00 2.55875583e-01
0.00000000e+00 2.56175379e-01
0.00000000e+00 2.56475174e-01
0.00000000e+00 2.56774970e-01
0.00000000e+00 2.57074766e-01
0.00000000e+00 2.57374561e-01
0.00000000e+00 2.57674357e-01
0.00000000e+00 2.57974153e-01
0.00000000e+00 2.58273948e-01
0.00000000e+00 2.58573744e-01
0.00000000e+00 2.58873539e-01
0.00000000e+00 2.59173335e-01
0.00000000e+00 2.59473131e-01
0.00000000e+00 2.59772926e-01
0.00000000e+00 2.60072722e-01
0.00000000e+00 2.60372518e-01
0.00000000e+00 2.60672313e-01
0.00000000e+00 2.60972109e-01
0.00000000e+00 2.61271905e-01
0.00000000e+00 2.61571700e-01
0.00000000e+00 2.61871496e-01
0.00000000e+00 2.62171292e-01
0.00000000e+00 2.62471087e-01
0.00000000e+00 2.62770883e-01
0.00000000e+00 2.63070679e-01
0.00000000e+00 2.63370474e-01
0.00000000e+00 2.63670270e-01
0.00000000e+00 2.63970065e-01
0.00000000e+00 2.64269861e-01
0.00000000e+00 2.64569657e-01
0.00000000e+00 2.64869452e-01
0.00000000e+00 2.65169248e-01
0.00000000e+00 2.65469044e-01
0.00000000e+00 2.65768839e-01
0.00000000e+00 2.66068635e-01
0.00000000e+00 2.66368431e-01
0.00000000e+00 2.66668226e-01
0.00000000e+00 2.66968022e-01
0.00000000e+00 2.67267818e-01
0.00000000e+00 2.67567613e-01
0.00000000e+00 2.67867409e-01
0.00000000e+00 2.68167204e-01
0.00000000e+00 2.68467000e-01
0.00000000e+00 2.68766796e-01
0.00000000e+00 2.69066591e-01
0.00000000e+00 2.69366387e-01
0.00000000e+00 2.69666183e-01
0.00000000e+00 2.69965978e-01
0.00000000e+00 2.70265774e-01
0.00000000e+00 2.70565570e-01
0.00000000e+00 2.70865365e-01
0.00000000e+00 2.71165161e-01
0.00000000e+00 2.71464957e-01
0.00000000e+00 2.71764752e-01
0.00000000e+00 2.72064548e-01
0.00000000e+00 2.72364344e-01
0.00000000e+00 2.72664139e-01
0.00000000e+00 2.72963935e-01
0.00000000e+00 2.73263730e-01
0.00000000e+00 2.73563526e-01
0.00000000e+00 2.73863322e-01
0.00000000e+00 2.74163117e-01
0.00000000e+00 2.74462913e-01
0.00000000e+00 2.74762709e-01
0.00000000e+00 2.75062504e-01
0.00000000e+00 2.75362300e-01
0.00000000e+00 2.75662096e-01
0.00000000e+00 2.75961891e-01
0.00000000e+00 2.76261687e-01
0.00000000e+00 2.76561483e-01
0.00000000e+00 2.76861278e-01
0.00000000e+00 2.77161074e-01
0.00000000e+00 2.77460869e-01
0.00000000e+00 2.77760665e-01
0.00000000e+00 2.78060461e-01
0.00000000e+00 2.78360256e-01
0.00000000e+00 2.78660052e-01
0.00000000e+00 2.78959848e-01
0.00000000e+00 2.79259643e-01
0.00000000e+00 2.79559439e-01
0.00000000e+00 2.79859235e-01
0.00000000e+00 2.80159030e-01
0.00000000e+00 2.80458826e-01
0.00000000e+00 2.80758622e-01
0.00000000e+00 2.81058417e-01
0.00000000e+00 2.81358213e-01
0.00000000e+00 2.81658008e-01
0.00000000e+00 2.81957804e-01
0.00000000e+00 2.82257600e-01
0.00000000e+00 2.82557395e-01
0.00000000e+00 2.82857191e-01
0.00000000e+00 2.83156987e-01
0.00000000e+00 2.83456782e-01
0.00000000e+00 2.83756578e-01
0.00000000e+00 2.84056374e-01
0.00000000e+00 2.84356169e-01
0.00000000e+00 2.84655965e-01
0.00000000e+00 2.84955761e-01
0.00000000e+00 2.85255556e-01
0.00000000e+00 2.85555352e-01
0.00000000e+00 2.85855148e-01
0.00000000e+00 2.86154943e-01
0.00000000e+00 2.86454739e-01
0.00000000e+00 2.86754534e-01
0.00000000e+00 2.87054330e-01
0.00000000e+00 2.87354126e-01
0.00000000e+00 2.87653921e-01
0.00000000e+00 2.87953717e-01
0.00000000e+00 2.88253513e-01
0.00000000e+00 2.88553308e-01
0.00000000e+00 2.88853104e-01
0.00000000e+00 2.89152900e-01
0.00000000e+00 2.89452695e-01
0.00000000e+00 2.89752491e-01
0.00000000e+00 2.90052287e-01
0.00000000e+00 2.90352082e-01
0.00000000e+00 2.90651878e-01
0.00000000e+00 2.90951673e-01
0.00000000e+00 2.91251469e-01
0.00000000e+00 2.91551265e-01
0.00000000e+00 2.91851060e-01
0.00000000e+00 2.92150856e-01
0.00000000e+00 2.92450652e-01
0.00000000e+00 2.92750447e-01
0.00000000e+00 2.93050243e-01
0.00000000e+00 2.93350039e-01
0.00000000e+00 2.93649834e-01
0.00000000e+00 2.93949630e-01
0.00000000e+00 2.94249426e-01
0.00000000e+00 2.94549221e-01
0.00000000e+00 2.94849017e-01
0.00000000e+00 2.95148813e-01
0.00000000e+00 2.95448608e-01
0.00000000e+00 2.95748404e-01
0.00000000e+00 2.96048199e-01
0.00000000e+00 2.96347995e-01
0.00000000e+00 2.96647791e-01
0.00000000e+00 2.96947586e-01
0.00000000e+00 2.97247382e-01
0.00000000e+00 2.97547178e-01
0.00000000e+00 2.97846973e-01
0.00000000e+00 2.98146769e-01
0.00000000e+00 2.98446565e-01
0.00000000e+00 2.98746360e-01
0.00000000e+00 2.99046156e-01
0.00000000e+00 2.99345952e-01
0.00000000e+00 2.99645747e-01
0.00000000e+00 2.99945543e-01
0.00000000e+00 3.00245338e-01
0.00000000e+00 3.00545134e-01
0.00000000e+00 3.00844930e-01
0.00000000e+00 3.01144725e-01
0.00000000e+00 3.01444521e-01
0.00000000e+00 3.01744317e-01
0.00000000e+00 3.02044112e-01
0.00000000e+00 3.02343908e-01
0.00000000e+00 3.02643704e-01
0.00000000e+00 3.02943499e-01
0.00000000e+00 3.03243295e-01
0.00000000e+00 3.03543091e-01
0.00000000e+00 3.03842886e-01
0.00000000e+00 3.04142682e-01
0.00000000e+00 3.04442478e-01
0.00000000e+00 3.04742273e-01
0.00000000e+00 3.05042069e-01
0.00000000e+00 3.05341864e-01
0.00000000e+00 3.05641660e-01
0.00000000e+00 3.05941456e-01
0.00000000e+00 3.06241251e-01
0.00000000e+00 3.06541047e-01
0.00000000e+00 3.06840843e-01
0.00000000e+00 3.07140638e-01
0.00000000e+00 3.07440434e-01
0.00000000e+00 3.07740230e-01
0.00000000e+00 3.08040025e-01
0.00000000e+00 3.08339821e-01
0.00000000e+00 3.08639617e-01
0.00000000e+00 3.08939412e-01
0.00000000e+00 3.09239208e-01
0.00000000e+00 3.09539003e-01
0.00000000e+00 3.09838799e-01
0.00000000e+00 3.10138595e-01
0.00000000e+00 3.10438390e-01
0.00000000e+00 3.10738186e-01
0.00000000e+00 3.11037982e-01
0.00000000e+00 3.11337777e-01
0.00000000e+00 3.11637573e-01
0.00000000e+00 3.11937369e-01
0.00000000e+00 3.12237164e-01
0.00000000e+00 3.12536960e-01
0.00000000e+00 3.12836756e-01
0.00000000e+00 3.13136551e-01
0.00000000e+00 3.13436347e-01
0.00000000e+00 3.13736143e-01
0.00000000e+00 3.14035938e-01
0.00000000e+00 3.14335734e-01
0.00000000e+00 3.14635529e-01
0.00000000e+00 3.14935325e-01
0.00000000e+00 3.15235121e-01
0.00000000e+00 3.15534916e-01
0.00000000e+00 3.15834712e-01
0.00000000e+00 3.16134508e-01
0.00000000e+00 3.16434303e-01
0.00000000e+00 3.16734099e-01
0.00000000e+00 3.17033895e-01
0.00000000e+00 3.17333690e-01
0.00000000e+00 3.17633486e-01
0.00000000e+00 3.17933282e-01
0.00000000e+00 3.18233077e-01
0.00000000e+00 3.18532873e-01
0.00000000e+00 3.18832668e-01
0.00000000e+00 3.19132464e-01
0.00000000e+00 3.19432260e-01
0.00000000e+00 3.19732055e-01
0.00000000e+00 3.20031851e-01
0.00000000e+00 3.20331647e-01
0.00000000e+00 3.20631442e-01
0.00000000e+00 3.20931238e-01
0.00000000e+00 3.21231034e-01
0.00000000e+00 3.21530829e-01
0.00000000e+00 3.21830625e-01
0.00000000e+00 3.22130421e-01
0.00000000e+00 3.22430216e-01
0.00000000e+00 3.22730012e-01
0.00000000e+00 3.23029808e-01
0.00000000e+00 3.23329603e-01
0.00000000e+00 3.23629399e-01
0.00000000e+00 3.23929194e-01
0.00000000e+00 3.24228990e-01
0.00000000e+00 3.24528786e-01
0.00000000e+00 3.24828581e-01
0.00000000e+00 3.25128377e-01
0.00000000e+00 3.25428173e-01
0.00000000e+00 3.25727968e-01
0.00000000e+00 3.26027764e-01
0.00000000e+00 3.26327560e-01
0.00000000e+00 3.26627355e-01
0.00000000e+00 3.26927151e-01
0.00000000e+00 3.27226947e-01
0.00000000e+00 3.27526742e-01
0.00000000e+00 3.27826538e-01
0.00000000e+00 3.28126333e-01
0.00000000e+00 3.28426129e-01
0.00000000e+00 3.28725925e-01
0.00000000e+00 3.29025720e-01
0.00000000e+00 3.29325516e-01
0.00000000e+00 3.29625312e-01
0.00000000e+00 3.29925107e-01
0.00000000e+00 3.30224903e-01
0.00000000e+00 3.30524699e-01
0.00000000e+00 3.30824494e-01
0.00000000e+00 3.31124290e-01
0.00000000e+00 3.31424086e-01
0.00000000e+00 3.31723881e-01
0.00000000e+00 3.32023677e-01
0.00000000e+00 3.32323473e-01
0.00000000e+00 3.32623268e-01
0.00000000e+00 3.32923064e-01
0.00000000e+00 3.33222859e-01
0.00000000e+00 3.33522655e-01
0.00000000e+00 3.33822451e-01
0.00000000e+00 3.34122246e-01
0.00000000e+00 3.34422042e-01
0.00000000e+00 3.34721838e-01
0.00000000e+00 3.35021633e-01
0.00000000e+00 3.35321429e-01
0.00000000e+00 3.35621225e-01
0.00000000e+00 3.35921020e-01
0.00000000e+00 3.36220816e-01
0.00000000e+00 3.36520612e-01
0.00000000e+00 3.36820407e-01
0.00000000e+00 3.37120203e-01
0.00000000e+00 3.37419998e-01
0.00000000e+00 3.37719794e-01
0.00000000e+00 3.38019590e-01
0.00000000e+00 3.38319385e-01
0.00000000e+00 3.38619181e-01
0.00000000e+00 3.38918977e-01
0.00000000e+00 3.39218772e-01
0.00000000e+00 3.39518568e-01
0.00000000e+00 3.39818364e-01
0.00000000e+00 3.40118159e-01
0.00000000e+00 3.40417955e-01
0.00000000e+00 3.40717751e-01
0.00000000e+00 3.41017546e-01
0.00000000e+00 3.41317342e-01
0.00000000e+00 3.41617138e-01
0.00000000e+00 3.41916933e-01
0.00000000e+00 3.42216729e-01
0.00000000e+00 3.42516524e-01
0.00000000e+00 3.42816320e-01
0.00000000e+00 3.43116116e-01
0.00000000e+00 3.43415911e-01
0.00000000e+00 3.43715707e-01
0.00000000e+00 3.44015503e-01
0.00000000e+00 3.44315298e-01
0.00000000e+00 3.44615094e-01
0.00000000e+00 3.44914890e-01
0.00000000e+00 3.45214685e-01
0.00000000e+00 3.45514481e-01
0.00000000e+00 3.45814277e-01
0.00000000e+00 3.46114072e-01
0.00000000e+00 3.46413868e-01
0.00000000e+00 3.46713663e-01
0.00000000e+00 3.47013459e-01
0.00000000e+00 3.47313255e-01
0.00000000e+00 3.47613050e-01
0.00000000e+00 3.47912846e-01
0.00000000e+00 3.48212642e-01
0.00000000e+00 3.48512437e-01
0.00000000e+00 3.48812233e-01
0.00000000e+00 3.49112029e-01
0.00000000e+00 3.49411824e-01
0.00000000e+00 3.49711620e-01
0.00000000e+00 3.50011416e-01
0.00000000e+00 3.50311211e-01
0.00000000e+00 3.50611007e-01
0.00000000e+00 3.50910802e-01
0.00000000e+00 3.51210598e-01
0.00000000e+00 3.51510394e-01
0.00000000e+00 3.51810189e-01
0.00000000e+00 3.52109985e-01
0.00000000e+00 3.52409781e-01
0.00000000e+00 3.52709576e-01
0.00000000e+00 3.53009372e-01
0.00000000e+00 3.53309168e-01
0.00000000e+00 3.53608963e-01
0.00000000e+00 3.53908759e-01
0.00000000e+00 3.54208555e-01
0.00000000e+00 3.54508350e-01
0.00000000e+00 3.54808146e-01
0.00000000e+00 3.55107942e-01
0.00000000e+00 3.55407737e-01
0.00000000e+00 3.55707533e-01
0.00000000e+00 3.56007328e-01
0.00000000e+00 3.56307124e-01
0.00000000e+00 3.56606920e-01
0.00000000e+00 3.56906715e-01
0.00000000e+00 3.57206511e-01
0.00000000e+00 3.57506307e-01
0.00000000e+00 3.57806102e-01
0.00000000e+00 3.58105898e-01
0.00000000e+00 3.58405694e-01
0.00000000e+00 3.58705489e-01
0.00000000e+00 3.59005285e-01
0.00000000e+00 3.59305081e-01
0.00000000e+00 3.59604876e-01
0.00000000e+00 3.59904672e-01
0.00000000e+00 3.60204467e-01
0.00000000e+00 3.60504263e-01
0.00000000e+00 3.60804059e-01
0.00000000e+00 3.61103854e-01
0.00000000e+00 3.61403650e-01
0.00000000e+00 3.61703446e-01
0.00000000e+00 3.62003241e-01
0.00000000e+00 3.62303037e-01
0.00000000e+00 3.62602833e-01
0.00000000e+00 3.62902628e-01
0.00000000e+00 3.63202424e-01
0.00000000e+00 3.63502220e-01
0.00000000e+00 3.63802015e-01
0.00000000e+00 3.64101811e-01
0.00000000e+00 3.64401607e-01
0.00000000e+00 3.64701402e-01
0.00000000e+00 3.65001198e-01
0.00000000e+00 3.65300993e-01
0.00000000e+00 3.65600789e-01
0.00000000e+00 3.65900585e-01
0.00000000e+00 3.66200380e-01
0.00000000e+00 3.66500176e-01
0.00000000e+00 3.66799972e-01
0.00000000e+00 3.67099767e-01
0.00000000e+00 3.67399563e-01
0.00000000e+00 3.67699359e-01
0.00000000e+00 3.67999154e-01
0.00000000e+00 3.68298950e-01
0.00000000e+00 3.68598746e-01
0.00000000e+00 3.68898541e-01
0.00000000e+00 3.69198337e-01
0.00000000e+00 3.69498132e-01
0.00000000e+00 3.69797928e-01
0.00000000e+00 3.70097724e-01
0.00000000e+00 3.70397519e-01
0.00000000e+00 3.70697315e-01
0.00000000e+00 3.70997111e-01
0.00000000e+00 3.71296906e-01
0.00000000e+00 3.71596702e-01
0.00000000e+00 3.71896498e-01
0.00000000e+00 3.72196293e-01
0.00000000e+00 3.72496089e-01
0.00000000e+00 3.72795885e-01
0.00000000e+00 3.73095680e-01
0.00000000e+00 3.73395476e-01
0.00000000e+00 3.73695272e-01
0.00000000e+00 3.73995067e-01
0.00000000e+00 3.74294863e-01
0.00000000e+00 3.74594658e-01
0.00000000e+00 3.74894454e-01
0.00000000e+00 3.75194250e-01
0.00000000e+00 3.75494045e-01
0.00000000e+00 3.75793841e-01
0.00000000e+00 3.76093637e-01
0.00000000e+00 3.76393432e-01
0.00000000e+00 3.76693228e-01
0.00000000e+00 3.76993024e-01
0.00000000e+00 3.77292819e-01
0.00000000e+00 3.77592615e-01
0.00000000e+00 3.77892411e-01
0.00000000e+00 3.78192206e-01
0.00000000e+00 3.78492002e-01
0.00000000e+00 3.78791797e-01
0.00000000e+00 3.79091593e-01
0.00000000e+00 3.79391389e-01
0.00000000e+00 3.79691184e-01
0.00000000e+00 3.79990980e-01
0.00000000e+00 3.80290776e-01
0.00000000e+00 3.80590571e-01
0.00000000e+00 3.80890367e-01
0.00000000e+00 3.81190163e-01
0.00000000e+00 3.81489958e-01
0.00000000e+00 3.81789754e-01
0.00000000e+00 3.82089550e-01
0.00000000e+00 3.82389345e-01
0.00000000e+00 3.82689141e-01
0.00000000e+00 3.82988937e-01
0.00000000e+00 3.83288732e-01
0.00000000e+00 3.83588528e-01
0.00000000e+00 3.83888323e-01
0.00000000e+00 3.84188119e-01
0.00000000e+00 3.84487915e-01
0.00000000e+00 3.84787710e-01
0.00000000e+00 3.85087506e-01
0.00000000e+00 3.85387302e-01
0.00000000e+00 3.85687097e-01
0.00000000e+00 3.85986893e-01
0.00000000e+00 3.86286689e-01
0.00000000e+00 3.86586484e-01
0.00000000e+00 3.86886280e-01
0.00000000e+00 3.87186076e-01
0.00000000e+00 3.87485871e-01
0.00000000e+00 3.87785667e-01
0.00000000e+00 3.88085462e-01
0.00000000e+00 3.88385258e-01
0.00000000e+00 3.88685054e-01
0.00000000e+00 3.88984849e-01
0.00000000e+00 3.89284645e-01
0.00000000e+00 3.89584441e-01
0.00000000e+00 3.89884236e-01
0.00000000e+00 3.90184032e-01
0.00000000e+00 3.90483828e-01
0.00000000e+00 3.90783623e-01
0.00000000e+00 3.91083419e-01
0.00000000e+00 3.91383215e-01
0.00000000e+00 3.91683010e-01
0.00000000e+00 3.91982806e-01
0.00000000e+00 3.92282602e-01
0.00000000e+00 3.92582397e-01
0.00000000e+00 3.92882193e-01
0.00000000e+00 3.93181988e-01
0.00000000e+00 3.93481784e-01
0.00000000e+00 3.93781580e-01
0.00000000e+00 3.94081375e-01
0.00000000e+00 3.94381171e-01
0.00000000e+00 3.94680967e-01
0.00000000e+00 3.94980762e-01
0.00000000e+00 3.95280558e-01
0.00000000e+00 3.95580354e-01
0.00000000e+00 3.95880149e-01
0.00000000e+00 3.96179945e-01
0.00000000e+00 3.96479741e-01
0.00000000e+00 3.96779536e-01
0.00000000e+00 3.97079332e-01
0.00000000e+00 3.97379127e-01
0.00000000e+00 3.97678923e-01
0.00000000e+00 3.97978719e-01
0.00000000e+00 3.98278514e-01
0.00000000e+00 3.98578310e-01
0.00000000e+00 3.98878106e-01
0.00000000e+00 3.99177901e-01
0.00000000e+00 3.99477697e-01
0.00000000e+00 3.99777493e-01
0.00000000e+00 4.00077288e-01
0.00000000e+00 4.00377084e-01
0.00000000e+00 4.00676880e-01
0.00000000e+00 4.00976675e-01
0.00000000e+00 4.01276471e-01
0.00000000e+00 4.01576267e-01
0.00000000e+00 4.01876062e-01
0.00000000e+00 4.02175858e-01
0.00000000e+00 4.02475653e-01
0.00000000e+00 4.02775449e-01
0.00000000e+00 4.03075245e-01
0.00000000e+00 4.03375040e-01
0.00000000e+00 4.03674836e-01
0.00000000e+00 4.03974632e-01
0.00000000e+00 4.04274427e-01
0.00000000e+00 4.04574223e-01
0.00000000e+00 4.04874019e-01
0.00000000e+00 4.05173814e-01
0.00000000e+00 4.05473610e-01
0.00000000e+00 4.05773406e-01
0.00000000e+00 4.06073201e-01
0.00000000e+00 4.06372997e-01
0.00000000e+00 4.06672792e-01
0.00000000e+00 4.06972588e-01
0.00000000e+00 4.07272384e-01
0.00000000e+00 4.07572179e-01
0.00000000e+00 4.07871975e-01
0.00000000e+00 4.08171771e-01
0.00000000e+00 4.08471566e-01
0.00000000e+00 4.08771362e-01
0.00000000e+00 4.09071158e-01
0.00000000e+00 4.09370953e-01
0.00000000e+00 4.09670749e-01
0.00000000e+00 4.09970545e-01
0.00000000e+00 4.10270340e-01
0.00000000e+00 4.10570136e-01
0.00000000e+00 4.10869932e-01
0.00000000e+00 4.11169727e-01
0.00000000e+00 4.11469523e-01
0.00000000e+00 4.11769318e-01
0.00000000e+00 4.12069114e-01
0.00000000e+00 4.12368910e-01
0.00000000e+00 4.12668705e-01
0.00000000e+00 4.12968501e-01
0.00000000e+00 4.13268297e-01
0.00000000e+00 4.13568092e-01
0.00000000e+00 4.13867888e-01
0.00000000e+00 4.14167684e-01
0.00000000e+00 4.14467479e-01
0.00000000e+00 4.14767275e-01
0.00000000e+00 4.15067071e-01
0.00000000e+00 4.15366866e-01
0.00000000e+00 4.15666662e-01
0.00000000e+00 4.15966457e-01
0.00000000e+00 4.16266253e-01
0.00000000e+00 4.16566049e-01
0.00000000e+00 4.16865844e-01
0.00000000e+00 4.17165640e-01
0.00000000e+00 4.17465436e-01
0.00000000e+00 4.17765231e-01
0.00000000e+00 4.18065027e-01
0.00000000e+00 4.18364823e-01
0.00000000e+00 4.18664618e-01
0.00000000e+00 4.18964414e-01
0.00000000e+00 4.19264210e-01
0.00000000e+00 4.19564005e-01
0.00000000e+00 4.19863801e-01
0.00000000e+00 4.20163596e-01
0.00000000e+00 4.20463392e-01
0.00000000e+00 4.20763188e-01
0.00000000e+00 4.21062983e-01
0.00000000e+00 4.21362779e-01
0.00000000e+00 4.21662575e-01
0.00000000e+00 4.21962370e-01
0.00000000e+00 4.22262166e-01
0.00000000e+00 4.22561962e-01
0.00000000e+00 4.22861757e-01
0.00000000e+00 4.23161553e-01
0.00000000e+00 4.23461349e-01
0.00000000e+00 4.23761144e-01
0.00000000e+00 4.24060940e-01
0.00000000e+00 4.24360736e-01
0.00000000e+00 4.24660531e-01
0.00000000e+00 4.24960327e-01
0.00000000e+00 4.25260122e-01
0.00000000e+00 4.25559918e-01
0.00000000e+00 4.25859714e-01
0.00000000e+00 4.26159509e-01
0.00000000e+00 4.26459305e-01
0.00000000e+00 4.26759101e-01
0.00000000e+00 4.27058896e-01
0.00000000e+00 4.27358692e-01
0.00000000e+00 4.27658488e-01
0.00000000e+00 4.27958283e-01
0.00000000e+00 4.28258079e-01
0.00000000e+00 4.28557875e-01
0.00000000e+00 4.28857670e-01
0.00000000e+00 4.29157466e-01
0.00000000e+00 4.29457261e-01
0.00000000e+00 4.29757057e-01
0.00000000e+00 4.30056853e-01
0.00000000e+00 4.30356648e-01
0.00000000e+00 4.30656444e-01
0.00000000e+00 4.30956240e-01
0.00000000e+00 4.31256035e-01
0.00000000e+00 4.31555831e-01
0.00000000e+00 4.31855627e-01
0.00000000e+00 4.32155422e-01
0.00000000e+00 4.32455218e-01
0.00000000e+00 4.32755014e-01
0.00000000e+00 4.33054809e-01
0.00000000e+00 4.33354605e-01
0.00000000e+00 4.33654401e-01
0.00000000e+00 4.33954196e-01
0.00000000e+00 4.34253992e-01
0.00000000e+00 4.34553787e-01
0.00000000e+00 4.34853583e-01
0.00000000e+00 4.35153379e-01
0.00000000e+00 4.35453174e-01
0.00000000e+00 4.35752970e-01
0.00000000e+00 4.36052766e-01
0.00000000e+00 4.36352561e-01
0.00000000e+00 4.36652357e-01
0.00000000e+00 4.36952153e-01
0.00000000e+00 4.37251948e-01
0.00000000e+00 4.37551744e-01
0.00000000e+00 4.37851540e-01
0.00000000e+00 4.38151335e-01
0.00000000e+00 4.38451131e-01
0.00000000e+00 4.38750926e-01
0.00000000e+00 4.39050722e-01
0.00000000e+00 4.39350518e-01
0.00000000e+00 4.39650313e-01
0.00000000e+00 4.39950109e-01
0.00000000e+00 4.40249905e-01
0.00000000e+00 4.40549700e-01
0.00000000e+00 4.40849496e-01
0.00000000e+00 4.41149292e-01
0.00000000e+00 4.41449087e-01
0.00000000e+00 4.41748883e-01
0.00000000e+00 4.42048679e-01
0.00000000e+00 4.42348474e-01
0.00000000e+00 4.42648270e-01
0.00000000e+00 4.42948066e-01
0.00000000e+00 4.43247861e-01
0.00000000e+00 4.43547657e-01
0.00000000e+00 4.43847452e-01
0.00000000e+00 4.44147248e-01
0.00000000e+00 4.44447044e-01
0.00000000e+00 4.44746839e-01
0.00000000e+00 4.45046635e-01
0.00000000e+00 4.45346431e-01
0.00000000e+00 4.45646226e-01
0.00000000e+00 4.45946022e-01
0.00000000e+00 4.46245818e-01
0.00000000e+00 4.46545613e-01
0.00000000e+00 4.46845409e-01
0.00000000e+00 4.47145205e-01
0.00000000e+00 4.47445000e-01
0.00000000e+00 4.47744796e-01
0.00000000e+00 4.48044591e-01
0.00000000e+00 4.48344387e-01
0.00000000e+00 4.48644183e-01
0.00000000e+00 4.48943978e-01
0.00000000e+00 4.49243774e-01
0.00000000e+00 4.49543570e-01
0.00000000e+00 4.49843365e-01
0.00000000e+00 4.50143161e-01
0.00000000e+00 4.50442957e-01
0.00000000e+00 4.50742752e-01
0.00000000e+00 4.51042548e-01
0.00000000e+00 4.51342344e-01
0.00000000e+00 4.51642139e-01
0.00000000e+00 4.51941935e-01
0.00000000e+00 4.52241731e-01
0.00000000e+00 4.52541526e-01
0.00000000e+00 4.52841322e-01
0.00000000e+00 4.53141117e-01
0.00000000e+00 4.53440913e-01
0.00000000e+00 4.53740709e-01
0.00000000e+00 4.54040504e-01
0.00000000e+00 4.54340300e-01
0.00000000e+00 4.54640096e-01
0.00000000e+00 4.54939891e-01
0.00000000e+00 4.55239687e-01
0.00000000e+00 4.55539483e-01
0.00000000e+00 4.55839278e-01
0.00000000e+00 4.56139074e-01
0.00000000e+00 4.56438870e-01
0.00000000e+00 4.56738665e-01
0.00000000e+00 4.57038461e-01
0.00000000e+00 4.57338256e-01
0.00000000e+00 4.57638052e-01
0.00000000e+00 4.57937848e-01
0.00000000e+00 4.58237643e-01
0.00000000e+00 4.58537439e-01
0.00000000e+00 4.58837235e-01
0.00000000e+00 4.59137030e-01
0.00000000e+00 4.59436826e-01
0.00000000e+00 4.59736622e-01
0.00000000e+00 4.60036417e-01
0.00000000e+00 4.60336213e-01
0.00000000e+00 4.60636009e-01
0.00000000e+00 4.60935804e-01
0.00000000e+00 4.61235600e-01
0.00000000e+00 4.61535396e-01
0.00000000e+00 4.61835191e-01
0.00000000e+00 4.62134987e-01
0.00000000e+00 4.62434782e-01
0.00000000e+00 4.62734578e-01
0.00000000e+00 4.63034374e-01
0.00000000e+00 4.63334169e-01
0.00000000e+00 4.63633965e-01
0.00000000e+00 4.63933761e-01
0.00000000e+00 4.64233556e-01
0.00000000e+00 4.64533352e-01
0.00000000e+00 4.64833148e-01
0.00000000e+00 4.65132943e-01
0.00000000e+00 4.65432739e-01
0.00000000e+00 4.65732535e-01
0.00000000e+00 4.66032330e-01
0.00000000e+00 4.66332126e-01
0.00000000e+00 4.66631921e-01
0.00000000e+00 4.66931717e-01
0.00000000e+00 4.67231513e-01
0.00000000e+00 4.67531308e-01
0.00000000e+00 4.67831104e-01
0.00000000e+00 4.68130900e-01
0.00000000e+00 4.68430695e-01
0.00000000e+00 4.68730491e-01
0.00000000e+00 4.69030287e-01
0.00000000e+00 4.69330082e-01
0.00000000e+00 4.69629878e-01
0.00000000e+00 4.69929674e-01
0.00000000e+00 4.70229469e-01
0.00000000e+00 4.70529265e-01
0.00000000e+00 4.70829061e-01
0.00000000e+00 4.71128856e-01
0.00000000e+00 4.71428652e-01
0.00000000e+00 4.71728447e-01
0.00000000e+00 4.72028243e-01
0.00000000e+00 4.72328039e-01
0.00000000e+00 4.72627834e-01
0.00000000e+00 4.72927630e-01
0.00000000e+00 4.73227426e-01
0.00000000e+00 4.73527221e-01
0.00000000e+00 4.73827017e-01
0.00000000e+00 4.74126813e-01
0.00000000e+00 4.74426608e-01
0.00000000e+00 4.74726404e-01
0.00000000e+00 4.75026200e-01
0.00000000e+00 4.75325995e-01
0.00000000e+00 4.75625791e-01
0.00000000e+00 4.75925586e-01
0.00000000e+00 4.76225382e-01
0.00000000e+00 4.76525178e-01
0.00000000e+00 4.76824973e-01
0.00000000e+00 4.77124769e-01
0.00000000e+00 4.77424565e-01
0.00000000e+00 4.77724360e-01
0.00000000e+00 4.78024156e-01
0.00000000e+00 4.78323952e-01
0.00000000e+00 4.78623747e-01
0.00000000e+00 4.78923543e-01
0.00000000e+00 4.79223339e-01
0.00000000e+00 4.79523134e-01
0.00000000e+00 4.79822930e-01
0.00000000e+00 4.80122726e-01
0.00000000e+00 4.80422521e-01
0.00000000e+00 4.80722317e-01
0.00000000e+00 4.81022112e-01
0.00000000e+00 4.81321908e-01
0.00000000e+00 4.81621704e-01
0.00000000e+00 4.81921499e-01
0.00000000e+00 4.82221295e-01
0.00000000e+00 4.82521091e-01
0.00000000e+00 4.82820886e-01
0.00000000e+00 4.83120682e-01
0.00000000e+00 4.83420478e-01
0.00000000e+00 4.83720273e-01
0.00000000e+00 4.84020069e-01
0.00000000e+00 4.84319865e-01
0.00000000e+00 4.84619660e-01
0.00000000e+00 4.84919456e-01
0.00000000e+00 4.85219251e-01
0.00000000e+00 4.85519047e-01
0.00000000e+00 4.85818843e-01
0.00000000e+00 4.86118638e-01
0.00000000e+00 4.86418434e-01
0.00000000e+00 4.86718230e-01
0.00000000e+00 4.87018025e-01
0.00000000e+00 4.87317821e-01
0.00000000e+00 4.87617617e-01
0.00000000e+00 4.87917412e-01
0.00000000e+00 4.88217208e-01
0.00000000e+00 4.88517004e-01
0.00000000e+00 4.88816799e-01
0.00000000e+00 4.89116595e-01
0.00000000e+00 4.89416390e-01
0.00000000e+00 4.89716186e-01
0.00000000e+00 4.90015982e-01
0.00000000e+00 4.90315777e-01
0.00000000e+00 4.90615573e-01
0.00000000e+00 4.90915369e-01
0.00000000e+00 4.91215164e-01
0.00000000e+00 4.91514960e-01
0.00000000e+00 4.91814756e-01
0.00000000e+00 4.92114551e-01
0.00000000e+00 4.92414347e-01
0.00000000e+00 4.92714143e-01
0.00000000e+00 4.93013938e-01
0.00000000e+00 4.93313734e-01
0.00000000e+00 4.93613530e-01
0.00000000e+00 4.93913325e-01
0.00000000e+00 4.94213121e-01
0.00000000e+00 4.94512916e-01
0.00000000e+00 4.94812712e-01
0.00000000e+00 4.95112508e-01
0.00000000e+00 4.95412303e-01
0.00000000e+00 4.95712099e-01
0.00000000e+00 4.96011895e-01
0.00000000e+00 4.96311690e-01
0.00000000e+00 4.96611486e-01
0.00000000e+00 4.96911282e-01
0.00000000e+00 4.97211077e-01
0.00000000e+00 4.97510873e-01
0.00000000e+00 4.97810669e-01
0.00000000e+00 4.98110464e-01
0.00000000e+00 4.98410260e-01
0.00000000e+00 4.98710055e-01
0.00000000e+00 4.99009851e-01
0.00000000e+00 4.99309647e-01
0.00000000e+00 4.99609442e-01
0.00000000e+00 4.99909238e-01
