% ======================================================
% L-Bracket Method of Moments Solution
% ======================================================
% Frequency: 9.800 GHz
% Wavelength: 0.030591 m
% Segments: N=3270 (1635 horiz + 1635 vert)
% Transmitter: (25.0000, 25.0000) m
%
% Solver: SSOR with hierarchical omega
% omega = 0.1000
% iterations = 374
% convergence = 9.75e-10
% time = 275.72 seconds
% ======================================================
% Format: (real, imaginary) current coefficients
% ======================================================
( 5.81685389e-07, 1.00331982e-06)
( 2.66613448e-06, 3.64542576e-06)
( 4.57323856e-06, 6.13498988e-06)
( 6.46362744e-06, 8.61000936e-06)
( 8.33580098e-06, 1.10652001e-05)
( 1.01885436e-05, 1.34970858e-05)
( 1.20192912e-05, 1.59014580e-05)
( 1.38250146e-05, 1.82738896e-05)
( 1.56024941e-05, 2.06098851e-05)
( 1.73484402e-05, 2.29049531e-05)
( 1.90595541e-05, 2.51546436e-05)
( 2.07325622e-05, 2.73545724e-05)
( 2.23642381e-05, 2.95004382e-05)
( 2.39514187e-05, 3.15880358e-05)
( 2.54910158e-05, 3.36132675e-05)
( 2.69800261e-05, 3.55721534e-05)
( 2.84155399e-05, 3.74608404e-05)
( 2.97947479e-05, 3.92756107e-05)
( 3.11149486e-05, 4.10128899e-05)
( 3.23735543e-05, 4.26692546e-05)
( 3.35680969e-05, 4.42414391e-05)
( 3.46962331e-05, 4.57263426e-05)
( 3.57557497e-05, 4.71210352e-05)
( 3.67445680e-05, 4.84227641e-05)
( 3.76607483e-05, 4.96289589e-05)
( 3.85024937e-05, 5.07372368e-05)
( 3.92681542e-05, 5.17454078e-05)
( 3.99562295e-05, 5.26514783e-05)
( 4.05653726e-05, 5.34536561e-05)
( 4.10943923e-05, 5.41503531e-05)
( 4.15422554e-05, 5.47401890e-05)
( 4.19080892e-05, 5.52219939e-05)
( 4.21911829e-05, 5.55948108e-05)
( 4.23909893e-05, 5.58578972e-05)
( 4.25071258e-05, 5.60107271e-05)
( 4.25393751e-05, 5.60529914e-05)
( 4.24876858e-05, 5.59845993e-05)
( 4.23521721e-05, 5.58056779e-05)
( 4.21331144e-05, 5.55165724e-05)
( 4.18309577e-05, 5.51178451e-05)
( 4.14463116e-05, 5.46102746e-05)
( 4.09799487e-05, 5.39948542e-05)
( 4.04328028e-05, 5.32727900e-05)
( 3.98059677e-05, 5.24454983e-05)
( 3.91006944e-05, 5.15146031e-05)
( 3.83183891e-05, 5.04819331e-05)
( 3.74606099e-05, 4.93495176e-05)
( 3.65290643e-05, 4.81195828e-05)
( 3.55256052e-05, 4.67945475e-05)
( 3.44522277e-05, 4.53770184e-05)
( 3.33110649e-05, 4.38697845e-05)
( 3.21043836e-05, 4.22758122e-05)
( 3.08345800e-05, 4.05982392e-05)
( 2.95041750e-05, 3.88403683e-05)
( 2.81158087e-05, 3.70056610e-05)
( 2.66722358e-05, 3.50977306e-05)
( 2.51763197e-05, 3.31203351e-05)
( 2.36310271e-05, 3.10773697e-05)
( 2.20394218e-05, 2.89728595e-05)
( 2.04046590e-05, 2.68109510e-05)
( 1.87299787e-05, 2.45959045e-05)
( 1.70186996e-05, 2.23320852e-05)
( 1.52742123e-05, 2.00239549e-05)
( 1.34999725e-05, 1.76760631e-05)
( 1.16994945e-05, 1.52930381e-05)
( 9.87634393e-06, 1.28795776e-05)
( 8.03413090e-06, 1.04404398e-05)
( 6.17650271e-06, 7.98043388e-06)
( 4.30713670e-06, 5.50441024e-06)
( 2.42973294e-06, 3.01725130e-06)
( 5.48006974e-07, 5.23861631e-07)
(-1.33431758e-06,-1.97084165e-06)
(-3.21351638e-06,-4.46193861e-06)
(-5.08587169e-06,-6.94451626e-06)
(-6.94767978e-06,-9.41367819e-06)
(-8.79525819e-06,-1.18645543e-05)
(-1.06249530e-05,-1.42923105e-05)
(-1.24331462e-05,-1.66921580e-05)
(-1.42162625e-05,-1.90593631e-05)
(-1.59707767e-05,-2.13892564e-05)
(-1.76932204e-05,-2.36772420e-05)
(-1.93801893e-05,-2.59188067e-05)
(-2.10283491e-05,-2.81095289e-05)
(-2.26344430e-05,-3.02450871e-05)
(-2.41952974e-05,-3.23212688e-05)
(-2.57078284e-05,-3.43339789e-05)
(-2.71690481e-05,-3.62792473e-05)
(-2.85760701e-05,-3.81532372e-05)
(-2.99261153e-05,-3.99522526e-05)
(-3.12165177e-05,-4.16727455e-05)
(-3.24447290e-05,-4.33113231e-05)
(-3.36083243e-05,-4.48647543e-05)
(-3.47050062e-05,-4.63299763e-05)
(-3.57326099e-05,-4.77041007e-05)
(-3.66891071e-05,-4.89844190e-05)
(-3.75726101e-05,-5.01684080e-05)
(-3.83813753e-05,-5.12537351e-05)
(-3.91138071e-05,-5.22382626e-05)
(-3.97684602e-05,-5.31200519e-05)
(-4.03440435e-05,-5.38973679e-05)
(-4.08394217e-05,-5.45686815e-05)
(-4.12536178e-05,-5.51326737e-05)
(-4.15858153e-05,-5.55882373e-05)
(-4.18353593e-05,-5.59344796e-05)
(-4.20017582e-05,-5.61707243e-05)
(-4.20846844e-05,-5.62965121e-05)
(-4.20839747e-05,-5.63116026e-05)
(-4.19996313e-05,-5.62159742e-05)
(-4.18318209e-05,-5.60098239e-05)
(-4.15808751e-05,-5.56935678e-05)
(-4.12472893e-05,-5.52678394e-05)
(-4.08317216e-05,-5.47334888e-05)
(-4.03349919e-05,-5.40915809e-05)
(-3.97580799e-05,-5.33433933e-05)
(-3.91021234e-05,-5.24904140e-05)
(-3.83684159e-05,-5.15343378e-05)
(-3.75584039e-05,-5.04770640e-05)
(-3.66736842e-05,-4.93206914e-05)
(-3.57160010e-05,-4.80675153e-05)
(-3.46872418e-05,-4.67200221e-05)
(-3.35894343e-05,-4.52808850e-05)
(-3.24247419e-05,-4.37529581e-05)
(-3.11954597e-05,-4.21392713e-05)
(-2.99040101e-05,-4.04430241e-05)
(-2.85529376e-05,-3.86675790e-05)
(-2.71449041e-05,-3.68164554e-05)
(-2.56826837e-05,-3.48933220e-05)
(-2.41691568e-05,-3.29019900e-05)
(-2.26073050e-05,-3.08464054e-05)
(-2.10002048e-05,-2.87306411e-05)
(-1.93510217e-05,-2.65588891e-05)
(-1.76630040e-05,-2.43354516e-05)
(-1.59394763e-05,-2.20647333e-05)
(-1.41838332e-05,-1.97512320e-05)
(-1.23995321e-05,-1.73995301e-05)
(-1.05900871e-05,-1.50142853e-05)
(-8.75906155e-06,-1.26002214e-05)
(-6.91006123e-06,-1.01621191e-05)
(-5.04672729e-06,-7.70480632e-06)
(-3.17272907e-06,-5.23314883e-06)
(-1.29175687e-06,-2.75204046e-06)
( 5.92485269e-07,-2.66393471e-07)
( 2.47628687e-06, 2.21887114e-06)
( 4.35593830e-06, 4.69883344e-06)
( 6.22773802e-06, 7.16858426e-06)
( 8.08799991e-06, 9.62323494e-06)
( 9.93306047e-06, 1.20579270e-05)
( 1.17592860e-05, 1.44678417e-05)
( 1.35630798e-05, 1.68482098e-05)
( 1.53408890e-05, 1.91943206e-05)
( 1.70892121e-05, 2.15015317e-05)
( 1.88046050e-05, 2.37652778e-05)
( 2.04836884e-05, 2.59810800e-05)
( 2.21231543e-05, 2.81445547e-05)
( 2.37197725e-05, 3.02514218e-05)
( 2.52703965e-05, 3.22975138e-05)
( 2.67719704e-05, 3.42787837e-05)
( 2.82215344e-05, 3.61913128e-05)
( 2.96162307e-05, 3.80313191e-05)
( 3.09533093e-05, 3.97951640e-05)
( 3.22301329e-05, 4.14793599e-05)
( 3.34441829e-05, 4.30805772e-05)
( 3.45930634e-05, 4.45956506e-05)
( 3.56745066e-05, 4.60215854e-05)
( 3.66863770e-05, 4.73555634e-05)
( 3.76266755e-05, 4.85949488e-05)
( 3.84935435e-05, 4.97372928e-05)
( 3.92852664e-05, 5.07803388e-05)
( 4.00002771e-05, 5.17220270e-05)
( 4.06371590e-05, 5.25604977e-05)
( 4.11946488e-05, 5.32940961e-05)
( 4.16716390e-05, 5.39213744e-05)
( 4.20671801e-05, 5.44410955e-05)
( 4.23804823e-05, 5.48522348e-05)
( 4.26109173e-05, 5.51539827e-05)
( 4.27580195e-05, 5.53457458e-05)
( 4.28214868e-05, 5.54271482e-05)
( 4.28011812e-05, 5.53980322e-05)
( 4.26971293e-05, 5.52584586e-05)
( 4.25095220e-05, 5.50087065e-05)
( 4.22387144e-05, 5.46492726e-05)
( 4.18852247e-05, 5.41808705e-05)
( 4.14497339e-05, 5.36044289e-05)
( 4.09330836e-05, 5.29210900e-05)
( 4.03362752e-05, 5.21322071e-05)
( 3.96604675e-05, 5.12393418e-05)
( 3.89069742e-05, 5.02442609e-05)
( 3.80772622e-05, 4.91489331e-05)
( 3.71729479e-05, 4.79555248e-05)
( 3.61957945e-05, 4.66663959e-05)
( 3.51477082e-05, 4.52840950e-05)
( 3.40307351e-05, 4.38113545e-05)
( 3.28470565e-05, 4.22510851e-05)
( 3.15989851e-05, 4.06063698e-05)
( 3.02889604e-05, 3.88804582e-05)
( 2.89195439e-05, 3.70767596e-05)
( 2.74934139e-05, 3.51988364e-05)
( 2.60133608e-05, 3.32503974e-05)
( 2.44822809e-05, 3.12352896e-05)
( 2.29031716e-05, 2.91574915e-05)
( 2.12791247e-05, 2.70211046e-05)
( 1.96133209e-05, 2.48303454e-05)
( 1.79090235e-05, 2.25895371e-05)
( 1.61695719e-05, 2.03031013e-05)
( 1.43983750e-05, 1.79755486e-05)
( 1.25989047e-05, 1.56114703e-05)
( 1.07746892e-05, 1.32155289e-05)
( 8.92930562e-06, 1.07924493e-05)
( 7.06637353e-06, 8.34700883e-06)
( 5.18954754e-06, 5.88402849e-06)
( 3.30251027e-06, 3.40836293e-06)
( 1.40896506e-06, 9.24891068e-07)
(-4.87371251e-07,-1.56149361e-06)
(-2.38277564e-06,-4.04589269e-06)
(-4.27352617e-06,-6.52341252e-06)
(-6.15590935e-06,-8.98917383e-06)
(-8.02622737e-06,-1.14383215e-05)
(-9.88080541e-06,-1.38660338e-05)
(-1.17159988e-05,-1.62675324e-05)
(-1.35282003e-05,-1.86380914e-05)
(-1.53138471e-05,-2.09730467e-05)
(-1.70694277e-05,-2.32678054e-05)
(-1.87914892e-05,-2.55178546e-05)
(-2.04766437e-05,-2.77187705e-05)
(-2.21215752e-05,-2.98662269e-05)
(-2.37230460e-05,-3.19560038e-05)
(-2.52779034e-05,-3.39839958e-05)
(-2.67830853e-05,-3.59462201e-05)
(-2.82356270e-05,-3.78388242e-05)
(-2.96326665e-05,-3.96580936e-05)
(-3.09714503e-05,-4.14004592e-05)
(-3.22493390e-05,-4.30625041e-05)
(-3.34638123e-05,-4.46409704e-05)
(-3.46124743e-05,-4.61327655e-05)
(-3.56930578e-05,-4.75349683e-05)
(-3.67034292e-05,-4.88448349e-05)
(-3.76415928e-05,-5.00598039e-05)
(-3.85056943e-05,-5.11775013e-05)
(-3.92940249e-05,-5.21957454e-05)
(-4.00050245e-05,-5.31125508e-05)
(-4.06372851e-05,-5.39261324e-05)
(-4.11895533e-05,-5.46349091e-05)
(-4.16607331e-05,-5.52375062e-05)
(-4.20498878e-05,-5.57327588e-05)
(-4.23562422e-05,-5.61197135e-05)
(-4.25791842e-05,-5.63976307e-05)
(-4.27182658e-05,-5.65659856e-05)
(-4.27732041e-05,-5.66244694e-05)
(-4.27438824e-05,-5.65729896e-05)
(-4.26303497e-05,-5.64116707e-05)
(-4.24328214e-05,-5.61408532e-05)
(-4.21516784e-05,-5.57610935e-05)
(-4.17874667e-05,-5.52731621e-05)
(-4.13408966e-05,-5.46780426e-05)
(-4.08128408e-05,-5.39769297e-05)
(-4.02043333e-05,-5.31712263e-05)
(-3.95165670e-05,-5.22625410e-05)
(-3.87508917e-05,-5.12526850e-05)
(-3.79088115e-05,-5.01436684e-05)
(-3.69919817e-05,-4.89376961e-05)
(-3.60022058e-05,-4.76371633e-05)
(-3.49414320e-05,-4.62446511e-05)
(-3.38117493e-05,-4.47629212e-05)
(-3.26153835e-05,-4.31949101e-05)
(-3.13546928e-05,-4.15437240e-05)
(-3.00321635e-05,-3.98126319e-05)
(-2.86504048e-05,-3.80050596e-05)
(-2.72121438e-05,-3.61245827e-05)
(-2.57202204e-05,-3.41749195e-05)
(-2.41775814e-05,-3.21599240e-05)
(-2.25872751e-05,-3.00835777e-05)
(-2.09524449e-05,-2.79499823e-05)
(-1.92763236e-05,-2.57633513e-05)
(-1.75622268e-05,-2.35280016e-05)
(-1.58135463e-05,-2.12483452e-05)
(-1.40337437e-05,-1.89288804e-05)
(-1.22263434e-05,-1.65741829e-05)
(-1.03949259e-05,-1.41888968e-05)
(-8.54312031e-06,-1.17777255e-05)
(-6.67459780e-06,-9.34542237e-06)
(-4.79306388e-06,-6.89678129e-06)
(-2.90225134e-06,-4.43662736e-06)
(-1.00591280e-06,-1.96980736e-06)
( 8.92186658e-07, 4.98819878e-07)
( 2.78827692e-06, 2.96439294e-06)
( 4.67859033e-06, 5.42205747e-06)
( 6.55936909e-06, 7.86697567e-06)
( 8.42687271e-06, 1.02943359e-05)
( 1.02773854e-05, 1.26993620e-05)
( 1.21072236e-05, 1.50773229e-05)
( 1.39127428e-05, 1.74235417e-05)
( 1.56903454e-05, 1.97334051e-05)
( 1.74364874e-05, 2.20023722e-05)
( 1.91476855e-05, 2.42259837e-05)
( 2.08205242e-05, 2.63998705e-05)
( 2.24516625e-05, 2.85197622e-05)
( 2.40378403e-05, 3.05814958e-05)
( 2.55758854e-05, 3.25810236e-05)
( 2.70627193e-05, 3.45144212e-05)
( 2.84953638e-05, 3.63778955e-05)
( 2.98709464e-05, 3.81677917e-05)
( 3.11867065e-05, 3.98806006e-05)
( 3.24400009e-05, 4.15129657e-05)
( 3.36283087e-05, 4.30616897e-05)
( 3.47492367e-05, 4.45237407e-05)
( 3.58005240e-05, 4.58962580e-05)
( 3.67800468e-05, 4.71765581e-05)
( 3.76858225e-05, 4.83621398e-05)
( 3.85160133e-05, 4.94506888e-05)
( 3.92689309e-05, 5.04400827e-05)
( 3.99430388e-05, 5.13283948e-05)
( 4.05369561e-05, 5.21138983e-05)
( 4.10494602e-05, 5.27950689e-05)
( 4.14794892e-05, 5.33705889e-05)
( 4.18261440e-05, 5.38393486e-05)
( 4.20886902e-05, 5.42004494e-05)
( 4.22665599e-05, 5.44532050e-05)
( 4.23593526e-05, 5.45971429e-05)
( 4.23668360e-05, 5.46320054e-05)
( 4.22889468e-05, 5.45577499e-05)
( 4.21257908e-05, 5.43745492e-05)
( 4.18776427e-05, 5.40827910e-05)
( 4.15449456e-05, 5.36830771e-05)
( 4.11283106e-05, 5.31762221e-05)
( 4.06285148e-05, 5.25632523e-05)
( 4.00465008e-05, 5.18454029e-05)
( 3.93833743e-05, 5.10241161e-05)
( 3.86404020e-05, 5.01010383e-05)
( 3.78190096e-05, 4.90780163e-05)
( 3.69207785e-05, 4.79570941e-05)
( 3.59474430e-05, 4.67405090e-05)
( 3.49008870e-05, 4.54306867e-05)
( 3.37831399e-05, 4.40302367e-05)
( 3.25963734e-05, 4.25419475e-05)
( 3.13428964e-05, 4.09687807e-05)
( 3.00251510e-05, 3.93138651e-05)
( 2.86457077e-05, 3.75804909e-05)
( 2.72072602e-05, 3.57721030e-05)
( 2.57126198e-05, 3.38922943e-05)
( 2.41647107e-05, 3.19447984e-05)
( 2.25665635e-05, 2.99334825e-05)
( 2.09213094e-05, 2.78623397e-05)
( 1.92321742e-05, 2.57354811e-05)
( 1.75024720e-05, 2.35571275e-05)
( 1.57355982e-05, 2.13316017e-05)
( 1.39350233e-05, 1.90633193e-05)
( 1.21042858e-05, 1.67567802e-05)
( 1.02469853e-05, 1.44165600e-05)
( 8.36677509e-06, 1.20473008e-05)
( 6.46735549e-06, 9.65370185e-06)
( 4.55246601e-06, 7.24051062e-06)
( 2.62587818e-06, 4.81251329e-06)
( 6.91388045e-07, 2.37452531e-06)
(-1.24719137e-06,-6.86180829e-08)
(-3.18603759e-06,-2.51207135e-06)
(-5.12132631e-06,-4.95098825e-06)
(-7.04923891e-06,-7.38053139e-06)
(-8.96597011e-06,-9.79588174e-06)
(-1.08677354e-05,-1.21922481e-05)
(-1.27507788e-05,-1.45648767e-05)
(-1.46113799e-05,-1.69090604e-05)
(-1.64458617e-05,-1.92201480e-05)
(-1.82505976e-05,-2.14935535e-05)
(-2.00220186e-05,-2.37247651e-05)
(-2.17566207e-05,-2.59093540e-05)
(-2.34509715e-05,-2.80429835e-05)
(-2.51017173e-05,-3.01214170e-05)
(-2.67055895e-05,-3.21405267e-05)
(-2.82594113e-05,-3.40963019e-05)
(-2.97601040e-05,-3.59848565e-05)
(-3.12046930e-05,-3.78024369e-05)
(-3.25903139e-05,-3.95454296e-05)
(-3.39142179e-05,-4.12103679e-05)
(-3.51737777e-05,-4.27939391e-05)
(-3.63664923e-05,-4.42929909e-05)
(-3.74899924e-05,-4.57045375e-05)
(-3.85420447e-05,-4.70257659e-05)
(-3.95205565e-05,-4.82540411e-05)
(-4.04235802e-05,-4.93869113e-05)
(-4.12493166e-05,-5.04221130e-05)
(-4.19961189e-05,-5.13575753e-05)
(-4.26624959e-05,-5.21914240e-05)
(-4.32471149e-05,-5.29219854e-05)
(-4.37488044e-05,-5.35477895e-05)
(-4.41665564e-05,-5.40675731e-05)
(-4.44995285e-05,-5.44802820e-05)
(-4.47470457e-05,-5.47850734e-05)
(-4.49086014e-05,-5.49813172e-05)
(-4.49838587e-05,-5.50685979e-05)
(-4.49726511e-05,-5.50467146e-05)
(-4.48749825e-05,-5.49156822e-05)
(-4.46910277e-05,-5.46757307e-05)
(-4.44211318e-05,-5.43273053e-05)
(-4.40658095e-05,-5.38710651e-05)
(-4.36257441e-05,-5.33078822e-05)
(-4.31017864e-05,-5.26388396e-05)
(-4.24949526e-05,-5.18652295e-05)
(-4.18064227e-05,-5.09885502e-05)
(-4.10375379e-05,-5.00105038e-05)
(-4.01897981e-05,-4.89329923e-05)
(-3.92648590e-05,-4.77581141e-05)
(-3.82645284e-05,-4.64881599e-05)
(-3.71907633e-05,-4.51256080e-05)
(-3.60456655e-05,-4.36731195e-05)
(-3.48314775e-05,-4.21335333e-05)
(-3.35505784e-05,-4.05098600e-05)
(-3.22054788e-05,-3.88052763e-05)
(-3.07988161e-05,-3.70231186e-05)
(-2.93333491e-05,-3.51668766e-05)
(-2.78119528e-05,-3.32401861e-05)
(-2.62376122e-05,-3.12468220e-05)
(-2.46134171e-05,-2.91906908e-05)
(-2.29425552e-05,-2.70758231e-05)
(-2.12283066e-05,-2.49063652e-05)
(-1.94740366e-05,-2.26865711e-05)
(-1.76831895e-05,-2.04207944e-05)
(-1.58592815e-05,-1.81134792e-05)
(-1.40058941e-05,-1.57691516e-05)
(-1.21266666e-05,-1.33924108e-05)
(-1.02252891e-05,-1.09879196e-05)
(-8.30549519e-06,-8.56039585e-06)
(-6.37105458e-06,-6.11460249e-06)
(-4.42576562e-06,-3.65533850e-06)
(-2.47344779e-06,-1.18742927e-06)
(-5.17934111e-07, 1.28428287e-06)
( 1.43693636e-06, 3.75494832e-06)
( 3.38732618e-06, 6.21971969e-06)
( 5.32940708e-06, 8.67376147e-06)
( 7.25936756e-06, 1.11122596e-05)
( 9.17342036e-06, 1.35304308e-05)
( 1.10678100e-05, 1.59235323e-05)
( 1.29388203e-05, 1.82868711e-05)
( 1.47827813e-05, 2.06158132e-05)
( 1.65960772e-05, 2.29057929e-05)
( 1.83751529e-05, 2.51523215e-05)
( 2.01165212e-05, 2.73509966e-05)
( 2.18167698e-05, 2.94975106e-05)
( 2.34725680e-05, 3.15876591e-05)
( 2.50806731e-05, 3.36173494e-05)
( 2.66379370e-05, 3.55826085e-05)
( 2.81413125e-05, 3.74795909e-05)
( 2.95878588e-05, 3.93045863e-05)
( 3.09747479e-05, 4.10540269e-05)
( 3.22992698e-05, 4.27244944e-05)
( 3.35588382e-05, 4.43127267e-05)
( 3.47509951e-05, 4.58156243e-05)
( 3.58734159e-05, 4.72302568e-05)
( 3.69239142e-05, 4.85538681e-05)
( 3.79004458e-05, 4.97838822e-05)
( 3.88011127e-05, 5.09179082e-05)
( 3.96241671e-05, 5.19537449e-05)
( 4.03680146e-05, 5.28893852e-05)
( 4.10312175e-05, 5.37230202e-05)
( 4.16124975e-05, 5.44530423e-05)
( 4.21107382e-05, 5.50780489e-05)
( 4.25249875e-05, 5.55968446e-05)
( 4.28544593e-05, 5.60084441e-05)
( 4.30985350e-05, 5.63120734e-05)
( 4.32567647e-05, 5.65071719e-05)
( 4.33288683e-05, 5.65933933e-05)
( 4.33147358e-05, 5.65706062e-05)
( 4.32144278e-05, 5.64388939e-05)
( 4.30281749e-05, 5.61985551e-05)
( 4.27563776e-05, 5.58501024e-05)
( 4.23996055e-05, 5.53942616e-05)
( 4.19585961e-05, 5.48319702e-05)
( 4.14342532e-05, 5.41643755e-05)
( 4.08276454e-05, 5.33928322e-05)
( 4.01400036e-05, 5.25188997e-05)
( 3.93727191e-05, 5.15443389e-05)
( 3.85273402e-05, 5.04711086e-05)
( 3.76055699e-05, 4.93013618e-05)
( 3.66092619e-05, 4.80374412e-05)
( 3.55404171e-05, 4.66818746e-05)
( 3.44011801e-05, 4.52373696e-05)
( 3.31938342e-05, 4.37068085e-05)
( 3.19207976e-05, 4.20932423e-05)
( 3.05846184e-05, 4.03998847e-05)
( 2.91879693e-05, 3.86301056e-05)
( 2.77336429e-05, 3.67874245e-05)
( 2.62245455e-05, 3.48755035e-05)
( 2.46636922e-05, 3.28981397e-05)
( 2.30542003e-05, 3.08592580e-05)
( 2.13992834e-05, 2.87629028e-05)
( 1.97022451e-05, 2.66132307e-05)
( 1.79664726e-05, 2.44145013e-05)
( 1.61954298e-05, 2.21710695e-05)
( 1.43926506e-05, 1.98873764e-05)
( 1.25617321e-05, 1.75679405e-05)
( 1.07063272e-05, 1.52173490e-05)
( 8.83013780e-06, 1.28402482e-05)
( 6.93690715e-06, 1.04413347e-05)
( 5.03041274e-06, 8.02534583e-06)
( 3.11445880e-06, 5.59705043e-06)
( 1.19286879e-06, 3.16123916e-06)
(-7.30522108e-07, 7.22715129e-07)
(-2.65187450e-06,-1.71371565e-06)
(-4.56735237e-06,-4.14325382e-06)
(-6.47313062e-06,-6.56111614e-06)
(-8.36540256e-06,-8.96254503e-06)
(-1.02403875e-05,-1.13428179e-05)
(-1.20943379e-05,-1.36972567e-05)
(-1.39235473e-05,-1.60212368e-05)
(-1.57243570e-05,-1.83101966e-05)
(-1.74931637e-05,-2.05596461e-05)
(-1.92264263e-05,-2.27651762e-05)
(-2.09206731e-05,-2.49224670e-05)
(-2.25725085e-05,-2.70272967e-05)
(-2.41786198e-05,-2.90755496e-05)
(-2.57357837e-05,-3.10632244e-05)
(-2.72408726e-05,-3.29864419e-05)
(-2.86908607e-05,-3.48414531e-05)
(-3.00828302e-05,-3.66246460e-05)
(-3.14139770e-05,-3.83325529e-05)
(-3.26816160e-05,-3.99618573e-05)
(-3.38831868e-05,-4.15094005e-05)
(-3.50162584e-05,-4.29721874e-05)
(-3.60785343e-05,-4.43473927e-05)
(-3.70678570e-05,-4.56323664e-05)
(-3.79822120e-05,-4.68246388e-05)
(-3.88197323e-05,-4.79219253e-05)
(-3.95787016e-05,-4.89221311e-05)
(-4.02575581e-05,-4.98233549e-05)
(-4.08548977e-05,-5.06238930e-05)
(-4.13694762e-05,-5.13222422e-05)
(-4.18002127e-05,-5.19171028e-05)
(-4.21461910e-05,-5.24073811e-05)
(-4.24066618e-05,-5.27921916e-05)
(-4.25810445e-05,-5.30708583e-05)
(-4.26689278e-05,-5.32429163e-05)
(-4.26700712e-05,-5.33081125e-05)
(-4.25844052e-05,-5.32664058e-05)
(-4.24120314e-05,-5.31179673e-05)
(-4.21532229e-05,-5.28631798e-05)
(-4.18084234e-05,-5.25026369e-05)
(-4.13782463e-05,-5.20371419e-05)
(-4.08634743e-05,-5.14677056e-05)
(-4.02650570e-05,-5.07955449e-05)
(-3.95841099e-05,-5.00220796e-05)
(-3.88219118e-05,-4.91489300e-05)
(-3.79799027e-05,-4.81779133e-05)
(-3.70596811e-05,-4.71110400e-05)
(-3.60630003e-05,-4.59505099e-05)
(-3.49917661e-05,-4.46987073e-05)
(-3.38480322e-05,-4.33581967e-05)
(-3.26339968e-05,-4.19317172e-05)
(-3.13519983e-05,-4.04221773e-05)
(-3.00045105e-05,-3.88326487e-05)
(-2.85941384e-05,-3.71663606e-05)
(-2.71236126e-05,-3.54266926e-05)
(-2.55957842e-05,-3.36171687e-05)
(-2.40136194e-05,-3.17414496e-05)
(-2.23801940e-05,-2.98033256e-05)
(-2.06986866e-05,-2.78067092e-05)
(-1.89723735e-05,-2.57556271e-05)
(-1.72046214e-05,-2.36542122e-05)
(-1.53988817e-05,-2.15066955e-05)
(-1.35586831e-05,-1.93173973e-05)
(-1.16876250e-05,-1.70907192e-05)
(-9.78937068e-06,-1.48311348e-05)
(-7.86763994e-06,-1.25431812e-05)
(-5.92620187e-06,-1.02314496e-05)
(-3.96886757e-06,-7.90057664e-06)
(-1.99948268e-06,-5.55523489e-06)
(-2.19198619e-08,-3.20012366e-06)
( 1.95992875e-06,-8.39959740e-07)
( 3.94215918e-06, 1.52053200e-06)
( 5.92086323e-06, 3.87662791e-06)
( 7.89213615e-06, 6.22361494e-06)
( 9.85208430e-06, 8.55679992e-06)
( 1.17968328e-05, 1.08715189e-05)
( 1.37225329e-05, 1.31631462e-05)
( 1.56253702e-05, 1.54271038e-05)
( 1.75015712e-05, 1.76588701e-05)
( 1.93474115e-05, 1.98539890e-05)
( 2.11592229e-05, 2.20080787e-05)
( 2.29334004e-05, 2.41168402e-05)
( 2.46664096e-05, 2.61760659e-05)
( 2.63547937e-05, 2.81816476e-05)
( 2.79951800e-05, 3.01295851e-05)
( 2.95842870e-05, 3.20159935e-05)
( 3.11189305e-05, 3.38371111e-05)
( 3.25960304e-05, 3.55893069e-05)
( 3.40126161e-05, 3.72690876e-05)
( 3.53658333e-05, 3.88731042e-05)
( 3.66529489e-05, 4.03981589e-05)
( 3.78713571e-05, 4.18412113e-05)
( 3.90185840e-05, 4.31993844e-05)
( 4.00922929e-05, 4.44699697e-05)
( 4.10902892e-05, 4.56504334e-05)
( 4.20105243e-05, 4.67384206e-05)
( 4.28511001e-05, 4.77317601e-05)
( 4.36102728e-05, 4.86284687e-05)
( 4.42864563e-05, 4.94267550e-05)
( 4.48782255e-05, 5.01250230e-05)
( 4.53843195e-05, 5.07218749e-05)
( 4.58036438e-05, 5.12161140e-05)
( 4.61352726e-05, 5.16067471e-05)
( 4.63784513e-05, 5.18929860e-05)
( 4.65325974e-05, 5.20742495e-05)
( 4.65973023e-05, 5.21501642e-05)
( 4.65723321e-05, 5.21205650e-05)
( 4.64576279e-05, 5.19854960e-05)
( 4.62533068e-05, 5.17452096e-05)
( 4.59596610e-05, 5.14001664e-05)
( 4.55771578e-05, 5.09510342e-05)
( 4.51064389e-05, 5.03986866e-05)
( 4.45483189e-05, 4.97442011e-05)
( 4.39037845e-05, 4.89888571e-05)
( 4.31739919e-05, 4.81341332e-05)
( 4.23602652e-05, 4.71817045e-05)
( 4.14640940e-05, 4.61334389e-05)
( 4.04871303e-05, 4.49913936e-05)
( 3.94311855e-05, 4.37578111e-05)
( 3.82982269e-05, 4.24351146e-05)
( 3.70903745e-05, 4.10259030e-05)
( 3.58098960e-05, 3.95329463e-05)
( 3.44592033e-05, 3.79591797e-05)
( 3.30408477e-05, 3.63076979e-05)
( 3.15575147e-05, 3.45817489e-05)
( 3.00120190e-05, 3.27847279e-05)
( 2.84072992e-05, 3.09201702e-05)
( 2.67464121e-05, 2.89917446e-05)
( 2.50325266e-05, 2.70032459e-05)
( 2.32689178e-05, 2.49585875e-05)
( 2.14589605e-05, 2.28617938e-05)
( 1.96061227e-05, 2.07169922e-05)
( 1.77139587e-05, 1.85284050e-05)
( 1.57861026e-05, 1.63003409e-05)
( 1.38262608e-05, 1.40371870e-05)
( 1.18382050e-05, 1.17433997e-05)
( 9.82576461e-06, 9.42349625e-06)
( 7.79281963e-06, 7.08204566e-06)
( 5.74329270e-06, 4.72365992e-06)
( 3.68114161e-06, 2.35298485e-06)
( 1.61035151e-06,-2.53090289e-08)
(-4.65072923e-07,-2.40653562e-06)
(-2.54111536e-06,-4.78600245e-06)
(-4.61375566e-06,-7.15901990e-06)
(-6.67897785e-06,-9.52091037e-06)
(-8.73277796e-06,-1.18670175e-05)
(-1.07711719e-05,-1.41927151e-05)
(-1.27902036e-05,-1.64934167e-05)
(-1.47859521e-05,-1.87645840e-05)
(-1.67545402e-05,-2.10017359e-05)
(-1.86921415e-05,-2.32004575e-05)
(-2.05949882e-05,-2.53564087e-05)
(-2.24593785e-05,-2.74653325e-05)
(-2.42816838e-05,-2.95230633e-05)
(-2.60583564e-05,-3.15255356e-05)
(-2.77859359e-05,-3.34687913e-05)
(-2.94610564e-05,-3.53489877e-05)
(-3.10804531e-05,-3.71624052e-05)
(-3.26409691e-05,-3.89054544e-05)
(-3.41395610e-05,-4.05746832e-05)
(-3.55733058e-05,-4.21667833e-05)
(-3.69394062e-05,-4.36785972e-05)
(-3.82351962e-05,-4.51071240e-05)
(-3.94581467e-05,-4.64495253e-05)
(-4.06058703e-05,-4.77031308e-05)
(-4.16761263e-05,-4.88654436e-05)
(-4.26668250e-05,-4.99341451e-05)
(-4.35760322e-05,-5.09070994e-05)
(-4.44019727e-05,-5.17823575e-05)
(-4.51430341e-05,-5.25581614e-05)
(-4.57977702e-05,-5.32329472e-05)
(-4.63649037e-05,-5.38053481e-05)
(-4.68433288e-05,-5.42741977e-05)
(-4.72321138e-05,-5.46385314e-05)
(-4.75305026e-05,-5.48975892e-05)
(-4.77379164e-05,-5.50508163e-05)
(-4.78539551e-05,-5.50978649e-05)
(-4.78783980e-05,-5.50385946e-05)
(-4.78112043e-05,-5.48730727e-05)
(-4.76525134e-05,-5.46015740e-05)
(-4.74026445e-05,-5.42245804e-05)
(-4.70620962e-05,-5.37427800e-05)
(-4.66315455e-05,-5.31570655e-05)
(-4.61118464e-05,-5.24685327e-05)
(-4.55040287e-05,-5.16784783e-05)
(-4.48092955e-05,-5.07883975e-05)
(-4.40290211e-05,-4.97999807e-05)
(-4.31647487e-05,-4.87151107e-05)
(-4.22181865e-05,-4.75358584e-05)
(-4.11912053e-05,-4.62644796e-05)
(-4.00858343e-05,-4.49034098e-05)
(-3.89042573e-05,-4.34552599e-05)
(-3.76488084e-05,-4.19228107e-05)
(-3.63219674e-05,-4.03090082e-05)
(-3.49263549e-05,-3.86169568e-05)
(-3.34647271e-05,-3.68499142e-05)
(-3.19399705e-05,-3.50112845e-05)
(-3.03550961e-05,-3.31046116e-05)
(-2.87132335e-05,-3.11335724e-05)
(-2.70176247e-05,-2.91019695e-05)
(-2.52716176e-05,-2.70137238e-05)
(-2.34786594e-05,-2.48728668e-05)
(-2.16422901e-05,-2.26835330e-05)
(-1.97661350e-05,-2.04499511e-05)
(-1.78538977e-05,-1.81764365e-05)
(-1.59093528e-05,-1.58673824e-05)
(-1.39363384e-05,-1.35272515e-05)
(-1.19387486e-05,-1.11605668e-05)
(-9.92052545e-06,-8.77190323e-06)
(-7.88565137e-06,-6.36587853e-06)
(-5.83814118e-06,-3.94714409e-06)
(-3.78203411e-06,-1.52037598e-06)
(-1.72138577e-06, 9.09734302e-07)
( 3.39739926e-07, 3.33848892e-06)
( 2.39727884e-06, 5.76119297e-06)
( 4.44717467e-06, 8.17316367e-06)
( 6.48538708e-06, 1.05697395e-05)
( 8.50789967e-06, 1.29462893e-05)
( 1.05107280e-05, 1.52982216e-05)
( 1.24899277e-05, 1.76209931e-05)
( 1.44416018e-05, 1.99101180e-05)
( 1.63619093e-05, 2.21611768e-05)
( 1.82470720e-05, 2.43698247e-05)
( 2.00933826e-05, 2.65318002e-05)
( 2.18972119e-05, 2.86429336e-05)
( 2.36550159e-05, 3.06991548e-05)
( 2.53633430e-05, 3.26965017e-05)
( 2.70188410e-05, 3.46311278e-05)
( 2.86182635e-05, 3.64993097e-05)
( 3.01584766e-05, 3.82974542e-05)
( 3.16364649e-05, 4.00221057e-05)
( 3.30493379e-05, 4.16699528e-05)
( 3.43943353e-05, 4.32378346e-05)
( 3.56688328e-05, 4.47227473e-05)
( 3.68703473e-05, 4.61218496e-05)
( 3.79965418e-05, 4.74324685e-05)
( 3.90452299e-05, 4.86521046e-05)
( 4.00143804e-05, 4.97784369e-05)
( 4.09021213e-05, 5.08093270e-05)
( 4.17067433e-05, 5.17428239e-05)
( 4.24267035e-05, 5.25771673e-05)
( 4.30606283e-05, 5.33107911e-05)
( 4.36073161e-05, 5.39423268e-05)
( 4.40657398e-05, 5.44706056e-05)
( 4.44350486e-05, 5.48946609e-05)
( 4.47145701e-05, 5.52137304e-05)
( 4.49038112e-05, 5.54272571e-05)
( 4.50024593e-05, 5.55348906e-05)
( 4.50103828e-05, 5.55364878e-05)
( 4.49276314e-05, 5.54321128e-05)
( 4.47544359e-05, 5.52220373e-05)
( 4.44912079e-05, 5.49067392e-05)
( 4.41385387e-05, 5.44869024e-05)
( 4.36971983e-05, 5.39634149e-05)
( 4.31681337e-05, 5.33373671e-05)
( 4.25524673e-05, 5.26100496e-05)
( 4.18514940e-05, 5.17829507e-05)
( 4.10666792e-05, 5.08577531e-05)
( 4.01996557e-05, 4.98363308e-05)
( 3.92522200e-05, 4.87207455e-05)
( 3.82263295e-05, 4.75132418e-05)
( 3.71240977e-05, 4.62162434e-05)
( 3.59477906e-05, 4.48323479e-05)
( 3.46998217e-05, 4.33643217e-05)
( 3.33827475e-05, 4.18150944e-05)
( 3.19992621e-05, 4.01877531e-05)
( 3.05521922e-05, 3.84855360e-05)
( 2.90444908e-05, 3.67118261e-05)
( 2.74792318e-05, 3.48701447e-05)
( 2.58596038e-05, 3.29641438e-05)
( 2.41889035e-05, 3.09975994e-05)
( 2.24705291e-05, 2.89744035e-05)
( 2.07079737e-05, 2.68985567e-05)
( 1.89048183e-05, 2.47741601e-05)
( 1.70647242e-05, 2.26054073e-05)
( 1.51914263e-05, 2.03965757e-05)
( 1.32887253e-05, 1.81520183e-05)
( 1.13604801e-05, 1.58761551e-05)
( 9.41060001e-06, 1.35734639e-05)
( 7.44303721e-06, 1.12484720e-05)
( 5.46177861e-06, 8.90574676e-06)
( 3.47083795e-06, 6.54988658e-06)
( 1.47424781e-06, 4.18551201e-06)
(-5.23948494e-07, 1.81725639e-06)
(-2.51970494e-06,-5.50243277e-07)
(-4.50898092e-06,-2.91235552e-06)
(-6.48774927e-06,-5.26446358e-06)
(-8.45200436e-06,-7.60197455e-06)
(-1.03977700e-05,-9.92032849e-06)
(-1.23211076e-05,-1.22150074e-05)
(-1.42181236e-05,-1.44815442e-05)
(-1.60849777e-05,-1.67155315e-05)
(-1.79178903e-05,-1.89126305e-05)
(-1.97131501e-05,-2.10685792e-05)
(-2.14671214e-05,-2.31792011e-05)
(-2.31762515e-05,-2.52404133e-05)
(-2.48370776e-05,-2.72482348e-05)
(-2.64462338e-05,-2.91987939e-05)
(-2.80004581e-05,-3.10883361e-05)
(-2.94965984e-05,-3.29132313e-05)
(-3.09316190e-05,-3.46699814e-05)
(-3.23026068e-05,-3.63552263e-05)
(-3.36067769e-05,-3.79657512e-05)
(-3.48414784e-05,-3.94984929e-05)
(-3.60041993e-05,-4.09505450e-05)
(-3.70925719e-05,-4.23191644e-05)
(-3.81043773e-05,-4.36017764e-05)
(-3.90375500e-05,-4.47959792e-05)
(-3.98901818e-05,-4.58995494e-05)
(-4.06605258e-05,-4.69104456e-05)
(-4.13469998e-05,-4.78268123e-05)
(-4.19481896e-05,-4.86469841e-05)
(-4.24628516e-05,-4.93694880e-05)
(-4.28899155e-05,-4.99930471e-05)
(-4.32284863e-05,-5.05165818e-05)
(-4.34778464e-05,-5.09392131e-05)
(-4.36374566e-05,-5.12602631e-05)
(-4.37069576e-05,-5.14792568e-05)
(-4.36861704e-05,-5.15959224e-05)
(-4.35750971e-05,-5.16101923e-05)
(-4.33739206e-05,-5.15222023e-05)
(-4.30830045e-05,-5.13322916e-05)
(-4.27028920e-05,-5.10410021e-05)
(-4.22343054e-05,-5.06490764e-05)
(-4.16781446e-05,-5.01574571e-05)
(-4.10354848e-05,-4.95672837e-05)
(-4.03075752e-05,-4.88798911e-05)
(-3.94958361e-05,-4.80968060e-05)
(-3.86018562e-05,-4.72197442e-05)
(-3.76273895e-05,-4.62506066e-05)
(-3.65743520e-05,-4.51914753e-05)
(-3.54448179e-05,-4.40446096e-05)
(-3.42410152e-05,-4.28124407e-05)
(-3.29653220e-05,-4.14975674e-05)
(-3.16202613e-05,-4.01027499e-05)
(-3.02084961e-05,-3.86309050e-05)
(-2.87328246e-05,-3.70850994e-05)
(-2.71961741e-05,-3.54685438e-05)
(-2.56015958e-05,-3.37845860e-05)
(-2.39522585e-05,-3.20367046e-05)
(-2.22514423e-05,-3.02285014e-05)
(-2.05025326e-05,-2.83636942e-05)
(-1.87090130e-05,-2.64461095e-05)
(-1.68744587e-05,-2.44796742e-05)
(-1.50025291e-05,-2.24684082e-05)
(-1.30969614e-05,-2.04164160e-05)
(-1.11615623e-05,-1.83278783e-05)
(-9.20020126e-06,-1.62070436e-05)
(-7.21680239e-06,-1.40582198e-05)
(-5.21533703e-06,-1.18857653e-05)
(-3.19981581e-06,-9.69408043e-06)
(-1.17428076e-06,-7.48759825e-06)
( 8.57202641e-07,-5.27077601e-06)
( 2.89055346e-06,-3.04808599e-06)
( 4.92168340e-06,-8.24006575e-07)
( 6.94650480e-06, 1.39698672e-06)
( 8.96093876e-06, 3.61043023e-06)
( 1.09609232e-05, 5.81188103e-06)
( 1.29424207e-05, 7.99692586e-06)
( 1.49014267e-05, 1.01611899e-05)
( 1.68339775e-05, 1.23003455e-05)
( 1.87361578e-05, 1.44101208e-05)
( 2.06041085e-05, 1.64863082e-05)
( 2.24340345e-05, 1.85247729e-05)
( 2.42222123e-05, 2.05214607e-05)
( 2.59649971e-05, 2.24724065e-05)
( 2.76588302e-05, 2.43737419e-05)
( 2.93002460e-05, 2.62217029e-05)
( 3.08858791e-05, 2.80126371e-05)
( 3.24124708e-05, 2.97430113e-05)
( 3.38768757e-05, 3.14094184e-05)
( 3.52760678e-05, 3.30085835e-05)
( 3.66071469e-05, 3.45373712e-05)
( 3.78673440e-05, 3.59927911e-05)
( 3.90540272e-05, 3.73720038e-05)
( 4.01647070e-05, 3.86723265e-05)
( 4.11970410e-05, 3.98912381e-05)
( 4.21488390e-05, 4.10263842e-05)
( 4.30180672e-05, 4.20755815e-05)
( 4.38028524e-05, 4.30368222e-05)
( 4.45014860e-05, 4.39082774e-05)
( 4.51124274e-05, 4.46883011e-05)
( 4.56343072e-05, 4.53754330e-05)
( 4.60659300e-05, 4.59684012e-05)
( 4.64062770e-05, 4.64661248e-05)
( 4.66545084e-05, 4.68677155e-05)
( 4.68099647e-05, 4.71724794e-05)
( 4.68721687e-05, 4.73799183e-05)
( 4.68408265e-05, 4.74897302e-05)
( 4.67158283e-05, 4.75018099e-05)
( 4.64972485e-05, 4.74162488e-05)
( 4.61853464e-05, 4.72333349e-05)
( 4.57805653e-05, 4.69535516e-05)
( 4.52835321e-05, 4.65775767e-05)
( 4.46950565e-05, 4.61062811e-05)
( 4.40161294e-05, 4.55407263e-05)
( 4.32479209e-05, 4.48821625e-05)
( 4.23917790e-05, 4.41320259e-05)
( 4.14492265e-05, 4.32919354e-05)
( 4.04219584e-05, 4.23636894e-05)
( 3.93118392e-05, 4.13492621e-05)
( 3.81208988e-05, 4.02507989e-05)
( 3.68513293e-05, 3.90706125e-05)
( 3.55054807e-05, 3.78111779e-05)
( 3.40858566e-05, 3.64751271e-05)
( 3.25951094e-05, 3.50652441e-05)
( 3.10360354e-05, 3.35844588e-05)
( 2.94115694e-05, 3.20358412e-05)
( 2.77247796e-05, 3.04225952e-05)
( 2.59788610e-05, 2.87480518e-05)
( 2.41771301e-05, 2.70156627e-05)
( 2.23230183e-05, 2.52289930e-05)
( 2.04200652e-05, 2.33917142e-05)
( 1.84719121e-05, 2.15075963e-05)
( 1.64822948e-05, 1.95805011e-05)
( 1.44550368e-05, 1.76143733e-05)
( 1.23940416e-05, 1.56132336e-05)
( 1.03032852e-05, 1.35811698e-05)
( 8.18680888e-06, 1.15223291e-05)
( 6.04871090e-06, 9.44090928e-06)
( 3.89313890e-06, 7.34115097e-06)
( 1.72428174e-06, 5.22732856e-06)
(-4.53638531e-07, 3.10374191e-06)
(-2.63637492e-06, 9.74707736e-07)
(-4.81966369e-06,-1.15544906e-06)
(-6.99923269e-06,-3.28240399e-06)
(-9.17080963e-06,-5.40184156e-06)
(-1.13301305e-05,-7.50946393e-06)
(-1.34729476e-05,-9.60099943e-06)
(-1.55950385e-05,-1.16722110e-05)
(-1.76922136e-05,-1.37189048e-05)
(-1.97603246e-05,-1.57369382e-05)
(-2.17952730e-05,-1.77222283e-05)
(-2.37930174e-05,-1.96707599e-05)
(-2.57495825e-05,-2.15785933e-05)
(-2.76610660e-05,-2.34418724e-05)
(-2.95236468e-05,-2.52568321e-05)
(-3.13335925e-05,-2.70198057e-05)
(-3.30872669e-05,-2.87272325e-05)
(-3.47811370e-05,-3.03756641e-05)
(-3.64117805e-05,-3.19617720e-05)
(-3.79758920e-05,-3.34823537e-05)
(-3.94702903e-05,-3.49343389e-05)
(-4.08919242e-05,-3.63147959e-05)
(-4.22378792e-05,-3.76209370e-05)
(-4.35053831e-05,-3.88501244e-05)
(-4.46918117e-05,-3.99998747e-05)
(-4.57946941e-05,-4.10678645e-05)
(-4.68117179e-05,-4.20519344e-05)
(-4.77407337e-05,-4.29500934e-05)
(-4.85797601e-05,-4.37605229e-05)
(-4.93269872e-05,-4.44815801e-05)
(-4.99807809e-05,-4.51118011e-05)
(-5.05396858e-05,-4.56499040e-05)
(-5.10024293e-05,-4.60947910e-05)
(-5.13679232e-05,-4.64455511e-05)
(-5.16352671e-05,-4.67014611e-05)
(-5.18037499e-05,-4.68619877e-05)
(-5.18728518e-05,-4.69267879e-05)
(-5.18422455e-05,-4.68957100e-05)
(-5.17117969e-05,-4.67687938e-05)
(-5.14815663e-05,-4.65462705e-05)
(-5.11518081e-05,-4.62285617e-05)
(-5.07229706e-05,-4.58162795e-05)
(-5.01956960e-05,-4.53102244e-05)
(-4.95708187e-05,-4.47113839e-05)
(-4.88493645e-05,-4.40209308e-05)
(-4.80325488e-05,-4.32402207e-05)
(-4.71217745e-05,-4.23707890e-05)
(-4.61186296e-05,-4.14143483e-05)
(-4.50248843e-05,-4.03727848e-05)
(-4.38424881e-05,-3.92481545e-05)
(-4.25735658e-05,-3.80426792e-05)
(-4.12204142e-05,-3.67587422e-05)
(-3.97854976e-05,-3.53988834e-05)
(-3.82714432e-05,-3.39657943e-05)
(-3.66810364e-05,-3.24623130e-05)
(-3.50172157e-05,-3.08914182e-05)
(-3.32830666e-05,-2.92562235e-05)
(-3.14818168e-05,-2.75599714e-05)
(-2.96168291e-05,-2.58060266e-05)
(-2.76915959e-05,-2.39978698e-05)
(-2.57097319e-05,-2.21390903e-05)
(-2.36749679e-05,-2.02333795e-05)
(-2.15911428e-05,-1.82845234e-05)
(-1.94621974e-05,-1.62963949e-05)
(-1.72921657e-05,-1.42729468e-05)
(-1.50851681e-05,-1.22182033e-05)
(-1.28454030e-05,-1.01362526e-05)
(-1.05771386e-05,-8.03123875e-06)
(-8.28470515e-06,-5.90735347e-06)
(-5.97248616e-06,-3.76882785e-06)
(-3.64491005e-06,-1.61992413e-06)
(-1.30644158e-06, 5.35072752e-07)
( 1.03842685e-06, 2.69186352e-06)
( 3.38518396e-06, 4.84614304e-06)
( 5.72930835e-06, 6.99360882e-06)
( 8.06627735e-06, 9.12996941e-06)
( 1.03915758e-05, 1.12509529e-05)
( 1.27007051e-05, 1.33523153e-05)
( 1.49891918e-05, 1.54298490e-05)
( 1.72525963e-05, 1.74793907e-05)
( 1.94865220e-05, 1.94968302e-05)
( 2.16866236e-05, 2.14781178e-05)
( 2.38486158e-05, 2.34192731e-05)
( 2.59682818e-05, 2.53163921e-05)
( 2.80414815e-05, 2.71656553e-05)
( 3.00641598e-05, 2.89633352e-05)
( 3.20323548e-05, 3.07058036e-05)
( 3.39422054e-05, 3.23895388e-05)
( 3.57899590e-05, 3.40111326e-05)
( 3.75719793e-05, 3.55672972e-05)
( 3.92847533e-05, 3.70548714e-05)
( 4.09248984e-05, 3.84708269e-05)
( 4.24891692e-05, 3.98122750e-05)
( 4.39744638e-05, 4.10764712e-05)
( 4.53778306e-05, 4.22608218e-05)
( 4.66964735e-05, 4.33628884e-05)
( 4.79277583e-05, 4.43803929e-05)
( 4.90692176e-05, 4.53112224e-05)
( 5.01185558e-05, 4.61534329e-05)
( 5.10736541e-05, 4.69052539e-05)
( 5.19325745e-05, 4.75650915e-05)
( 5.26935642e-05, 4.81315316e-05)
( 5.33550587e-05, 4.86033433e-05)
( 5.39156855e-05, 4.89794810e-05)
( 5.43742669e-05, 4.92590868e-05)
( 5.47298223e-05, 4.94414922e-05)
( 5.49815706e-05, 4.95262197e-05)
( 5.51289317e-05, 4.95129837e-05)
( 5.51715279e-05, 4.94016913e-05)
( 5.51091849e-05, 4.91924429e-05)
( 5.49419323e-05, 4.88855317e-05)
( 5.46700035e-05, 4.84814434e-05)
( 5.42938360e-05, 4.79808556e-05)
( 5.38140701e-05, 4.73846367e-05)
( 5.32315479e-05, 4.66938440e-05)
( 5.25473122e-05, 4.59097218e-05)
( 5.17626044e-05, 4.50336997e-05)
( 5.08788620e-05, 4.40673891e-05)
( 4.98977164e-05, 4.30125810e-05)
( 4.88209893e-05, 4.18712421e-05)
( 4.76506898e-05, 4.06455112e-05)
( 4.63890100e-05, 3.93376955e-05)
( 4.50383214e-05, 3.79502657e-05)
( 4.36011701e-05, 3.64858518e-05)
( 4.20802719e-05, 3.49472375e-05)
( 4.04785069e-05, 3.33373557e-05)
( 3.87989144e-05, 3.16592820e-05)
( 3.70446867e-05, 2.99162294e-05)
( 3.52191629e-05, 2.81115419e-05)
( 3.33258226e-05, 2.62486881e-05)
( 3.13682791e-05, 2.43312546e-05)
( 2.93502721e-05, 2.23629386e-05)
( 2.72756608e-05, 2.03475417e-05)
( 2.51484163e-05, 1.82889614e-05)
( 2.29726135e-05, 1.61911846e-05)
( 2.07524235e-05, 1.40582790e-05)
( 1.84921056e-05, 1.18943857e-05)
( 1.61959983e-05, 9.70371107e-06)
( 1.38685116e-05, 7.49051838e-06)
( 1.15141175e-05, 5.25911962e-06)
( 9.13734228e-06, 3.01386709e-06)
( 6.74275659e-06, 7.59144812e-07)
( 4.33496717e-06,-1.50063997e-06)
( 1.91860751e-06,-3.76106548e-06)
(-5.01671145e-07,-6.01770402e-06)
(-2.92120898e-06,-8.26613073e-06)
(-5.33534675e-06,-1.05019322e-05)
(-7.73943491e-06,-1.27207153e-05)
(-1.01288428e-05,-1.49181156e-05)
(-1.24989677e-05,-1.70898062e-05)
(-1.48452439e-05,-1.92315060e-05)
(-1.71631517e-05,-2.13389886e-05)
(-1.94482263e-05,-2.34080902e-05)
(-2.16960664e-05,-2.54347180e-05)
(-2.39023431e-05,-2.74148584e-05)
(-2.60628083e-05,-2.93445849e-05)
(-2.81733030e-05,-3.12200658e-05)
(-3.02297655e-05,-3.30375722e-05)
(-3.22282396e-05,-3.47934849e-05)
(-3.41648818e-05,-3.64843020e-05)
(-3.60359694e-05,-3.81066455e-05)
(-3.78379076e-05,-3.96572688e-05)
(-3.95672364e-05,-4.11330624e-05)
(-4.12206378e-05,-4.25310604e-05)
(-4.27949417e-05,-4.38484470e-05)
(-4.42871324e-05,-4.50825611e-05)
(-4.56943549e-05,-4.62309029e-05)
(-4.70139195e-05,-4.72911378e-05)
(-4.82433080e-05,-4.82611022e-05)
(-4.93801780e-05,-4.91388071e-05)
(-5.04223678e-05,-4.99224424e-05)
(-5.13679004e-05,-5.06103810e-05)
(-5.22149871e-05,-5.12011817e-05)
(-5.29620317e-05,-5.16935922e-05)
(-5.36076326e-05,-5.20865520e-05)
(-5.41505862e-05,-5.23791947e-05)
(-5.45898887e-05,-5.25708493e-05)
(-5.49247385e-05,-5.26610423e-05)
(-5.51545373e-05,-5.26494986e-05)
(-5.52788910e-05,-5.25361420e-05)
(-5.52976109e-05,-5.23210956e-05)
(-5.52107137e-05,-5.20046821e-05)
(-5.50184214e-05,-5.15874227e-05)
(-5.47211606e-05,-5.10700365e-05)
(-5.43195617e-05,-5.04534393e-05)
(-5.38144575e-05,-4.97387419e-05)
(-5.32068817e-05,-4.89272481e-05)
(-5.24980663e-05,-4.80204520e-05)
(-5.16894392e-05,-4.70200354e-05)
(-5.07826218e-05,-4.59278648e-05)
(-4.97794247e-05,-4.47459873e-05)
(-4.86818450e-05,-4.34766272e-05)
(-4.74920616e-05,-4.21221816e-05)
(-4.62124314e-05,-4.06852155e-05)
(-4.48454837e-05,-3.91684573e-05)
(-4.33939160e-05,-3.75747932e-05)
(-4.18605881e-05,-3.59072615e-05)
(-4.02485166e-05,-3.41690470e-05)
(-3.85608686e-05,-3.23634749e-05)
(-3.68009557e-05,-3.04940036e-05)
(-3.49722272e-05,-2.85642190e-05)
(-3.30782634e-05,-2.65778264e-05)
(-3.11227682e-05,-2.45386441e-05)
(-2.91095622e-05,-2.24505956e-05)
(-2.70425746e-05,-2.03177017e-05)
(-2.49258360e-05,-1.81440730e-05)
(-2.27634699e-05,-1.59339016e-05)
(-2.05596848e-05,-1.36914529e-05)
(-1.83187662e-05,-1.14210574e-05)
(-1.60450674e-05,-9.12710161e-06)
(-1.37430019e-05,-6.81402024e-06)
(-1.14170337e-05,-4.48628683e-06)
(-9.07166949e-06,-2.14840522e-06)
(-6.71144919e-06, 1.95099411e-07)
(-4.34093732e-06, 2.53968941e-06)
(-1.96471399e-06, 4.88082365e-06)
( 4.12634011e-07, 7.21396644e-06)
( 2.78652215e-06, 9.53459651e-06)
( 5.15237713e-06, 1.18382159e-05)
( 7.50564573e-06, 1.41203588e-05)
( 9.84180369e-06, 1.63766005e-05)
( 1.21563645e-05, 1.86025660e-05)
( 1.44448880e-05, 2.07939385e-05)
( 1.67029892e-05, 2.29464683e-05)
( 1.89263464e-05, 2.50559809e-05)
( 2.11107098e-05, 2.71183852e-05)
( 2.32519097e-05, 2.91296818e-05)
( 2.53458643e-05, 3.10859706e-05)
( 2.73885878e-05, 3.29834587e-05)
( 2.93761976e-05, 3.48184678e-05)
( 3.13049224e-05, 3.65874414e-05)
( 3.31711088e-05, 3.82869519e-05)
( 3.49712284e-05, 3.99137071e-05)
( 3.67018848e-05, 4.14645570e-05)
( 3.83598197e-05, 4.29364998e-05)
( 3.99419190e-05, 4.43266878e-05)
( 4.14452192e-05, 4.56324328e-05)
( 4.28669122e-05, 4.68512117e-05)
( 4.42043513e-05, 4.79806713e-05)
( 4.54550557e-05, 4.90186327e-05)
( 4.66167150e-05, 4.99630958e-05)
( 4.76871940e-05, 5.08122428e-05)
( 4.86645360e-05, 5.15644423e-05)
( 4.95469668e-05, 5.22182519e-05)
( 5.03328979e-05, 5.27724212e-05)
( 5.10209289e-05, 5.32258942e-05)
( 5.16098505e-05, 5.35778111e-05)
( 5.20986465e-05, 5.38275100e-05)
( 5.24864952e-05, 5.39745284e-05)
( 5.27727710e-05, 5.40186035e-05)
( 5.29570455e-05, 5.39596729e-05)
( 5.30390877e-05, 5.37978744e-05)
( 5.30188646e-05, 5.35335459e-05)
( 5.28965408e-05, 5.31672245e-05)
( 5.26724777e-05, 5.26996450e-05)
( 5.23472332e-05, 5.21317390e-05)
( 5.19215599e-05, 5.14646322e-05)
( 5.13964032e-05, 5.06996425e-05)
( 5.07729000e-05, 4.98382771e-05)
( 5.00523755e-05, 4.88822293e-05)
( 4.92363407e-05, 4.78333756e-05)
( 4.83264895e-05, 4.66937709e-05)
( 4.73246948e-05, 4.54656451e-05)
( 4.62330049e-05, 4.41513984e-05)
( 4.50536393e-05, 4.27535962e-05)
( 4.37889840e-05, 4.12749642e-05)
( 4.24415873e-05, 3.97183826e-05)
( 4.10141538e-05, 3.80868807e-05)
( 3.95095400e-05, 3.63836305e-05)
( 3.79307476e-05, 3.46119406e-05)
( 3.62809184e-05, 3.27752491e-05)
( 3.45633276e-05, 3.08771175e-05)
( 3.27813775e-05, 2.89212229e-05)
( 3.09385907e-05, 2.69113509e-05)
( 2.90386034e-05, 2.48513884e-05)
( 2.70851580e-05, 2.27453154e-05)
( 2.50820959e-05, 2.05971973e-05)
( 2.30333501e-05, 1.84111770e-05)
( 2.09429374e-05, 1.61914665e-05)
( 1.88149504e-05, 1.39423387e-05)
( 1.66535501e-05, 1.16681192e-05)
( 1.44629572e-05, 9.37317711e-06)
( 1.22474444e-05, 7.06191734e-06)
( 1.00113278e-05, 4.73877136e-06)
( 7.75895874e-06, 2.40818878e-06)
( 5.49471530e-06, 7.46286051e-08)
( 3.22299395e-06,-2.25744946e-06)
( 9.48201023e-07,-4.58359370e-06)
(-1.32525575e-06,-6.89936898e-06)
(-3.59297572e-06,-9.20036544e-06)
(-5.85057374e-06,-1.14822069e-05)
(-8.09368862e-06,-1.37405595e-05)
(-1.03179914e-05,-1.59711399e-05)
(-1.25191939e-05,-1.81697233e-05)
(-1.46930563e-05,-2.03321522e-05)
(-1.68353961e-05,-2.24543437e-05)
(-1.89420954e-05,-2.45322976e-05)
(-2.10091091e-05,-2.65621038e-05)
(-2.30324725e-05,-2.85399502e-05)
(-2.50083088e-05,-3.04621292e-05)
(-2.69328368e-05,-3.23250453e-05)
(-2.88023774e-05,-3.41252216e-05)
(-3.06133614e-05,-3.58593064e-05)
(-3.23623357e-05,-3.75240792e-05)
(-3.40459702e-05,-3.91164570e-05)
(-3.56610637e-05,-4.06334999e-05)
(-3.72045503e-05,-4.20724165e-05)
(-3.86735053e-05,-4.34305690e-05)
(-4.00651502e-05,-4.47054777e-05)
(-4.13768585e-05,-4.58948262e-05)
(-4.26061603e-05,-4.69964649e-05)
(-4.37507471e-05,-4.80084149e-05)
(-4.48084761e-05,-4.89288717e-05)
(-4.57773744e-05,-4.97562083e-05)
(-4.66556422e-05,-5.04889778e-05)
(-4.74416568e-05,-5.11259159e-05)
(-4.81339752e-05,-5.16659431e-05)
(-4.87313370e-05,-5.21081659e-05)
(-4.92326665e-05,-5.24518790e-05)
(-4.96370750e-05,-5.26965654e-05)
(-4.99438622e-05,-5.28418974e-05)
(-5.01525175e-05,-5.28877369e-05)
(-5.02627212e-05,-5.28341351e-05)
(-5.02743446e-05,-5.26813321e-05)
(-5.01874502e-05,-5.24297557e-05)
(-5.00022922e-05,-5.20800210e-05)
(-4.97193150e-05,-5.16329278e-05)
(-4.93391530e-05,-5.10894595e-05)
(-4.88626290e-05,-5.04507802e-05)
(-4.82907526e-05,-4.97182328e-05)
(-4.76247184e-05,-4.88933353e-05)
(-4.68659035e-05,-4.79777779e-05)
(-4.60158646e-05,-4.69734194e-05)
(-4.50763355e-05,-4.58822835e-05)
(-4.40492234e-05,-4.47065540e-05)
(-4.29366051e-05,-4.34485708e-05)
(-4.17407232e-05,-4.21108249e-05)
(-4.04639816e-05,-4.06959537e-05)
(-3.91089411e-05,-3.92067349e-05)
(-3.76783140e-05,-3.76460817e-05)
(-3.61749594e-05,-3.60170367e-05)
(-3.46018772e-05,-3.43227657e-05)
(-3.29622025e-05,-3.25665517e-05)
(-3.12591996e-05,-3.07517882e-05)
(-2.94962557e-05,-2.88819727e-05)
(-2.76768740e-05,-2.69606998e-05)
(-2.58046675e-05,-2.49916543e-05)
(-2.38833514e-05,-2.29786040e-05)
(-2.19167366e-05,-2.09253923e-05)
(-1.99087214e-05,-1.88359309e-05)
(-1.78632850e-05,-1.67141924e-05)
(-1.57844789e-05,-1.45642025e-05)
(-1.36764196e-05,-1.23900325e-05)
(-1.15432802e-05,-1.01957914e-05)
(-9.38928276e-06,-7.98561814e-06)
(-7.21868964e-06,-5.76367395e-06)
(-5.03579551e-06,-3.53413433e-06)
(-2.84491883e-06,-1.30118123e-06)
(-6.50393520e-07, 9.31004724e-07)
( 1.54343955e-06, 3.15825208e-06)
( 3.73224098e-06, 5.37640633e-06)
( 5.91168138e-06, 7.58133758e-06)
( 8.07744979e-06, 9.76894828e-06)
( 1.02252622e-05, 1.19351807e-05)
( 1.23508697e-05, 1.40760244e-05)
( 1.44500673e-05, 1.61875238e-05)
( 1.65187016e-05, 1.82657851e-05)
( 1.85526797e-05, 2.03069834e-05)
( 2.05479763e-05, 2.23073701e-05)
( 2.25006427e-05, 2.42632792e-05)
( 2.44068137e-05, 2.61711341e-05)
( 2.62627160e-05, 2.80274541e-05)
( 2.80646750e-05, 2.98288604e-05)
( 2.98091226e-05, 3.15720827e-05)
( 3.14926042e-05, 3.32539643e-05)
( 3.31117855e-05, 3.48714683e-05)
( 3.46634591e-05, 3.64216826e-05)
( 3.61445512e-05, 3.79018252e-05)
( 3.75521273e-05, 3.93092489e-05)
( 3.88833988e-05, 4.06414463e-05)
( 4.01357280e-05, 4.18960536e-05)
( 4.13066337e-05, 4.30708551e-05)
( 4.23937964e-05, 4.41637867e-05)
( 4.33950626e-05, 4.51729398e-05)
( 4.43084497e-05, 4.60965641e-05)
( 4.51321499e-05, 4.69330705e-05)
( 4.58645337e-05, 4.76810343e-05)
( 4.65041537e-05, 4.83391966e-05)
( 4.70497473e-05, 4.89064673e-05)
( 4.75002398e-05, 4.93819260e-05)
( 4.78547463e-05, 4.97648236e-05)
( 4.81125736e-05, 5.00545836e-05)
( 4.82732225e-05, 5.02508028e-05)
( 4.83363879e-05, 5.03532514e-05)
( 4.83019605e-05, 5.03618735e-05)
( 4.81700267e-05, 5.02767866e-05)
( 4.79408690e-05, 5.00982814e-05)
( 4.76149653e-05, 4.98268208e-05)
( 4.71929881e-05, 4.94630387e-05)
( 4.66758037e-05, 4.90077388e-05)
( 4.60644705e-05, 4.84618928e-05)
( 4.53602370e-05, 4.78266380e-05)
( 4.45645394e-05, 4.71032754e-05)
( 4.36789992e-05, 4.62932672e-05)
( 4.27054199e-05, 4.53982332e-05)
( 4.16457837e-05, 4.44199484e-05)
( 4.05022475e-05, 4.33603389e-05)
( 3.92771388e-05, 4.22214787e-05)
( 3.79729515e-05, 4.10055852e-05)
( 3.65923404e-05, 3.97150155e-05)
( 3.51381167e-05, 3.83522616e-05)
( 3.36132418e-05, 3.69199454e-05)
( 3.20208220e-05, 3.54208146e-05)
( 3.03641022e-05, 3.38577366e-05)
( 2.86464593e-05, 3.22336936e-05)
( 2.68713955e-05, 3.05517773e-05)
( 2.50425315e-05, 2.88151823e-05)
( 2.31635992e-05, 2.70272010e-05)
( 2.12384342e-05, 2.51912170e-05)
( 1.92709678e-05, 2.33106992e-05)
( 1.72652198e-05, 2.13891947e-05)
( 1.52252894e-05, 1.94303232e-05)
( 1.31553480e-05, 1.74377695e-05)
( 1.10596296e-05, 1.54152773e-05)
( 8.94242327e-06, 1.33666419e-05)
( 6.80806365e-06, 1.12957033e-05)
( 4.66092248e-06, 9.20633952e-06)
( 2.50539956e-06, 7.10245887e-06)
( 3.45913747e-07, 4.98799331e-06)
(-1.81310611e-06, 2.86689097e-06)
(-3.96723026e-06, 7.43109001e-07)
(-6.11203717e-06,-1.37939370e-06)
(-8.24312268e-06,-3.49666372e-06)
(-1.03561091e-05,-5.60476037e-06)
(-1.24466542e-05,-7.69976290e-06)
(-1.45104602e-05,-9.77777770e-06)
(-1.65432831e-05,-1.18349454e-05)
(-1.85409409e-05,-1.38674479e-05)
(-2.04993227e-05,-1.58715154e-05)
(-2.24143972e-05,-1.78434334e-05)
(-2.42822212e-05,-1.97795493e-05)
(-2.60989477e-05,-2.16762793e-05)
(-2.78608344e-05,-2.35301149e-05)
(-2.95642509e-05,-2.53376292e-05)
(-3.12056872e-05,-2.70954834e-05)
(-3.27817602e-05,-2.88004331e-05)
(-3.42892216e-05,-3.04493336e-05)
(-3.57249646e-05,-3.20391464e-05)
(-3.70860303e-05,-3.35669446e-05)
(-3.83696143e-05,-3.50299180e-05)
(-3.95730724e-05,-3.64253789e-05)
(-4.06939265e-05,-3.77507663e-05)
(-4.17298698e-05,-3.90036516e-05)
(-4.26787720e-05,-4.01817421e-05)
(-4.35386836e-05,-4.12828861e-05)
(-4.43078401e-05,-4.23050764e-05)
(-4.49846665e-05,-4.32464545e-05)
(-4.55677797e-05,-4.41053137e-05)
(-4.60559924e-05,-4.48801025e-05)
(-4.64483156e-05,-4.55694274e-05)
(-4.67439605e-05,-4.61720558e-05)
(-4.69423403e-05,-4.66869182e-05)
(-4.70430721e-05,-4.71131104e-05)
(-4.70459774e-05,-4.74498950e-05)
(-4.69510825e-05,-4.76967030e-05)
(-4.67586189e-05,-4.78531350e-05)
(-4.64690229e-05,-4.79189621e-05)
(-4.60829345e-05,-4.78941262e-05)
(-4.56011964e-05,-4.77787403e-05)
(-4.50248523e-05,-4.75730886e-05)
(-4.43551447e-05,-4.72776256e-05)
(-4.35935125e-05,-4.68929760e-05)
(-4.27415878e-05,-4.64199330e-05)
(-4.18011927e-05,-4.58594574e-05)
(-4.07743355e-05,-4.52126754e-05)
(-3.96632065e-05,-4.44808773e-05)
(-3.84701733e-05,-4.36655145e-05)
(-3.71977757e-05,-4.27681972e-05)
(-3.58487209e-05,-4.17906916e-05)
(-3.44258771e-05,-4.07349162e-05)
(-3.29322679e-05,-3.96029389e-05)
(-3.13710654e-05,-3.83969725e-05)
(-2.97455841e-05,-3.71193714e-05)
(-2.80592734e-05,-3.57726264e-05)
(-2.63157101e-05,-3.43593607e-05)
(-2.45185912e-05,-3.28823248e-05)
(-2.26717259e-05,-3.13443911e-05)
(-2.07790272e-05,-2.97485488e-05)
(-1.88445036e-05,-2.80978984e-05)
(-1.68722506e-05,-2.63956455e-05)
(-1.48664420e-05,-2.46450947e-05)
(-1.28313207e-05,-2.28496437e-05)
(-1.07711897e-05,-2.10127767e-05)
(-8.69040302e-06,-1.91380575e-05)
(-6.59335594e-06,-1.72291231e-05)
(-4.48447589e-06,-1.52896761e-05)
(-2.36821277e-06,-1.33234785e-05)
(-2.49029384e-07,-1.13343437e-05)
( 1.86860814e-06,-9.32612928e-06)
( 3.98024000e-06,-7.30272981e-06)
( 6.08142233e-06,-5.26806907e-06)
( 8.16773674e-06,-3.22609249e-06)
( 1.02347999e-05,-1.18075944e-06)
( 1.22782728e-05, 8.63964520e-07)
( 1.42938705e-05, 2.90411534e-06)
( 1.62773707e-05, 4.93573832e-06)
( 1.82246236e-05, 6.95489587e-06)
( 2.01315600e-05, 8.95767528e-06)
( 2.19942009e-05, 1.09401964e-05)
( 2.38086653e-05, 1.28986195e-05)
( 2.55711788e-05, 1.48291526e-05)
( 2.72780819e-05, 1.67280592e-05)
( 2.89258375e-05, 1.85916659e-05)
( 3.05110386e-05, 2.04163694e-05)
( 3.20304154e-05, 2.21986439e-05)
( 3.34808427e-05, 2.39350481e-05)
( 3.48593459e-05, 2.56222325e-05)
( 3.61631078e-05, 2.72569455e-05)
( 3.73894741e-05, 2.88360405e-05)
( 3.85359595e-05, 3.03564820e-05)
( 3.96002523e-05, 3.18153522e-05)
( 4.05802197e-05, 3.32098563e-05)
( 4.14739120e-05, 3.45373286e-05)
( 4.22795664e-05, 3.57952381e-05)
( 4.29956109e-05, 3.69811934e-05)
( 4.36206673e-05, 3.80929476e-05)
( 4.41535538e-05, 3.91284032e-05)
( 4.45932875e-05, 4.00856164e-05)
( 4.49390860e-05, 4.09628009e-05)
( 4.51903688e-05, 4.17583318e-05)
( 4.53467585e-05, 4.24707489e-05)
( 4.54080809e-05, 4.30987601e-05)
( 4.53743653e-05, 4.36412435e-05)
( 4.52458438e-05, 4.40972503e-05)
( 4.50229507e-05, 4.44660066e-05)
( 4.47063208e-05, 4.47469153e-05)
( 4.42967882e-05, 4.49395568e-05)
( 4.37953833e-05, 4.50436907e-05)
( 4.32033308e-05, 4.50592558e-05)
( 4.25220465e-05, 4.49863704e-05)
( 4.17531333e-05, 4.48253323e-05)
( 4.08983781e-05, 4.45766180e-05)
( 3.99597465e-05, 4.42408819e-05)
( 3.89393792e-05, 4.38189547e-05)
( 3.78395859e-05, 4.33118422e-05)
( 3.66628406e-05, 4.27207227e-05)
( 3.54117753e-05, 4.20469447e-05)
( 3.40891740e-05, 4.12920244e-05)
( 3.26979665e-05, 4.04576419e-05)
( 3.12412212e-05, 3.95456385e-05)
( 2.97221382e-05, 3.85580119e-05)
( 2.81440421e-05, 3.74969128e-05)
( 2.65103741e-05, 3.63646397e-05)
( 2.48246846e-05, 3.51636344e-05)
( 2.30906246e-05, 3.38964768e-05)
( 2.13119377e-05, 3.25658791e-05)
( 1.94924519e-05, 3.11746804e-05)
( 1.76360705e-05, 2.97258403e-05)
( 1.57467638e-05, 2.82224327e-05)
( 1.38285600e-05, 2.66676392e-05)
( 1.18855361e-05, 2.50647422e-05)
( 9.92180918e-06, 2.34171181e-05)
( 7.94152724e-06, 2.17282295e-05)
( 5.94885987e-06, 2.00016181e-05)
( 3.94798926e-06, 1.82408972e-05)
( 1.94310103e-06, 1.64497433e-05)
(-6.16248873e-08, 1.46318888e-05)
(-2.06202330e-06, 1.27911133e-05)
(-4.05395272e-06, 1.09312358e-05)
(-6.03330430e-06, 9.05610651e-06)
(-7.99601058e-06, 7.16959795e-06)
(-9.93805413e-06, 5.27559701e-06)
(-1.18554761e-05, 3.37799628e-06)
(-1.37443844e-05, 1.48068563e-06)
(-1.56009622e-05,-4.12456260e-07)
(-1.74214752e-05,-2.29757038e-06)
(-1.92022800e-05,-4.17082575e-06)
(-2.09398312e-05,-6.02842782e-06)
(-2.26306887e-05,-7.86662665e-06)
(-2.42715246e-05,-9.68172518e-06)
(-2.58591296e-05,-1.14700872e-05)
(-2.73904198e-05,-1.32281452e-05)
(-2.88624424e-05,-1.49524082e-05)
(-3.02723813e-05,-1.66394695e-05)
(-3.16175627e-05,-1.82860136e-05)
(-3.28954598e-05,-1.98888238e-05)
(-3.41036977e-05,-2.14447888e-05)
(-3.52400574e-05,-2.29509097e-05)
(-3.63024799e-05,-2.44043062e-05)
(-3.72890694e-05,-2.58022229e-05)
(-3.81980966e-05,-2.71420351e-05)
(-3.90280014e-05,-2.84212542e-05)
(-3.97773952e-05,-2.96375333e-05)
(-4.04450624e-05,-3.07886716e-05)
(-4.10299627e-05,-3.18726196e-05)
(-4.15312313e-05,-3.28874825e-05)
(-4.19481801e-05,-3.38315247e-05)
(-4.22802978e-05,-3.47031730e-05)
(-4.25272499e-05,-3.55010195e-05)
(-4.26888779e-05,-3.62238246e-05)
(-4.27651987e-05,-3.68705190e-05)
(-4.27564030e-05,-3.74402057e-05)
(-4.26628536e-05,-3.79321613e-05)
(-4.24850837e-05,-3.83458372e-05)
(-4.22237939e-05,-3.86808601e-05)
(-4.18798498e-05,-3.89370322e-05)
(-4.14542788e-05,-3.91143312e-05)
(-4.09482662e-05,-3.92129091e-05)
(-4.03631519e-05,-3.92330917e-05)
(-3.97004261e-05,-3.91753767e-05)
(-3.89617244e-05,-3.90404320e-05)
(-3.81488239e-05,-3.88290932e-05)
(-3.72636374e-05,-3.85423613e-05)
(-3.63082084e-05,-3.81813987e-05)
(-3.52847059e-05,-3.77475268e-05)
(-3.41954180e-05,-3.72422210e-05)
(-3.30427465e-05,-3.66671071e-05)
(-3.18292005e-05,-3.60239566e-05)
(-3.05573900e-05,-3.53146812e-05)
(-2.92300194e-05,-3.45413280e-05)
(-2.78498809e-05,-3.37060737e-05)
(-2.64198478e-05,-3.28112182e-05)
(-2.49428674e-05,-3.18591789e-05)
(-2.34219541e-05,-3.08524836e-05)
(-2.18601824e-05,-2.97937640e-05)
(-2.02606796e-05,-2.86857485e-05)
(-1.86266190e-05,-2.75312546e-05)
(-1.69612124e-05,-2.63331818e-05)
(-1.52677029e-05,-2.50945035e-05)
(-1.35493579e-05,-2.38182592e-05)
(-1.18094623e-05,-2.25075464e-05)
(-1.00513106e-05,-2.11655123e-05)
(-8.27820070e-06,-1.97953455e-05)
(-6.49342660e-06,-1.84002676e-05)
(-4.70027169e-06,-1.69835244e-05)
(-2.90200206e-06,-1.55483780e-05)
(-1.10185997e-06,-1.40980971e-05)
( 6.96942561e-07,-1.26359496e-05)
( 2.49123000e-06,-1.11651930e-05)
( 4.27786930e-06,-9.68906628e-06)
( 6.05377581e-06,-8.21078122e-06)
( 7.81591888e-06,-6.73351406e-06)
( 9.56132732e-06,-5.26039699e-06)
( 1.12870945e-05,-3.79450996e-06)
( 1.29903836e-05,-2.33887256e-06)
( 1.46684319e-05,-8.96435993e-07)
( 1.63185554e-05, 5.29924642e-07)
( 1.79381531e-05, 1.93741802e-06)
( 1.95247109e-05, 3.32334397e-06)
( 2.10758049e-05, 4.68510062e-06)
( 2.25891050e-05, 6.02019135e-06)
( 2.40623779e-05, 7.32623145e-06)
( 2.54934896e-05, 8.60095451e-06)
( 2.68804081e-05, 9.84221855e-06)
( 2.82212051e-05, 1.10480118e-05)
( 2.95140583e-05, 1.22164581e-05)
( 3.07572521e-05, 1.33458224e-05)
( 3.19491797e-05, 1.44345152e-05)
( 3.30883430e-05, 1.54810973e-05)
( 3.41733536e-05, 1.64842838e-05)
( 3.52029328e-05, 1.74429483e-05)
( 3.61759116e-05, 1.83561258e-05)
( 3.70912301e-05, 1.92230163e-05)
( 3.79479365e-05, 2.00429872e-05)
( 3.87451864e-05, 2.08155762e-05)
( 3.94822410e-05, 2.15404927e-05)
( 4.01584656e-05, 2.22176204e-05)
( 4.07733274e-05, 2.28470181e-05)
( 4.13263932e-05, 2.34289211e-05)
( 4.18173263e-05, 2.39637420e-05)
( 4.22458841e-05, 2.44520715e-05)
( 4.26119143e-05, 2.48946786e-05)
( 4.29153514e-05, 2.52925107e-05)
( 4.31562126e-05, 2.56466939e-05)
( 4.33345936e-05, 2.59585329e-05)
( 4.34506636e-05, 2.62295104e-05)
( 4.35046607e-05, 2.64612877e-05)
( 4.34968861e-05, 2.66557041e-05)
( 4.34276982e-05, 2.68147773e-05)
( 4.32975069e-05, 2.69407037e-05)
( 4.31067660e-05, 2.70358592e-05)
( 4.28559666e-05, 2.71028007e-05)
( 4.25456289e-05, 2.71442678e-05)
( 4.21762938e-05, 2.71631865e-05)
( 4.17485135e-05, 2.71626725e-05)
( 4.12628416e-05, 2.71460376e-05)
( 4.07198215e-05, 2.71167971e-05)
( 4.01199744e-05, 2.70786796e-05)
( 3.94637855e-05, 2.70356399e-05)
( 3.87516880e-05, 2.69918757e-05)
( 3.79840457e-05, 2.69518487e-05)
( 3.71611326e-05, 2.69203114e-05)
( 3.62831095e-05, 2.69023413e-05)
( 3.53499960e-05, 2.69033848e-05)
( 3.43616380e-05, 2.69293117e-05)
( 3.33176684e-05, 2.69864867e-05)
( 3.22174593e-05, 2.70818595e-05)
( 3.10600633e-05, 2.72230813e-05)
( 2.98441400e-05, 2.74186567e-05)
( 2.85678638e-05, 2.76781419e-05)
( 2.72288045e-05, 2.80124073e-05)
( 2.58237726e-05, 2.84339898e-05)
( 2.43486131e-05, 2.89575701e-05)
( 2.27979273e-05, 2.96006332e-05)
( 2.11646888e-05, 3.03843969e-05)
( 1.94397007e-05, 3.13351468e-05)
( 1.76108086e-05, 3.24862044e-05)
( 1.56617251e-05, 3.38809157e-05)
( 1.35702101e-05, 3.55773474e-05)
( 1.13051373e-05, 3.76559766e-05)
( 8.82152186e-06, 4.02329270e-05)
( 6.05156343e-06, 4.34841899e-05)
( 2.88721526e-06, 4.76935160e-05)
(-8.57342790e-07, 5.33572334e-05)
(-5.53788853e-06, 6.14459994e-05)
(-1.19750471e-05, 7.42593871e-05)
(-2.20688544e-05, 9.71762468e-05)
(-6.64581858e-05, 2.22391170e-04)
( 5.81691599e-07, 1.00332663e-06)
( 2.66613141e-06, 3.64542219e-06)
( 4.57323995e-06, 6.13499167e-06)
( 6.46362683e-06, 8.61000840e-06)
( 8.33580117e-06, 1.10652006e-05)
( 1.01885436e-05, 1.34970856e-05)
( 1.20192912e-05, 1.59014581e-05)
( 1.38250146e-05, 1.82738896e-05)
( 1.56024941e-05, 2.06098851e-05)
( 1.73484402e-05, 2.29049531e-05)
( 1.90595541e-05, 2.51546436e-05)
( 2.07325622e-05, 2.73545724e-05)
( 2.23642381e-05, 2.95004382e-05)
( 2.39514187e-05, 3.15880358e-05)
( 2.54910158e-05, 3.36132675e-05)
( 2.69800261e-05, 3.55721534e-05)
( 2.84155399e-05, 3.74608404e-05)
( 2.97947479e-05, 3.92756107e-05)
( 3.11149486e-05, 4.10128899e-05)
( 3.23735543e-05, 4.26692546e-05)
( 3.35680969e-05, 4.42414391e-05)
( 3.46962331e-05, 4.57263426e-05)
( 3.57557497e-05, 4.71210352e-05)
( 3.67445680e-05, 4.84227641e-05)
( 3.76607483e-05, 4.96289589e-05)
( 3.85024937e-05, 5.07372368e-05)
( 3.92681542e-05, 5.17454078e-05)
( 3.99562295e-05, 5.26514783e-05)
( 4.05653726e-05, 5.34536561e-05)
( 4.10943923e-05, 5.41503531e-05)
( 4.15422554e-05, 5.47401890e-05)
( 4.19080892e-05, 5.52219939e-05)
( 4.21911829e-05, 5.55948108e-05)
( 4.23909893e-05, 5.58578972e-05)
( 4.25071258e-05, 5.60107271e-05)
( 4.25393751e-05, 5.60529914e-05)
( 4.24876858e-05, 5.59845993e-05)
( 4.23521721e-05, 5.58056779e-05)
( 4.21331144e-05, 5.55165724e-05)
( 4.18309577e-05, 5.51178451e-05)
( 4.14463116e-05, 5.46102746e-05)
( 4.09799487e-05, 5.39948542e-05)
( 4.04328028e-05, 5.32727900e-05)
( 3.98059677e-05, 5.24454983e-05)
( 3.91006944e-05, 5.15146031e-05)
( 3.83183891e-05, 5.04819331e-05)
( 3.74606099e-05, 4.93495176e-05)
( 3.65290643e-05, 4.81195828e-05)
( 3.55256052e-05, 4.67945475e-05)
( 3.44522277e-05, 4.53770184e-05)
( 3.33110649e-05, 4.38697845e-05)
( 3.21043836e-05, 4.22758122e-05)
( 3.08345800e-05, 4.05982392e-05)
( 2.95041750e-05, 3.88403683e-05)
( 2.81158087e-05, 3.70056610e-05)
( 2.66722358e-05, 3.50977306e-05)
( 2.51763197e-05, 3.31203351e-05)
( 2.36310271e-05, 3.10773697e-05)
( 2.20394218e-05, 2.89728595e-05)
( 2.04046590e-05, 2.68109510e-05)
( 1.87299787e-05, 2.45959045e-05)
( 1.70186996e-05, 2.23320852e-05)
( 1.52742123e-05, 2.00239549e-05)
( 1.34999725e-05, 1.76760631e-05)
( 1.16994945e-05, 1.52930381e-05)
( 9.87634393e-06, 1.28795776e-05)
( 8.03413090e-06, 1.04404398e-05)
( 6.17650272e-06, 7.98043388e-06)
( 4.30713670e-06, 5.50441024e-06)
( 2.42973294e-06, 3.01725130e-06)
( 5.48006975e-07, 5.23861631e-07)
(-1.33431758e-06,-1.97084165e-06)
(-3.21351638e-06,-4.46193861e-06)
(-5.08587169e-06,-6.94451626e-06)
(-6.94767978e-06,-9.41367819e-06)
(-8.79525819e-06,-1.18645543e-05)
(-1.06249530e-05,-1.42923105e-05)
(-1.24331462e-05,-1.66921580e-05)
(-1.42162625e-05,-1.90593631e-05)
(-1.59707767e-05,-2.13892564e-05)
(-1.76932204e-05,-2.36772420e-05)
(-1.93801893e-05,-2.59188067e-05)
(-2.10283491e-05,-2.81095289e-05)
(-2.26344430e-05,-3.02450871e-05)
(-2.41952974e-05,-3.23212688e-05)
(-2.57078284e-05,-3.43339789e-05)
(-2.71690481e-05,-3.62792473e-05)
(-2.85760701e-05,-3.81532372e-05)
(-2.99261153e-05,-3.99522526e-05)
(-3.12165177e-05,-4.16727455e-05)
(-3.24447290e-05,-4.33113231e-05)
(-3.36083243e-05,-4.48647543e-05)
(-3.47050062e-05,-4.63299763e-05)
(-3.57326099e-05,-4.77041007e-05)
(-3.66891071e-05,-4.89844190e-05)
(-3.75726101e-05,-5.01684080e-05)
(-3.83813753e-05,-5.12537351e-05)
(-3.91138071e-05,-5.22382626e-05)
(-3.97684602e-05,-5.31200519e-05)
(-4.03440435e-05,-5.38973679e-05)
(-4.08394217e-05,-5.45686815e-05)
(-4.12536178e-05,-5.51326737e-05)
(-4.15858153e-05,-5.55882373e-05)
(-4.18353593e-05,-5.59344796e-05)
(-4.20017582e-05,-5.61707243e-05)
(-4.20846844e-05,-5.62965121e-05)
(-4.20839747e-05,-5.63116026e-05)
(-4.19996313e-05,-5.62159742e-05)
(-4.18318209e-05,-5.60098239e-05)
(-4.15808751e-05,-5.56935678e-05)
(-4.12472893e-05,-5.52678394e-05)
(-4.08317216e-05,-5.47334888e-05)
(-4.03349919e-05,-5.40915809e-05)
(-3.97580799e-05,-5.33433933e-05)
(-3.91021234e-05,-5.24904140e-05)
(-3.83684159e-05,-5.15343378e-05)
(-3.75584039e-05,-5.04770640e-05)
(-3.66736842e-05,-4.93206914e-05)
(-3.57160010e-05,-4.80675153e-05)
(-3.46872418e-05,-4.67200221e-05)
(-3.35894343e-05,-4.52808850e-05)
(-3.24247419e-05,-4.37529581e-05)
(-3.11954597e-05,-4.21392713e-05)
(-2.99040101e-05,-4.04430241e-05)
(-2.85529376e-05,-3.86675790e-05)
(-2.71449041e-05,-3.68164554e-05)
(-2.56826837e-05,-3.48933220e-05)
(-2.41691568e-05,-3.29019900e-05)
(-2.26073050e-05,-3.08464054e-05)
(-2.10002048e-05,-2.87306411e-05)
(-1.93510217e-05,-2.65588891e-05)
(-1.76630040e-05,-2.43354516e-05)
(-1.59394763e-05,-2.20647333e-05)
(-1.41838332e-05,-1.97512320e-05)
(-1.23995321e-05,-1.73995301e-05)
(-1.05900871e-05,-1.50142853e-05)
(-8.75906155e-06,-1.26002214e-05)
(-6.91006123e-06,-1.01621191e-05)
(-5.04672729e-06,-7.70480632e-06)
(-3.17272907e-06,-5.23314883e-06)
(-1.29175687e-06,-2.75204046e-06)
( 5.92485270e-07,-2.66393470e-07)
( 2.47628687e-06, 2.21887114e-06)
( 4.35593830e-06, 4.69883344e-06)
( 6.22773802e-06, 7.16858426e-06)
( 8.08799991e-06, 9.62323494e-06)
( 9.93306047e-06, 1.20579270e-05)
( 1.17592860e-05, 1.44678417e-05)
( 1.35630798e-05, 1.68482098e-05)
( 1.53408890e-05, 1.91943206e-05)
( 1.70892121e-05, 2.15015317e-05)
( 1.88046050e-05, 2.37652778e-05)
( 2.04836884e-05, 2.59810800e-05)
( 2.21231543e-05, 2.81445547e-05)
( 2.37197725e-05, 3.02514218e-05)
( 2.52703965e-05, 3.22975138e-05)
( 2.67719704e-05, 3.42787837e-05)
( 2.82215344e-05, 3.61913128e-05)
( 2.96162307e-05, 3.80313191e-05)
( 3.09533093e-05, 3.97951640e-05)
( 3.22301329e-05, 4.14793599e-05)
( 3.34441829e-05, 4.30805772e-05)
( 3.45930634e-05, 4.45956506e-05)
( 3.56745066e-05, 4.60215854e-05)
( 3.66863770e-05, 4.73555634e-05)
( 3.76266755e-05, 4.85949488e-05)
( 3.84935435e-05, 4.97372928e-05)
( 3.92852664e-05, 5.07803388e-05)
( 4.00002771e-05, 5.17220270e-05)
( 4.06371590e-05, 5.25604977e-05)
( 4.11946488e-05, 5.32940961e-05)
( 4.16716390e-05, 5.39213744e-05)
( 4.20671801e-05, 5.44410955e-05)
( 4.23804823e-05, 5.48522348e-05)
( 4.26109173e-05, 5.51539827e-05)
( 4.27580195e-05, 5.53457458e-05)
( 4.28214868e-05, 5.54271482e-05)
( 4.28011812e-05, 5.53980322e-05)
( 4.26971293e-05, 5.52584586e-05)
( 4.25095220e-05, 5.50087065e-05)
( 4.22387144e-05, 5.46492726e-05)
( 4.18852247e-05, 5.41808705e-05)
( 4.14497339e-05, 5.36044289e-05)
( 4.09330836e-05, 5.29210900e-05)
( 4.03362752e-05, 5.21322071e-05)
( 3.96604675e-05, 5.12393418e-05)
( 3.89069742e-05, 5.02442609e-05)
( 3.80772622e-05, 4.91489331e-05)
( 3.71729479e-05, 4.79555248e-05)
( 3.61957945e-05, 4.66663959e-05)
( 3.51477082e-05, 4.52840950e-05)
( 3.40307351e-05, 4.38113545e-05)
( 3.28470565e-05, 4.22510851e-05)
( 3.15989851e-05, 4.06063698e-05)
( 3.02889604e-05, 3.88804582e-05)
( 2.89195439e-05, 3.70767596e-05)
( 2.74934139e-05, 3.51988364e-05)
( 2.60133608e-05, 3.32503974e-05)
( 2.44822809e-05, 3.12352896e-05)
( 2.29031716e-05, 2.91574915e-05)
( 2.12791247e-05, 2.70211046e-05)
( 1.96133209e-05, 2.48303454e-05)
( 1.79090235e-05, 2.25895371e-05)
( 1.61695719e-05, 2.03031013e-05)
( 1.43983750e-05, 1.79755486e-05)
( 1.25989047e-05, 1.56114703e-05)
( 1.07746892e-05, 1.32155289e-05)
( 8.92930562e-06, 1.07924493e-05)
( 7.06637353e-06, 8.34700883e-06)
( 5.18954754e-06, 5.88402849e-06)
( 3.30251027e-06, 3.40836293e-06)
( 1.40896506e-06, 9.24891068e-07)
(-4.87371252e-07,-1.56149361e-06)
(-2.38277564e-06,-4.04589269e-06)
(-4.27352617e-06,-6.52341252e-06)
(-6.15590935e-06,-8.98917383e-06)
(-8.02622737e-06,-1.14383215e-05)
(-9.88080541e-06,-1.38660338e-05)
(-1.17159988e-05,-1.62675324e-05)
(-1.35282003e-05,-1.86380914e-05)
(-1.53138471e-05,-2.09730467e-05)
(-1.70694277e-05,-2.32678054e-05)
(-1.87914892e-05,-2.55178546e-05)
(-2.04766437e-05,-2.77187705e-05)
(-2.21215752e-05,-2.98662269e-05)
(-2.37230460e-05,-3.19560038e-05)
(-2.52779034e-05,-3.39839958e-05)
(-2.67830853e-05,-3.59462201e-05)
(-2.82356270e-05,-3.78388242e-05)
(-2.96326665e-05,-3.96580936e-05)
(-3.09714503e-05,-4.14004592e-05)
(-3.22493390e-05,-4.30625041e-05)
(-3.34638123e-05,-4.46409704e-05)
(-3.46124743e-05,-4.61327655e-05)
(-3.56930578e-05,-4.75349683e-05)
(-3.67034292e-05,-4.88448349e-05)
(-3.76415928e-05,-5.00598039e-05)
(-3.85056943e-05,-5.11775013e-05)
(-3.92940249e-05,-5.21957454e-05)
(-4.00050245e-05,-5.31125508e-05)
(-4.06372851e-05,-5.39261324e-05)
(-4.11895533e-05,-5.46349091e-05)
(-4.16607331e-05,-5.52375062e-05)
(-4.20498878e-05,-5.57327588e-05)
(-4.23562422e-05,-5.61197135e-05)
(-4.25791842e-05,-5.63976307e-05)
(-4.27182658e-05,-5.65659856e-05)
(-4.27732041e-05,-5.66244694e-05)
(-4.27438824e-05,-5.65729896e-05)
(-4.26303497e-05,-5.64116707e-05)
(-4.24328214e-05,-5.61408532e-05)
(-4.21516784e-05,-5.57610935e-05)
(-4.17874667e-05,-5.52731621e-05)
(-4.13408966e-05,-5.46780426e-05)
(-4.08128408e-05,-5.39769297e-05)
(-4.02043333e-05,-5.31712263e-05)
(-3.95165670e-05,-5.22625410e-05)
(-3.87508917e-05,-5.12526850e-05)
(-3.79088115e-05,-5.01436684e-05)
(-3.69919817e-05,-4.89376961e-05)
(-3.60022058e-05,-4.76371633e-05)
(-3.49414320e-05,-4.62446511e-05)
(-3.38117493e-05,-4.47629212e-05)
(-3.26153835e-05,-4.31949101e-05)
(-3.13546928e-05,-4.15437240e-05)
(-3.00321635e-05,-3.98126319e-05)
(-2.86504048e-05,-3.80050596e-05)
(-2.72121438e-05,-3.61245827e-05)
(-2.57202204e-05,-3.41749195e-05)
(-2.41775814e-05,-3.21599240e-05)
(-2.25872751e-05,-3.00835777e-05)
(-2.09524449e-05,-2.79499823e-05)
(-1.92763236e-05,-2.57633513e-05)
(-1.75622268e-05,-2.35280016e-05)
(-1.58135463e-05,-2.12483452e-05)
(-1.40337437e-05,-1.89288804e-05)
(-1.22263434e-05,-1.65741829e-05)
(-1.03949259e-05,-1.41888968e-05)
(-8.54312031e-06,-1.17777255e-05)
(-6.67459780e-06,-9.34542237e-06)
(-4.79306388e-06,-6.89678129e-06)
(-2.90225134e-06,-4.43662736e-06)
(-1.00591280e-06,-1.96980736e-06)
( 8.92186658e-07, 4.98819878e-07)
( 2.78827692e-06, 2.96439294e-06)
( 4.67859033e-06, 5.42205747e-06)
( 6.55936909e-06, 7.86697567e-06)
( 8.42687271e-06, 1.02943359e-05)
( 1.02773854e-05, 1.26993620e-05)
( 1.21072236e-05, 1.50773229e-05)
( 1.39127428e-05, 1.74235417e-05)
( 1.56903454e-05, 1.97334051e-05)
( 1.74364874e-05, 2.20023722e-05)
( 1.91476855e-05, 2.42259837e-05)
( 2.08205242e-05, 2.63998705e-05)
( 2.24516625e-05, 2.85197622e-05)
( 2.40378403e-05, 3.05814958e-05)
( 2.55758854e-05, 3.25810236e-05)
( 2.70627193e-05, 3.45144212e-05)
( 2.84953638e-05, 3.63778955e-05)
( 2.98709464e-05, 3.81677917e-05)
( 3.11867065e-05, 3.98806006e-05)
( 3.24400009e-05, 4.15129657e-05)
( 3.36283087e-05, 4.30616897e-05)
( 3.47492367e-05, 4.45237407e-05)
( 3.58005240e-05, 4.58962580e-05)
( 3.67800468e-05, 4.71765581e-05)
( 3.76858225e-05, 4.83621398e-05)
( 3.85160133e-05, 4.94506888e-05)
( 3.92689309e-05, 5.04400827e-05)
( 3.99430388e-05, 5.13283948e-05)
( 4.05369561e-05, 5.21138983e-05)
( 4.10494602e-05, 5.27950689e-05)
( 4.14794892e-05, 5.33705889e-05)
( 4.18261440e-05, 5.38393486e-05)
( 4.20886902e-05, 5.42004494e-05)
( 4.22665599e-05, 5.44532050e-05)
( 4.23593526e-05, 5.45971429e-05)
( 4.23668360e-05, 5.46320054e-05)
( 4.22889468e-05, 5.45577499e-05)
( 4.21257908e-05, 5.43745492e-05)
( 4.18776427e-05, 5.40827910e-05)
( 4.15449456e-05, 5.36830771e-05)
( 4.11283106e-05, 5.31762221e-05)
( 4.06285148e-05, 5.25632523e-05)
( 4.00465008e-05, 5.18454029e-05)
( 3.93833743e-05, 5.10241161e-05)
( 3.86404020e-05, 5.01010383e-05)
( 3.78190096e-05, 4.90780163e-05)
( 3.69207785e-05, 4.79570941e-05)
( 3.59474430e-05, 4.67405090e-05)
( 3.49008870e-05, 4.54306867e-05)
( 3.37831399e-05, 4.40302367e-05)
( 3.25963734e-05, 4.25419475e-05)
( 3.13428964e-05, 4.09687807e-05)
( 3.00251510e-05, 3.93138651e-05)
( 2.86457077e-05, 3.75804909e-05)
( 2.72072602e-05, 3.57721030e-05)
( 2.57126198e-05, 3.38922943e-05)
( 2.41647107e-05, 3.19447984e-05)
( 2.25665635e-05, 2.99334825e-05)
( 2.09213094e-05, 2.78623397e-05)
( 1.92321742e-05, 2.57354811e-05)
( 1.75024720e-05, 2.35571275e-05)
( 1.57355982e-05, 2.13316017e-05)
( 1.39350233e-05, 1.90633193e-05)
( 1.21042858e-05, 1.67567802e-05)
( 1.02469853e-05, 1.44165600e-05)
( 8.36677509e-06, 1.20473008e-05)
( 6.46735549e-06, 9.65370185e-06)
( 4.55246601e-06, 7.24051062e-06)
( 2.62587818e-06, 4.81251329e-06)
( 6.91388045e-07, 2.37452531e-06)
(-1.24719137e-06,-6.86180827e-08)
(-3.18603759e-06,-2.51207135e-06)
(-5.12132631e-06,-4.95098825e-06)
(-7.04923891e-06,-7.38053139e-06)
(-8.96597011e-06,-9.79588174e-06)
(-1.08677354e-05,-1.21922481e-05)
(-1.27507788e-05,-1.45648767e-05)
(-1.46113799e-05,-1.69090604e-05)
(-1.64458617e-05,-1.92201480e-05)
(-1.82505976e-05,-2.14935535e-05)
(-2.00220186e-05,-2.37247651e-05)
(-2.17566207e-05,-2.59093540e-05)
(-2.34509715e-05,-2.80429835e-05)
(-2.51017173e-05,-3.01214170e-05)
(-2.67055895e-05,-3.21405267e-05)
(-2.82594113e-05,-3.40963019e-05)
(-2.97601040e-05,-3.59848565e-05)
(-3.12046930e-05,-3.78024369e-05)
(-3.25903139e-05,-3.95454296e-05)
(-3.39142179e-05,-4.12103679e-05)
(-3.51737777e-05,-4.27939391e-05)
(-3.63664923e-05,-4.42929909e-05)
(-3.74899924e-05,-4.57045375e-05)
(-3.85420447e-05,-4.70257659e-05)
(-3.95205565e-05,-4.82540411e-05)
(-4.04235802e-05,-4.93869113e-05)
(-4.12493166e-05,-5.04221130e-05)
(-4.19961189e-05,-5.13575753e-05)
(-4.26624959e-05,-5.21914240e-05)
(-4.32471149e-05,-5.29219854e-05)
(-4.37488044e-05,-5.35477895e-05)
(-4.41665564e-05,-5.40675731e-05)
(-4.44995285e-05,-5.44802820e-05)
(-4.47470457e-05,-5.47850734e-05)
(-4.49086014e-05,-5.49813172e-05)
(-4.49838587e-05,-5.50685979e-05)
(-4.49726511e-05,-5.50467146e-05)
(-4.48749825e-05,-5.49156822e-05)
(-4.46910277e-05,-5.46757307e-05)
(-4.44211318e-05,-5.43273053e-05)
(-4.40658095e-05,-5.38710651e-05)
(-4.36257441e-05,-5.33078822e-05)
(-4.31017864e-05,-5.26388396e-05)
(-4.24949526e-05,-5.18652295e-05)
(-4.18064227e-05,-5.09885502e-05)
(-4.10375379e-05,-5.00105038e-05)
(-4.01897981e-05,-4.89329923e-05)
(-3.92648590e-05,-4.77581141e-05)
(-3.82645284e-05,-4.64881599e-05)
(-3.71907633e-05,-4.51256080e-05)
(-3.60456655e-05,-4.36731195e-05)
(-3.48314775e-05,-4.21335333e-05)
(-3.35505784e-05,-4.05098600e-05)
(-3.22054788e-05,-3.88052763e-05)
(-3.07988161e-05,-3.70231186e-05)
(-2.93333491e-05,-3.51668766e-05)
(-2.78119528e-05,-3.32401861e-05)
(-2.62376122e-05,-3.12468220e-05)
(-2.46134171e-05,-2.91906908e-05)
(-2.29425552e-05,-2.70758231e-05)
(-2.12283066e-05,-2.49063652e-05)
(-1.94740366e-05,-2.26865711e-05)
(-1.76831895e-05,-2.04207944e-05)
(-1.58592815e-05,-1.81134792e-05)
(-1.40058941e-05,-1.57691516e-05)
(-1.21266666e-05,-1.33924108e-05)
(-1.02252891e-05,-1.09879196e-05)
(-8.30549519e-06,-8.56039585e-06)
(-6.37105458e-06,-6.11460249e-06)
(-4.42576562e-06,-3.65533850e-06)
(-2.47344779e-06,-1.18742927e-06)
(-5.17934111e-07, 1.28428287e-06)
( 1.43693636e-06, 3.75494832e-06)
( 3.38732618e-06, 6.21971969e-06)
( 5.32940708e-06, 8.67376147e-06)
( 7.25936756e-06, 1.11122596e-05)
( 9.17342036e-06, 1.35304308e-05)
( 1.10678100e-05, 1.59235323e-05)
( 1.29388203e-05, 1.82868711e-05)
( 1.47827813e-05, 2.06158132e-05)
( 1.65960772e-05, 2.29057929e-05)
( 1.83751529e-05, 2.51523215e-05)
( 2.01165212e-05, 2.73509966e-05)
( 2.18167698e-05, 2.94975106e-05)
( 2.34725680e-05, 3.15876591e-05)
( 2.50806731e-05, 3.36173494e-05)
( 2.66379370e-05, 3.55826085e-05)
( 2.81413125e-05, 3.74795909e-05)
( 2.95878588e-05, 3.93045863e-05)
( 3.09747479e-05, 4.10540269e-05)
( 3.22992698e-05, 4.27244944e-05)
( 3.35588382e-05, 4.43127267e-05)
( 3.47509951e-05, 4.58156243e-05)
( 3.58734159e-05, 4.72302568e-05)
( 3.69239142e-05, 4.85538681e-05)
( 3.79004458e-05, 4.97838822e-05)
( 3.88011127e-05, 5.09179082e-05)
( 3.96241671e-05, 5.19537449e-05)
( 4.03680146e-05, 5.28893852e-05)
( 4.10312175e-05, 5.37230202e-05)
( 4.16124975e-05, 5.44530423e-05)
( 4.21107382e-05, 5.50780489e-05)
( 4.25249875e-05, 5.55968446e-05)
( 4.28544593e-05, 5.60084441e-05)
( 4.30985350e-05, 5.63120734e-05)
( 4.32567647e-05, 5.65071719e-05)
( 4.33288683e-05, 5.65933933e-05)
( 4.33147358e-05, 5.65706062e-05)
( 4.32144278e-05, 5.64388939e-05)
( 4.30281749e-05, 5.61985551e-05)
( 4.27563776e-05, 5.58501024e-05)
( 4.23996055e-05, 5.53942616e-05)
( 4.19585961e-05, 5.48319702e-05)
( 4.14342532e-05, 5.41643755e-05)
( 4.08276454e-05, 5.33928322e-05)
( 4.01400036e-05, 5.25188997e-05)
( 3.93727191e-05, 5.15443389e-05)
( 3.85273402e-05, 5.04711086e-05)
( 3.76055699e-05, 4.93013618e-05)
( 3.66092619e-05, 4.80374412e-05)
( 3.55404171e-05, 4.66818746e-05)
( 3.44011801e-05, 4.52373696e-05)
( 3.31938342e-05, 4.37068085e-05)
( 3.19207976e-05, 4.20932423e-05)
( 3.05846184e-05, 4.03998847e-05)
( 2.91879693e-05, 3.86301056e-05)
( 2.77336429e-05, 3.67874245e-05)
( 2.62245455e-05, 3.48755035e-05)
( 2.46636922e-05, 3.28981397e-05)
( 2.30542003e-05, 3.08592580e-05)
( 2.13992834e-05, 2.87629028e-05)
( 1.97022451e-05, 2.66132307e-05)
( 1.79664726e-05, 2.44145013e-05)
( 1.61954298e-05, 2.21710695e-05)
( 1.43926506e-05, 1.98873764e-05)
( 1.25617321e-05, 1.75679405e-05)
( 1.07063272e-05, 1.52173490e-05)
( 8.83013780e-06, 1.28402482e-05)
( 6.93690715e-06, 1.04413347e-05)
( 5.03041274e-06, 8.02534583e-06)
( 3.11445880e-06, 5.59705043e-06)
( 1.19286879e-06, 3.16123916e-06)
(-7.30522108e-07, 7.22715128e-07)
(-2.65187450e-06,-1.71371565e-06)
(-4.56735237e-06,-4.14325382e-06)
(-6.47313062e-06,-6.56111614e-06)
(-8.36540256e-06,-8.96254503e-06)
(-1.02403875e-05,-1.13428179e-05)
(-1.20943379e-05,-1.36972567e-05)
(-1.39235473e-05,-1.60212368e-05)
(-1.57243570e-05,-1.83101966e-05)
(-1.74931637e-05,-2.05596461e-05)
(-1.92264263e-05,-2.27651762e-05)
(-2.09206731e-05,-2.49224670e-05)
(-2.25725085e-05,-2.70272967e-05)
(-2.41786198e-05,-2.90755496e-05)
(-2.57357837e-05,-3.10632244e-05)
(-2.72408726e-05,-3.29864419e-05)
(-2.86908607e-05,-3.48414531e-05)
(-3.00828302e-05,-3.66246460e-05)
(-3.14139770e-05,-3.83325529e-05)
(-3.26816160e-05,-3.99618573e-05)
(-3.38831868e-05,-4.15094005e-05)
(-3.50162584e-05,-4.29721874e-05)
(-3.60785343e-05,-4.43473927e-05)
(-3.70678570e-05,-4.56323664e-05)
(-3.79822120e-05,-4.68246388e-05)
(-3.88197323e-05,-4.79219253e-05)
(-3.95787016e-05,-4.89221311e-05)
(-4.02575581e-05,-4.98233549e-05)
(-4.08548977e-05,-5.06238930e-05)
(-4.13694762e-05,-5.13222422e-05)
(-4.18002127e-05,-5.19171028e-05)
(-4.21461910e-05,-5.24073811e-05)
(-4.24066618e-05,-5.27921916e-05)
(-4.25810445e-05,-5.30708583e-05)
(-4.26689278e-05,-5.32429163e-05)
(-4.26700712e-05,-5.33081125e-05)
(-4.25844052e-05,-5.32664058e-05)
(-4.24120314e-05,-5.31179673e-05)
(-4.21532229e-05,-5.28631798e-05)
(-4.18084234e-05,-5.25026369e-05)
(-4.13782463e-05,-5.20371419e-05)
(-4.08634743e-05,-5.14677056e-05)
(-4.02650570e-05,-5.07955449e-05)
(-3.95841099e-05,-5.00220796e-05)
(-3.88219118e-05,-4.91489300e-05)
(-3.79799027e-05,-4.81779133e-05)
(-3.70596811e-05,-4.71110400e-05)
(-3.60630003e-05,-4.59505099e-05)
(-3.49917661e-05,-4.46987073e-05)
(-3.38480322e-05,-4.33581967e-05)
(-3.26339968e-05,-4.19317172e-05)
(-3.13519983e-05,-4.04221773e-05)
(-3.00045105e-05,-3.88326487e-05)
(-2.85941384e-05,-3.71663606e-05)
(-2.71236126e-05,-3.54266926e-05)
(-2.55957842e-05,-3.36171687e-05)
(-2.40136194e-05,-3.17414496e-05)
(-2.23801940e-05,-2.98033256e-05)
(-2.06986866e-05,-2.78067092e-05)
(-1.89723735e-05,-2.57556271e-05)
(-1.72046214e-05,-2.36542122e-05)
(-1.53988817e-05,-2.15066955e-05)
(-1.35586831e-05,-1.93173973e-05)
(-1.16876250e-05,-1.70907192e-05)
(-9.78937068e-06,-1.48311348e-05)
(-7.86763994e-06,-1.25431812e-05)
(-5.92620187e-06,-1.02314496e-05)
(-3.96886757e-06,-7.90057664e-06)
(-1.99948268e-06,-5.55523489e-06)
(-2.19198615e-08,-3.20012366e-06)
( 1.95992875e-06,-8.39959740e-07)
( 3.94215918e-06, 1.52053200e-06)
( 5.92086323e-06, 3.87662791e-06)
( 7.89213615e-06, 6.22361494e-06)
( 9.85208430e-06, 8.55679992e-06)
( 1.17968328e-05, 1.08715189e-05)
( 1.37225329e-05, 1.31631462e-05)
( 1.56253702e-05, 1.54271038e-05)
( 1.75015712e-05, 1.76588701e-05)
( 1.93474115e-05, 1.98539890e-05)
( 2.11592229e-05, 2.20080787e-05)
( 2.29334004e-05, 2.41168402e-05)
( 2.46664096e-05, 2.61760659e-05)
( 2.63547937e-05, 2.81816476e-05)
( 2.79951800e-05, 3.01295851e-05)
( 2.95842870e-05, 3.20159934e-05)
( 3.11189305e-05, 3.38371111e-05)
( 3.25960304e-05, 3.55893069e-05)
( 3.40126161e-05, 3.72690876e-05)
( 3.53658333e-05, 3.88731042e-05)
( 3.66529489e-05, 4.03981589e-05)
( 3.78713571e-05, 4.18412113e-05)
( 3.90185840e-05, 4.31993844e-05)
( 4.00922929e-05, 4.44699697e-05)
( 4.10902892e-05, 4.56504334e-05)
( 4.20105243e-05, 4.67384206e-05)
( 4.28511001e-05, 4.77317601e-05)
( 4.36102728e-05, 4.86284687e-05)
( 4.42864563e-05, 4.94267550e-05)
( 4.48782255e-05, 5.01250230e-05)
( 4.53843195e-05, 5.07218749e-05)
( 4.58036438e-05, 5.12161140e-05)
( 4.61352726e-05, 5.16067471e-05)
( 4.63784513e-05, 5.18929860e-05)
( 4.65325974e-05, 5.20742495e-05)
( 4.65973023e-05, 5.21501642e-05)
( 4.65723321e-05, 5.21205650e-05)
( 4.64576279e-05, 5.19854960e-05)
( 4.62533068e-05, 5.17452096e-05)
( 4.59596610e-05, 5.14001664e-05)
( 4.55771578e-05, 5.09510342e-05)
( 4.51064389e-05, 5.03986866e-05)
( 4.45483189e-05, 4.97442011e-05)
( 4.39037845e-05, 4.89888571e-05)
( 4.31739919e-05, 4.81341332e-05)
( 4.23602652e-05, 4.71817045e-05)
( 4.14640940e-05, 4.61334389e-05)
( 4.04871303e-05, 4.49913936e-05)
( 3.94311855e-05, 4.37578111e-05)
( 3.82982269e-05, 4.24351146e-05)
( 3.70903745e-05, 4.10259030e-05)
( 3.58098960e-05, 3.95329463e-05)
( 3.44592033e-05, 3.79591797e-05)
( 3.30408477e-05, 3.63076979e-05)
( 3.15575147e-05, 3.45817489e-05)
( 3.00120190e-05, 3.27847279e-05)
( 2.84072992e-05, 3.09201702e-05)
( 2.67464121e-05, 2.89917446e-05)
( 2.50325266e-05, 2.70032459e-05)
( 2.32689178e-05, 2.49585875e-05)
( 2.14589605e-05, 2.28617939e-05)
( 1.96061227e-05, 2.07169922e-05)
( 1.77139587e-05, 1.85284050e-05)
( 1.57861026e-05, 1.63003409e-05)
( 1.38262608e-05, 1.40371870e-05)
( 1.18382050e-05, 1.17433997e-05)
( 9.82576461e-06, 9.42349625e-06)
( 7.79281963e-06, 7.08204566e-06)
( 5.74329270e-06, 4.72365993e-06)
( 3.68114161e-06, 2.35298485e-06)
( 1.61035151e-06,-2.53090286e-08)
(-4.65072923e-07,-2.40653562e-06)
(-2.54111536e-06,-4.78600245e-06)
(-4.61375566e-06,-7.15901990e-06)
(-6.67897785e-06,-9.52091037e-06)
(-8.73277796e-06,-1.18670175e-05)
(-1.07711719e-05,-1.41927151e-05)
(-1.27902036e-05,-1.64934167e-05)
(-1.47859521e-05,-1.87645840e-05)
(-1.67545402e-05,-2.10017359e-05)
(-1.86921415e-05,-2.32004575e-05)
(-2.05949882e-05,-2.53564087e-05)
(-2.24593785e-05,-2.74653325e-05)
(-2.42816838e-05,-2.95230633e-05)
(-2.60583564e-05,-3.15255356e-05)
(-2.77859359e-05,-3.34687913e-05)
(-2.94610564e-05,-3.53489877e-05)
(-3.10804531e-05,-3.71624052e-05)
(-3.26409691e-05,-3.89054544e-05)
(-3.41395610e-05,-4.05746832e-05)
(-3.55733058e-05,-4.21667833e-05)
(-3.69394062e-05,-4.36785972e-05)
(-3.82351962e-05,-4.51071240e-05)
(-3.94581467e-05,-4.64495253e-05)
(-4.06058703e-05,-4.77031308e-05)
(-4.16761263e-05,-4.88654436e-05)
(-4.26668250e-05,-4.99341451e-05)
(-4.35760322e-05,-5.09070994e-05)
(-4.44019727e-05,-5.17823575e-05)
(-4.51430341e-05,-5.25581614e-05)
(-4.57977702e-05,-5.32329472e-05)
(-4.63649037e-05,-5.38053481e-05)
(-4.68433288e-05,-5.42741977e-05)
(-4.72321138e-05,-5.46385314e-05)
(-4.75305026e-05,-5.48975892e-05)
(-4.77379164e-05,-5.50508163e-05)
(-4.78539551e-05,-5.50978649e-05)
(-4.78783980e-05,-5.50385946e-05)
(-4.78112043e-05,-5.48730727e-05)
(-4.76525134e-05,-5.46015740e-05)
(-4.74026445e-05,-5.42245804e-05)
(-4.70620962e-05,-5.37427800e-05)
(-4.66315455e-05,-5.31570655e-05)
(-4.61118464e-05,-5.24685327e-05)
(-4.55040287e-05,-5.16784783e-05)
(-4.48092955e-05,-5.07883975e-05)
(-4.40290211e-05,-4.97999807e-05)
(-4.31647487e-05,-4.87151107e-05)
(-4.22181865e-05,-4.75358584e-05)
(-4.11912053e-05,-4.62644796e-05)
(-4.00858343e-05,-4.49034098e-05)
(-3.89042573e-05,-4.34552599e-05)
(-3.76488084e-05,-4.19228107e-05)
(-3.63219674e-05,-4.03090082e-05)
(-3.49263549e-05,-3.86169568e-05)
(-3.34647271e-05,-3.68499142e-05)
(-3.19399705e-05,-3.50112845e-05)
(-3.03550961e-05,-3.31046116e-05)
(-2.87132335e-05,-3.11335724e-05)
(-2.70176247e-05,-2.91019695e-05)
(-2.52716176e-05,-2.70137238e-05)
(-2.34786594e-05,-2.48728668e-05)
(-2.16422901e-05,-2.26835330e-05)
(-1.97661350e-05,-2.04499511e-05)
(-1.78538977e-05,-1.81764365e-05)
(-1.59093528e-05,-1.58673824e-05)
(-1.39363384e-05,-1.35272515e-05)
(-1.19387486e-05,-1.11605668e-05)
(-9.92052545e-06,-8.77190323e-06)
(-7.88565137e-06,-6.36587853e-06)
(-5.83814118e-06,-3.94714409e-06)
(-3.78203411e-06,-1.52037598e-06)
(-1.72138578e-06, 9.09734302e-07)
( 3.39739925e-07, 3.33848892e-06)
( 2.39727884e-06, 5.76119297e-06)
( 4.44717467e-06, 8.17316367e-06)
( 6.48538708e-06, 1.05697395e-05)
( 8.50789967e-06, 1.29462893e-05)
( 1.05107280e-05, 1.52982216e-05)
( 1.24899277e-05, 1.76209931e-05)
( 1.44416018e-05, 1.99101180e-05)
( 1.63619093e-05, 2.21611768e-05)
( 1.82470720e-05, 2.43698247e-05)
( 2.00933826e-05, 2.65318002e-05)
( 2.18972119e-05, 2.86429336e-05)
( 2.36550159e-05, 3.06991548e-05)
( 2.53633430e-05, 3.26965017e-05)
( 2.70188410e-05, 3.46311278e-05)
( 2.86182635e-05, 3.64993097e-05)
( 3.01584766e-05, 3.82974542e-05)
( 3.16364649e-05, 4.00221057e-05)
( 3.30493379e-05, 4.16699528e-05)
( 3.43943353e-05, 4.32378346e-05)
( 3.56688328e-05, 4.47227473e-05)
( 3.68703473e-05, 4.61218496e-05)
( 3.79965418e-05, 4.74324685e-05)
( 3.90452299e-05, 4.86521046e-05)
( 4.00143804e-05, 4.97784369e-05)
( 4.09021213e-05, 5.08093270e-05)
( 4.17067433e-05, 5.17428239e-05)
( 4.24267035e-05, 5.25771673e-05)
( 4.30606283e-05, 5.33107911e-05)
( 4.36073161e-05, 5.39423268e-05)
( 4.40657398e-05, 5.44706056e-05)
( 4.44350486e-05, 5.48946609e-05)
( 4.47145701e-05, 5.52137304e-05)
( 4.49038112e-05, 5.54272571e-05)
( 4.50024593e-05, 5.55348906e-05)
( 4.50103828e-05, 5.55364878e-05)
( 4.49276314e-05, 5.54321128e-05)
( 4.47544359e-05, 5.52220373e-05)
( 4.44912079e-05, 5.49067392e-05)
( 4.41385387e-05, 5.44869024e-05)
( 4.36971983e-05, 5.39634149e-05)
( 4.31681337e-05, 5.33373671e-05)
( 4.25524673e-05, 5.26100496e-05)
( 4.18514940e-05, 5.17829507e-05)
( 4.10666792e-05, 5.08577531e-05)
( 4.01996557e-05, 4.98363308e-05)
( 3.92522200e-05, 4.87207455e-05)
( 3.82263295e-05, 4.75132418e-05)
( 3.71240977e-05, 4.62162434e-05)
( 3.59477906e-05, 4.48323479e-05)
( 3.46998217e-05, 4.33643217e-05)
( 3.33827475e-05, 4.18150944e-05)
( 3.19992621e-05, 4.01877531e-05)
( 3.05521922e-05, 3.84855360e-05)
( 2.90444908e-05, 3.67118261e-05)
( 2.74792318e-05, 3.48701447e-05)
( 2.58596038e-05, 3.29641438e-05)
( 2.41889035e-05, 3.09975994e-05)
( 2.24705291e-05, 2.89744035e-05)
( 2.07079737e-05, 2.68985567e-05)
( 1.89048183e-05, 2.47741601e-05)
( 1.70647242e-05, 2.26054073e-05)
( 1.51914263e-05, 2.03965757e-05)
( 1.32887253e-05, 1.81520183e-05)
( 1.13604801e-05, 1.58761551e-05)
( 9.41060001e-06, 1.35734639e-05)
( 7.44303722e-06, 1.12484720e-05)
( 5.46177861e-06, 8.90574676e-06)
( 3.47083795e-06, 6.54988658e-06)
( 1.47424781e-06, 4.18551201e-06)
(-5.23948494e-07, 1.81725639e-06)
(-2.51970494e-06,-5.50243277e-07)
(-4.50898092e-06,-2.91235552e-06)
(-6.48774927e-06,-5.26446358e-06)
(-8.45200435e-06,-7.60197455e-06)
(-1.03977700e-05,-9.92032849e-06)
(-1.23211076e-05,-1.22150074e-05)
(-1.42181236e-05,-1.44815442e-05)
(-1.60849777e-05,-1.67155315e-05)
(-1.79178903e-05,-1.89126305e-05)
(-1.97131501e-05,-2.10685792e-05)
(-2.14671214e-05,-2.31792011e-05)
(-2.31762515e-05,-2.52404133e-05)
(-2.48370776e-05,-2.72482348e-05)
(-2.64462338e-05,-2.91987939e-05)
(-2.80004581e-05,-3.10883361e-05)
(-2.94965984e-05,-3.29132313e-05)
(-3.09316190e-05,-3.46699814e-05)
(-3.23026068e-05,-3.63552263e-05)
(-3.36067769e-05,-3.79657512e-05)
(-3.48414784e-05,-3.94984929e-05)
(-3.60041993e-05,-4.09505450e-05)
(-3.70925719e-05,-4.23191644e-05)
(-3.81043773e-05,-4.36017764e-05)
(-3.90375500e-05,-4.47959792e-05)
(-3.98901818e-05,-4.58995494e-05)
(-4.06605258e-05,-4.69104456e-05)
(-4.13469998e-05,-4.78268123e-05)
(-4.19481896e-05,-4.86469841e-05)
(-4.24628516e-05,-4.93694880e-05)
(-4.28899155e-05,-4.99930471e-05)
(-4.32284863e-05,-5.05165818e-05)
(-4.34778464e-05,-5.09392131e-05)
(-4.36374566e-05,-5.12602631e-05)
(-4.37069576e-05,-5.14792568e-05)
(-4.36861704e-05,-5.15959224e-05)
(-4.35750971e-05,-5.16101923e-05)
(-4.33739206e-05,-5.15222023e-05)
(-4.30830045e-05,-5.13322916e-05)
(-4.27028920e-05,-5.10410021e-05)
(-4.22343054e-05,-5.06490764e-05)
(-4.16781446e-05,-5.01574571e-05)
(-4.10354848e-05,-4.95672837e-05)
(-4.03075752e-05,-4.88798911e-05)
(-3.94958361e-05,-4.80968060e-05)
(-3.86018562e-05,-4.72197442e-05)
(-3.76273895e-05,-4.62506066e-05)
(-3.65743520e-05,-4.51914753e-05)
(-3.54448179e-05,-4.40446096e-05)
(-3.42410152e-05,-4.28124407e-05)
(-3.29653220e-05,-4.14975674e-05)
(-3.16202613e-05,-4.01027499e-05)
(-3.02084961e-05,-3.86309050e-05)
(-2.87328246e-05,-3.70850994e-05)
(-2.71961741e-05,-3.54685438e-05)
(-2.56015958e-05,-3.37845860e-05)
(-2.39522585e-05,-3.20367046e-05)
(-2.22514423e-05,-3.02285014e-05)
(-2.05025326e-05,-2.83636942e-05)
(-1.87090130e-05,-2.64461095e-05)
(-1.68744587e-05,-2.44796742e-05)
(-1.50025291e-05,-2.24684082e-05)
(-1.30969614e-05,-2.04164160e-05)
(-1.11615623e-05,-1.83278783e-05)
(-9.20020126e-06,-1.62070436e-05)
(-7.21680239e-06,-1.40582198e-05)
(-5.21533703e-06,-1.18857653e-05)
(-3.19981581e-06,-9.69408043e-06)
(-1.17428076e-06,-7.48759825e-06)
( 8.57202642e-07,-5.27077601e-06)
( 2.89055346e-06,-3.04808599e-06)
( 4.92168340e-06,-8.24006575e-07)
( 6.94650480e-06, 1.39698672e-06)
( 8.96093876e-06, 3.61043023e-06)
( 1.09609232e-05, 5.81188103e-06)
( 1.29424207e-05, 7.99692586e-06)
( 1.49014267e-05, 1.01611899e-05)
( 1.68339775e-05, 1.23003455e-05)
( 1.87361578e-05, 1.44101208e-05)
( 2.06041085e-05, 1.64863082e-05)
( 2.24340345e-05, 1.85247729e-05)
( 2.42222123e-05, 2.05214607e-05)
( 2.59649971e-05, 2.24724065e-05)
( 2.76588302e-05, 2.43737419e-05)
( 2.93002460e-05, 2.62217029e-05)
( 3.08858791e-05, 2.80126371e-05)
( 3.24124708e-05, 2.97430113e-05)
( 3.38768757e-05, 3.14094184e-05)
( 3.52760678e-05, 3.30085835e-05)
( 3.66071469e-05, 3.45373712e-05)
( 3.78673440e-05, 3.59927911e-05)
( 3.90540272e-05, 3.73720038e-05)
( 4.01647070e-05, 3.86723265e-05)
( 4.11970410e-05, 3.98912381e-05)
( 4.21488390e-05, 4.10263842e-05)
( 4.30180672e-05, 4.20755815e-05)
( 4.38028524e-05, 4.30368222e-05)
( 4.45014860e-05, 4.39082774e-05)
( 4.51124274e-05, 4.46883011e-05)
( 4.56343072e-05, 4.53754330e-05)
( 4.60659300e-05, 4.59684012e-05)
( 4.64062770e-05, 4.64661248e-05)
( 4.66545084e-05, 4.68677155e-05)
( 4.68099647e-05, 4.71724794e-05)
( 4.68721687e-05, 4.73799183e-05)
( 4.68408265e-05, 4.74897302e-05)
( 4.67158283e-05, 4.75018099e-05)
( 4.64972485e-05, 4.74162488e-05)
( 4.61853464e-05, 4.72333349e-05)
( 4.57805653e-05, 4.69535516e-05)
( 4.52835321e-05, 4.65775767e-05)
( 4.46950565e-05, 4.61062811e-05)
( 4.40161294e-05, 4.55407263e-05)
( 4.32479209e-05, 4.48821625e-05)
( 4.23917790e-05, 4.41320259e-05)
( 4.14492265e-05, 4.32919354e-05)
( 4.04219584e-05, 4.23636894e-05)
( 3.93118392e-05, 4.13492621e-05)
( 3.81208988e-05, 4.02507989e-05)
( 3.68513293e-05, 3.90706125e-05)
( 3.55054807e-05, 3.78111779e-05)
( 3.40858566e-05, 3.64751271e-05)
( 3.25951094e-05, 3.50652441e-05)
( 3.10360354e-05, 3.35844588e-05)
( 2.94115694e-05, 3.20358412e-05)
( 2.77247796e-05, 3.04225952e-05)
( 2.59788610e-05, 2.87480518e-05)
( 2.41771301e-05, 2.70156627e-05)
( 2.23230183e-05, 2.52289930e-05)
( 2.04200652e-05, 2.33917142e-05)
( 1.84719121e-05, 2.15075963e-05)
( 1.64822948e-05, 1.95805011e-05)
( 1.44550368e-05, 1.76143733e-05)
( 1.23940416e-05, 1.56132336e-05)
( 1.03032852e-05, 1.35811698e-05)
( 8.18680888e-06, 1.15223291e-05)
( 6.04871090e-06, 9.44090928e-06)
( 3.89313890e-06, 7.34115097e-06)
( 1.72428174e-06, 5.22732856e-06)
(-4.53638531e-07, 3.10374191e-06)
(-2.63637492e-06, 9.74707736e-07)
(-4.81966369e-06,-1.15544906e-06)
(-6.99923269e-06,-3.28240399e-06)
(-9.17080963e-06,-5.40184156e-06)
(-1.13301305e-05,-7.50946393e-06)
(-1.34729476e-05,-9.60099943e-06)
(-1.55950385e-05,-1.16722110e-05)
(-1.76922136e-05,-1.37189048e-05)
(-1.97603246e-05,-1.57369382e-05)
(-2.17952730e-05,-1.77222283e-05)
(-2.37930174e-05,-1.96707599e-05)
(-2.57495825e-05,-2.15785933e-05)
(-2.76610660e-05,-2.34418724e-05)
(-2.95236468e-05,-2.52568321e-05)
(-3.13335925e-05,-2.70198057e-05)
(-3.30872669e-05,-2.87272325e-05)
(-3.47811370e-05,-3.03756641e-05)
(-3.64117805e-05,-3.19617720e-05)
(-3.79758920e-05,-3.34823537e-05)
(-3.94702903e-05,-3.49343389e-05)
(-4.08919242e-05,-3.63147959e-05)
(-4.22378792e-05,-3.76209370e-05)
(-4.35053831e-05,-3.88501243e-05)
(-4.46918117e-05,-3.99998747e-05)
(-4.57946941e-05,-4.10678645e-05)
(-4.68117179e-05,-4.20519344e-05)
(-4.77407337e-05,-4.29500934e-05)
(-4.85797601e-05,-4.37605229e-05)
(-4.93269872e-05,-4.44815801e-05)
(-4.99807809e-05,-4.51118011e-05)
(-5.05396858e-05,-4.56499040e-05)
(-5.10024293e-05,-4.60947910e-05)
(-5.13679232e-05,-4.64455511e-05)
(-5.16352671e-05,-4.67014611e-05)
(-5.18037499e-05,-4.68619877e-05)
(-5.18728518e-05,-4.69267879e-05)
(-5.18422455e-05,-4.68957100e-05)
(-5.17117969e-05,-4.67687938e-05)
(-5.14815663e-05,-4.65462705e-05)
(-5.11518081e-05,-4.62285617e-05)
(-5.07229706e-05,-4.58162795e-05)
(-5.01956960e-05,-4.53102244e-05)
(-4.95708187e-05,-4.47113839e-05)
(-4.88493645e-05,-4.40209308e-05)
(-4.80325488e-05,-4.32402207e-05)
(-4.71217745e-05,-4.23707890e-05)
(-4.61186296e-05,-4.14143483e-05)
(-4.50248843e-05,-4.03727848e-05)
(-4.38424881e-05,-3.92481545e-05)
(-4.25735658e-05,-3.80426792e-05)
(-4.12204142e-05,-3.67587422e-05)
(-3.97854976e-05,-3.53988834e-05)
(-3.82714432e-05,-3.39657943e-05)
(-3.66810364e-05,-3.24623130e-05)
(-3.50172157e-05,-3.08914182e-05)
(-3.32830666e-05,-2.92562235e-05)
(-3.14818168e-05,-2.75599714e-05)
(-2.96168291e-05,-2.58060266e-05)
(-2.76915959e-05,-2.39978698e-05)
(-2.57097319e-05,-2.21390903e-05)
(-2.36749679e-05,-2.02333795e-05)
(-2.15911428e-05,-1.82845234e-05)
(-1.94621974e-05,-1.62963949e-05)
(-1.72921657e-05,-1.42729468e-05)
(-1.50851681e-05,-1.22182033e-05)
(-1.28454030e-05,-1.01362526e-05)
(-1.05771386e-05,-8.03123875e-06)
(-8.28470515e-06,-5.90735347e-06)
(-5.97248616e-06,-3.76882785e-06)
(-3.64491005e-06,-1.61992413e-06)
(-1.30644158e-06, 5.35072752e-07)
( 1.03842685e-06, 2.69186351e-06)
( 3.38518396e-06, 4.84614304e-06)
( 5.72930835e-06, 6.99360882e-06)
( 8.06627735e-06, 9.12996941e-06)
( 1.03915758e-05, 1.12509529e-05)
( 1.27007051e-05, 1.33523153e-05)
( 1.49891918e-05, 1.54298490e-05)
( 1.72525963e-05, 1.74793907e-05)
( 1.94865220e-05, 1.94968302e-05)
( 2.16866236e-05, 2.14781178e-05)
( 2.38486158e-05, 2.34192731e-05)
( 2.59682818e-05, 2.53163921e-05)
( 2.80414815e-05, 2.71656553e-05)
( 3.00641598e-05, 2.89633352e-05)
( 3.20323548e-05, 3.07058036e-05)
( 3.39422054e-05, 3.23895388e-05)
( 3.57899590e-05, 3.40111326e-05)
( 3.75719793e-05, 3.55672972e-05)
( 3.92847533e-05, 3.70548714e-05)
( 4.09248984e-05, 3.84708269e-05)
( 4.24891692e-05, 3.98122750e-05)
( 4.39744638e-05, 4.10764712e-05)
( 4.53778306e-05, 4.22608218e-05)
( 4.66964735e-05, 4.33628884e-05)
( 4.79277583e-05, 4.43803929e-05)
( 4.90692176e-05, 4.53112224e-05)
( 5.01185558e-05, 4.61534329e-05)
( 5.10736541e-05, 4.69052539e-05)
( 5.19325745e-05, 4.75650915e-05)
( 5.26935642e-05, 4.81315316e-05)
( 5.33550587e-05, 4.86033433e-05)
( 5.39156855e-05, 4.89794810e-05)
( 5.43742669e-05, 4.92590868e-05)
( 5.47298223e-05, 4.94414922e-05)
( 5.49815706e-05, 4.95262197e-05)
( 5.51289317e-05, 4.95129837e-05)
( 5.51715279e-05, 4.94016913e-05)
( 5.51091849e-05, 4.91924429e-05)
( 5.49419323e-05, 4.88855317e-05)
( 5.46700035e-05, 4.84814434e-05)
( 5.42938360e-05, 4.79808557e-05)
( 5.38140701e-05, 4.73846367e-05)
( 5.32315479e-05, 4.66938440e-05)
( 5.25473122e-05, 4.59097218e-05)
( 5.17626044e-05, 4.50336997e-05)
( 5.08788620e-05, 4.40673891e-05)
( 4.98977164e-05, 4.30125810e-05)
( 4.88209893e-05, 4.18712421e-05)
( 4.76506898e-05, 4.06455112e-05)
( 4.63890100e-05, 3.93376955e-05)
( 4.50383214e-05, 3.79502657e-05)
( 4.36011701e-05, 3.64858518e-05)
( 4.20802719e-05, 3.49472375e-05)
( 4.04785069e-05, 3.33373557e-05)
( 3.87989144e-05, 3.16592820e-05)
( 3.70446867e-05, 2.99162294e-05)
( 3.52191629e-05, 2.81115419e-05)
( 3.33258226e-05, 2.62486881e-05)
( 3.13682791e-05, 2.43312546e-05)
( 2.93502721e-05, 2.23629386e-05)
( 2.72756608e-05, 2.03475417e-05)
( 2.51484163e-05, 1.82889614e-05)
( 2.29726135e-05, 1.61911846e-05)
( 2.07524235e-05, 1.40582790e-05)
( 1.84921056e-05, 1.18943857e-05)
( 1.61959983e-05, 9.70371107e-06)
( 1.38685116e-05, 7.49051838e-06)
( 1.15141175e-05, 5.25911962e-06)
( 9.13734228e-06, 3.01386709e-06)
( 6.74275659e-06, 7.59144812e-07)
( 4.33496717e-06,-1.50063997e-06)
( 1.91860751e-06,-3.76106548e-06)
(-5.01671145e-07,-6.01770402e-06)
(-2.92120898e-06,-8.26613073e-06)
(-5.33534675e-06,-1.05019322e-05)
(-7.73943491e-06,-1.27207153e-05)
(-1.01288428e-05,-1.49181156e-05)
(-1.24989677e-05,-1.70898062e-05)
(-1.48452439e-05,-1.92315060e-05)
(-1.71631517e-05,-2.13389886e-05)
(-1.94482263e-05,-2.34080902e-05)
(-2.16960664e-05,-2.54347180e-05)
(-2.39023431e-05,-2.74148584e-05)
(-2.60628083e-05,-2.93445849e-05)
(-2.81733030e-05,-3.12200658e-05)
(-3.02297655e-05,-3.30375722e-05)
(-3.22282396e-05,-3.47934849e-05)
(-3.41648818e-05,-3.64843020e-05)
(-3.60359694e-05,-3.81066455e-05)
(-3.78379076e-05,-3.96572688e-05)
(-3.95672364e-05,-4.11330624e-05)
(-4.12206378e-05,-4.25310604e-05)
(-4.27949417e-05,-4.38484470e-05)
(-4.42871324e-05,-4.50825611e-05)
(-4.56943549e-05,-4.62309029e-05)
(-4.70139195e-05,-4.72911378e-05)
(-4.82433080e-05,-4.82611022e-05)
(-4.93801780e-05,-4.91388071e-05)
(-5.04223678e-05,-4.99224424e-05)
(-5.13679004e-05,-5.06103810e-05)
(-5.22149871e-05,-5.12011817e-05)
(-5.29620317e-05,-5.16935922e-05)
(-5.36076326e-05,-5.20865520e-05)
(-5.41505862e-05,-5.23791947e-05)
(-5.45898887e-05,-5.25708493e-05)
(-5.49247385e-05,-5.26610423e-05)
(-5.51545373e-05,-5.26494986e-05)
(-5.52788910e-05,-5.25361420e-05)
(-5.52976109e-05,-5.23210956e-05)
(-5.52107137e-05,-5.20046821e-05)
(-5.50184214e-05,-5.15874227e-05)
(-5.47211606e-05,-5.10700365e-05)
(-5.43195617e-05,-5.04534393e-05)
(-5.38144575e-05,-4.97387419e-05)
(-5.32068817e-05,-4.89272481e-05)
(-5.24980663e-05,-4.80204520e-05)
(-5.16894392e-05,-4.70200354e-05)
(-5.07826218e-05,-4.59278648e-05)
(-4.97794247e-05,-4.47459873e-05)
(-4.86818450e-05,-4.34766272e-05)
(-4.74920616e-05,-4.21221816e-05)
(-4.62124314e-05,-4.06852155e-05)
(-4.48454837e-05,-3.91684573e-05)
(-4.33939160e-05,-3.75747932e-05)
(-4.18605881e-05,-3.59072615e-05)
(-4.02485166e-05,-3.41690470e-05)
(-3.85608686e-05,-3.23634749e-05)
(-3.68009557e-05,-3.04940036e-05)
(-3.49722272e-05,-2.85642190e-05)
(-3.30782634e-05,-2.65778264e-05)
(-3.11227682e-05,-2.45386441e-05)
(-2.91095622e-05,-2.24505956e-05)
(-2.70425746e-05,-2.03177017e-05)
(-2.49258360e-05,-1.81440730e-05)
(-2.27634699e-05,-1.59339016e-05)
(-2.05596848e-05,-1.36914529e-05)
(-1.83187662e-05,-1.14210574e-05)
(-1.60450674e-05,-9.12710161e-06)
(-1.37430019e-05,-6.81402024e-06)
(-1.14170337e-05,-4.48628683e-06)
(-9.07166949e-06,-2.14840522e-06)
(-6.71144919e-06, 1.95099411e-07)
(-4.34093732e-06, 2.53968941e-06)
(-1.96471399e-06, 4.88082365e-06)
( 4.12634011e-07, 7.21396644e-06)
( 2.78652215e-06, 9.53459651e-06)
( 5.15237713e-06, 1.18382159e-05)
( 7.50564573e-06, 1.41203588e-05)
( 9.84180369e-06, 1.63766005e-05)
( 1.21563645e-05, 1.86025660e-05)
( 1.44448880e-05, 2.07939385e-05)
( 1.67029892e-05, 2.29464683e-05)
( 1.89263464e-05, 2.50559809e-05)
( 2.11107098e-05, 2.71183852e-05)
( 2.32519097e-05, 2.91296818e-05)
( 2.53458643e-05, 3.10859706e-05)
( 2.73885878e-05, 3.29834587e-05)
( 2.93761976e-05, 3.48184678e-05)
( 3.13049224e-05, 3.65874414e-05)
( 3.31711088e-05, 3.82869519e-05)
( 3.49712284e-05, 3.99137071e-05)
( 3.67018848e-05, 4.14645570e-05)
( 3.83598197e-05, 4.29364998e-05)
( 3.99419190e-05, 4.43266878e-05)
( 4.14452192e-05, 4.56324328e-05)
( 4.28669122e-05, 4.68512117e-05)
( 4.42043513e-05, 4.79806713e-05)
( 4.54550557e-05, 4.90186327e-05)
( 4.66167150e-05, 4.99630958e-05)
( 4.76871940e-05, 5.08122428e-05)
( 4.86645360e-05, 5.15644423e-05)
( 4.95469668e-05, 5.22182519e-05)
( 5.03328979e-05, 5.27724212e-05)
( 5.10209289e-05, 5.32258942e-05)
( 5.16098505e-05, 5.35778111e-05)
( 5.20986465e-05, 5.38275100e-05)
( 5.24864952e-05, 5.39745284e-05)
( 5.27727710e-05, 5.40186035e-05)
( 5.29570455e-05, 5.39596729e-05)
( 5.30390877e-05, 5.37978744e-05)
( 5.30188646e-05, 5.35335459e-05)
( 5.28965408e-05, 5.31672245e-05)
( 5.26724777e-05, 5.26996450e-05)
( 5.23472332e-05, 5.21317390e-05)
( 5.19215599e-05, 5.14646322e-05)
( 5.13964032e-05, 5.06996425e-05)
( 5.07729000e-05, 4.98382771e-05)
( 5.00523755e-05, 4.88822293e-05)
( 4.92363407e-05, 4.78333756e-05)
( 4.83264895e-05, 4.66937709e-05)
( 4.73246948e-05, 4.54656451e-05)
( 4.62330049e-05, 4.41513984e-05)
( 4.50536393e-05, 4.27535962e-05)
( 4.37889840e-05, 4.12749642e-05)
( 4.24415873e-05, 3.97183826e-05)
( 4.10141538e-05, 3.80868807e-05)
( 3.95095400e-05, 3.63836305e-05)
( 3.79307476e-05, 3.46119406e-05)
( 3.62809184e-05, 3.27752491e-05)
( 3.45633276e-05, 3.08771175e-05)
( 3.27813775e-05, 2.89212229e-05)
( 3.09385907e-05, 2.69113509e-05)
( 2.90386034e-05, 2.48513884e-05)
( 2.70851580e-05, 2.27453154e-05)
( 2.50820959e-05, 2.05971973e-05)
( 2.30333501e-05, 1.84111770e-05)
( 2.09429374e-05, 1.61914665e-05)
( 1.88149504e-05, 1.39423387e-05)
( 1.66535501e-05, 1.16681192e-05)
( 1.44629572e-05, 9.37317711e-06)
( 1.22474444e-05, 7.06191734e-06)
( 1.00113278e-05, 4.73877136e-06)
( 7.75895874e-06, 2.40818878e-06)
( 5.49471530e-06, 7.46286049e-08)
( 3.22299395e-06,-2.25744946e-06)
( 9.48201022e-07,-4.58359370e-06)
(-1.32525575e-06,-6.89936898e-06)
(-3.59297572e-06,-9.20036544e-06)
(-5.85057374e-06,-1.14822069e-05)
(-8.09368862e-06,-1.37405595e-05)
(-1.03179914e-05,-1.59711399e-05)
(-1.25191939e-05,-1.81697233e-05)
(-1.46930563e-05,-2.03321522e-05)
(-1.68353961e-05,-2.24543437e-05)
(-1.89420954e-05,-2.45322976e-05)
(-2.10091091e-05,-2.65621038e-05)
(-2.30324725e-05,-2.85399502e-05)
(-2.50083088e-05,-3.04621292e-05)
(-2.69328368e-05,-3.23250453e-05)
(-2.88023774e-05,-3.41252216e-05)
(-3.06133614e-05,-3.58593064e-05)
(-3.23623357e-05,-3.75240792e-05)
(-3.40459702e-05,-3.91164570e-05)
(-3.56610637e-05,-4.06334999e-05)
(-3.72045503e-05,-4.20724165e-05)
(-3.86735053e-05,-4.34305690e-05)
(-4.00651502e-05,-4.47054777e-05)
(-4.13768585e-05,-4.58948262e-05)
(-4.26061603e-05,-4.69964649e-05)
(-4.37507471e-05,-4.80084149e-05)
(-4.48084761e-05,-4.89288717e-05)
(-4.57773744e-05,-4.97562083e-05)
(-4.66556422e-05,-5.04889778e-05)
(-4.74416568e-05,-5.11259159e-05)
(-4.81339752e-05,-5.16659431e-05)
(-4.87313370e-05,-5.21081659e-05)
(-4.92326665e-05,-5.24518790e-05)
(-4.96370750e-05,-5.26965654e-05)
(-4.99438622e-05,-5.28418974e-05)
(-5.01525175e-05,-5.28877369e-05)
(-5.02627212e-05,-5.28341351e-05)
(-5.02743446e-05,-5.26813321e-05)
(-5.01874502e-05,-5.24297557e-05)
(-5.00022922e-05,-5.20800210e-05)
(-4.97193150e-05,-5.16329278e-05)
(-4.93391530e-05,-5.10894595e-05)
(-4.88626290e-05,-5.04507802e-05)
(-4.82907526e-05,-4.97182328e-05)
(-4.76247184e-05,-4.88933353e-05)
(-4.68659035e-05,-4.79777779e-05)
(-4.60158646e-05,-4.69734194e-05)
(-4.50763355e-05,-4.58822835e-05)
(-4.40492234e-05,-4.47065540e-05)
(-4.29366051e-05,-4.34485708e-05)
(-4.17407232e-05,-4.21108249e-05)
(-4.04639816e-05,-4.06959537e-05)
(-3.91089411e-05,-3.92067349e-05)
(-3.76783140e-05,-3.76460817e-05)
(-3.61749594e-05,-3.60170367e-05)
(-3.46018772e-05,-3.43227657e-05)
(-3.29622025e-05,-3.25665517e-05)
(-3.12591996e-05,-3.07517882e-05)
(-2.94962557e-05,-2.88819727e-05)
(-2.76768740e-05,-2.69606998e-05)
(-2.58046675e-05,-2.49916543e-05)
(-2.38833514e-05,-2.29786040e-05)
(-2.19167366e-05,-2.09253923e-05)
(-1.99087214e-05,-1.88359309e-05)
(-1.78632850e-05,-1.67141924e-05)
(-1.57844789e-05,-1.45642025e-05)
(-1.36764196e-05,-1.23900325e-05)
(-1.15432802e-05,-1.01957914e-05)
(-9.38928276e-06,-7.98561814e-06)
(-7.21868964e-06,-5.76367395e-06)
(-5.03579551e-06,-3.53413433e-06)
(-2.84491883e-06,-1.30118123e-06)
(-6.50393519e-07, 9.31004724e-07)
( 1.54343955e-06, 3.15825208e-06)
( 3.73224098e-06, 5.37640632e-06)
( 5.91168138e-06, 7.58133758e-06)
( 8.07744979e-06, 9.76894828e-06)
( 1.02252622e-05, 1.19351807e-05)
( 1.23508697e-05, 1.40760244e-05)
( 1.44500673e-05, 1.61875238e-05)
( 1.65187016e-05, 1.82657851e-05)
( 1.85526797e-05, 2.03069834e-05)
( 2.05479763e-05, 2.23073701e-05)
( 2.25006427e-05, 2.42632792e-05)
( 2.44068137e-05, 2.61711341e-05)
( 2.62627160e-05, 2.80274541e-05)
( 2.80646750e-05, 2.98288604e-05)
( 2.98091226e-05, 3.15720827e-05)
( 3.14926042e-05, 3.32539643e-05)
( 3.31117855e-05, 3.48714683e-05)
( 3.46634591e-05, 3.64216826e-05)
( 3.61445512e-05, 3.79018252e-05)
( 3.75521273e-05, 3.93092489e-05)
( 3.88833988e-05, 4.06414463e-05)
( 4.01357280e-05, 4.18960536e-05)
( 4.13066337e-05, 4.30708551e-05)
( 4.23937964e-05, 4.41637867e-05)
( 4.33950626e-05, 4.51729398e-05)
( 4.43084497e-05, 4.60965641e-05)
( 4.51321499e-05, 4.69330705e-05)
( 4.58645337e-05, 4.76810343e-05)
( 4.65041537e-05, 4.83391966e-05)
( 4.70497473e-05, 4.89064673e-05)
( 4.75002398e-05, 4.93819260e-05)
( 4.78547463e-05, 4.97648236e-05)
( 4.81125736e-05, 5.00545836e-05)
( 4.82732225e-05, 5.02508028e-05)
( 4.83363879e-05, 5.03532514e-05)
( 4.83019605e-05, 5.03618735e-05)
( 4.81700267e-05, 5.02767866e-05)
( 4.79408690e-05, 5.00982814e-05)
( 4.76149653e-05, 4.98268208e-05)
( 4.71929881e-05, 4.94630387e-05)
( 4.66758037e-05, 4.90077388e-05)
( 4.60644705e-05, 4.84618928e-05)
( 4.53602370e-05, 4.78266380e-05)
( 4.45645394e-05, 4.71032754e-05)
( 4.36789992e-05, 4.62932672e-05)
( 4.27054199e-05, 4.53982332e-05)
( 4.16457837e-05, 4.44199484e-05)
( 4.05022475e-05, 4.33603389e-05)
( 3.92771388e-05, 4.22214787e-05)
( 3.79729515e-05, 4.10055852e-05)
( 3.65923404e-05, 3.97150155e-05)
( 3.51381167e-05, 3.83522616e-05)
( 3.36132418e-05, 3.69199454e-05)
( 3.20208220e-05, 3.54208146e-05)
( 3.03641022e-05, 3.38577366e-05)
( 2.86464593e-05, 3.22336936e-05)
( 2.68713955e-05, 3.05517773e-05)
( 2.50425315e-05, 2.88151823e-05)
( 2.31635992e-05, 2.70272010e-05)
( 2.12384342e-05, 2.51912170e-05)
( 1.92709678e-05, 2.33106992e-05)
( 1.72652198e-05, 2.13891947e-05)
( 1.52252894e-05, 1.94303232e-05)
( 1.31553480e-05, 1.74377695e-05)
( 1.10596296e-05, 1.54152773e-05)
( 8.94242327e-06, 1.33666419e-05)
( 6.80806365e-06, 1.12957033e-05)
( 4.66092248e-06, 9.20633952e-06)
( 2.50539956e-06, 7.10245887e-06)
( 3.45913747e-07, 4.98799331e-06)
(-1.81310611e-06, 2.86689097e-06)
(-3.96723026e-06, 7.43109002e-07)
(-6.11203717e-06,-1.37939370e-06)
(-8.24312268e-06,-3.49666372e-06)
(-1.03561091e-05,-5.60476037e-06)
(-1.24466542e-05,-7.69976290e-06)
(-1.45104602e-05,-9.77777770e-06)
(-1.65432831e-05,-1.18349454e-05)
(-1.85409409e-05,-1.38674479e-05)
(-2.04993227e-05,-1.58715154e-05)
(-2.24143972e-05,-1.78434334e-05)
(-2.42822212e-05,-1.97795493e-05)
(-2.60989477e-05,-2.16762793e-05)
(-2.78608344e-05,-2.35301149e-05)
(-2.95642509e-05,-2.53376292e-05)
(-3.12056872e-05,-2.70954834e-05)
(-3.27817602e-05,-2.88004331e-05)
(-3.42892216e-05,-3.04493336e-05)
(-3.57249646e-05,-3.20391464e-05)
(-3.70860303e-05,-3.35669446e-05)
(-3.83696143e-05,-3.50299180e-05)
(-3.95730724e-05,-3.64253789e-05)
(-4.06939265e-05,-3.77507663e-05)
(-4.17298698e-05,-3.90036516e-05)
(-4.26787720e-05,-4.01817421e-05)
(-4.35386836e-05,-4.12828861e-05)
(-4.43078401e-05,-4.23050764e-05)
(-4.49846665e-05,-4.32464545e-05)
(-4.55677797e-05,-4.41053137e-05)
(-4.60559924e-05,-4.48801025e-05)
(-4.64483156e-05,-4.55694274e-05)
(-4.67439605e-05,-4.61720558e-05)
(-4.69423403e-05,-4.66869182e-05)
(-4.70430721e-05,-4.71131104e-05)
(-4.70459774e-05,-4.74498950e-05)
(-4.69510825e-05,-4.76967030e-05)
(-4.67586189e-05,-4.78531350e-05)
(-4.64690229e-05,-4.79189621e-05)
(-4.60829345e-05,-4.78941262e-05)
(-4.56011964e-05,-4.77787403e-05)
(-4.50248523e-05,-4.75730886e-05)
(-4.43551447e-05,-4.72776256e-05)
(-4.35935125e-05,-4.68929760e-05)
(-4.27415878e-05,-4.64199330e-05)
(-4.18011927e-05,-4.58594574e-05)
(-4.07743355e-05,-4.52126754e-05)
(-3.96632065e-05,-4.44808773e-05)
(-3.84701733e-05,-4.36655145e-05)
(-3.71977757e-05,-4.27681972e-05)
(-3.58487209e-05,-4.17906916e-05)
(-3.44258771e-05,-4.07349162e-05)
(-3.29322679e-05,-3.96029389e-05)
(-3.13710654e-05,-3.83969725e-05)
(-2.97455841e-05,-3.71193714e-05)
(-2.80592734e-05,-3.57726264e-05)
(-2.63157101e-05,-3.43593607e-05)
(-2.45185912e-05,-3.28823248e-05)
(-2.26717259e-05,-3.13443911e-05)
(-2.07790272e-05,-2.97485488e-05)
(-1.88445036e-05,-2.80978984e-05)
(-1.68722506e-05,-2.63956455e-05)
(-1.48664420e-05,-2.46450947e-05)
(-1.28313207e-05,-2.28496437e-05)
(-1.07711897e-05,-2.10127767e-05)
(-8.69040302e-06,-1.91380575e-05)
(-6.59335594e-06,-1.72291231e-05)
(-4.48447589e-06,-1.52896761e-05)
(-2.36821277e-06,-1.33234785e-05)
(-2.49029385e-07,-1.13343437e-05)
( 1.86860814e-06,-9.32612928e-06)
( 3.98024000e-06,-7.30272981e-06)
( 6.08142233e-06,-5.26806907e-06)
( 8.16773674e-06,-3.22609249e-06)
( 1.02347999e-05,-1.18075944e-06)
( 1.22782728e-05, 8.63964520e-07)
( 1.42938705e-05, 2.90411534e-06)
( 1.62773707e-05, 4.93573832e-06)
( 1.82246236e-05, 6.95489587e-06)
( 2.01315600e-05, 8.95767528e-06)
( 2.19942009e-05, 1.09401964e-05)
( 2.38086653e-05, 1.28986195e-05)
( 2.55711788e-05, 1.48291526e-05)
( 2.72780819e-05, 1.67280592e-05)
( 2.89258375e-05, 1.85916659e-05)
( 3.05110386e-05, 2.04163694e-05)
( 3.20304154e-05, 2.21986439e-05)
( 3.34808427e-05, 2.39350481e-05)
( 3.48593459e-05, 2.56222325e-05)
( 3.61631078e-05, 2.72569455e-05)
( 3.73894741e-05, 2.88360405e-05)
( 3.85359595e-05, 3.03564820e-05)
( 3.96002523e-05, 3.18153522e-05)
( 4.05802197e-05, 3.32098563e-05)
( 4.14739120e-05, 3.45373286e-05)
( 4.22795664e-05, 3.57952381e-05)
( 4.29956109e-05, 3.69811934e-05)
( 4.36206673e-05, 3.80929476e-05)
( 4.41535538e-05, 3.91284032e-05)
( 4.45932875e-05, 4.00856164e-05)
( 4.49390860e-05, 4.09628009e-05)
( 4.51903688e-05, 4.17583318e-05)
( 4.53467585e-05, 4.24707489e-05)
( 4.54080809e-05, 4.30987601e-05)
( 4.53743653e-05, 4.36412435e-05)
( 4.52458438e-05, 4.40972503e-05)
( 4.50229507e-05, 4.44660066e-05)
( 4.47063208e-05, 4.47469153e-05)
( 4.42967882e-05, 4.49395568e-05)
( 4.37953833e-05, 4.50436907e-05)
( 4.32033308e-05, 4.50592558e-05)
( 4.25220465e-05, 4.49863704e-05)
( 4.17531333e-05, 4.48253323e-05)
( 4.08983781e-05, 4.45766180e-05)
( 3.99597465e-05, 4.42408819e-05)
( 3.89393792e-05, 4.38189547e-05)
( 3.78395859e-05, 4.33118422e-05)
( 3.66628406e-05, 4.27207227e-05)
( 3.54117753e-05, 4.20469447e-05)
( 3.40891740e-05, 4.12920244e-05)
( 3.26979665e-05, 4.04576419e-05)
( 3.12412212e-05, 3.95456385e-05)
( 2.97221382e-05, 3.85580119e-05)
( 2.81440421e-05, 3.74969128e-05)
( 2.65103741e-05, 3.63646397e-05)
( 2.48246846e-05, 3.51636344e-05)
( 2.30906246e-05, 3.38964768e-05)
( 2.13119377e-05, 3.25658791e-05)
( 1.94924519e-05, 3.11746804e-05)
( 1.76360705e-05, 2.97258403e-05)
( 1.57467638e-05, 2.82224327e-05)
( 1.38285600e-05, 2.66676392e-05)
( 1.18855361e-05, 2.50647422e-05)
( 9.92180918e-06, 2.34171181e-05)
( 7.94152724e-06, 2.17282295e-05)
( 5.94885987e-06, 2.00016181e-05)
( 3.94798926e-06, 1.82408972e-05)
( 1.94310103e-06, 1.64497433e-05)
(-6.16248872e-08, 1.46318888e-05)
(-2.06202330e-06, 1.27911133e-05)
(-4.05395272e-06, 1.09312358e-05)
(-6.03330430e-06, 9.05610651e-06)
(-7.99601058e-06, 7.16959795e-06)
(-9.93805413e-06, 5.27559701e-06)
(-1.18554761e-05, 3.37799628e-06)
(-1.37443844e-05, 1.48068563e-06)
(-1.56009622e-05,-4.12456260e-07)
(-1.74214752e-05,-2.29757038e-06)
(-1.92022800e-05,-4.17082575e-06)
(-2.09398312e-05,-6.02842782e-06)
(-2.26306887e-05,-7.86662665e-06)
(-2.42715246e-05,-9.68172518e-06)
(-2.58591296e-05,-1.14700872e-05)
(-2.73904198e-05,-1.32281452e-05)
(-2.88624424e-05,-1.49524082e-05)
(-3.02723813e-05,-1.66394695e-05)
(-3.16175627e-05,-1.82860136e-05)
(-3.28954598e-05,-1.98888238e-05)
(-3.41036977e-05,-2.14447888e-05)
(-3.52400574e-05,-2.29509097e-05)
(-3.63024799e-05,-2.44043062e-05)
(-3.72890694e-05,-2.58022229e-05)
(-3.81980966e-05,-2.71420351e-05)
(-3.90280014e-05,-2.84212542e-05)
(-3.97773952e-05,-2.96375333e-05)
(-4.04450624e-05,-3.07886716e-05)
(-4.10299627e-05,-3.18726196e-05)
(-4.15312313e-05,-3.28874825e-05)
(-4.19481801e-05,-3.38315247e-05)
(-4.22802978e-05,-3.47031730e-05)
(-4.25272499e-05,-3.55010195e-05)
(-4.26888779e-05,-3.62238246e-05)
(-4.27651987e-05,-3.68705190e-05)
(-4.27564030e-05,-3.74402057e-05)
(-4.26628536e-05,-3.79321613e-05)
(-4.24850837e-05,-3.83458372e-05)
(-4.22237939e-05,-3.86808601e-05)
(-4.18798498e-05,-3.89370322e-05)
(-4.14542788e-05,-3.91143312e-05)
(-4.09482662e-05,-3.92129091e-05)
(-4.03631519e-05,-3.92330917e-05)
(-3.97004261e-05,-3.91753767e-05)
(-3.89617244e-05,-3.90404320e-05)
(-3.81488239e-05,-3.88290932e-05)
(-3.72636374e-05,-3.85423613e-05)
(-3.63082084e-05,-3.81813987e-05)
(-3.52847059e-05,-3.77475268e-05)
(-3.41954180e-05,-3.72422210e-05)
(-3.30427465e-05,-3.66671071e-05)
(-3.18292005e-05,-3.60239566e-05)
(-3.05573900e-05,-3.53146812e-05)
(-2.92300194e-05,-3.45413280e-05)
(-2.78498809e-05,-3.37060737e-05)
(-2.64198478e-05,-3.28112182e-05)
(-2.49428674e-05,-3.18591789e-05)
(-2.34219541e-05,-3.08524836e-05)
(-2.18601824e-05,-2.97937640e-05)
(-2.02606796e-05,-2.86857485e-05)
(-1.86266190e-05,-2.75312546e-05)
(-1.69612124e-05,-2.63331818e-05)
(-1.52677029e-05,-2.50945035e-05)
(-1.35493579e-05,-2.38182592e-05)
(-1.18094623e-05,-2.25075464e-05)
(-1.00513106e-05,-2.11655123e-05)
(-8.27820070e-06,-1.97953455e-05)
(-6.49342660e-06,-1.84002676e-05)
(-4.70027169e-06,-1.69835244e-05)
(-2.90200206e-06,-1.55483780e-05)
(-1.10185997e-06,-1.40980971e-05)
( 6.96942561e-07,-1.26359496e-05)
( 2.49123000e-06,-1.11651930e-05)
( 4.27786930e-06,-9.68906628e-06)
( 6.05377581e-06,-8.21078122e-06)
( 7.81591888e-06,-6.73351406e-06)
( 9.56132732e-06,-5.26039699e-06)
( 1.12870946e-05,-3.79450996e-06)
( 1.29903836e-05,-2.33887256e-06)
( 1.46684319e-05,-8.96435993e-07)
( 1.63185554e-05, 5.29924642e-07)
( 1.79381531e-05, 1.93741802e-06)
( 1.95247109e-05, 3.32334397e-06)
( 2.10758049e-05, 4.68510062e-06)
( 2.25891050e-05, 6.02019135e-06)
( 2.40623779e-05, 7.32623145e-06)
( 2.54934896e-05, 8.60095451e-06)
( 2.68804081e-05, 9.84221855e-06)
( 2.82212051e-05, 1.10480118e-05)
( 2.95140583e-05, 1.22164581e-05)
( 3.07572521e-05, 1.33458224e-05)
( 3.19491797e-05, 1.44345152e-05)
( 3.30883430e-05, 1.54810973e-05)
( 3.41733536e-05, 1.64842838e-05)
( 3.52029328e-05, 1.74429483e-05)
( 3.61759116e-05, 1.83561258e-05)
( 3.70912301e-05, 1.92230163e-05)
( 3.79479365e-05, 2.00429872e-05)
( 3.87451864e-05, 2.08155762e-05)
( 3.94822410e-05, 2.15404927e-05)
( 4.01584656e-05, 2.22176204e-05)
( 4.07733274e-05, 2.28470181e-05)
( 4.13263932e-05, 2.34289211e-05)
( 4.18173263e-05, 2.39637420e-05)
( 4.22458841e-05, 2.44520715e-05)
( 4.26119143e-05, 2.48946786e-05)
( 4.29153514e-05, 2.52925107e-05)
( 4.31562126e-05, 2.56466939e-05)
( 4.33345936e-05, 2.59585329e-05)
( 4.34506636e-05, 2.62295104e-05)
( 4.35046607e-05, 2.64612877e-05)
( 4.34968861e-05, 2.66557041e-05)
( 4.34276982e-05, 2.68147773e-05)
( 4.32975069e-05, 2.69407037e-05)
( 4.31067660e-05, 2.70358592e-05)
( 4.28559666e-05, 2.71028007e-05)
( 4.25456289e-05, 2.71442678e-05)
( 4.21762938e-05, 2.71631865e-05)
( 4.17485135e-05, 2.71626725e-05)
( 4.12628416e-05, 2.71460376e-05)
( 4.07198215e-05, 2.71167971e-05)
( 4.01199744e-05, 2.70786796e-05)
( 3.94637855e-05, 2.70356399e-05)
( 3.87516880e-05, 2.69918757e-05)
( 3.79840457e-05, 2.69518487e-05)
( 3.71611326e-05, 2.69203114e-05)
( 3.62831095e-05, 2.69023413e-05)
( 3.53499960e-05, 2.69033848e-05)
( 3.43616380e-05, 2.69293117e-05)
( 3.33176684e-05, 2.69864867e-05)
( 3.22174593e-05, 2.70818595e-05)
( 3.10600633e-05, 2.72230813e-05)
( 2.98441400e-05, 2.74186567e-05)
( 2.85678638e-05, 2.76781419e-05)
( 2.72288045e-05, 2.80124073e-05)
( 2.58237726e-05, 2.84339898e-05)
( 2.43486131e-05, 2.89575701e-05)
( 2.27979273e-05, 2.96006332e-05)
( 2.11646888e-05, 3.03843969e-05)
( 1.94397007e-05, 3.13351468e-05)
( 1.76108086e-05, 3.24862044e-05)
( 1.56617251e-05, 3.38809157e-05)
( 1.35702101e-05, 3.55773474e-05)
( 1.13051373e-05, 3.76559766e-05)
( 8.82152186e-06, 4.02329270e-05)
( 6.05156343e-06, 4.34841899e-05)
( 2.88721526e-06, 4.76935160e-05)
(-8.57342790e-07, 5.33572334e-05)
(-5.53788853e-06, 6.14459994e-05)
(-1.19750471e-05, 7.42593871e-05)
(-2.20688544e-05, 9.71762468e-05)
(-6.64581858e-05, 2.22391170e-04)
