% ======================================================
% L-Bracket Method of Moments Solution
% ======================================================
% Frequency: 9.100 GHz
% Wavelength: 0.032945 m
% Segments: N=3036 (1518 horiz + 1518 vert)
% Transmitter: (25.0000, 25.0000) m
%
% Solver: SSOR with hierarchical omega
% omega = 0.1020
% iterations = 375
% convergence = 9.68e-10
% time = 237.62 seconds
% ======================================================
% Format: (real, imaginary) current coefficients
% ======================================================
(-3.92854286e-07,-1.26106567e-06)
(-1.47578491e-06,-4.53142515e-06)
(-2.49113799e-06,-7.61803572e-06)
(-3.49998735e-06,-1.06869722e-05)
(-4.50040446e-06,-1.37314343e-05)
(-5.49108893e-06,-1.67469681e-05)
(-6.47038193e-06,-1.97282876e-05)
(-7.43650698e-06,-2.26698643e-05)
(-8.38765027e-06,-2.55661006e-05)
(-9.32199351e-06,-2.84114118e-05)
(-1.02377327e-05,-3.12002712e-05)
(-1.11330892e-05,-3.39272373e-05)
(-1.20063172e-05,-3.65869748e-05)
(-1.28557097e-05,-3.91742704e-05)
(-1.36796034e-05,-4.16840467e-05)
(-1.44763830e-05,-4.41113743e-05)
(-1.52444847e-05,-4.64514835e-05)
(-1.59824001e-05,-4.86997741e-05)
(-1.66886792e-05,-5.08518257e-05)
(-1.73619335e-05,-5.29034067e-05)
(-1.80008388e-05,-5.48504833e-05)
(-1.86041382e-05,-5.66892275e-05)
(-1.91706443e-05,-5.84160248e-05)
(-1.96992416e-05,-6.00274818e-05)
(-2.01888892e-05,-6.15204330e-05)
(-2.06386223e-05,-6.28919468e-05)
(-2.10475543e-05,-6.41393317e-05)
(-2.14148787e-05,-6.52601415e-05)
(-2.17398706e-05,-6.62521803e-05)
(-2.20218882e-05,-6.71135067e-05)
(-2.22603737e-05,-6.78424378e-05)
(-2.24548551e-05,-6.84375525e-05)
(-2.26049464e-05,-6.88976941e-05)
(-2.27103489e-05,-6.92219730e-05)
(-2.27708515e-05,-6.94097680e-05)
(-2.27863311e-05,-6.94607278e-05)
(-2.27567532e-05,-6.93747714e-05)
(-2.26821714e-05,-6.91520887e-05)
(-2.25627279e-05,-6.87931397e-05)
(-2.23986529e-05,-6.82986535e-05)
(-2.21902639e-05,-6.76696272e-05)
(-2.19379659e-05,-6.69073236e-05)
(-2.16422497e-05,-6.60132688e-05)
(-2.13036914e-05,-6.49892492e-05)
(-2.09229515e-05,-6.38373076e-05)
(-2.05007730e-05,-6.25597396e-05)
(-2.00379806e-05,-6.11590887e-05)
(-1.95354786e-05,-5.96381412e-05)
(-1.89942495e-05,-5.79999210e-05)
(-1.84153517e-05,-5.62476832e-05)
(-1.77999178e-05,-5.43849080e-05)
(-1.71491525e-05,-5.24152932e-05)
(-1.64643295e-05,-5.03427477e-05)
(-1.57467900e-05,-4.81713828e-05)
(-1.49979394e-05,-4.59055048e-05)
(-1.42192447e-05,-4.35496061e-05)
(-1.34122321e-05,-4.11083564e-05)
(-1.25784832e-05,-3.85865932e-05)
(-1.17196326e-05,-3.59893127e-05)
(-1.08373644e-05,-3.33216592e-05)
(-9.93340917e-06,-3.05889158e-05)
(-9.00954015e-06,-2.77964930e-05)
(-8.06757018e-06,-2.49499187e-05)
(-7.10934797e-06,-2.20548269e-05)
(-6.13675456e-06,-1.91169466e-05)
(-5.15169961e-06,-1.61420907e-05)
(-4.15611771e-06,-1.31361441e-05)
(-3.15196455e-06,-1.01050524e-05)
(-2.14121314e-06,-7.05480991e-06)
(-1.12584993e-06,-3.99144802e-06)
(-1.07870939e-07,-9.21023123e-07)
( 9.10722152e-07, 2.15039526e-06)
( 1.92792593e-06, 5.21673651e-06)
( 2.94173914e-06, 8.27194090e-06)
( 3.95016665e-06, 1.13099715e-05)
( 4.95122331e-06, 1.43248262e-05)
( 5.94293789e-06, 1.73105493e-05)
( 6.92335687e-06, 2.02612437e-05)
( 7.89054838e-06, 2.31710821e-05)
( 8.84260588e-06, 2.60343186e-05)
( 9.77765198e-06, 2.88453001e-05)
( 1.06938421e-05, 3.15984775e-05)
( 1.15893680e-05, 3.42884164e-05)
( 1.24624617e-05, 3.69098080e-05)
( 1.33113983e-05, 3.94574795e-05)
( 1.41345000e-05, 4.19264041e-05)
( 1.49301392e-05, 4.43117112e-05)
( 1.56967415e-05, 4.66086957e-05)
( 1.64327892e-05, 4.88128275e-05)
( 1.71368238e-05, 5.09197602e-05)
( 1.78074494e-05, 5.29253395e-05)
( 1.84433350e-05, 5.48256117e-05)
( 1.90432177e-05, 5.66168315e-05)
( 1.96059045e-05, 5.82954687e-05)
( 2.01302752e-05, 5.98582160e-05)
( 2.06152844e-05, 6.13019948e-05)
( 2.10599637e-05, 6.26239613e-05)
( 2.14634235e-05, 6.38215127e-05)
( 2.18248548e-05, 6.48922914e-05)
( 2.21435311e-05, 6.58341901e-05)
( 2.24188093e-05, 6.66453559e-05)
( 2.26501316e-05, 6.73241937e-05)
( 2.28370264e-05, 6.78693694e-05)
( 2.29791088e-05, 6.82798128e-05)
( 2.30760824e-05, 6.85547188e-05)
( 2.31277390e-05, 6.86935500e-05)
( 2.31339594e-05, 6.86960369e-05)
( 2.30947138e-05, 6.85621787e-05)
( 2.30100618e-05, 6.82922435e-05)
( 2.28801520e-05, 6.78867671e-05)
( 2.27052225e-05, 6.73465526e-05)
( 2.24855998e-05, 6.66726681e-05)
( 2.22216983e-05, 6.58664451e-05)
( 2.19140198e-05, 6.49294757e-05)
( 2.15631526e-05, 6.38636090e-05)
( 2.11697698e-05, 6.26709483e-05)
( 2.07346287e-05, 6.13538459e-05)
( 2.02585691e-05, 5.99148991e-05)
( 1.97425115e-05, 5.83569450e-05)
( 1.91874555e-05, 5.66830545e-05)
( 1.85944780e-05, 5.48965267e-05)
( 1.79647310e-05, 5.30008819e-05)
( 1.72994393e-05, 5.09998553e-05)
( 1.65998980e-05, 4.88973886e-05)
( 1.58674706e-05, 4.66976235e-05)
( 1.51035856e-05, 4.44048923e-05)
( 1.43097340e-05, 4.20237102e-05)
( 1.34874668e-05, 3.95587661e-05)
( 1.26383914e-05, 3.70149132e-05)
( 1.17641685e-05, 3.43971596e-05)
( 1.08665095e-05, 3.17106586e-05)
( 9.94717233e-06, 2.89606982e-05)
( 9.00795849e-06, 2.61526909e-05)
( 8.05070944e-06, 2.32921630e-05)
( 7.07730293e-06, 2.03847437e-05)
( 6.08964937e-06, 1.74361541e-05)
( 5.08968804e-06, 1.44521958e-05)
( 4.07938332e-06, 1.14387396e-05)
( 3.06072080e-06, 8.40171379e-06)
( 2.03570336e-06, 5.34709286e-06)
( 1.00634729e-06, 2.28088532e-06)
(-2.53217585e-08,-7.90877877e-07)
(-1.05727272e-06,-3.86215524e-06)
(-2.08747314e-06,-6.92690663e-06)
(-3.11389317e-06,-9.97910511e-06)
(-4.13450960e-06,-1.30127488e-05)
(-5.14730986e-06,-1.60218727e-05)
(-6.15029598e-06,-1.90005604e-05)
(-7.14148855e-06,-2.19429555e-05)
(-8.11893067e-06,-2.48432736e-05)
(-9.08069181e-06,-2.76958131e-05)
(-1.00248716e-05,-3.04949669e-05)
(-1.09496038e-05,-3.32352329e-05)
(-1.18530596e-05,-3.59112253e-05)
(-1.27334518e-05,-3.85176849e-05)
(-1.35890378e-05,-4.10494895e-05)
(-1.44181237e-05,-4.35016639e-05)
(-1.52190669e-05,-4.58693897e-05)
(-1.59902803e-05,-4.81480148e-05)
(-1.67302347e-05,-5.03330625e-05)
(-1.74374621e-05,-5.24202403e-05)
(-1.81105589e-05,-5.44054484e-05)
(-1.87481884e-05,-5.62847875e-05)
(-1.93490836e-05,-5.80545669e-05)
(-1.99120497e-05,-5.97113112e-05)
(-2.04359667e-05,-6.12517676e-05)
(-2.09197912e-05,-6.26729119e-05)
(-2.13625592e-05,-6.39719548e-05)
(-2.17633875e-05,-6.51463472e-05)
(-2.21214755e-05,-6.61937851e-05)
(-2.24361074e-05,-6.71122142e-05)
(-2.27066528e-05,-6.78998343e-05)
(-2.29325689e-05,-6.85551020e-05)
(-2.31134009e-05,-6.90767347e-05)
(-2.32487833e-05,-6.94637125e-05)
(-2.33384408e-05,-6.97152802e-05)
(-2.33821885e-05,-6.98309492e-05)
(-2.33799325e-05,-6.98104982e-05)
(-2.33316704e-05,-6.96539735e-05)
(-2.32374908e-05,-6.93616892e-05)
(-2.30975739e-05,-6.89342265e-05)
(-2.29121904e-05,-6.83724324e-05)
(-2.26817015e-05,-6.76774182e-05)
(-2.24065583e-05,-6.68505574e-05)
(-2.20873005e-05,-6.58934828e-05)
(-2.17245559e-05,-6.48080834e-05)
(-2.13190388e-05,-6.35965008e-05)
(-2.08715488e-05,-6.22611248e-05)
(-2.03829693e-05,-6.08045889e-05)
(-1.98542657e-05,-5.92297649e-05)
(-1.92864834e-05,-5.75397575e-05)
(-1.86807461e-05,-5.57378982e-05)
(-1.80382535e-05,-5.38277385e-05)
(-1.73602785e-05,-5.18130432e-05)
(-1.66481654e-05,-4.96977830e-05)
(-1.59033269e-05,-4.74861264e-05)
(-1.51272413e-05,-4.51824320e-05)
(-1.43214498e-05,-4.27912394e-05)
(-1.34875530e-05,-4.03172608e-05)
(-1.26272085e-05,-3.77653714e-05)
(-1.17421270e-05,-3.51405997e-05)
(-1.08340691e-05,-3.24481182e-05)
(-9.90484197e-06,-2.96932327e-05)
(-8.95629567e-06,-2.68813719e-05)
(-7.99031944e-06,-2.40180771e-05)
(-7.00883804e-06,-2.11089910e-05)
(-6.01380791e-06,-1.81598464e-05)
(-5.00721333e-06,-1.51764557e-05)
(-3.99106241e-06,-1.21646985e-05)
(-2.96738321e-06,-9.13051074e-06)
(-1.93821963e-06,-6.07987265e-06)
(-9.05627390e-07,-3.01879714e-06)
( 1.28330051e-07, 4.66820974e-08)
( 1.16158560e-06, 3.11052244e-06)
( 2.19207264e-06, 6.16668428e-06)
( 3.21772914e-06, 9.20914286e-06)
( 4.23650177e-06, 1.22319002e-05)
( 5.24634994e-06, 1.52289969e-05)
( 6.24524995e-06, 1.81945238e-05)
( 7.23119891e-06, 2.11226339e-05)
( 8.20221884e-06, 2.40075536e-05)
( 9.15636055e-06, 2.68435940e-05)
( 1.00917075e-05, 2.96251626e-05)
( 1.10063798e-05, 3.23467739e-05)
( 1.18985376e-05, 3.50030605e-05)
( 1.27663851e-05, 3.75887834e-05)
( 1.36081742e-05, 4.00988427e-05)
( 1.44222076e-05, 4.25282873e-05)
( 1.52068425e-05, 4.48723251e-05)
( 1.59604938e-05, 4.71263321e-05)
( 1.66816371e-05, 4.92858619e-05)
( 1.73688123e-05, 5.13466539e-05)
( 1.80206259e-05, 5.33046427e-05)
( 1.86357540e-05, 5.51559651e-05)
( 1.92129451e-05, 5.68969684e-05)
( 1.97510226e-05, 5.85242176e-05)
( 2.02488868e-05, 6.00345018e-05)
( 2.07055177e-05, 6.14248413e-05)
( 2.11199765e-05, 6.26924926e-05)
( 2.14914079e-05, 6.38349545e-05)
( 2.18190415e-05, 6.48499732e-05)
( 2.21021937e-05, 6.57355460e-05)
( 2.23402687e-05, 6.64899262e-05)
( 2.25327600e-05, 6.71116259e-05)
( 2.26792514e-05, 6.75994194e-05)
( 2.27794178e-05, 6.79523454e-05)
( 2.28330256e-05, 6.81697093e-05)
( 2.28399338e-05, 6.82510842e-05)
( 2.28000937e-05, 6.81963120e-05)
( 2.27135496e-05, 6.80055036e-05)
( 2.25804380e-05, 6.76790391e-05)
( 2.24009881e-05, 6.72175668e-05)
( 2.21755209e-05, 6.66220017e-05)
( 2.19044488e-05, 6.58935244e-05)
( 2.15882747e-05, 6.50335782e-05)
( 2.12275910e-05, 6.40438669e-05)
( 2.08230786e-05, 6.29263506e-05)
( 2.03755054e-05, 6.16832428e-05)
( 1.98857249e-05, 6.03170055e-05)
( 1.93546746e-05, 5.88303445e-05)
( 1.87833739e-05, 5.72262042e-05)
( 1.81729223e-05, 5.55077616e-05)
( 1.75244972e-05, 5.36784204e-05)
( 1.68393517e-05, 5.17418038e-05)
( 1.61188118e-05, 4.97017478e-05)
( 1.53642742e-05, 4.75622936e-05)
( 1.45772031e-05, 4.53276795e-05)
( 1.37591279e-05, 4.30023324e-05)
( 1.29116395e-05, 4.05908595e-05)
( 1.20363876e-05, 3.80980389e-05)
( 1.11350776e-05, 3.55288101e-05)
( 1.02094666e-05, 3.28882647e-05)
( 9.26136048e-06, 3.01816357e-05)
( 8.29261026e-06, 2.74142877e-05)
( 7.30510822e-06, 2.45917061e-05)
( 6.30078434e-06, 2.17194862e-05)
( 5.28160243e-06, 1.88033223e-05)
( 4.24955629e-06, 1.58489963e-05)
( 3.20666571e-06, 1.28623662e-05)
( 2.15497255e-06, 9.84935483e-06)
( 1.09653666e-06, 6.81593779e-06)
( 3.34318371e-08, 3.76813181e-06)
(-1.03225829e-06, 7.11982808e-07)
(-2.09844436e-06,-2.34644612e-06)
(-3.16303542e-06,-5.40108667e-06)
(-4.22394302e-06,-8.44587735e-06)
(-5.27908538e-06,-1.14747755e-05)
(-6.32639148e-06,-1.44817692e-05)
(-7.36380515e-06,-1.74608894e-05)
(-8.38928912e-06,-2.04062213e-05)
(-9.40082906e-06,-2.33119166e-05)
(-1.03964375e-05,-2.61722049e-05)
(-1.13741579e-05,-2.89814048e-05)
(-1.23320684e-05,-3.17339357e-05)
(-1.32682853e-05,-3.44243285e-05)
(-1.41809677e-05,-3.70472367e-05)
(-1.50683199e-05,-3.95974468e-05)
(-1.59285960e-05,-4.20698886e-05)
(-1.67601027e-05,-4.44596457e-05)
(-1.75612030e-05,-4.67619645e-05)
(-1.83303191e-05,-4.89722644e-05)
(-1.90659358e-05,-5.10861465e-05)
(-1.97666033e-05,-5.30994024e-05)
(-2.04309402e-05,-5.50080223e-05)
(-2.10576362e-05,-5.68082035e-05)
(-2.16454544e-05,-5.84963576e-05)
(-2.21932343e-05,-6.00691175e-05)
(-2.26998935e-05,-6.15233446e-05)
(-2.31644302e-05,-6.28561343e-05)
(-2.35859251e-05,-6.40648223e-05)
(-2.39635429e-05,-6.51469901e-05)
(-2.42965346e-05,-6.61004689e-05)
(-2.45842384e-05,-6.69233448e-05)
(-2.48260811e-05,-6.76139622e-05)
(-2.50215796e-05,-6.81709272e-05)
(-2.51703413e-05,-6.85931103e-05)
(-2.52720652e-05,-6.88796485e-05)
(-2.53265426e-05,-6.90299475e-05)
(-2.53336573e-05,-6.90436823e-05)
(-2.52933857e-05,-6.89207982e-05)
(-2.52057972e-05,-6.86615108e-05)
(-2.50710539e-05,-6.82663056e-05)
(-2.48894103e-05,-6.77359370e-05)
(-2.46612128e-05,-6.70714268e-05)
(-2.43868987e-05,-6.62740623e-05)
(-2.40669962e-05,-6.53453934e-05)
(-2.37021224e-05,-6.42872300e-05)
(-2.32929826e-05,-6.31016380e-05)
(-2.28403689e-05,-6.17909353e-05)
(-2.23451586e-05,-6.03576874e-05)
(-2.18083124e-05,-5.88047020e-05)
(-2.12308727e-05,-5.71350236e-05)
(-2.06139612e-05,-5.53519275e-05)
(-1.99587772e-05,-5.34589130e-05)
(-1.92665948e-05,-5.14596968e-05)
(-1.85387609e-05,-4.93582055e-05)
(-1.77766919e-05,-4.71585677e-05)
(-1.69818716e-05,-4.48651057e-05)
(-1.61558478e-05,-4.24823274e-05)
(-1.53002297e-05,-4.00149168e-05)
(-1.44166842e-05,-3.74677250e-05)
(-1.35069332e-05,-3.48457604e-05)
(-1.25727500e-05,-3.21541791e-05)
(-1.16159557e-05,-2.93982742e-05)
(-1.06384158e-05,-2.65834654e-05)
(-9.64203648e-06,-2.37152887e-05)
(-8.62876106e-06,-2.07993847e-05)
(-7.60056589e-06,-1.78414880e-05)
(-6.55945668e-06,-1.48474155e-05)
(-5.50746454e-06,-1.18230551e-05)
(-4.44664201e-06,-8.77435364e-06)
(-3.37905903e-06,-5.70730554e-06)
(-2.30679890e-06,-2.62794064e-06)
(-1.23195419e-06, 4.57687647e-07)
(-1.56622701e-07, 3.54351435e-06)
( 9.17096723e-07, 6.62347495e-06)
( 1.98710824e-06, 9.69151742e-06)
( 3.05132312e-06, 1.27416142e-05)
( 4.10766387e-06, 1.57677741e-05)
( 5.15406825e-06, 1.87640541e-05)
( 6.18849333e-06, 2.17245715e-05)
( 7.20891952e-06, 2.46435148e-05)
( 8.21335448e-06, 2.75151560e-05)
( 9.19983705e-06, 3.03338614e-05)
( 1.01664411e-05, 3.30941030e-05)
( 1.11112792e-05, 3.57904692e-05)
( 1.20325066e-05, 3.84176757e-05)
( 1.29283246e-05, 4.09705758e-05)
( 1.37969839e-05, 4.34441706e-05)
( 1.46367887e-05, 4.58336190e-05)
( 1.54460992e-05, 4.81342468e-05)
( 1.62233356e-05, 5.03415564e-05)
( 1.69669806e-05, 5.24512355e-05)
( 1.76755827e-05, 5.44591655e-05)
( 1.83477590e-05, 5.63614296e-05)
( 1.89821980e-05, 5.81543204e-05)
( 1.95776620e-05, 5.98343477e-05)
( 2.01329896e-05, 6.13982446e-05)
( 2.06470983e-05, 6.28429744e-05)
( 2.11189863e-05, 6.41657364e-05)
( 2.15477344e-05, 6.53639714e-05)
( 2.19325084e-05, 6.64353665e-05)
( 2.22725601e-05, 6.73778599e-05)
( 2.25672292e-05, 6.81896447e-05)
( 2.28159446e-05, 6.88691724e-05)
( 2.30182255e-05, 6.94151561e-05)
( 2.31736822e-05, 6.98265725e-05)
( 2.32820174e-05, 7.01026643e-05)
( 2.33430262e-05, 7.02429414e-05)
( 2.33565970e-05, 7.02471818e-05)
( 2.33227117e-05, 7.01154320e-05)
( 2.32414456e-05, 6.98480066e-05)
( 2.31129675e-05, 6.94454879e-05)
( 2.29375393e-05, 6.89087244e-05)
( 2.27155157e-05, 6.82388294e-05)
( 2.24473433e-05, 6.74371780e-05)
( 2.21335601e-05, 6.65054051e-05)
( 2.17747941e-05, 6.54454015e-05)
( 2.13717627e-05, 6.42593102e-05)
( 2.09252708e-05, 6.29495224e-05)
( 2.04362096e-05, 6.15186723e-05)
( 1.99055547e-05, 5.99696317e-05)
( 1.93343647e-05, 5.83055048e-05)
( 1.87237784e-05, 5.65296214e-05)
( 1.80750136e-05, 5.46455305e-05)
( 1.73893638e-05, 5.26569934e-05)
( 1.66681966e-05, 5.05679756e-05)
( 1.59129504e-05, 4.83826395e-05)
( 1.51251320e-05, 4.61053357e-05)
( 1.43063137e-05, 4.37405948e-05)
( 1.34581302e-05, 4.12931175e-05)
( 1.25822753e-05, 3.87677664e-05)
( 1.16804990e-05, 3.61695554e-05)
( 1.07546036e-05, 3.35036402e-05)
( 9.80644092e-06, 3.07753078e-05)
( 8.83790800e-06, 2.79899664e-05)
( 7.85094388e-06, 2.51531343e-05)
( 6.84752568e-06, 2.22704291e-05)
( 5.82966480e-06, 1.93475566e-05)
( 4.79940299e-06, 1.63902993e-05)
( 3.75880838e-06, 1.34045055e-05)
( 2.70997148e-06, 1.03960769e-05)
( 1.65500106e-06, 7.37095771e-06)
( 5.96020086e-07, 4.33512241e-06)
(-4.64838463e-07, 1.29456417e-06)
(-1.52543575e-06,-1.74471705e-06)
(-2.58363128e-06,-4.77672635e-06)
(-3.63728709e-06,-7.79548568e-06)
(-4.68427191e-06,-1.07950457e-05)
(-5.72246542e-06,-1.37694973e-05)
(-6.74976237e-06,-1.67129837e-05)
(-7.76407672e-06,-1.96197113e-05)
(-8.76334580e-06,-2.24839618e-05)
(-9.74553434e-06,-2.53001029e-05)
(-1.07086385e-05,-2.80625998e-05)
(-1.16506899e-05,-3.07660255e-05)
(-1.25697594e-05,-3.34050723e-05)
(-1.34639611e-05,-3.59745615e-05)
(-1.43314560e-05,-3.84694537e-05)
(-1.51704555e-05,-4.08848591e-05)
(-1.59792253e-05,-4.32160465e-05)
(-1.67560888e-05,-4.54584531e-05)
(-1.74994302e-05,-4.76076931e-05)
(-1.82076980e-05,-4.96595663e-05)
(-1.88794082e-05,-5.16100665e-05)
(-1.95131470e-05,-5.34553891e-05)
(-2.01075739e-05,-5.51919388e-05)
(-2.06614245e-05,-5.68163364e-05)
(-2.11735126e-05,-5.83254254e-05)
(-2.16427334e-05,-5.97162782e-05)
(-2.20680652e-05,-6.09862018e-05)
(-2.24485717e-05,-6.21327430e-05)
(-2.27834040e-05,-6.31536933e-05)
(-2.30718024e-05,-6.40470928e-05)
(-2.33130978e-05,-6.48112344e-05)
(-2.35067136e-05,-6.54446670e-05)
(-2.36521663e-05,-6.59461978e-05)
(-2.37490673e-05,-6.63148954e-05)
(-2.37971234e-05,-6.65500909e-05)
(-2.37961375e-05,-6.66513794e-05)
(-2.37460093e-05,-6.66186206e-05)
(-2.36467355e-05,-6.64519393e-05)
(-2.34984100e-05,-6.61517246e-05)
(-2.33012239e-05,-6.57186295e-05)
(-2.30554654e-05,-6.51535694e-05)
(-2.27615189e-05,-6.44577199e-05)
(-2.24198650e-05,-6.36325152e-05)
(-2.20310792e-05,-6.26796442e-05)
(-2.15958312e-05,-6.16010482e-05)
(-2.11148837e-05,-6.03989159e-05)
(-2.05890911e-05,-5.90756801e-05)
(-2.00193975e-05,-5.76340120e-05)
(-1.94068357e-05,-5.60768164e-05)
(-1.87525247e-05,-5.44072258e-05)
(-1.80576680e-05,-5.26285941e-05)
(-1.73235513e-05,-5.07444900e-05)
(-1.65515398e-05,-4.87586900e-05)
(-1.57430761e-05,-4.66751709e-05)
(-1.48996771e-05,-4.44981019e-05)
(-1.40229314e-05,-4.22318364e-05)
(-1.31144961e-05,-3.98809034e-05)
(-1.21760938e-05,-3.74499986e-05)
(-1.12095091e-05,-3.49439749e-05)
(-1.02165853e-05,-3.23678333e-05)
(-9.19922103e-06,-2.97267126e-05)
(-8.15936632e-06,-2.70258793e-05)
(-7.09901897e-06,-2.42707178e-05)
(-6.02022070e-06,-2.14667188e-05)
(-4.92505316e-06,-1.86194694e-05)
(-3.81563390e-06,-1.57346418e-05)
(-2.69411228e-06,-1.28179817e-05)
(-1.56266526e-06,-9.87529787e-06)
(-4.23493141e-07,-6.91244982e-06)
( 7.21184697e-07,-3.93533689e-06)
( 1.86913417e-06,-9.49886382e-07)
( 3.01811085e-06, 2.03795804e-06)
( 4.16586441e-06, 5.02224803e-06)
( 5.31014298e-06, 7.99704226e-06)
( 6.44869767e-06, 1.09564181e-05)
( 7.57928695e-06, 1.38944833e-05)
( 8.69968109e-06, 1.68053876e-05)
( 9.80766660e-06, 1.96833339e-05)
( 1.09010506e-05, 2.25225903e-05)
( 1.19776652e-05, 2.53175007e-05)
( 1.30353717e-05, 2.80624964e-05)
( 1.40720650e-05, 3.07521067e-05)
( 1.50856779e-05, 3.33809700e-05)
( 1.60741848e-05, 3.59438439e-05)
( 1.70356063e-05, 3.84356161e-05)
( 1.79680127e-05, 4.08513137e-05)
( 1.88695283e-05, 4.31861139e-05)
( 1.97383348e-05, 4.54353525e-05)
( 2.05726752e-05, 4.75945338e-05)
( 2.13708574e-05, 4.96593393e-05)
( 2.21312575e-05, 5.16256359e-05)
( 2.28523230e-05, 5.34894843e-05)
( 2.35325764e-05, 5.52471467e-05)
( 2.41706175e-05, 5.68950943e-05)
( 2.47651271e-05, 5.84300139e-05)
( 2.53148692e-05, 5.98488148e-05)
( 2.58186936e-05, 6.11486347e-05)
( 2.62755384e-05, 6.23268455e-05)
( 2.66844321e-05, 6.33810581e-05)
( 2.70444960e-05, 6.43091279e-05)
( 2.73549454e-05, 6.51091581e-05)
( 2.76150919e-05, 6.57795042e-05)
( 2.78243446e-05, 6.63187770e-05)
( 2.79822114e-05, 6.67258452e-05)
( 2.80883000e-05, 6.69998380e-05)
( 2.81423193e-05, 6.71401466e-05)
( 2.81440793e-05, 6.71464256e-05)
( 2.80934922e-05, 6.70185935e-05)
( 2.79905727e-05, 6.67568334e-05)
( 2.78354377e-05, 6.63615919e-05)
( 2.76283065e-05, 6.58335790e-05)
( 2.73695003e-05, 6.51737666e-05)
( 2.70594421e-05, 6.43833863e-05)
( 2.66986552e-05, 6.34639273e-05)
( 2.62877631e-05, 6.24171335e-05)
( 2.58274879e-05, 6.12450003e-05)
( 2.53186490e-05, 5.99497703e-05)
( 2.47621620e-05, 5.85339294e-05)
( 2.41590363e-05, 5.70002016e-05)
( 2.35103739e-05, 5.53515441e-05)
( 2.28173667e-05, 5.35911412e-05)
( 2.20812947e-05, 5.17223982e-05)
( 2.13035234e-05, 4.97489349e-05)
( 2.04855011e-05, 4.76745783e-05)
( 1.96287563e-05, 4.55033553e-05)
( 1.87348943e-05, 4.32394850e-05)
( 1.78055947e-05, 4.08873700e-05)
( 1.68426080e-05, 3.84515883e-05)
( 1.58477516e-05, 3.59368838e-05)
( 1.48229072e-05, 3.33481576e-05)
( 1.37700163e-05, 3.06904582e-05)
( 1.26910769e-05, 2.79689713e-05)
( 1.15881395e-05, 2.51890100e-05)
( 1.04633029e-05, 2.23560045e-05)
( 9.31871022e-06, 1.94754911e-05)
( 8.15654474e-06, 1.65531016e-05)
( 6.97902548e-06, 1.35945520e-05)
( 5.78840291e-06, 1.06056318e-05)
( 4.58695446e-06, 7.59219190e-06)
( 3.37698005e-06, 4.56013387e-06)
( 2.16079756e-06, 1.51539788e-06)
( 9.40738210e-07,-1.53604881e-06)
(-2.80858028e-07,-4.58822357e-06)
(-1.50164706e-06,-7.63514019e-06)
(-2.71928534e-06,-1.06708206e-05)
(-3.93143452e-06,-1.36893067e-05)
(-5.13576604e-06,-1.66846719e-05)
(-6.32996584e-06,-1.96510330e-05)
(-7.51173887e-06,-2.25825618e-05)
(-8.67881371e-06,-2.54734962e-05)
(-9.82894709e-06,-2.83181520e-05)
(-1.09599283e-05,-3.11109339e-05)
(-1.20695837e-05,-3.38463463e-05)
(-1.31557810e-05,-3.65190047e-05)
(-1.42164333e-05,-3.91236456e-05)
(-1.52495036e-05,-4.16551377e-05)
(-1.62530089e-05,-4.41084913e-05)
(-1.72250236e-05,-4.64788686e-05)
(-1.81636839e-05,-4.87615929e-05)
(-1.90671914e-05,-5.09521584e-05)
(-1.99338166e-05,-5.30462384e-05)
(-2.07619023e-05,-5.50396945e-05)
(-2.15498670e-05,-5.69285843e-05)
(-2.22962083e-05,-5.87091696e-05)
(-2.29995054e-05,-6.03779236e-05)
(-2.36584223e-05,-6.19315378e-05)
(-2.42717105e-05,-6.33669288e-05)
(-2.48382112e-05,-6.46812442e-05)
(-2.53568581e-05,-6.58718686e-05)
(-2.58266789e-05,-6.69364284e-05)
(-2.62467979e-05,-6.78727966e-05)
(-2.66164372e-05,-6.86790975e-05)
(-2.69349188e-05,-6.93537098e-05)
(-2.72016653e-05,-6.98952704e-05)
(-2.74162018e-05,-7.03026766e-05)
(-2.75781563e-05,-7.05750888e-05)
(-2.76872606e-05,-7.07119321e-05)
(-2.77433509e-05,-7.07128971e-05)
(-2.77463683e-05,-7.05779413e-05)
(-2.76963583e-05,-7.03072884e-05)
(-2.75934716e-05,-6.99014285e-05)
(-2.74379629e-05,-6.93611170e-05)
(-2.72301911e-05,-6.86873730e-05)
(-2.69706183e-05,-6.78814777e-05)
(-2.66598088e-05,-6.69449714e-05)
(-2.62984279e-05,-6.58796511e-05)
(-2.58872411e-05,-6.46875665e-05)
(-2.54271117e-05,-6.33710162e-05)
(-2.49190001e-05,-6.19325431e-05)
(-2.43639608e-05,-6.03749298e-05)
(-2.37631412e-05,-5.87011925e-05)
(-2.31177788e-05,-5.69145756e-05)
(-2.24291989e-05,-5.50185450e-05)
(-2.16988117e-05,-5.30167817e-05)
(-2.09281098e-05,-5.09131738e-05)
(-2.01186653e-05,-4.87118098e-05)
(-1.92721261e-05,-4.64169699e-05)
(-1.83902130e-05,-4.40331176e-05)
(-1.74747165e-05,-4.15648912e-05)
(-1.65274924e-05,-3.90170944e-05)
(-1.55504591e-05,-3.63946869e-05)
(-1.45455929e-05,-3.37027749e-05)
(-1.35149245e-05,-3.09466003e-05)
(-1.24605351e-05,-2.81315312e-05)
(-1.13845516e-05,-2.52630507e-05)
(-1.02891429e-05,-2.23467463e-05)
(-9.17651548e-06,-1.93882989e-05)
(-8.04890878e-06,-1.63934714e-05)
(-6.90859089e-06,-1.33680977e-05)
(-5.75785400e-06,-1.03180705e-05)
(-4.59900976e-06,-7.24933045e-06)
(-3.43438474e-06,-4.16785376e-06)
(-2.26631571e-06,-1.07964075e-06)
(-1.09714504e-06, 2.00929613e-06)
( 7.07840010e-08, 5.09294417e-06)
( 1.23513195e-06, 8.16530229e-06)
( 2.39356776e-06, 1.12203929e-05)
( 3.54377351e-06, 1.42522737e-05)
( 4.68344898e-06, 1.72550494e-05)
( 5.81031624e-06, 2.02228835e-05)
( 6.92212424e-06, 2.31500097e-05)
( 8.01665322e-06, 2.60307433e-05)
( 9.09171922e-06, 2.88594924e-05)
( 1.01451783e-05, 3.16307691e-05)
( 1.11749311e-05, 3.43392003e-05)
( 1.21789264e-05, 3.69795380e-05)
( 1.31551661e-05, 3.95466702e-05)
( 1.41017083e-05, 4.20356305e-05)
( 1.50166719e-05, 4.44416082e-05)
( 1.58982398e-05, 4.67599577e-05)
( 1.67446627e-05, 4.89862074e-05)
( 1.75542628e-05, 5.11160690e-05)
( 1.83254368e-05, 5.31454457e-05)
( 1.90566592e-05, 5.50704400e-05)
( 1.97464853e-05, 5.68873617e-05)
( 2.03935544e-05, 5.85927353e-05)
( 2.09965920e-05, 6.01833061e-05)
( 2.15544124e-05, 6.16560475e-05)
( 2.20659215e-05, 6.30081662e-05)
( 2.25301186e-05, 6.42371079e-05)
( 2.29460983e-05, 6.53405625e-05)
( 2.33130526e-05, 6.63164681e-05)
( 2.36302723e-05, 6.71630156e-05)
( 2.38971485e-05, 6.78786516e-05)
( 2.41131737e-05, 6.84620817e-05)
( 2.42779429e-05, 6.89122731e-05)
( 2.43911545e-05, 6.92284561e-05)
( 2.44526105e-05, 6.94101258e-05)
( 2.44622174e-05, 6.94570431e-05)
( 2.44199861e-05, 6.93692347e-05)
( 2.43260318e-05, 6.91469932e-05)
( 2.41805740e-05, 6.87908764e-05)
( 2.39839361e-05, 6.83017059e-05)
( 2.37365444e-05, 6.76805655e-05)
( 2.34389276e-05, 6.69287987e-05)
( 2.30917156e-05, 6.60480061e-05)
( 2.26956384e-05, 6.50400422e-05)
( 2.22515245e-05, 6.39070113e-05)
( 2.17602992e-05, 6.26512632e-05)
( 2.12229832e-05, 6.12753888e-05)
( 2.06406899e-05, 5.97822142e-05)
( 2.00146240e-05, 5.81747955e-05)
( 1.93460783e-05, 5.64564124e-05)
( 1.86364319e-05, 5.46305614e-05)
( 1.78871470e-05, 5.27009491e-05)
( 1.70997661e-05, 5.06714843e-05)
( 1.62759090e-05, 4.85462704e-05)
( 1.54172698e-05, 4.63295969e-05)
( 1.45256132e-05, 4.40259311e-05)
( 1.36027712e-05, 4.16399086e-05)
( 1.26506396e-05, 3.91763247e-05)
( 1.16711740e-05, 3.66401239e-05)
( 1.06663862e-05, 3.40363907e-05)
( 9.63833996e-06, 3.13703391e-05)
( 8.58914726e-06, 2.86473021e-05)
( 7.52096382e-06, 2.58727211e-05)
( 6.43598501e-06, 2.30521351e-05)
( 5.33644148e-06, 2.01911694e-05)
( 4.22459474e-06, 1.72955245e-05)
( 3.10273272e-06, 1.43709648e-05)
( 1.97316525e-06, 1.14233067e-05)
( 8.38219450e-07, 8.45840771e-06)
(-2.99764821e-07, 5.48215393e-06)
(-1.43843962e-06, 2.50044896e-06)
(-2.57545356e-06,-4.80798169e-07)
(-3.70845647e-06,-3.45568463e-06)
(-4.83510402e-06,-6.41832559e-06)
(-5.95306242e-06,-9.36286588e-06)
(-7.06001302e-06,-1.22834916e-05)
(-8.15365690e-06,-1.51744418e-05)
(-9.23171946e-06,-1.80300196e-05)
(-1.02919549e-05,-2.08446038e-05)
(-1.13321508e-05,-2.36126597e-05)
(-1.23501324e-05,-2.63287504e-05)
(-1.33437669e-05,-2.89875472e-05)
(-1.43109680e-05,-3.15838404e-05)
(-1.52496997e-05,-3.41125492e-05)
(-1.61579806e-05,-3.65687321e-05)
(-1.70338878e-05,-3.89475964e-05)
(-1.78755608e-05,-4.12445078e-05)
(-1.86812054e-05,-4.34549993e-05)
(-1.94490968e-05,-4.55747799e-05)
(-2.01775838e-05,-4.75997433e-05)
(-2.08650915e-05,-4.95259755e-05)
(-2.15101250e-05,-5.13497631e-05)
(-2.21112721e-05,-5.30675995e-05)
(-2.26672064e-05,-5.46761929e-05)
(-2.31766899e-05,-5.61724717e-05)
(-2.36385757e-05,-5.75535908e-05)
(-2.40518104e-05,-5.88169373e-05)
(-2.44154359e-05,-5.99601352e-05)
(-2.47285921e-05,-6.09810499e-05)
(-2.49905183e-05,-6.18777924e-05)
(-2.52005547e-05,-6.26487229e-05)
(-2.53581443e-05,-6.32924538e-05)
(-2.54628340e-05,-6.38078522e-05)
(-2.55142755e-05,-6.41940417e-05)
(-2.55122263e-05,-6.44504046e-05)
(-2.54565502e-05,-6.45765822e-05)
(-2.53472179e-05,-6.45724759e-05)
(-2.51843074e-05,-6.44382465e-05)
(-2.49680037e-05,-6.41743144e-05)
(-2.46985985e-05,-6.37813580e-05)
(-2.43764905e-05,-6.32603123e-05)
(-2.40021842e-05,-6.26123671e-05)
(-2.35762892e-05,-6.18389640e-05)
(-2.30995194e-05,-6.09417935e-05)
(-2.25726917e-05,-5.99227914e-05)
(-2.19967245e-05,-5.87841350e-05)
(-2.13726364e-05,-5.75282382e-05)
(-2.07015438e-05,-5.61577466e-05)
(-1.99846596e-05,-5.46755324e-05)
(-1.92232907e-05,-5.30846878e-05)
(-1.84188354e-05,-5.13885195e-05)
(-1.75727813e-05,-4.95905414e-05)
(-1.66867023e-05,-4.76944675e-05)
(-1.57622559e-05,-4.57042046e-05)
(-1.48011796e-05,-4.36238442e-05)
(-1.38052885e-05,-4.14576543e-05)
(-1.27764712e-05,-3.92100706e-05)
(-1.17166867e-05,-3.68856879e-05)
(-1.06279605e-05,-3.44892504e-05)
(-9.51238083e-06,-3.20256427e-05)
(-8.37209488e-06,-2.94998793e-05)
(-7.20930445e-06,-2.69170953e-05)
(-6.02626194e-06,-2.42825356e-05)
(-4.82526605e-06,-2.16015444e-05)
(-3.60865739e-06,-1.88795548e-05)
(-2.37881398e-06,-1.61220777e-05)
(-1.13814669e-06,-1.33346909e-05)
( 1.10905357e-07,-1.05230280e-05)
( 1.36587951e-06,-7.69276710e-06)
( 2.62429434e-06,-4.84961951e-06)
( 3.88365445e-06,-1.99931841e-06)
( 5.14145531e-06, 8.52392542e-07)
( 6.39518809e-06, 3.69977067e-06)
( 7.64234464e-06, 6.53708560e-06)
( 8.88042229e-06, 9.35863072e-06)
( 1.01069288e-05, 1.21587344e-05)
( 1.13193874e-05, 1.49317713e-05)
( 1.25153412e-05, 1.76721733e-05)
( 1.36923587e-05, 2.03744411e-05)
( 1.48480381e-05, 2.30331542e-05)
( 1.59800122e-05, 2.56429823e-05)
( 1.70859532e-05, 2.81986956e-05)
( 1.81635774e-05, 3.06951750e-05)
( 1.92106496e-05, 3.31274225e-05)
( 2.02249876e-05, 3.54905706e-05)
( 2.12044668e-05, 3.77798923e-05)
( 2.21470242e-05, 3.99908102e-05)
( 2.30506631e-05, 4.21189053e-05)
( 2.39134566e-05, 4.41599262e-05)
( 2.47335519e-05, 4.61097969e-05)
( 2.55091741e-05, 4.79646252e-05)
( 2.62386297e-05, 4.97207099e-05)
( 2.69203104e-05, 5.13745487e-05)
( 2.75526963e-05, 5.29228441e-05)
( 2.81343591e-05, 5.43625108e-05)
( 2.86639653e-05, 5.56906813e-05)
( 2.91402788e-05, 5.69047111e-05)
( 2.95621642e-05, 5.80021847e-05)
( 2.99285883e-05, 5.89809195e-05)
( 3.02386236e-05, 5.98389706e-05)
( 3.04914493e-05, 6.05746341e-05)
( 3.06863541e-05, 6.11864507e-05)
( 3.08227373e-05, 6.16732086e-05)
( 3.09001106e-05, 6.20339454e-05)
( 3.09180993e-05, 6.22679502e-05)
( 3.08764435e-05, 6.23747650e-05)
( 3.07749987e-05, 6.23541854e-05)
( 3.06137364e-05, 6.22062608e-05)
( 3.03927450e-05, 6.19312948e-05)
( 3.01122293e-05, 6.15298436e-05)
( 2.97725110e-05, 6.10027160e-05)
( 2.93740278e-05, 6.03509706e-05)
( 2.89173338e-05, 5.95759145e-05)
( 2.84030978e-05, 5.86791002e-05)
( 2.78321028e-05, 5.76623230e-05)
( 2.72052451e-05, 5.65276166e-05)
( 2.65235321e-05, 5.52772498e-05)
( 2.57880815e-05, 5.39137217e-05)
( 2.50001190e-05, 5.24397568e-05)
( 2.41609760e-05, 5.08582993e-05)
( 2.32720879e-05, 4.91725079e-05)
( 2.23349912e-05, 4.73857489e-05)
( 2.13513211e-05, 4.55015898e-05)
( 2.03228081e-05, 4.35237925e-05)
( 1.92512754e-05, 4.14563054e-05)
( 1.81386355e-05, 3.93032559e-05)
( 1.69868863e-05, 3.70689424e-05)
( 1.57981083e-05, 3.47578254e-05)
( 1.45744599e-05, 3.23745190e-05)
( 1.33181740e-05, 2.99237818e-05)
( 1.20315534e-05, 2.74105072e-05)
( 1.07169671e-05, 2.48397145e-05)
( 9.37684535e-06, 2.22165381e-05)
( 8.01367516e-06, 1.95462180e-05)
( 6.62999584e-06, 1.68340894e-05)
( 5.22839397e-06, 1.40855718e-05)
( 3.81149861e-06, 1.13061590e-05)
( 2.38197620e-06, 8.50140775e-06)
( 9.42525502e-07, 5.67692686e-06)
(-5.04127587e-07, 2.83836644e-06)
(-1.95523529e-06,-8.59347932e-09)
(-3.40803325e-06,-2.85825402e-06)
(-4.85974591e-06,-5.70490871e-06)
(-6.30759187e-06,-8.54285475e-06)
(-7.74878933e-06,-1.13664042e-05)
(-9.18056150e-06,-1.41698952e-05)
(-1.06001421e-05,-1.69477032e-05)
(-1.20047806e-05,-1.96942520e-05)
(-1.33917481e-05,-2.24040246e-05)
(-1.47583422e-05,-2.50715744e-05)
(-1.61018924e-05,-2.76915357e-05)
(-1.74197660e-05,-3.02586345e-05)
(-1.87093725e-05,-3.27676985e-05)
(-1.99681695e-05,-3.52136681e-05)
(-2.11936672e-05,-3.75916055e-05)
(-2.23834341e-05,-3.98967051e-05)
(-2.35351009e-05,-4.21243029e-05)
(-2.46463665e-05,-4.42698855e-05)
(-2.57150017e-05,-4.63290994e-05)
(-2.67388541e-05,-4.82977595e-05)
(-2.77158526e-05,-5.01718573e-05)
(-2.86440115e-05,-5.19475690e-05)
(-2.95214346e-05,-5.36212632e-05)
(-3.03463193e-05,-5.51895080e-05)
(-3.11169600e-05,-5.66490780e-05)
(-3.18317519e-05,-5.79969607e-05)
(-3.24891945e-05,-5.92303625e-05)
(-3.30878945e-05,-6.03467143e-05)
(-3.36265689e-05,-6.13436771e-05)
(-3.41040479e-05,-6.22191462e-05)
(-3.45192769e-05,-6.29712556e-05)
(-3.48713196e-05,-6.35983822e-05)
(-3.51593596e-05,-6.40991487e-05)
(-3.53827023e-05,-6.44724269e-05)
(-3.55407765e-05,-6.47173396e-05)
(-3.56331361e-05,-6.48332629e-05)
(-3.56594606e-05,-6.48198276e-05)
(-3.56195568e-05,-6.46769197e-05)
(-3.55133587e-05,-6.44046812e-05)
(-3.53409282e-05,-6.40035102e-05)
(-3.51024554e-05,-6.34740594e-05)
(-3.47982580e-05,-6.28172363e-05)
(-3.44287815e-05,-6.20342004e-05)
(-3.39945981e-05,-6.11263619e-05)
(-3.34964060e-05,-6.00953789e-05)
(-3.29350282e-05,-5.89431542e-05)
(-3.23114114e-05,-5.76718318e-05)
(-3.16266237e-05,-5.62837932e-05)
(-3.08818534e-05,-5.47816523e-05)
(-3.00784067e-05,-5.31682512e-05)
(-2.92177050e-05,-5.14466540e-05)
(-2.83012827e-05,-4.96201417e-05)
(-2.73307841e-05,-4.76922053e-05)
(-2.63079606e-05,-4.56665396e-05)
(-2.52346671e-05,-4.35470359e-05)
(-2.41128590e-05,-4.13377745e-05)
(-2.29445880e-05,-3.90430168e-05)
(-2.17319986e-05,-3.66671972e-05)
(-2.04773236e-05,-3.42149145e-05)
(-1.91828806e-05,-3.16909229e-05)
(-1.78510667e-05,-2.91001228e-05)
(-1.64843543e-05,-2.64475516e-05)
(-1.50852867e-05,-2.37383734e-05)
(-1.36564724e-05,-2.09778692e-05)
(-1.22005809e-05,-1.81714268e-05)
(-1.07203368e-05,-1.53245300e-05)
(-9.21851513e-06,-1.24427480e-05)
(-7.69793565e-06,-9.53172454e-06)
(-6.16145737e-06,-6.59716691e-06)
(-4.61197307e-06,-3.64483461e-06)
(-3.05240364e-06,-6.80528215e-07)
(-1.48569237e-06, 2.28992209e-06)
( 8.52008036e-08, 5.26066794e-06)
( 1.65730506e-06, 8.22585426e-06)
( 3.22764455e-06, 1.11796309e-05)
( 4.79324419e-06, 1.41161639e-05)
( 6.35113552e-06, 1.70296473e-05)
( 7.89836252e-06, 1.99143146e-05)
( 9.43198742e-06, 2.27644498e-05)
( 1.09490965e-05, 2.55743992e-05)
( 1.24468056e-05, 2.83385820e-05)
( 1.39222663e-05, 3.10515020e-05)
( 1.53726711e-05, 3.37077581e-05)
( 1.67952588e-05, 3.63020552e-05)
( 1.81873205e-05, 3.88292148e-05)
( 1.95462046e-05, 4.12841851e-05)
( 2.08693219e-05, 4.36620510e-05)
( 2.21541509e-05, 4.59580446e-05)
( 2.33982430e-05, 4.81675537e-05)
( 2.45992267e-05, 5.02861321e-05)
( 2.57548128e-05, 5.23095076e-05)
( 2.68627987e-05, 5.42335914e-05)
( 2.79210729e-05, 5.60544857e-05)
( 2.89276190e-05, 5.77684918e-05)
( 2.98805196e-05, 5.93721177e-05)
( 3.07779603e-05, 6.08620852e-05)
( 3.16182332e-05, 6.22353362e-05)
( 3.23997401e-05, 6.34890392e-05)
( 3.31209960e-05, 6.46205954e-05)
( 3.37806315e-05, 6.56276435e-05)
( 3.43773959e-05, 6.65080647e-05)
( 3.49101596e-05, 6.72599874e-05)
( 3.53779160e-05, 6.78817909e-05)
( 3.57797839e-05, 6.83721088e-05)
( 3.61150089e-05, 6.87298320e-05)
( 3.63829650e-05, 6.89541112e-05)
( 3.65831557e-05, 6.90443586e-05)
( 3.67152149e-05, 6.90002494e-05)
( 3.67789080e-05, 6.88217227e-05)
( 3.67741319e-05, 6.85089819e-05)
( 3.67009150e-05, 6.80624943e-05)
( 3.65594179e-05, 6.74829907e-05)
( 3.63499321e-05, 6.67714640e-05)
( 3.60728799e-05, 6.59291674e-05)
( 3.57288137e-05, 6.49576124e-05)
( 3.53184143e-05, 6.38585657e-05)
( 3.48424899e-05, 6.26340463e-05)
( 3.43019745e-05, 6.12863212e-05)
( 3.36979256e-05, 5.98179017e-05)
( 3.30315226e-05, 5.82315382e-05)
( 3.23040642e-05, 5.65302153e-05)
( 3.15169656e-05, 5.47171456e-05)
( 3.06717559e-05, 5.27957640e-05)
( 2.97700750e-05, 5.07697210e-05)
( 2.88136703e-05, 4.86428753e-05)
( 2.78043932e-05, 4.64192869e-05)
( 2.67441956e-05, 4.41032085e-05)
( 2.56351256e-05, 4.16990781e-05)
( 2.44793239e-05, 3.92115094e-05)
( 2.32790193e-05, 3.66452838e-05)
( 2.20365243e-05, 3.40053402e-05)
( 2.07542306e-05, 3.12967658e-05)
( 1.94346042e-05, 2.85247862e-05)
( 1.80801809e-05, 2.56947550e-05)
( 1.66935610e-05, 2.28121431e-05)
( 1.52774041e-05, 1.98825283e-05)
( 1.38344243e-05, 1.69115845e-05)
( 1.23673843e-05, 1.39050698e-05)
( 1.08790906e-05, 1.08688159e-05)
( 9.37238734e-06, 7.80871651e-06)
( 7.85015138e-06, 4.73071529e-06)
( 6.31528624e-06, 1.64079459e-06)
( 4.77071660e-06,-1.45503651e-06)
( 3.21938258e-06,-4.55075408e-06)
( 1.66423404e-06,-7.64033121e-06)
( 1.08224818e-07,-1.07177499e-05)
(-1.44569297e-06,-1.37770129e-05)
(-2.99457468e-06,-1.68121558e-05)
(-4.53548878e-06,-1.98172585e-05)
(-6.06552255e-06,-2.27864571e-05)
(-7.58178770e-06,-2.57139556e-05)
(-9.08142590e-06,-2.85940371e-05)
(-1.05616143e-05,-3.14210753e-05)
(-1.20195708e-05,-3.41895456e-05)
(-1.34525596e-05,-3.68940363e-05)
(-1.48578964e-05,-3.95292586e-05)
(-1.62329531e-05,-4.20900581e-05)
(-1.75751635e-05,-4.45714240e-05)
(-1.88820274e-05,-4.69684997e-05)
(-2.01511161e-05,-4.92765921e-05)
(-2.13800762e-05,-5.14911813e-05)
(-2.25666346e-05,-5.36079288e-05)
(-2.37086025e-05,-5.56226870e-05)
(-2.48038797e-05,-5.75315067e-05)
(-2.58504583e-05,-5.93306453e-05)
(-2.68464262e-05,-6.10165740e-05)
(-2.77899714e-05,-6.25859849e-05)
(-2.86793846e-05,-6.40357975e-05)
(-2.95130625e-05,-6.53631650e-05)
(-3.02895108e-05,-6.65654796e-05)
(-3.10073472e-05,-6.76403776e-05)
(-3.16653031e-05,-6.85857444e-05)
(-3.22622267e-05,-6.93997186e-05)
(-3.27970844e-05,-7.00806954e-05)
(-3.32689629e-05,-7.06273298e-05)
(-3.36770707e-05,-7.10385397e-05)
(-3.40207395e-05,-7.13135072e-05)
(-3.42994249e-05,-7.14516808e-05)
(-3.45127078e-05,-7.14527764e-05)
(-3.46602946e-05,-7.13167774e-05)
(-3.47420177e-05,-7.10439351e-05)
(-3.47578354e-05,-7.06347680e-05)
(-3.47078322e-05,-7.00900607e-05)
(-3.45922181e-05,-6.94108622e-05)
(-3.44113280e-05,-6.85984839e-05)
(-3.41656208e-05,-6.76544972e-05)
(-3.38556788e-05,-6.65807295e-05)
(-3.34822056e-05,-6.53792615e-05)
(-3.30460252e-05,-6.40524222e-05)
(-3.25480799e-05,-6.26027850e-05)
(-3.19894284e-05,-6.10331617e-05)
(-3.13712435e-05,-5.93465976e-05)
(-3.06948100e-05,-5.75463649e-05)
(-2.99615214e-05,-5.56359565e-05)
(-2.91728779e-05,-5.36190788e-05)
(-2.83304825e-05,-5.14996445e-05)
(-2.74360386e-05,-4.92817646e-05)
(-2.64913460e-05,-4.69697403e-05)
(-2.54982975e-05,-4.45680546e-05)
(-2.44588752e-05,-4.20813632e-05)
(-2.33751466e-05,-3.95144852e-05)
(-2.22492602e-05,-3.68723937e-05)
(-2.10834419e-05,-3.41602061e-05)
(-1.98799900e-05,-3.13831733e-05)
(-1.86412713e-05,-2.85466702e-05)
(-1.73697158e-05,-2.56561843e-05)
(-1.60678127e-05,-2.27173054e-05)
(-1.47381051e-05,-1.97357143e-05)
(-1.33831853e-05,-1.67171715e-05)
(-1.20056897e-05,-1.36675062e-05)
(-1.06082937e-05,-1.05926044e-05)
(-9.19370666e-06,-7.49839782e-06)
(-7.76466675e-06,-4.39085172e-06)
(-6.32393551e-06,-1.27595356e-06)
(-4.87429272e-06, 1.84029885e-06)
(-3.41853105e-06, 4.95190912e-06)
(-1.95945077e-06, 8.05289397e-06)
(-4.99854389e-07, 1.11372949e-05)
( 9.57458652e-07, 1.41991899e-05)
( 2.40969728e-06, 1.72327050e-05)
( 3.85408409e-06, 2.02320253e-05)
( 5.28786059e-06, 2.31914070e-05)
( 6.70829239e-06, 2.61051880e-05)
( 8.11267441e-06, 2.89677988e-05)
( 9.49833593e-06, 3.17737737e-05)
( 1.08626456e-05, 3.45177611e-05)
( 1.22030165e-05, 3.71945339e-05)
( 1.35169109e-05, 3.97989992e-05)
( 1.48018448e-05, 4.23262086e-05)
( 1.60553932e-05, 4.47713673e-05)
( 1.72751939e-05, 4.71298437e-05)
( 1.84589526e-05, 4.93971774e-05)
( 1.96044465e-05, 5.15690887e-05)
( 2.07095290e-05, 5.36414858e-05)
( 2.17721335e-05, 5.56104731e-05)
( 2.27902771e-05, 5.74723585e-05)
( 2.37620647e-05, 5.92236599e-05)
( 2.46856918e-05, 6.08611120e-05)
( 2.55594488e-05, 6.23816726e-05)
( 2.63817234e-05, 6.37825277e-05)
( 2.71510038e-05, 6.50610970e-05)
( 2.78658816e-05, 6.62150384e-05)
( 2.85250545e-05, 6.72422524e-05)
( 2.91273283e-05, 6.81408857e-05)
( 2.96716196e-05, 6.89093348e-05)
( 3.01569572e-05, 6.95462480e-05)
( 3.05824846e-05, 7.00505284e-05)
( 3.09474608e-05, 7.04213354e-05)
( 3.12512623e-05, 7.06580860e-05)
( 3.14933839e-05, 7.07604553e-05)
( 3.16734396e-05, 7.07283773e-05)
( 3.17911633e-05, 7.05620439e-05)
( 3.18464095e-05, 7.02619050e-05)
( 3.18391531e-05, 6.98286665e-05)
( 3.17694899e-05, 6.92632891e-05)
( 3.16376358e-05, 6.85669856e-05)
( 3.14439270e-05, 6.77412186e-05)
( 3.11888189e-05, 6.67876972e-05)
( 3.08728852e-05, 6.57083729e-05)
( 3.04968172e-05, 6.45054361e-05)
( 3.00614220e-05, 6.31813113e-05)
( 2.95676210e-05, 6.17386517e-05)
( 2.90164486e-05, 6.01803343e-05)
( 2.84090496e-05, 5.85094536e-05)
( 2.77466774e-05, 5.67293155e-05)
( 2.70306915e-05, 5.48434306e-05)
( 2.62625548e-05, 5.28555073e-05)
( 2.54438312e-05, 5.07694438e-05)
( 2.45761820e-05, 4.85893210e-05)
( 2.36613632e-05, 4.63193940e-05)
( 2.27012221e-05, 4.39640838e-05)
( 2.16976935e-05, 4.15279683e-05)
( 2.06527964e-05, 3.90157737e-05)
( 1.95686297e-05, 3.64323649e-05)
( 1.84473685e-05, 3.37827363e-05)
( 1.72912601e-05, 3.10720014e-05)
( 1.61026191e-05, 2.83053836e-05)
( 1.48838235e-05, 2.54882055e-05)
( 1.36373101e-05, 2.26258789e-05)
( 1.23655693e-05, 1.97238940e-05)
( 1.10711411e-05, 1.67878090e-05)
( 9.75660956e-06, 1.38232397e-05)
( 8.42459821e-06, 1.08358478e-05)
( 7.07776477e-06, 7.83133119e-06)
( 5.71879613e-06, 4.81541207e-06)
( 4.35040312e-06, 1.79382657e-06)
( 2.97531525e-06,-1.22768636e-06)
( 1.59627542e-06,-4.24339588e-06)
( 2.16034602e-07,-7.24759009e-06)
(-1.16265354e-06,-1.02345869e-05)
(-2.53703802e-06,-1.31987446e-05)
(-3.90437587e-06,-1.61344729e-05)
(-5.26193756e-06,-1.90362429e-05)
(-6.60701233e-06,-2.18985981e-05)
(-7.93691352e-06,-2.47161640e-05)
(-9.24898387e-06,-2.74836586e-05)
(-1.05406008e-05,-3.01959021e-05)
(-1.18091814e-05,-3.28478264e-05)
(-1.30521881e-05,-3.54344849e-05)
(-1.42671329e-05,-3.79510612e-05)
(-1.54515831e-05,-4.03928782e-05)
(-1.66031658e-05,-4.27554069e-05)
(-1.77195726e-05,-4.50342745e-05)
(-1.87985644e-05,-4.72252723e-05)
(-1.98379761e-05,-4.93243637e-05)
(-2.08357206e-05,-5.13276915e-05)
(-2.17897933e-05,-5.32315845e-05)
(-2.26982760e-05,-5.50325646e-05)
(-2.35593413e-05,-5.67273529e-05)
(-2.43712557e-05,-5.83128755e-05)
(-2.51323839e-05,-5.97862690e-05)
(-2.58411916e-05,-6.11448859e-05)
(-2.64962491e-05,-6.23862985e-05)
(-2.70962342e-05,-6.35083039e-05)
(-2.76399350e-05,-6.45089275e-05)
(-2.81262528e-05,-6.53864263e-05)
(-2.85542039e-05,-6.61392922e-05)
(-2.89229222e-05,-6.67662538e-05)
(-2.92316613e-05,-6.72662793e-05)
(-2.94797957e-05,-6.76385773e-05)
(-2.96668227e-05,-6.78825988e-05)
(-2.97923632e-05,-6.79980370e-05)
(-2.98561635e-05,-6.79848282e-05)
(-2.98580949e-05,-6.78431513e-05)
(-2.97981553e-05,-6.75734272e-05)
(-2.96764685e-05,-6.71763176e-05)
(-2.94932851e-05,-6.66527238e-05)
(-2.92489813e-05,-6.60037840e-05)
(-2.89440590e-05,-6.52308717e-05)
(-2.85791450e-05,-6.43355921e-05)
(-2.81549896e-05,-6.33197795e-05)
(-2.76724655e-05,-6.21854929e-05)
(-2.71325665e-05,-6.09350123e-05)
(-2.65364053e-05,-5.95708339e-05)
(-2.58852117e-05,-5.80956656e-05)
(-2.51803301e-05,-5.65124213e-05)
(-2.44232174e-05,-5.48242151e-05)
(-2.36154396e-05,-5.30343557e-05)
(-2.27586696e-05,-5.11463398e-05)
(-2.18546831e-05,-4.91638452e-05)
(-2.09053557e-05,-4.70907238e-05)
(-1.99126591e-05,-4.49309944e-05)
(-1.88786573e-05,-4.26888348e-05)
(-1.78055023e-05,-4.03685738e-05)
(-1.66954300e-05,-3.79746832e-05)
(-1.55507558e-05,-3.55117692e-05)
(-1.43738695e-05,-3.29845632e-05)
(-1.31672311e-05,-3.03979138e-05)
(-1.19333656e-05,-2.77567767e-05)
(-1.06748575e-05,-2.50662058e-05)
(-9.39434616e-06,-2.23313434e-05)
(-8.09451980e-06,-1.95574110e-05)
(-6.77811039e-06,-1.67496989e-05)
(-5.44788785e-06,-1.39135565e-05)
(-4.10665430e-06,-1.10543823e-05)
(-2.75723832e-06,-8.17761344e-06)
(-1.40248897e-06,-5.28871604e-06)
(-4.52699046e-08,-2.39317448e-06)
( 1.31154669e-06, 5.03518725e-07)
( 2.66508611e-06, 3.39587320e-06)
( 4.01247720e-06, 6.27841103e-06)
( 5.35085848e-06, 9.14567699e-06)
( 6.67738416e-06, 1.19922488e-05)
( 7.98923028e-06, 1.48127472e-05)
( 9.28360069e-06, 1.76018460e-05)
( 1.05577331e-05, 2.03542824e-05)
( 1.18089050e-05, 2.30648661e-05)
( 1.30344396e-05, 2.57284898e-05)
( 1.42317114e-05, 2.83401383e-05)
( 1.53981524e-05, 3.08948978e-05)
( 1.65312572e-05, 3.33879655e-05)
( 1.76285886e-05, 3.58146582e-05)
( 1.86877833e-05, 3.81704215e-05)
( 1.97065566e-05, 4.04508377e-05)
( 2.06827080e-05, 4.26516345e-05)
( 2.16141257e-05, 4.47686933e-05)
( 2.24987913e-05, 4.67980559e-05)
( 2.33347848e-05, 4.87359332e-05)
( 2.41202883e-05, 5.05787113e-05)
( 2.48535907e-05, 5.23229587e-05)
( 2.55330913e-05, 5.39654328e-05)
( 2.61573033e-05, 5.55030859e-05)
( 2.67248578e-05, 5.69330709e-05)
( 2.72345065e-05, 5.82527468e-05)
( 2.76851247e-05, 5.94596835e-05)
( 2.80757142e-05, 6.05516664e-05)
( 2.84054055e-05, 6.15267009e-05)
( 2.86734602e-05, 6.23830157e-05)
( 2.88792725e-05, 6.31190666e-05)
( 2.90223707e-05, 6.37335392e-05)
( 2.91024192e-05, 6.42253514e-05)
( 2.91192185e-05, 6.45936557e-05)
( 2.90727066e-05, 6.48378405e-05)
( 2.89629590e-05, 6.49575315e-05)
( 2.87901889e-05, 6.49525926e-05)
( 2.85547471e-05, 6.48231259e-05)
( 2.82571211e-05, 6.45694718e-05)
( 2.78979346e-05, 6.41922080e-05)
( 2.74779463e-05, 6.36921491e-05)
( 2.69980482e-05, 6.30703446e-05)
( 2.64592641e-05, 6.23280772e-05)
( 2.58627477e-05, 6.14668602e-05)
( 2.52097796e-05, 6.04884349e-05)
( 2.45017655e-05, 5.93947672e-05)
( 2.37402328e-05, 5.81880442e-05)
( 2.29268273e-05, 5.68706697e-05)
( 2.20633101e-05, 5.54452598e-05)
( 2.11515537e-05, 5.39146380e-05)
( 2.01935380e-05, 5.22818301e-05)
( 1.91913459e-05, 5.05500580e-05)
( 1.81471592e-05, 4.87227340e-05)
( 1.70632536e-05, 4.68034539e-05)
( 1.59419937e-05, 4.47959908e-05)
( 1.47858281e-05, 4.27042872e-05)
( 1.35972839e-05, 4.05324479e-05)
( 1.23789613e-05, 3.82847320e-05)
( 1.11335275e-05, 3.59655449e-05)
( 9.86371149e-06, 3.35794296e-05)
( 8.57229748e-06, 3.11310584e-05)
( 7.26211894e-06, 2.86252232e-05)
( 5.93605233e-06, 2.60668272e-05)
( 4.59701070e-06, 2.34608745e-05)
( 3.24793719e-06, 2.08124613e-05)
( 1.89179848e-06, 1.81267653e-05)
( 5.31578211e-07, 1.54090361e-05)
(-8.29729761e-07, 1.26645850e-05)
(-2.18912801e-06, 9.89877456e-06)
(-3.54362229e-06, 7.11700803e-06)
(-4.89022823e-06, 4.32471915e-06)
(-6.22597809e-06, 1.52736129e-06)
(-7.54792738e-06,-1.26960314e-06)
(-8.85316154e-06,-4.06071336e-06)
(-1.01388025e-05,-6.84052099e-06)
(-1.14020152e-05,-9.60360070e-06)
(-1.26400138e-05,-1.23445609e-05)
(-1.38500685e-05,-1.50580545e-05)
(-1.50295111e-05,-1.77387892e-05)
(-1.61757412e-05,-2.03815381e-05)
(-1.72862326e-05,-2.29811502e-05)
(-1.83585382e-05,-2.55325603e-05)
(-1.93902962e-05,-2.80307995e-05)
(-2.03792352e-05,-3.04710044e-05)
(-2.13231793e-05,-3.28484276e-05)
(-2.22200531e-05,-3.51584468e-05)
(-2.30678866e-05,-3.73965739e-05)
(-2.38648191e-05,-3.95584642e-05)
(-2.46091040e-05,-4.16399251e-05)
(-2.52991127e-05,-4.36369246e-05)
(-2.59333377e-05,-4.55455992e-05)
(-2.65103967e-05,-4.73622619e-05)
(-2.70290352e-05,-4.90834097e-05)
(-2.74881299e-05,-5.07057306e-05)
(-2.78866903e-05,-5.22261102e-05)
(-2.82238619e-05,-5.36416382e-05)
(-2.84989273e-05,-5.49496144e-05)
(-2.87113084e-05,-5.61475541e-05)
(-2.88605670e-05,-5.72331933e-05)
(-2.89464062e-05,-5.82044932e-05)
(-2.89686711e-05,-5.90596446e-05)
(-2.89273484e-05,-5.97970714e-05)
(-2.88225669e-05,-6.04154340e-05)
(-2.86545971e-05,-6.09136325e-05)
(-2.84238500e-05,-6.12908081e-05)
(-2.81308767e-05,-6.15463459e-05)
(-2.77763665e-05,-6.16798755e-05)
(-2.73611454e-05,-6.16912722e-05)
(-2.68861739e-05,-6.15806573e-05)
(-2.63525452e-05,-6.13483979e-05)
(-2.57614819e-05,-6.09951061e-05)
(-2.51143334e-05,-6.05216379e-05)
(-2.44125727e-05,-5.99290916e-05)
(-2.36577928e-05,-5.92188053e-05)
(-2.28517028e-05,-5.83923545e-05)
(-2.19961242e-05,-5.74515489e-05)
(-2.10929861e-05,-5.63984286e-05)
(-2.01443211e-05,-5.52352599e-05)
(-1.91522602e-05,-5.39645308e-05)
(-1.81190279e-05,-5.25889456e-05)
(-1.70469370e-05,-5.11114199e-05)
(-1.59383830e-05,-4.95350740e-05)
(-1.47958388e-05,-4.78632267e-05)
(-1.36218487e-05,-4.60993885e-05)
(-1.24190225e-05,-4.42472542e-05)
(-1.11900296e-05,-4.23106953e-05)
(-9.93759235e-06,-4.02937518e-05)
(-8.66448032e-06,-3.82006242e-05)
(-7.37350349e-06,-3.60356639e-05)
(-6.06750594e-06,-3.38033653e-05)
(-4.74935923e-06,-3.15083552e-05)
(-3.42195587e-06,-2.91553840e-05)
(-2.08820262e-06,-2.67493152e-05)
(-7.51013920e-07,-2.42951156e-05)
( 5.86694794e-07,-2.17978446e-05)
( 1.92201370e-06,-1.92626435e-05)
( 3.25204516e-06,-1.66947251e-05)
( 4.57391029e-06,-1.40993623e-05)
( 5.88475541e-06,-1.14818770e-05)
( 7.18175845e-06,-8.84762925e-06)
( 8.46213521e-06,-6.20200568e-06)
( 9.72314560e-06,-3.55040810e-06)
( 1.09620997e-05,-8.98242182e-07)
( 1.21763635e-05, 1.74909396e-06)
( 1.33633649e-05, 4.38622122e-06)
( 1.45205994e-05, 7.00779081e-06)
( 1.56456349e-05, 9.60849564e-06)
( 1.67361178e-05, 1.21830815e-05)
( 1.77897771e-05, 1.47263580e-05)
( 1.88044300e-05, 1.72332099e-05)
( 1.97779860e-05, 1.96986077e-05)
( 2.07084513e-05, 2.21176181e-05)
( 2.15939330e-05, 2.44854146e-05)
( 2.24326426e-05, 2.67972878e-05)
( 2.32229002e-05, 2.90486549e-05)
( 2.39631371e-05, 3.12350700e-05)
( 2.46518991e-05, 3.33522325e-05)
( 2.52878494e-05, 3.53959971e-05)
( 2.58697706e-05, 3.73623818e-05)
( 2.63965672e-05, 3.92475763e-05)
( 2.68672673e-05, 4.10479503e-05)
( 2.72810242e-05, 4.27600605e-05)
( 2.76371173e-05, 4.43806583e-05)
( 2.79349537e-05, 4.59066957e-05)
( 2.81740680e-05, 4.73353323e-05)
( 2.83541233e-05, 4.86639406e-05)
( 2.84749109e-05, 4.98901112e-05)
( 2.85363499e-05, 5.10116581e-05)
( 2.85384869e-05, 5.20266225e-05)
( 2.84814948e-05, 5.29332767e-05)
( 2.83656719e-05, 5.37301274e-05)
( 2.81914403e-05, 5.44159183e-05)
( 2.79593441e-05, 5.49896328e-05)
( 2.76700475e-05, 5.54504947e-05)
( 2.73243325e-05, 5.57979703e-05)
( 2.69230961e-05, 5.60317683e-05)
( 2.64673479e-05, 5.61518400e-05)
( 2.59582067e-05, 5.61583789e-05)
( 2.53968977e-05, 5.60518195e-05)
( 2.47847482e-05, 5.58328355e-05)
( 2.41231848e-05, 5.55023380e-05)
( 2.34137289e-05, 5.50614725e-05)
( 2.26579927e-05, 5.45116157e-05)
( 2.18576752e-05, 5.38543718e-05)
( 2.10145573e-05, 5.30915684e-05)
( 2.01304976e-05, 5.22252513e-05)
( 1.92074276e-05, 5.12576795e-05)
( 1.82473467e-05, 5.01913196e-05)
( 1.72523173e-05, 4.90288391e-05)
( 1.62244599e-05, 4.77731004e-05)
( 1.51659476e-05, 4.64271530e-05)
( 1.40790013e-05, 4.49942265e-05)
( 1.29658841e-05, 4.34777223e-05)
( 1.18288962e-05, 4.18812058e-05)
( 1.06703694e-05, 4.02083971e-05)
( 9.49266197e-06, 3.84631625e-05)
( 8.29815302e-06, 3.66495050e-05)
( 7.08923741e-06, 3.47715545e-05)
( 5.86832036e-06, 3.28335582e-05)
( 4.63781214e-06, 3.08398703e-05)
( 3.40012296e-06, 2.87949418e-05)
( 2.15765776e-06, 2.67033095e-05)
( 9.12811219e-07, 2.45695859e-05)
(-3.32037253e-07, 2.23984476e-05)
(-1.57452833e-06, 2.01946249e-05)
(-2.81232751e-06, 1.79628904e-05)
(-4.04312972e-06, 1.57080479e-05)
(-5.26466380e-06, 1.34349209e-05)
(-6.47469676e-06, 1.11483419e-05)
(-7.67103801e-06, 8.85314086e-06)
(-8.85154326e-06, 6.55413387e-06)
(-1.00141184e-05, 4.25611241e-06)
(-1.11567230e-05, 1.96383211e-06)
(-1.22773741e-05,-3.17998083e-07)
(-1.33741488e-05,-2.58472666e-06)
(-1.44451878e-05,-4.83177011e-06)
(-1.54886982e-05,-7.05462327e-06)
(-1.65029558e-05,-9.24886952e-06)
(-1.74863076e-05,-1.14101906e-05)
(-1.84371742e-05,-1.35343763e-05)
(-1.93540513e-05,-1.56173338e-05)
(-2.02355117e-05,-1.76550963e-05)
(-2.10802067e-05,-1.96438325e-05)
(-2.18868673e-05,-2.15798541e-05)
(-2.26543052e-05,-2.34596238e-05)
(-2.33814137e-05,-2.52797634e-05)
(-2.40671681e-05,-2.70370603e-05)
(-2.47106260e-05,-2.87284743e-05)
(-2.53109276e-05,-3.03511439e-05)
(-2.58672955e-05,-3.19023921e-05)
(-2.63790340e-05,-3.33797312e-05)
(-2.68455293e-05,-3.47808683e-05)
(-2.72662479e-05,-3.61037088e-05)
(-2.76407361e-05,-3.73463607e-05)
(-2.79686189e-05,-3.85071374e-05)
(-2.82495984e-05,-3.95845607e-05)
(-2.84834521e-05,-4.05773629e-05)
(-2.86700316e-05,-4.14844881e-05)
(-2.88092604e-05,-4.23050937e-05)
(-2.89011321e-05,-4.30385507e-05)
(-2.89457076e-05,-4.36844437e-05)
(-2.89431134e-05,-4.42425704e-05)
(-2.88935385e-05,-4.47129403e-05)
(-2.87972323e-05,-4.50957733e-05)
(-2.86545013e-05,-4.53914975e-05)
(-2.84657063e-05,-4.56007462e-05)
(-2.82312598e-05,-4.57243552e-05)
(-2.79516221e-05,-4.57633587e-05)
(-2.76272988e-05,-4.57189849e-05)
(-2.72588372e-05,-4.55926520e-05)
(-2.68468226e-05,-4.53859623e-05)
(-2.63918753e-05,-4.51006970e-05)
(-2.58946468e-05,-4.47388098e-05)
(-2.53558161e-05,-4.43024207e-05)
(-2.47760862e-05,-4.37938089e-05)
(-2.41561800e-05,-4.32154056e-05)
(-2.34968368e-05,-4.25697863e-05)
(-2.27988083e-05,-4.18596626e-05)
(-2.20628547e-05,-4.10878741e-05)
(-2.12897402e-05,-4.02573796e-05)
(-2.04802297e-05,-3.93712482e-05)
(-1.96350838e-05,-3.84326499e-05)
(-1.87550550e-05,-3.74448467e-05)
(-1.78408831e-05,-3.64111820e-05)
(-1.68932907e-05,-3.53350718e-05)
(-1.59129784e-05,-3.42199938e-05)
(-1.49006199e-05,-3.30694777e-05)
(-1.38568571e-05,-3.18870949e-05)
(-1.27822945e-05,-3.06764479e-05)
(-1.16774934e-05,-2.94411601e-05)
(-1.05429661e-05,-2.81848650e-05)
(-9.37916922e-06,-2.69111960e-05)
(-8.18649658e-06,-2.56237756e-05)
(-6.96527144e-06,-2.43262053e-05)
(-5.71573801e-06,-2.30220545e-05)
(-4.43805196e-06,-2.17148507e-05)
(-3.13226974e-06,-2.04080687e-05)
(-1.79833667e-06,-1.91051209e-05)
(-4.36073159e-07,-1.78093463e-05)
( 9.54840862e-07,-1.65240011e-05)
( 2.37488413e-06,-1.52522485e-05)
( 3.82471510e-06,-1.39971489e-05)
( 5.30519673e-06,-1.27616497e-05)
( 6.81742564e-06,-1.15485758e-05)
( 8.36276694e-06,-1.03606200e-05)
( 9.94289576e-06,-9.20033278e-06)
( 1.15598476e-05,-8.07011235e-06)
( 1.32160792e-05,-6.97219466e-06)
( 1.49145435e-05,-5.90864252e-06)
( 1.66587819e-05,-4.88133443e-06)
( 1.84530391e-05,-3.89195238e-06)
( 2.03024078e-05,-2.94196834e-06)
( 2.22130120e-05,-2.03262893e-06)
( 2.41922424e-05,-1.16493745e-06)
( 2.62490614e-05,-3.39632167e-07)
( 2.83944049e-05, 4.42840689e-07)
( 3.06417171e-05, 1.18236151e-06)
( 3.30076754e-05, 1.87918293e-06)
( 3.55131893e-05, 2.53399178e-06)
( 3.81848049e-05, 3.14799533e-06)
( 4.10567241e-05, 3.72304521e-06)
( 4.41737843e-05, 4.26182056e-06)
( 4.75959874e-05, 4.76810778e-06)
( 5.14056281e-05, 5.24724390e-06)
( 5.57189881e-05, 5.70684971e-06)
( 6.07065004e-05, 6.15810490e-06)
( 6.66297208e-05, 6.61810745e-06)
( 7.39145746e-05, 7.11459173e-06)
( 8.33119655e-05, 7.69637295e-06)
( 9.62995638e-05, 8.45972104e-06)
( 1.16396153e-04, 9.63561910e-06)
( 1.51850563e-04, 1.17665877e-05)
( 3.44881576e-04, 2.44859643e-05)
(-3.92846431e-07,-1.26107647e-06)
(-1.47578908e-06,-4.53141975e-06)
(-2.49113586e-06,-7.61803824e-06)
(-3.49998853e-06,-1.06869710e-05)
(-4.50040388e-06,-1.37314347e-05)
(-5.49108922e-06,-1.67469680e-05)
(-6.47038183e-06,-1.97282876e-05)
(-7.43650702e-06,-2.26698643e-05)
(-8.38765027e-06,-2.55661005e-05)
(-9.32199351e-06,-2.84114118e-05)
(-1.02377327e-05,-3.12002712e-05)
(-1.11330892e-05,-3.39272373e-05)
(-1.20063172e-05,-3.65869748e-05)
(-1.28557097e-05,-3.91742704e-05)
(-1.36796034e-05,-4.16840467e-05)
(-1.44763830e-05,-4.41113743e-05)
(-1.52444847e-05,-4.64514835e-05)
(-1.59824001e-05,-4.86997741e-05)
(-1.66886792e-05,-5.08518256e-05)
(-1.73619335e-05,-5.29034067e-05)
(-1.80008388e-05,-5.48504833e-05)
(-1.86041382e-05,-5.66892275e-05)
(-1.91706443e-05,-5.84160248e-05)
(-1.96992416e-05,-6.00274818e-05)
(-2.01888892e-05,-6.15204330e-05)
(-2.06386223e-05,-6.28919468e-05)
(-2.10475543e-05,-6.41393317e-05)
(-2.14148787e-05,-6.52601415e-05)
(-2.17398706e-05,-6.62521803e-05)
(-2.20218882e-05,-6.71135067e-05)
(-2.22603737e-05,-6.78424378e-05)
(-2.24548551e-05,-6.84375525e-05)
(-2.26049464e-05,-6.88976941e-05)
(-2.27103489e-05,-6.92219730e-05)
(-2.27708515e-05,-6.94097680e-05)
(-2.27863311e-05,-6.94607278e-05)
(-2.27567532e-05,-6.93747714e-05)
(-2.26821714e-05,-6.91520887e-05)
(-2.25627279e-05,-6.87931397e-05)
(-2.23986529e-05,-6.82986535e-05)
(-2.21902639e-05,-6.76696272e-05)
(-2.19379659e-05,-6.69073236e-05)
(-2.16422497e-05,-6.60132688e-05)
(-2.13036914e-05,-6.49892492e-05)
(-2.09229515e-05,-6.38373076e-05)
(-2.05007730e-05,-6.25597396e-05)
(-2.00379806e-05,-6.11590887e-05)
(-1.95354786e-05,-5.96381412e-05)
(-1.89942495e-05,-5.79999210e-05)
(-1.84153517e-05,-5.62476832e-05)
(-1.77999178e-05,-5.43849080e-05)
(-1.71491525e-05,-5.24152932e-05)
(-1.64643295e-05,-5.03427477e-05)
(-1.57467900e-05,-4.81713828e-05)
(-1.49979394e-05,-4.59055048e-05)
(-1.42192447e-05,-4.35496061e-05)
(-1.34122321e-05,-4.11083564e-05)
(-1.25784832e-05,-3.85865932e-05)
(-1.17196326e-05,-3.59893127e-05)
(-1.08373644e-05,-3.33216592e-05)
(-9.93340917e-06,-3.05889158e-05)
(-9.00954015e-06,-2.77964930e-05)
(-8.06757018e-06,-2.49499187e-05)
(-7.10934797e-06,-2.20548269e-05)
(-6.13675456e-06,-1.91169466e-05)
(-5.15169961e-06,-1.61420907e-05)
(-4.15611771e-06,-1.31361441e-05)
(-3.15196455e-06,-1.01050524e-05)
(-2.14121314e-06,-7.05480991e-06)
(-1.12584993e-06,-3.99144802e-06)
(-1.07870940e-07,-9.21023124e-07)
( 9.10722151e-07, 2.15039526e-06)
( 1.92792592e-06, 5.21673651e-06)
( 2.94173914e-06, 8.27194090e-06)
( 3.95016665e-06, 1.13099715e-05)
( 4.95122331e-06, 1.43248262e-05)
( 5.94293788e-06, 1.73105493e-05)
( 6.92335687e-06, 2.02612437e-05)
( 7.89054838e-06, 2.31710821e-05)
( 8.84260588e-06, 2.60343186e-05)
( 9.77765198e-06, 2.88453001e-05)
( 1.06938421e-05, 3.15984775e-05)
( 1.15893680e-05, 3.42884164e-05)
( 1.24624617e-05, 3.69098080e-05)
( 1.33113983e-05, 3.94574795e-05)
( 1.41345000e-05, 4.19264041e-05)
( 1.49301392e-05, 4.43117112e-05)
( 1.56967415e-05, 4.66086957e-05)
( 1.64327892e-05, 4.88128275e-05)
( 1.71368238e-05, 5.09197602e-05)
( 1.78074493e-05, 5.29253395e-05)
( 1.84433350e-05, 5.48256117e-05)
( 1.90432177e-05, 5.66168315e-05)
( 1.96059045e-05, 5.82954687e-05)
( 2.01302752e-05, 5.98582160e-05)
( 2.06152844e-05, 6.13019948e-05)
( 2.10599637e-05, 6.26239613e-05)
( 2.14634235e-05, 6.38215127e-05)
( 2.18248548e-05, 6.48922914e-05)
( 2.21435311e-05, 6.58341901e-05)
( 2.24188093e-05, 6.66453559e-05)
( 2.26501316e-05, 6.73241937e-05)
( 2.28370264e-05, 6.78693694e-05)
( 2.29791088e-05, 6.82798128e-05)
( 2.30760824e-05, 6.85547188e-05)
( 2.31277390e-05, 6.86935500e-05)
( 2.31339594e-05, 6.86960369e-05)
( 2.30947138e-05, 6.85621787e-05)
( 2.30100618e-05, 6.82922435e-05)
( 2.28801520e-05, 6.78867671e-05)
( 2.27052225e-05, 6.73465526e-05)
( 2.24855998e-05, 6.66726681e-05)
( 2.22216983e-05, 6.58664451e-05)
( 2.19140198e-05, 6.49294757e-05)
( 2.15631526e-05, 6.38636090e-05)
( 2.11697698e-05, 6.26709483e-05)
( 2.07346287e-05, 6.13538459e-05)
( 2.02585691e-05, 5.99148991e-05)
( 1.97425115e-05, 5.83569450e-05)
( 1.91874555e-05, 5.66830545e-05)
( 1.85944780e-05, 5.48965267e-05)
( 1.79647310e-05, 5.30008819e-05)
( 1.72994393e-05, 5.09998553e-05)
( 1.65998980e-05, 4.88973886e-05)
( 1.58674706e-05, 4.66976235e-05)
( 1.51035856e-05, 4.44048923e-05)
( 1.43097340e-05, 4.20237102e-05)
( 1.34874668e-05, 3.95587661e-05)
( 1.26383914e-05, 3.70149132e-05)
( 1.17641685e-05, 3.43971596e-05)
( 1.08665095e-05, 3.17106586e-05)
( 9.94717233e-06, 2.89606982e-05)
( 9.00795849e-06, 2.61526909e-05)
( 8.05070944e-06, 2.32921630e-05)
( 7.07730293e-06, 2.03847437e-05)
( 6.08964937e-06, 1.74361541e-05)
( 5.08968804e-06, 1.44521958e-05)
( 4.07938332e-06, 1.14387396e-05)
( 3.06072080e-06, 8.40171379e-06)
( 2.03570336e-06, 5.34709286e-06)
( 1.00634729e-06, 2.28088532e-06)
(-2.53217576e-08,-7.90877877e-07)
(-1.05727272e-06,-3.86215524e-06)
(-2.08747314e-06,-6.92690663e-06)
(-3.11389317e-06,-9.97910511e-06)
(-4.13450960e-06,-1.30127488e-05)
(-5.14730986e-06,-1.60218727e-05)
(-6.15029598e-06,-1.90005604e-05)
(-7.14148855e-06,-2.19429555e-05)
(-8.11893067e-06,-2.48432736e-05)
(-9.08069181e-06,-2.76958131e-05)
(-1.00248716e-05,-3.04949669e-05)
(-1.09496038e-05,-3.32352329e-05)
(-1.18530596e-05,-3.59112253e-05)
(-1.27334518e-05,-3.85176849e-05)
(-1.35890378e-05,-4.10494895e-05)
(-1.44181237e-05,-4.35016639e-05)
(-1.52190669e-05,-4.58693897e-05)
(-1.59902803e-05,-4.81480148e-05)
(-1.67302347e-05,-5.03330625e-05)
(-1.74374621e-05,-5.24202403e-05)
(-1.81105589e-05,-5.44054484e-05)
(-1.87481884e-05,-5.62847875e-05)
(-1.93490836e-05,-5.80545669e-05)
(-1.99120497e-05,-5.97113112e-05)
(-2.04359667e-05,-6.12517676e-05)
(-2.09197912e-05,-6.26729119e-05)
(-2.13625592e-05,-6.39719548e-05)
(-2.17633875e-05,-6.51463472e-05)
(-2.21214755e-05,-6.61937851e-05)
(-2.24361074e-05,-6.71122142e-05)
(-2.27066528e-05,-6.78998343e-05)
(-2.29325689e-05,-6.85551020e-05)
(-2.31134009e-05,-6.90767347e-05)
(-2.32487833e-05,-6.94637125e-05)
(-2.33384408e-05,-6.97152802e-05)
(-2.33821885e-05,-6.98309492e-05)
(-2.33799325e-05,-6.98104982e-05)
(-2.33316704e-05,-6.96539735e-05)
(-2.32374908e-05,-6.93616892e-05)
(-2.30975739e-05,-6.89342265e-05)
(-2.29121904e-05,-6.83724324e-05)
(-2.26817015e-05,-6.76774182e-05)
(-2.24065583e-05,-6.68505574e-05)
(-2.20873005e-05,-6.58934828e-05)
(-2.17245559e-05,-6.48080834e-05)
(-2.13190388e-05,-6.35965008e-05)
(-2.08715488e-05,-6.22611248e-05)
(-2.03829693e-05,-6.08045889e-05)
(-1.98542657e-05,-5.92297649e-05)
(-1.92864834e-05,-5.75397575e-05)
(-1.86807461e-05,-5.57378982e-05)
(-1.80382535e-05,-5.38277385e-05)
(-1.73602785e-05,-5.18130432e-05)
(-1.66481654e-05,-4.96977830e-05)
(-1.59033269e-05,-4.74861264e-05)
(-1.51272413e-05,-4.51824320e-05)
(-1.43214498e-05,-4.27912394e-05)
(-1.34875530e-05,-4.03172608e-05)
(-1.26272085e-05,-3.77653714e-05)
(-1.17421270e-05,-3.51405997e-05)
(-1.08340691e-05,-3.24481182e-05)
(-9.90484197e-06,-2.96932327e-05)
(-8.95629567e-06,-2.68813719e-05)
(-7.99031944e-06,-2.40180771e-05)
(-7.00883804e-06,-2.11089910e-05)
(-6.01380791e-06,-1.81598464e-05)
(-5.00721333e-06,-1.51764557e-05)
(-3.99106241e-06,-1.21646985e-05)
(-2.96738321e-06,-9.13051074e-06)
(-1.93821963e-06,-6.07987265e-06)
(-9.05627389e-07,-3.01879714e-06)
( 1.28330051e-07, 4.66820983e-08)
( 1.16158560e-06, 3.11052244e-06)
( 2.19207264e-06, 6.16668428e-06)
( 3.21772914e-06, 9.20914286e-06)
( 4.23650177e-06, 1.22319002e-05)
( 5.24634994e-06, 1.52289969e-05)
( 6.24524995e-06, 1.81945238e-05)
( 7.23119892e-06, 2.11226339e-05)
( 8.20221884e-06, 2.40075536e-05)
( 9.15636055e-06, 2.68435940e-05)
( 1.00917075e-05, 2.96251626e-05)
( 1.10063798e-05, 3.23467739e-05)
( 1.18985376e-05, 3.50030605e-05)
( 1.27663851e-05, 3.75887834e-05)
( 1.36081742e-05, 4.00988427e-05)
( 1.44222076e-05, 4.25282873e-05)
( 1.52068425e-05, 4.48723251e-05)
( 1.59604938e-05, 4.71263321e-05)
( 1.66816371e-05, 4.92858619e-05)
( 1.73688123e-05, 5.13466539e-05)
( 1.80206259e-05, 5.33046427e-05)
( 1.86357540e-05, 5.51559651e-05)
( 1.92129451e-05, 5.68969684e-05)
( 1.97510226e-05, 5.85242176e-05)
( 2.02488868e-05, 6.00345018e-05)
( 2.07055177e-05, 6.14248413e-05)
( 2.11199765e-05, 6.26924926e-05)
( 2.14914079e-05, 6.38349545e-05)
( 2.18190415e-05, 6.48499732e-05)
( 2.21021937e-05, 6.57355460e-05)
( 2.23402687e-05, 6.64899262e-05)
( 2.25327600e-05, 6.71116259e-05)
( 2.26792514e-05, 6.75994194e-05)
( 2.27794178e-05, 6.79523454e-05)
( 2.28330256e-05, 6.81697093e-05)
( 2.28399338e-05, 6.82510842e-05)
( 2.28000937e-05, 6.81963120e-05)
( 2.27135496e-05, 6.80055036e-05)
( 2.25804380e-05, 6.76790391e-05)
( 2.24009881e-05, 6.72175668e-05)
( 2.21755209e-05, 6.66220017e-05)
( 2.19044488e-05, 6.58935244e-05)
( 2.15882747e-05, 6.50335782e-05)
( 2.12275910e-05, 6.40438669e-05)
( 2.08230786e-05, 6.29263506e-05)
( 2.03755054e-05, 6.16832428e-05)
( 1.98857249e-05, 6.03170055e-05)
( 1.93546746e-05, 5.88303445e-05)
( 1.87833739e-05, 5.72262042e-05)
( 1.81729223e-05, 5.55077616e-05)
( 1.75244972e-05, 5.36784204e-05)
( 1.68393517e-05, 5.17418038e-05)
( 1.61188118e-05, 4.97017478e-05)
( 1.53642742e-05, 4.75622936e-05)
( 1.45772031e-05, 4.53276795e-05)
( 1.37591279e-05, 4.30023324e-05)
( 1.29116395e-05, 4.05908595e-05)
( 1.20363876e-05, 3.80980389e-05)
( 1.11350776e-05, 3.55288101e-05)
( 1.02094666e-05, 3.28882647e-05)
( 9.26136047e-06, 3.01816357e-05)
( 8.29261026e-06, 2.74142877e-05)
( 7.30510822e-06, 2.45917061e-05)
( 6.30078434e-06, 2.17194862e-05)
( 5.28160243e-06, 1.88033223e-05)
( 4.24955629e-06, 1.58489963e-05)
( 3.20666571e-06, 1.28623662e-05)
( 2.15497255e-06, 9.84935483e-06)
( 1.09653666e-06, 6.81593779e-06)
( 3.34318364e-08, 3.76813181e-06)
(-1.03225829e-06, 7.11982808e-07)
(-2.09844436e-06,-2.34644612e-06)
(-3.16303542e-06,-5.40108667e-06)
(-4.22394302e-06,-8.44587735e-06)
(-5.27908538e-06,-1.14747755e-05)
(-6.32639148e-06,-1.44817692e-05)
(-7.36380515e-06,-1.74608894e-05)
(-8.38928912e-06,-2.04062213e-05)
(-9.40082906e-06,-2.33119166e-05)
(-1.03964375e-05,-2.61722049e-05)
(-1.13741579e-05,-2.89814048e-05)
(-1.23320684e-05,-3.17339357e-05)
(-1.32682853e-05,-3.44243285e-05)
(-1.41809677e-05,-3.70472367e-05)
(-1.50683199e-05,-3.95974468e-05)
(-1.59285960e-05,-4.20698886e-05)
(-1.67601027e-05,-4.44596457e-05)
(-1.75612030e-05,-4.67619645e-05)
(-1.83303191e-05,-4.89722644e-05)
(-1.90659358e-05,-5.10861465e-05)
(-1.97666033e-05,-5.30994023e-05)
(-2.04309402e-05,-5.50080223e-05)
(-2.10576362e-05,-5.68082035e-05)
(-2.16454544e-05,-5.84963576e-05)
(-2.21932343e-05,-6.00691175e-05)
(-2.26998935e-05,-6.15233446e-05)
(-2.31644302e-05,-6.28561342e-05)
(-2.35859251e-05,-6.40648223e-05)
(-2.39635429e-05,-6.51469901e-05)
(-2.42965346e-05,-6.61004689e-05)
(-2.45842384e-05,-6.69233448e-05)
(-2.48260811e-05,-6.76139622e-05)
(-2.50215796e-05,-6.81709272e-05)
(-2.51703413e-05,-6.85931103e-05)
(-2.52720652e-05,-6.88796485e-05)
(-2.53265426e-05,-6.90299475e-05)
(-2.53336573e-05,-6.90436823e-05)
(-2.52933857e-05,-6.89207982e-05)
(-2.52057972e-05,-6.86615108e-05)
(-2.50710539e-05,-6.82663056e-05)
(-2.48894103e-05,-6.77359370e-05)
(-2.46612128e-05,-6.70714268e-05)
(-2.43868987e-05,-6.62740623e-05)
(-2.40669962e-05,-6.53453934e-05)
(-2.37021224e-05,-6.42872300e-05)
(-2.32929826e-05,-6.31016380e-05)
(-2.28403689e-05,-6.17909353e-05)
(-2.23451586e-05,-6.03576874e-05)
(-2.18083124e-05,-5.88047020e-05)
(-2.12308727e-05,-5.71350236e-05)
(-2.06139612e-05,-5.53519275e-05)
(-1.99587772e-05,-5.34589130e-05)
(-1.92665948e-05,-5.14596968e-05)
(-1.85387609e-05,-4.93582055e-05)
(-1.77766919e-05,-4.71585677e-05)
(-1.69818716e-05,-4.48651057e-05)
(-1.61558478e-05,-4.24823274e-05)
(-1.53002297e-05,-4.00149168e-05)
(-1.44166842e-05,-3.74677250e-05)
(-1.35069332e-05,-3.48457604e-05)
(-1.25727500e-05,-3.21541791e-05)
(-1.16159557e-05,-2.93982742e-05)
(-1.06384158e-05,-2.65834654e-05)
(-9.64203648e-06,-2.37152887e-05)
(-8.62876106e-06,-2.07993847e-05)
(-7.60056589e-06,-1.78414880e-05)
(-6.55945668e-06,-1.48474155e-05)
(-5.50746454e-06,-1.18230551e-05)
(-4.44664201e-06,-8.77435364e-06)
(-3.37905903e-06,-5.70730554e-06)
(-2.30679890e-06,-2.62794064e-06)
(-1.23195419e-06, 4.57687647e-07)
(-1.56622701e-07, 3.54351435e-06)
( 9.17096723e-07, 6.62347495e-06)
( 1.98710824e-06, 9.69151742e-06)
( 3.05132312e-06, 1.27416142e-05)
( 4.10766387e-06, 1.57677741e-05)
( 5.15406825e-06, 1.87640541e-05)
( 6.18849333e-06, 2.17245715e-05)
( 7.20891952e-06, 2.46435148e-05)
( 8.21335448e-06, 2.75151560e-05)
( 9.19983705e-06, 3.03338614e-05)
( 1.01664411e-05, 3.30941030e-05)
( 1.11112792e-05, 3.57904692e-05)
( 1.20325066e-05, 3.84176757e-05)
( 1.29283246e-05, 4.09705758e-05)
( 1.37969839e-05, 4.34441706e-05)
( 1.46367887e-05, 4.58336190e-05)
( 1.54460992e-05, 4.81342468e-05)
( 1.62233356e-05, 5.03415564e-05)
( 1.69669806e-05, 5.24512355e-05)
( 1.76755827e-05, 5.44591655e-05)
( 1.83477590e-05, 5.63614296e-05)
( 1.89821980e-05, 5.81543204e-05)
( 1.95776620e-05, 5.98343477e-05)
( 2.01329896e-05, 6.13982446e-05)
( 2.06470983e-05, 6.28429744e-05)
( 2.11189863e-05, 6.41657364e-05)
( 2.15477344e-05, 6.53639714e-05)
( 2.19325084e-05, 6.64353665e-05)
( 2.22725601e-05, 6.73778599e-05)
( 2.25672292e-05, 6.81896447e-05)
( 2.28159446e-05, 6.88691724e-05)
( 2.30182255e-05, 6.94151561e-05)
( 2.31736822e-05, 6.98265725e-05)
( 2.32820174e-05, 7.01026643e-05)
( 2.33430262e-05, 7.02429414e-05)
( 2.33565970e-05, 7.02471818e-05)
( 2.33227117e-05, 7.01154320e-05)
( 2.32414456e-05, 6.98480066e-05)
( 2.31129675e-05, 6.94454879e-05)
( 2.29375393e-05, 6.89087244e-05)
( 2.27155157e-05, 6.82388294e-05)
( 2.24473433e-05, 6.74371780e-05)
( 2.21335601e-05, 6.65054051e-05)
( 2.17747941e-05, 6.54454015e-05)
( 2.13717627e-05, 6.42593102e-05)
( 2.09252708e-05, 6.29495224e-05)
( 2.04362096e-05, 6.15186723e-05)
( 1.99055547e-05, 5.99696317e-05)
( 1.93343647e-05, 5.83055048e-05)
( 1.87237784e-05, 5.65296214e-05)
( 1.80750136e-05, 5.46455305e-05)
( 1.73893638e-05, 5.26569934e-05)
( 1.66681966e-05, 5.05679756e-05)
( 1.59129504e-05, 4.83826395e-05)
( 1.51251320e-05, 4.61053357e-05)
( 1.43063137e-05, 4.37405948e-05)
( 1.34581302e-05, 4.12931175e-05)
( 1.25822753e-05, 3.87677664e-05)
( 1.16804990e-05, 3.61695554e-05)
( 1.07546036e-05, 3.35036402e-05)
( 9.80644092e-06, 3.07753078e-05)
( 8.83790800e-06, 2.79899664e-05)
( 7.85094388e-06, 2.51531343e-05)
( 6.84752568e-06, 2.22704291e-05)
( 5.82966480e-06, 1.93475566e-05)
( 4.79940299e-06, 1.63902993e-05)
( 3.75880838e-06, 1.34045055e-05)
( 2.70997148e-06, 1.03960769e-05)
( 1.65500106e-06, 7.37095771e-06)
( 5.96020087e-07, 4.33512241e-06)
(-4.64838463e-07, 1.29456417e-06)
(-1.52543575e-06,-1.74471705e-06)
(-2.58363128e-06,-4.77672635e-06)
(-3.63728709e-06,-7.79548568e-06)
(-4.68427191e-06,-1.07950457e-05)
(-5.72246542e-06,-1.37694973e-05)
(-6.74976236e-06,-1.67129837e-05)
(-7.76407672e-06,-1.96197113e-05)
(-8.76334580e-06,-2.24839618e-05)
(-9.74553434e-06,-2.53001029e-05)
(-1.07086385e-05,-2.80625998e-05)
(-1.16506899e-05,-3.07660255e-05)
(-1.25697594e-05,-3.34050723e-05)
(-1.34639611e-05,-3.59745615e-05)
(-1.43314560e-05,-3.84694537e-05)
(-1.51704555e-05,-4.08848591e-05)
(-1.59792253e-05,-4.32160465e-05)
(-1.67560888e-05,-4.54584531e-05)
(-1.74994302e-05,-4.76076931e-05)
(-1.82076980e-05,-4.96595663e-05)
(-1.88794082e-05,-5.16100665e-05)
(-1.95131470e-05,-5.34553891e-05)
(-2.01075739e-05,-5.51919388e-05)
(-2.06614245e-05,-5.68163364e-05)
(-2.11735126e-05,-5.83254254e-05)
(-2.16427334e-05,-5.97162782e-05)
(-2.20680652e-05,-6.09862018e-05)
(-2.24485717e-05,-6.21327430e-05)
(-2.27834040e-05,-6.31536933e-05)
(-2.30718024e-05,-6.40470928e-05)
(-2.33130978e-05,-6.48112344e-05)
(-2.35067136e-05,-6.54446670e-05)
(-2.36521663e-05,-6.59461978e-05)
(-2.37490673e-05,-6.63148954e-05)
(-2.37971234e-05,-6.65500909e-05)
(-2.37961375e-05,-6.66513794e-05)
(-2.37460093e-05,-6.66186206e-05)
(-2.36467355e-05,-6.64519393e-05)
(-2.34984100e-05,-6.61517246e-05)
(-2.33012239e-05,-6.57186295e-05)
(-2.30554654e-05,-6.51535694e-05)
(-2.27615189e-05,-6.44577199e-05)
(-2.24198650e-05,-6.36325152e-05)
(-2.20310792e-05,-6.26796442e-05)
(-2.15958312e-05,-6.16010482e-05)
(-2.11148837e-05,-6.03989159e-05)
(-2.05890911e-05,-5.90756801e-05)
(-2.00193975e-05,-5.76340120e-05)
(-1.94068357e-05,-5.60768164e-05)
(-1.87525247e-05,-5.44072258e-05)
(-1.80576680e-05,-5.26285941e-05)
(-1.73235513e-05,-5.07444900e-05)
(-1.65515398e-05,-4.87586900e-05)
(-1.57430761e-05,-4.66751709e-05)
(-1.48996771e-05,-4.44981019e-05)
(-1.40229314e-05,-4.22318364e-05)
(-1.31144961e-05,-3.98809034e-05)
(-1.21760938e-05,-3.74499986e-05)
(-1.12095091e-05,-3.49439749e-05)
(-1.02165853e-05,-3.23678333e-05)
(-9.19922103e-06,-2.97267126e-05)
(-8.15936632e-06,-2.70258793e-05)
(-7.09901897e-06,-2.42707178e-05)
(-6.02022070e-06,-2.14667188e-05)
(-4.92505316e-06,-1.86194694e-05)
(-3.81563390e-06,-1.57346418e-05)
(-2.69411228e-06,-1.28179817e-05)
(-1.56266526e-06,-9.87529787e-06)
(-4.23493142e-07,-6.91244982e-06)
( 7.21184697e-07,-3.93533689e-06)
( 1.86913417e-06,-9.49886381e-07)
( 3.01811085e-06, 2.03795804e-06)
( 4.16586441e-06, 5.02224803e-06)
( 5.31014298e-06, 7.99704226e-06)
( 6.44869767e-06, 1.09564181e-05)
( 7.57928695e-06, 1.38944833e-05)
( 8.69968109e-06, 1.68053876e-05)
( 9.80766660e-06, 1.96833339e-05)
( 1.09010506e-05, 2.25225903e-05)
( 1.19776652e-05, 2.53175007e-05)
( 1.30353717e-05, 2.80624964e-05)
( 1.40720650e-05, 3.07521067e-05)
( 1.50856779e-05, 3.33809700e-05)
( 1.60741848e-05, 3.59438439e-05)
( 1.70356063e-05, 3.84356161e-05)
( 1.79680127e-05, 4.08513137e-05)
( 1.88695283e-05, 4.31861139e-05)
( 1.97383348e-05, 4.54353525e-05)
( 2.05726752e-05, 4.75945338e-05)
( 2.13708574e-05, 4.96593393e-05)
( 2.21312575e-05, 5.16256359e-05)
( 2.28523230e-05, 5.34894843e-05)
( 2.35325764e-05, 5.52471467e-05)
( 2.41706175e-05, 5.68950943e-05)
( 2.47651271e-05, 5.84300139e-05)
( 2.53148692e-05, 5.98488148e-05)
( 2.58186936e-05, 6.11486347e-05)
( 2.62755384e-05, 6.23268455e-05)
( 2.66844321e-05, 6.33810581e-05)
( 2.70444960e-05, 6.43091279e-05)
( 2.73549454e-05, 6.51091581e-05)
( 2.76150919e-05, 6.57795042e-05)
( 2.78243446e-05, 6.63187770e-05)
( 2.79822114e-05, 6.67258452e-05)
( 2.80883000e-05, 6.69998380e-05)
( 2.81423193e-05, 6.71401466e-05)
( 2.81440793e-05, 6.71464256e-05)
( 2.80934922e-05, 6.70185935e-05)
( 2.79905727e-05, 6.67568334e-05)
( 2.78354377e-05, 6.63615919e-05)
( 2.76283065e-05, 6.58335790e-05)
( 2.73695003e-05, 6.51737666e-05)
( 2.70594421e-05, 6.43833863e-05)
( 2.66986552e-05, 6.34639273e-05)
( 2.62877631e-05, 6.24171335e-05)
( 2.58274879e-05, 6.12450003e-05)
( 2.53186490e-05, 5.99497703e-05)
( 2.47621620e-05, 5.85339294e-05)
( 2.41590363e-05, 5.70002016e-05)
( 2.35103739e-05, 5.53515441e-05)
( 2.28173667e-05, 5.35911412e-05)
( 2.20812947e-05, 5.17223982e-05)
( 2.13035234e-05, 4.97489349e-05)
( 2.04855011e-05, 4.76745783e-05)
( 1.96287563e-05, 4.55033553e-05)
( 1.87348943e-05, 4.32394850e-05)
( 1.78055947e-05, 4.08873700e-05)
( 1.68426080e-05, 3.84515883e-05)
( 1.58477516e-05, 3.59368838e-05)
( 1.48229072e-05, 3.33481576e-05)
( 1.37700163e-05, 3.06904582e-05)
( 1.26910769e-05, 2.79689713e-05)
( 1.15881395e-05, 2.51890100e-05)
( 1.04633029e-05, 2.23560045e-05)
( 9.31871022e-06, 1.94754911e-05)
( 8.15654474e-06, 1.65531016e-05)
( 6.97902548e-06, 1.35945520e-05)
( 5.78840291e-06, 1.06056318e-05)
( 4.58695446e-06, 7.59219190e-06)
( 3.37698005e-06, 4.56013387e-06)
( 2.16079756e-06, 1.51539788e-06)
( 9.40738210e-07,-1.53604881e-06)
(-2.80858028e-07,-4.58822357e-06)
(-1.50164706e-06,-7.63514019e-06)
(-2.71928534e-06,-1.06708206e-05)
(-3.93143452e-06,-1.36893067e-05)
(-5.13576604e-06,-1.66846719e-05)
(-6.32996584e-06,-1.96510330e-05)
(-7.51173887e-06,-2.25825618e-05)
(-8.67881371e-06,-2.54734962e-05)
(-9.82894710e-06,-2.83181520e-05)
(-1.09599283e-05,-3.11109339e-05)
(-1.20695837e-05,-3.38463463e-05)
(-1.31557810e-05,-3.65190047e-05)
(-1.42164333e-05,-3.91236456e-05)
(-1.52495036e-05,-4.16551377e-05)
(-1.62530089e-05,-4.41084913e-05)
(-1.72250236e-05,-4.64788686e-05)
(-1.81636839e-05,-4.87615929e-05)
(-1.90671914e-05,-5.09521584e-05)
(-1.99338166e-05,-5.30462384e-05)
(-2.07619023e-05,-5.50396945e-05)
(-2.15498670e-05,-5.69285843e-05)
(-2.22962083e-05,-5.87091696e-05)
(-2.29995054e-05,-6.03779236e-05)
(-2.36584223e-05,-6.19315378e-05)
(-2.42717105e-05,-6.33669288e-05)
(-2.48382112e-05,-6.46812442e-05)
(-2.53568581e-05,-6.58718686e-05)
(-2.58266789e-05,-6.69364284e-05)
(-2.62467979e-05,-6.78727966e-05)
(-2.66164372e-05,-6.86790975e-05)
(-2.69349188e-05,-6.93537098e-05)
(-2.72016653e-05,-6.98952704e-05)
(-2.74162018e-05,-7.03026766e-05)
(-2.75781563e-05,-7.05750888e-05)
(-2.76872606e-05,-7.07119321e-05)
(-2.77433509e-05,-7.07128971e-05)
(-2.77463683e-05,-7.05779413e-05)
(-2.76963583e-05,-7.03072884e-05)
(-2.75934716e-05,-6.99014285e-05)
(-2.74379629e-05,-6.93611170e-05)
(-2.72301911e-05,-6.86873730e-05)
(-2.69706183e-05,-6.78814777e-05)
(-2.66598088e-05,-6.69449714e-05)
(-2.62984279e-05,-6.58796511e-05)
(-2.58872411e-05,-6.46875665e-05)
(-2.54271117e-05,-6.33710162e-05)
(-2.49190001e-05,-6.19325431e-05)
(-2.43639608e-05,-6.03749298e-05)
(-2.37631412e-05,-5.87011925e-05)
(-2.31177788e-05,-5.69145756e-05)
(-2.24291989e-05,-5.50185450e-05)
(-2.16988117e-05,-5.30167817e-05)
(-2.09281098e-05,-5.09131738e-05)
(-2.01186653e-05,-4.87118098e-05)
(-1.92721261e-05,-4.64169699e-05)
(-1.83902130e-05,-4.40331176e-05)
(-1.74747165e-05,-4.15648912e-05)
(-1.65274924e-05,-3.90170944e-05)
(-1.55504591e-05,-3.63946869e-05)
(-1.45455929e-05,-3.37027749e-05)
(-1.35149245e-05,-3.09466003e-05)
(-1.24605351e-05,-2.81315312e-05)
(-1.13845516e-05,-2.52630507e-05)
(-1.02891429e-05,-2.23467463e-05)
(-9.17651548e-06,-1.93882989e-05)
(-8.04890878e-06,-1.63934714e-05)
(-6.90859089e-06,-1.33680977e-05)
(-5.75785400e-06,-1.03180705e-05)
(-4.59900976e-06,-7.24933045e-06)
(-3.43438474e-06,-4.16785376e-06)
(-2.26631571e-06,-1.07964075e-06)
(-1.09714504e-06, 2.00929613e-06)
( 7.07840015e-08, 5.09294417e-06)
( 1.23513195e-06, 8.16530229e-06)
( 2.39356776e-06, 1.12203929e-05)
( 3.54377351e-06, 1.42522737e-05)
( 4.68344898e-06, 1.72550494e-05)
( 5.81031624e-06, 2.02228835e-05)
( 6.92212424e-06, 2.31500097e-05)
( 8.01665323e-06, 2.60307433e-05)
( 9.09171922e-06, 2.88594924e-05)
( 1.01451783e-05, 3.16307691e-05)
( 1.11749311e-05, 3.43392002e-05)
( 1.21789264e-05, 3.69795380e-05)
( 1.31551661e-05, 3.95466702e-05)
( 1.41017083e-05, 4.20356305e-05)
( 1.50166719e-05, 4.44416082e-05)
( 1.58982398e-05, 4.67599577e-05)
( 1.67446627e-05, 4.89862074e-05)
( 1.75542628e-05, 5.11160690e-05)
( 1.83254368e-05, 5.31454457e-05)
( 1.90566592e-05, 5.50704400e-05)
( 1.97464853e-05, 5.68873617e-05)
( 2.03935544e-05, 5.85927353e-05)
( 2.09965920e-05, 6.01833061e-05)
( 2.15544124e-05, 6.16560475e-05)
( 2.20659215e-05, 6.30081662e-05)
( 2.25301186e-05, 6.42371079e-05)
( 2.29460983e-05, 6.53405625e-05)
( 2.33130526e-05, 6.63164681e-05)
( 2.36302723e-05, 6.71630156e-05)
( 2.38971485e-05, 6.78786516e-05)
( 2.41131737e-05, 6.84620817e-05)
( 2.42779429e-05, 6.89122731e-05)
( 2.43911545e-05, 6.92284561e-05)
( 2.44526105e-05, 6.94101258e-05)
( 2.44622174e-05, 6.94570431e-05)
( 2.44199861e-05, 6.93692347e-05)
( 2.43260318e-05, 6.91469932e-05)
( 2.41805740e-05, 6.87908764e-05)
( 2.39839361e-05, 6.83017059e-05)
( 2.37365444e-05, 6.76805655e-05)
( 2.34389276e-05, 6.69287987e-05)
( 2.30917156e-05, 6.60480061e-05)
( 2.26956384e-05, 6.50400422e-05)
( 2.22515245e-05, 6.39070113e-05)
( 2.17602992e-05, 6.26512632e-05)
( 2.12229832e-05, 6.12753888e-05)
( 2.06406899e-05, 5.97822142e-05)
( 2.00146240e-05, 5.81747955e-05)
( 1.93460783e-05, 5.64564124e-05)
( 1.86364319e-05, 5.46305614e-05)
( 1.78871470e-05, 5.27009491e-05)
( 1.70997661e-05, 5.06714843e-05)
( 1.62759090e-05, 4.85462704e-05)
( 1.54172698e-05, 4.63295969e-05)
( 1.45256132e-05, 4.40259311e-05)
( 1.36027712e-05, 4.16399086e-05)
( 1.26506396e-05, 3.91763247e-05)
( 1.16711740e-05, 3.66401239e-05)
( 1.06663862e-05, 3.40363907e-05)
( 9.63833996e-06, 3.13703391e-05)
( 8.58914726e-06, 2.86473021e-05)
( 7.52096382e-06, 2.58727211e-05)
( 6.43598501e-06, 2.30521351e-05)
( 5.33644147e-06, 2.01911694e-05)
( 4.22459474e-06, 1.72955245e-05)
( 3.10273272e-06, 1.43709648e-05)
( 1.97316525e-06, 1.14233067e-05)
( 8.38219450e-07, 8.45840771e-06)
(-2.99764821e-07, 5.48215393e-06)
(-1.43843962e-06, 2.50044896e-06)
(-2.57545356e-06,-4.80798168e-07)
(-3.70845647e-06,-3.45568463e-06)
(-4.83510402e-06,-6.41832559e-06)
(-5.95306242e-06,-9.36286588e-06)
(-7.06001302e-06,-1.22834916e-05)
(-8.15365690e-06,-1.51744418e-05)
(-9.23171946e-06,-1.80300196e-05)
(-1.02919549e-05,-2.08446038e-05)
(-1.13321508e-05,-2.36126597e-05)
(-1.23501324e-05,-2.63287504e-05)
(-1.33437669e-05,-2.89875472e-05)
(-1.43109680e-05,-3.15838404e-05)
(-1.52496997e-05,-3.41125492e-05)
(-1.61579806e-05,-3.65687321e-05)
(-1.70338878e-05,-3.89475964e-05)
(-1.78755608e-05,-4.12445078e-05)
(-1.86812054e-05,-4.34549993e-05)
(-1.94490968e-05,-4.55747799e-05)
(-2.01775838e-05,-4.75997433e-05)
(-2.08650915e-05,-4.95259755e-05)
(-2.15101250e-05,-5.13497631e-05)
(-2.21112721e-05,-5.30675995e-05)
(-2.26672064e-05,-5.46761929e-05)
(-2.31766899e-05,-5.61724717e-05)
(-2.36385757e-05,-5.75535908e-05)
(-2.40518104e-05,-5.88169373e-05)
(-2.44154359e-05,-5.99601352e-05)
(-2.47285921e-05,-6.09810499e-05)
(-2.49905183e-05,-6.18777924e-05)
(-2.52005547e-05,-6.26487229e-05)
(-2.53581443e-05,-6.32924538e-05)
(-2.54628340e-05,-6.38078522e-05)
(-2.55142755e-05,-6.41940417e-05)
(-2.55122263e-05,-6.44504046e-05)
(-2.54565502e-05,-6.45765822e-05)
(-2.53472179e-05,-6.45724759e-05)
(-2.51843074e-05,-6.44382465e-05)
(-2.49680037e-05,-6.41743144e-05)
(-2.46985985e-05,-6.37813580e-05)
(-2.43764905e-05,-6.32603123e-05)
(-2.40021842e-05,-6.26123671e-05)
(-2.35762892e-05,-6.18389640e-05)
(-2.30995194e-05,-6.09417935e-05)
(-2.25726917e-05,-5.99227914e-05)
(-2.19967245e-05,-5.87841350e-05)
(-2.13726364e-05,-5.75282382e-05)
(-2.07015438e-05,-5.61577466e-05)
(-1.99846596e-05,-5.46755324e-05)
(-1.92232907e-05,-5.30846878e-05)
(-1.84188354e-05,-5.13885195e-05)
(-1.75727813e-05,-4.95905414e-05)
(-1.66867023e-05,-4.76944675e-05)
(-1.57622559e-05,-4.57042046e-05)
(-1.48011796e-05,-4.36238442e-05)
(-1.38052885e-05,-4.14576543e-05)
(-1.27764712e-05,-3.92100706e-05)
(-1.17166867e-05,-3.68856879e-05)
(-1.06279605e-05,-3.44892504e-05)
(-9.51238083e-06,-3.20256427e-05)
(-8.37209488e-06,-2.94998793e-05)
(-7.20930445e-06,-2.69170953e-05)
(-6.02626194e-06,-2.42825356e-05)
(-4.82526605e-06,-2.16015444e-05)
(-3.60865739e-06,-1.88795548e-05)
(-2.37881398e-06,-1.61220777e-05)
(-1.13814669e-06,-1.33346909e-05)
( 1.10905356e-07,-1.05230280e-05)
( 1.36587951e-06,-7.69276710e-06)
( 2.62429434e-06,-4.84961951e-06)
( 3.88365445e-06,-1.99931841e-06)
( 5.14145531e-06, 8.52392542e-07)
( 6.39518809e-06, 3.69977067e-06)
( 7.64234464e-06, 6.53708560e-06)
( 8.88042229e-06, 9.35863072e-06)
( 1.01069288e-05, 1.21587344e-05)
( 1.13193874e-05, 1.49317713e-05)
( 1.25153412e-05, 1.76721733e-05)
( 1.36923587e-05, 2.03744411e-05)
( 1.48480381e-05, 2.30331542e-05)
( 1.59800122e-05, 2.56429823e-05)
( 1.70859532e-05, 2.81986956e-05)
( 1.81635774e-05, 3.06951750e-05)
( 1.92106496e-05, 3.31274225e-05)
( 2.02249876e-05, 3.54905706e-05)
( 2.12044668e-05, 3.77798923e-05)
( 2.21470242e-05, 3.99908102e-05)
( 2.30506631e-05, 4.21189053e-05)
( 2.39134566e-05, 4.41599262e-05)
( 2.47335519e-05, 4.61097969e-05)
( 2.55091741e-05, 4.79646252e-05)
( 2.62386297e-05, 4.97207099e-05)
( 2.69203104e-05, 5.13745487e-05)
( 2.75526963e-05, 5.29228441e-05)
( 2.81343591e-05, 5.43625108e-05)
( 2.86639653e-05, 5.56906813e-05)
( 2.91402788e-05, 5.69047111e-05)
( 2.95621642e-05, 5.80021847e-05)
( 2.99285883e-05, 5.89809195e-05)
( 3.02386236e-05, 5.98389706e-05)
( 3.04914493e-05, 6.05746341e-05)
( 3.06863541e-05, 6.11864507e-05)
( 3.08227373e-05, 6.16732086e-05)
( 3.09001106e-05, 6.20339454e-05)
( 3.09180993e-05, 6.22679502e-05)
( 3.08764435e-05, 6.23747650e-05)
( 3.07749987e-05, 6.23541854e-05)
( 3.06137364e-05, 6.22062608e-05)
( 3.03927450e-05, 6.19312948e-05)
( 3.01122293e-05, 6.15298436e-05)
( 2.97725110e-05, 6.10027160e-05)
( 2.93740278e-05, 6.03509706e-05)
( 2.89173338e-05, 5.95759145e-05)
( 2.84030978e-05, 5.86791002e-05)
( 2.78321028e-05, 5.76623230e-05)
( 2.72052451e-05, 5.65276166e-05)
( 2.65235321e-05, 5.52772498e-05)
( 2.57880815e-05, 5.39137217e-05)
( 2.50001190e-05, 5.24397568e-05)
( 2.41609760e-05, 5.08582993e-05)
( 2.32720879e-05, 4.91725079e-05)
( 2.23349912e-05, 4.73857489e-05)
( 2.13513211e-05, 4.55015898e-05)
( 2.03228081e-05, 4.35237925e-05)
( 1.92512754e-05, 4.14563054e-05)
( 1.81386355e-05, 3.93032559e-05)
( 1.69868863e-05, 3.70689424e-05)
( 1.57981083e-05, 3.47578254e-05)
( 1.45744599e-05, 3.23745190e-05)
( 1.33181740e-05, 2.99237818e-05)
( 1.20315534e-05, 2.74105072e-05)
( 1.07169671e-05, 2.48397145e-05)
( 9.37684535e-06, 2.22165381e-05)
( 8.01367516e-06, 1.95462180e-05)
( 6.62999584e-06, 1.68340894e-05)
( 5.22839397e-06, 1.40855718e-05)
( 3.81149861e-06, 1.13061590e-05)
( 2.38197620e-06, 8.50140775e-06)
( 9.42525502e-07, 5.67692686e-06)
(-5.04127586e-07, 2.83836644e-06)
(-1.95523529e-06,-8.59347966e-09)
(-3.40803325e-06,-2.85825402e-06)
(-4.85974591e-06,-5.70490871e-06)
(-6.30759187e-06,-8.54285475e-06)
(-7.74878933e-06,-1.13664042e-05)
(-9.18056150e-06,-1.41698952e-05)
(-1.06001421e-05,-1.69477032e-05)
(-1.20047806e-05,-1.96942520e-05)
(-1.33917481e-05,-2.24040246e-05)
(-1.47583422e-05,-2.50715744e-05)
(-1.61018924e-05,-2.76915357e-05)
(-1.74197660e-05,-3.02586345e-05)
(-1.87093725e-05,-3.27676985e-05)
(-1.99681695e-05,-3.52136681e-05)
(-2.11936672e-05,-3.75916055e-05)
(-2.23834341e-05,-3.98967051e-05)
(-2.35351009e-05,-4.21243029e-05)
(-2.46463665e-05,-4.42698855e-05)
(-2.57150017e-05,-4.63290994e-05)
(-2.67388541e-05,-4.82977595e-05)
(-2.77158526e-05,-5.01718573e-05)
(-2.86440115e-05,-5.19475690e-05)
(-2.95214346e-05,-5.36212632e-05)
(-3.03463193e-05,-5.51895080e-05)
(-3.11169600e-05,-5.66490780e-05)
(-3.18317519e-05,-5.79969607e-05)
(-3.24891945e-05,-5.92303625e-05)
(-3.30878945e-05,-6.03467143e-05)
(-3.36265689e-05,-6.13436771e-05)
(-3.41040479e-05,-6.22191462e-05)
(-3.45192769e-05,-6.29712556e-05)
(-3.48713196e-05,-6.35983822e-05)
(-3.51593596e-05,-6.40991487e-05)
(-3.53827023e-05,-6.44724269e-05)
(-3.55407765e-05,-6.47173396e-05)
(-3.56331361e-05,-6.48332629e-05)
(-3.56594606e-05,-6.48198276e-05)
(-3.56195568e-05,-6.46769197e-05)
(-3.55133587e-05,-6.44046812e-05)
(-3.53409282e-05,-6.40035102e-05)
(-3.51024554e-05,-6.34740594e-05)
(-3.47982580e-05,-6.28172363e-05)
(-3.44287815e-05,-6.20342004e-05)
(-3.39945981e-05,-6.11263619e-05)
(-3.34964060e-05,-6.00953789e-05)
(-3.29350282e-05,-5.89431542e-05)
(-3.23114114e-05,-5.76718318e-05)
(-3.16266237e-05,-5.62837932e-05)
(-3.08818534e-05,-5.47816523e-05)
(-3.00784067e-05,-5.31682512e-05)
(-2.92177050e-05,-5.14466540e-05)
(-2.83012827e-05,-4.96201417e-05)
(-2.73307841e-05,-4.76922053e-05)
(-2.63079606e-05,-4.56665396e-05)
(-2.52346671e-05,-4.35470359e-05)
(-2.41128590e-05,-4.13377745e-05)
(-2.29445880e-05,-3.90430168e-05)
(-2.17319986e-05,-3.66671972e-05)
(-2.04773236e-05,-3.42149145e-05)
(-1.91828806e-05,-3.16909229e-05)
(-1.78510667e-05,-2.91001228e-05)
(-1.64843543e-05,-2.64475516e-05)
(-1.50852867e-05,-2.37383734e-05)
(-1.36564724e-05,-2.09778692e-05)
(-1.22005809e-05,-1.81714268e-05)
(-1.07203368e-05,-1.53245300e-05)
(-9.21851513e-06,-1.24427480e-05)
(-7.69793565e-06,-9.53172454e-06)
(-6.16145737e-06,-6.59716691e-06)
(-4.61197307e-06,-3.64483461e-06)
(-3.05240364e-06,-6.80528214e-07)
(-1.48569237e-06, 2.28992209e-06)
( 8.52008039e-08, 5.26066794e-06)
( 1.65730506e-06, 8.22585426e-06)
( 3.22764455e-06, 1.11796309e-05)
( 4.79324419e-06, 1.41161639e-05)
( 6.35113552e-06, 1.70296473e-05)
( 7.89836252e-06, 1.99143146e-05)
( 9.43198742e-06, 2.27644498e-05)
( 1.09490965e-05, 2.55743992e-05)
( 1.24468056e-05, 2.83385820e-05)
( 1.39222663e-05, 3.10515020e-05)
( 1.53726711e-05, 3.37077581e-05)
( 1.67952588e-05, 3.63020553e-05)
( 1.81873205e-05, 3.88292148e-05)
( 1.95462046e-05, 4.12841851e-05)
( 2.08693219e-05, 4.36620510e-05)
( 2.21541509e-05, 4.59580446e-05)
( 2.33982430e-05, 4.81675537e-05)
( 2.45992267e-05, 5.02861321e-05)
( 2.57548128e-05, 5.23095076e-05)
( 2.68627987e-05, 5.42335914e-05)
( 2.79210729e-05, 5.60544857e-05)
( 2.89276190e-05, 5.77684918e-05)
( 2.98805196e-05, 5.93721177e-05)
( 3.07779603e-05, 6.08620852e-05)
( 3.16182332e-05, 6.22353362e-05)
( 3.23997401e-05, 6.34890392e-05)
( 3.31209960e-05, 6.46205954e-05)
( 3.37806315e-05, 6.56276435e-05)
( 3.43773959e-05, 6.65080647e-05)
( 3.49101596e-05, 6.72599874e-05)
( 3.53779160e-05, 6.78817909e-05)
( 3.57797839e-05, 6.83721088e-05)
( 3.61150089e-05, 6.87298320e-05)
( 3.63829650e-05, 6.89541112e-05)
( 3.65831557e-05, 6.90443586e-05)
( 3.67152149e-05, 6.90002494e-05)
( 3.67789080e-05, 6.88217227e-05)
( 3.67741319e-05, 6.85089819e-05)
( 3.67009150e-05, 6.80624943e-05)
( 3.65594179e-05, 6.74829907e-05)
( 3.63499321e-05, 6.67714640e-05)
( 3.60728799e-05, 6.59291674e-05)
( 3.57288137e-05, 6.49576124e-05)
( 3.53184143e-05, 6.38585657e-05)
( 3.48424899e-05, 6.26340463e-05)
( 3.43019745e-05, 6.12863212e-05)
( 3.36979256e-05, 5.98179017e-05)
( 3.30315226e-05, 5.82315382e-05)
( 3.23040642e-05, 5.65302153e-05)
( 3.15169656e-05, 5.47171456e-05)
( 3.06717559e-05, 5.27957640e-05)
( 2.97700750e-05, 5.07697210e-05)
( 2.88136703e-05, 4.86428753e-05)
( 2.78043932e-05, 4.64192869e-05)
( 2.67441956e-05, 4.41032085e-05)
( 2.56351256e-05, 4.16990781e-05)
( 2.44793239e-05, 3.92115094e-05)
( 2.32790193e-05, 3.66452838e-05)
( 2.20365243e-05, 3.40053402e-05)
( 2.07542305e-05, 3.12967658e-05)
( 1.94346042e-05, 2.85247862e-05)
( 1.80801809e-05, 2.56947550e-05)
( 1.66935610e-05, 2.28121431e-05)
( 1.52774041e-05, 1.98825283e-05)
( 1.38344243e-05, 1.69115845e-05)
( 1.23673843e-05, 1.39050698e-05)
( 1.08790906e-05, 1.08688159e-05)
( 9.37238734e-06, 7.80871651e-06)
( 7.85015138e-06, 4.73071529e-06)
( 6.31528624e-06, 1.64079459e-06)
( 4.77071660e-06,-1.45503651e-06)
( 3.21938258e-06,-4.55075408e-06)
( 1.66423404e-06,-7.64033121e-06)
( 1.08224818e-07,-1.07177499e-05)
(-1.44569297e-06,-1.37770129e-05)
(-2.99457468e-06,-1.68121558e-05)
(-4.53548878e-06,-1.98172585e-05)
(-6.06552255e-06,-2.27864571e-05)
(-7.58178770e-06,-2.57139556e-05)
(-9.08142590e-06,-2.85940371e-05)
(-1.05616143e-05,-3.14210753e-05)
(-1.20195708e-05,-3.41895456e-05)
(-1.34525596e-05,-3.68940363e-05)
(-1.48578964e-05,-3.95292586e-05)
(-1.62329531e-05,-4.20900581e-05)
(-1.75751635e-05,-4.45714240e-05)
(-1.88820274e-05,-4.69684997e-05)
(-2.01511161e-05,-4.92765921e-05)
(-2.13800762e-05,-5.14911813e-05)
(-2.25666346e-05,-5.36079288e-05)
(-2.37086025e-05,-5.56226870e-05)
(-2.48038797e-05,-5.75315067e-05)
(-2.58504583e-05,-5.93306453e-05)
(-2.68464262e-05,-6.10165740e-05)
(-2.77899714e-05,-6.25859849e-05)
(-2.86793846e-05,-6.40357975e-05)
(-2.95130625e-05,-6.53631650e-05)
(-3.02895108e-05,-6.65654796e-05)
(-3.10073472e-05,-6.76403776e-05)
(-3.16653031e-05,-6.85857444e-05)
(-3.22622267e-05,-6.93997186e-05)
(-3.27970844e-05,-7.00806954e-05)
(-3.32689629e-05,-7.06273298e-05)
(-3.36770707e-05,-7.10385397e-05)
(-3.40207395e-05,-7.13135072e-05)
(-3.42994249e-05,-7.14516808e-05)
(-3.45127078e-05,-7.14527764e-05)
(-3.46602946e-05,-7.13167774e-05)
(-3.47420177e-05,-7.10439351e-05)
(-3.47578354e-05,-7.06347680e-05)
(-3.47078322e-05,-7.00900607e-05)
(-3.45922181e-05,-6.94108622e-05)
(-3.44113280e-05,-6.85984839e-05)
(-3.41656208e-05,-6.76544972e-05)
(-3.38556788e-05,-6.65807295e-05)
(-3.34822056e-05,-6.53792615e-05)
(-3.30460252e-05,-6.40524222e-05)
(-3.25480799e-05,-6.26027850e-05)
(-3.19894284e-05,-6.10331617e-05)
(-3.13712435e-05,-5.93465976e-05)
(-3.06948100e-05,-5.75463649e-05)
(-2.99615214e-05,-5.56359565e-05)
(-2.91728779e-05,-5.36190788e-05)
(-2.83304825e-05,-5.14996445e-05)
(-2.74360386e-05,-4.92817646e-05)
(-2.64913460e-05,-4.69697403e-05)
(-2.54982975e-05,-4.45680546e-05)
(-2.44588752e-05,-4.20813632e-05)
(-2.33751466e-05,-3.95144852e-05)
(-2.22492602e-05,-3.68723937e-05)
(-2.10834419e-05,-3.41602061e-05)
(-1.98799900e-05,-3.13831733e-05)
(-1.86412713e-05,-2.85466702e-05)
(-1.73697158e-05,-2.56561843e-05)
(-1.60678127e-05,-2.27173054e-05)
(-1.47381051e-05,-1.97357143e-05)
(-1.33831853e-05,-1.67171715e-05)
(-1.20056897e-05,-1.36675062e-05)
(-1.06082937e-05,-1.05926044e-05)
(-9.19370666e-06,-7.49839782e-06)
(-7.76466675e-06,-4.39085172e-06)
(-6.32393551e-06,-1.27595356e-06)
(-4.87429272e-06, 1.84029885e-06)
(-3.41853105e-06, 4.95190912e-06)
(-1.95945077e-06, 8.05289397e-06)
(-4.99854389e-07, 1.11372949e-05)
( 9.57458652e-07, 1.41991899e-05)
( 2.40969728e-06, 1.72327050e-05)
( 3.85408409e-06, 2.02320253e-05)
( 5.28786059e-06, 2.31914070e-05)
( 6.70829239e-06, 2.61051880e-05)
( 8.11267441e-06, 2.89677988e-05)
( 9.49833593e-06, 3.17737737e-05)
( 1.08626456e-05, 3.45177611e-05)
( 1.22030165e-05, 3.71945339e-05)
( 1.35169109e-05, 3.97989992e-05)
( 1.48018448e-05, 4.23262086e-05)
( 1.60553932e-05, 4.47713673e-05)
( 1.72751939e-05, 4.71298437e-05)
( 1.84589526e-05, 4.93971774e-05)
( 1.96044465e-05, 5.15690887e-05)
( 2.07095290e-05, 5.36414858e-05)
( 2.17721335e-05, 5.56104731e-05)
( 2.27902771e-05, 5.74723585e-05)
( 2.37620646e-05, 5.92236599e-05)
( 2.46856918e-05, 6.08611120e-05)
( 2.55594488e-05, 6.23816726e-05)
( 2.63817234e-05, 6.37825277e-05)
( 2.71510038e-05, 6.50610970e-05)
( 2.78658816e-05, 6.62150384e-05)
( 2.85250545e-05, 6.72422524e-05)
( 2.91273283e-05, 6.81408857e-05)
( 2.96716196e-05, 6.89093348e-05)
( 3.01569572e-05, 6.95462480e-05)
( 3.05824846e-05, 7.00505284e-05)
( 3.09474608e-05, 7.04213354e-05)
( 3.12512623e-05, 7.06580860e-05)
( 3.14933839e-05, 7.07604553e-05)
( 3.16734396e-05, 7.07283773e-05)
( 3.17911633e-05, 7.05620439e-05)
( 3.18464095e-05, 7.02619050e-05)
( 3.18391531e-05, 6.98286665e-05)
( 3.17694899e-05, 6.92632891e-05)
( 3.16376358e-05, 6.85669856e-05)
( 3.14439270e-05, 6.77412186e-05)
( 3.11888189e-05, 6.67876972e-05)
( 3.08728852e-05, 6.57083729e-05)
( 3.04968172e-05, 6.45054361e-05)
( 3.00614220e-05, 6.31813113e-05)
( 2.95676210e-05, 6.17386517e-05)
( 2.90164486e-05, 6.01803343e-05)
( 2.84090496e-05, 5.85094536e-05)
( 2.77466774e-05, 5.67293155e-05)
( 2.70306915e-05, 5.48434306e-05)
( 2.62625548e-05, 5.28555073e-05)
( 2.54438312e-05, 5.07694438e-05)
( 2.45761820e-05, 4.85893210e-05)
( 2.36613632e-05, 4.63193940e-05)
( 2.27012221e-05, 4.39640838e-05)
( 2.16976935e-05, 4.15279683e-05)
( 2.06527964e-05, 3.90157737e-05)
( 1.95686297e-05, 3.64323649e-05)
( 1.84473685e-05, 3.37827363e-05)
( 1.72912601e-05, 3.10720014e-05)
( 1.61026191e-05, 2.83053836e-05)
( 1.48838235e-05, 2.54882055e-05)
( 1.36373101e-05, 2.26258789e-05)
( 1.23655693e-05, 1.97238940e-05)
( 1.10711411e-05, 1.67878090e-05)
( 9.75660956e-06, 1.38232397e-05)
( 8.42459821e-06, 1.08358478e-05)
( 7.07776477e-06, 7.83133119e-06)
( 5.71879613e-06, 4.81541207e-06)
( 4.35040312e-06, 1.79382657e-06)
( 2.97531525e-06,-1.22768636e-06)
( 1.59627542e-06,-4.24339588e-06)
( 2.16034602e-07,-7.24759009e-06)
(-1.16265354e-06,-1.02345869e-05)
(-2.53703802e-06,-1.31987446e-05)
(-3.90437587e-06,-1.61344729e-05)
(-5.26193756e-06,-1.90362429e-05)
(-6.60701233e-06,-2.18985981e-05)
(-7.93691352e-06,-2.47161640e-05)
(-9.24898387e-06,-2.74836586e-05)
(-1.05406008e-05,-3.01959021e-05)
(-1.18091814e-05,-3.28478264e-05)
(-1.30521881e-05,-3.54344849e-05)
(-1.42671329e-05,-3.79510612e-05)
(-1.54515831e-05,-4.03928782e-05)
(-1.66031658e-05,-4.27554069e-05)
(-1.77195726e-05,-4.50342745e-05)
(-1.87985644e-05,-4.72252723e-05)
(-1.98379761e-05,-4.93243637e-05)
(-2.08357206e-05,-5.13276915e-05)
(-2.17897933e-05,-5.32315845e-05)
(-2.26982760e-05,-5.50325646e-05)
(-2.35593413e-05,-5.67273529e-05)
(-2.43712557e-05,-5.83128755e-05)
(-2.51323839e-05,-5.97862690e-05)
(-2.58411916e-05,-6.11448859e-05)
(-2.64962491e-05,-6.23862985e-05)
(-2.70962342e-05,-6.35083039e-05)
(-2.76399350e-05,-6.45089275e-05)
(-2.81262528e-05,-6.53864263e-05)
(-2.85542039e-05,-6.61392922e-05)
(-2.89229222e-05,-6.67662538e-05)
(-2.92316613e-05,-6.72662793e-05)
(-2.94797957e-05,-6.76385773e-05)
(-2.96668227e-05,-6.78825988e-05)
(-2.97923632e-05,-6.79980370e-05)
(-2.98561635e-05,-6.79848282e-05)
(-2.98580949e-05,-6.78431513e-05)
(-2.97981553e-05,-6.75734272e-05)
(-2.96764685e-05,-6.71763176e-05)
(-2.94932851e-05,-6.66527238e-05)
(-2.92489813e-05,-6.60037840e-05)
(-2.89440590e-05,-6.52308717e-05)
(-2.85791450e-05,-6.43355921e-05)
(-2.81549896e-05,-6.33197795e-05)
(-2.76724655e-05,-6.21854929e-05)
(-2.71325665e-05,-6.09350123e-05)
(-2.65364053e-05,-5.95708339e-05)
(-2.58852117e-05,-5.80956656e-05)
(-2.51803301e-05,-5.65124213e-05)
(-2.44232174e-05,-5.48242151e-05)
(-2.36154396e-05,-5.30343557e-05)
(-2.27586696e-05,-5.11463398e-05)
(-2.18546831e-05,-4.91638452e-05)
(-2.09053557e-05,-4.70907238e-05)
(-1.99126591e-05,-4.49309944e-05)
(-1.88786573e-05,-4.26888348e-05)
(-1.78055023e-05,-4.03685738e-05)
(-1.66954300e-05,-3.79746832e-05)
(-1.55507558e-05,-3.55117692e-05)
(-1.43738695e-05,-3.29845632e-05)
(-1.31672311e-05,-3.03979138e-05)
(-1.19333656e-05,-2.77567767e-05)
(-1.06748575e-05,-2.50662058e-05)
(-9.39434616e-06,-2.23313434e-05)
(-8.09451980e-06,-1.95574110e-05)
(-6.77811039e-06,-1.67496989e-05)
(-5.44788785e-06,-1.39135565e-05)
(-4.10665430e-06,-1.10543823e-05)
(-2.75723832e-06,-8.17761344e-06)
(-1.40248897e-06,-5.28871604e-06)
(-4.52699047e-08,-2.39317448e-06)
( 1.31154669e-06, 5.03518725e-07)
( 2.66508611e-06, 3.39587320e-06)
( 4.01247720e-06, 6.27841103e-06)
( 5.35085848e-06, 9.14567699e-06)
( 6.67738416e-06, 1.19922488e-05)
( 7.98923028e-06, 1.48127472e-05)
( 9.28360069e-06, 1.76018460e-05)
( 1.05577331e-05, 2.03542824e-05)
( 1.18089050e-05, 2.30648661e-05)
( 1.30344396e-05, 2.57284898e-05)
( 1.42317114e-05, 2.83401383e-05)
( 1.53981524e-05, 3.08948978e-05)
( 1.65312572e-05, 3.33879655e-05)
( 1.76285886e-05, 3.58146582e-05)
( 1.86877833e-05, 3.81704215e-05)
( 1.97065566e-05, 4.04508377e-05)
( 2.06827080e-05, 4.26516345e-05)
( 2.16141257e-05, 4.47686933e-05)
( 2.24987913e-05, 4.67980559e-05)
( 2.33347848e-05, 4.87359332e-05)
( 2.41202883e-05, 5.05787113e-05)
( 2.48535907e-05, 5.23229587e-05)
( 2.55330913e-05, 5.39654328e-05)
( 2.61573033e-05, 5.55030859e-05)
( 2.67248578e-05, 5.69330709e-05)
( 2.72345065e-05, 5.82527468e-05)
( 2.76851247e-05, 5.94596835e-05)
( 2.80757142e-05, 6.05516664e-05)
( 2.84054055e-05, 6.15267009e-05)
( 2.86734602e-05, 6.23830157e-05)
( 2.88792725e-05, 6.31190666e-05)
( 2.90223707e-05, 6.37335392e-05)
( 2.91024192e-05, 6.42253514e-05)
( 2.91192185e-05, 6.45936557e-05)
( 2.90727066e-05, 6.48378405e-05)
( 2.89629590e-05, 6.49575315e-05)
( 2.87901889e-05, 6.49525926e-05)
( 2.85547471e-05, 6.48231259e-05)
( 2.82571211e-05, 6.45694718e-05)
( 2.78979346e-05, 6.41922080e-05)
( 2.74779463e-05, 6.36921491e-05)
( 2.69980482e-05, 6.30703446e-05)
( 2.64592641e-05, 6.23280772e-05)
( 2.58627477e-05, 6.14668602e-05)
( 2.52097796e-05, 6.04884349e-05)
( 2.45017655e-05, 5.93947672e-05)
( 2.37402328e-05, 5.81880442e-05)
( 2.29268273e-05, 5.68706697e-05)
( 2.20633101e-05, 5.54452598e-05)
( 2.11515537e-05, 5.39146380e-05)
( 2.01935380e-05, 5.22818301e-05)
( 1.91913459e-05, 5.05500580e-05)
( 1.81471592e-05, 4.87227340e-05)
( 1.70632536e-05, 4.68034539e-05)
( 1.59419937e-05, 4.47959908e-05)
( 1.47858281e-05, 4.27042872e-05)
( 1.35972839e-05, 4.05324479e-05)
( 1.23789613e-05, 3.82847320e-05)
( 1.11335275e-05, 3.59655449e-05)
( 9.86371149e-06, 3.35794296e-05)
( 8.57229748e-06, 3.11310584e-05)
( 7.26211894e-06, 2.86252232e-05)
( 5.93605233e-06, 2.60668272e-05)
( 4.59701070e-06, 2.34608745e-05)
( 3.24793719e-06, 2.08124613e-05)
( 1.89179848e-06, 1.81267653e-05)
( 5.31578211e-07, 1.54090361e-05)
(-8.29729761e-07, 1.26645850e-05)
(-2.18912801e-06, 9.89877456e-06)
(-3.54362229e-06, 7.11700803e-06)
(-4.89022824e-06, 4.32471915e-06)
(-6.22597809e-06, 1.52736129e-06)
(-7.54792738e-06,-1.26960314e-06)
(-8.85316154e-06,-4.06071336e-06)
(-1.01388025e-05,-6.84052099e-06)
(-1.14020152e-05,-9.60360070e-06)
(-1.26400138e-05,-1.23445609e-05)
(-1.38500685e-05,-1.50580545e-05)
(-1.50295111e-05,-1.77387892e-05)
(-1.61757412e-05,-2.03815381e-05)
(-1.72862326e-05,-2.29811502e-05)
(-1.83585382e-05,-2.55325603e-05)
(-1.93902962e-05,-2.80307995e-05)
(-2.03792352e-05,-3.04710044e-05)
(-2.13231793e-05,-3.28484276e-05)
(-2.22200531e-05,-3.51584468e-05)
(-2.30678866e-05,-3.73965739e-05)
(-2.38648191e-05,-3.95584642e-05)
(-2.46091040e-05,-4.16399251e-05)
(-2.52991127e-05,-4.36369246e-05)
(-2.59333377e-05,-4.55455992e-05)
(-2.65103967e-05,-4.73622619e-05)
(-2.70290352e-05,-4.90834097e-05)
(-2.74881299e-05,-5.07057306e-05)
(-2.78866903e-05,-5.22261102e-05)
(-2.82238619e-05,-5.36416381e-05)
(-2.84989273e-05,-5.49496144e-05)
(-2.87113084e-05,-5.61475541e-05)
(-2.88605670e-05,-5.72331933e-05)
(-2.89464062e-05,-5.82044932e-05)
(-2.89686711e-05,-5.90596446e-05)
(-2.89273484e-05,-5.97970714e-05)
(-2.88225669e-05,-6.04154340e-05)
(-2.86545971e-05,-6.09136325e-05)
(-2.84238500e-05,-6.12908081e-05)
(-2.81308767e-05,-6.15463459e-05)
(-2.77763665e-05,-6.16798755e-05)
(-2.73611454e-05,-6.16912722e-05)
(-2.68861739e-05,-6.15806573e-05)
(-2.63525452e-05,-6.13483979e-05)
(-2.57614819e-05,-6.09951061e-05)
(-2.51143334e-05,-6.05216379e-05)
(-2.44125727e-05,-5.99290916e-05)
(-2.36577928e-05,-5.92188053e-05)
(-2.28517028e-05,-5.83923545e-05)
(-2.19961242e-05,-5.74515489e-05)
(-2.10929861e-05,-5.63984286e-05)
(-2.01443211e-05,-5.52352599e-05)
(-1.91522602e-05,-5.39645308e-05)
(-1.81190279e-05,-5.25889456e-05)
(-1.70469370e-05,-5.11114199e-05)
(-1.59383830e-05,-4.95350740e-05)
(-1.47958388e-05,-4.78632267e-05)
(-1.36218487e-05,-4.60993885e-05)
(-1.24190225e-05,-4.42472542e-05)
(-1.11900296e-05,-4.23106953e-05)
(-9.93759235e-06,-4.02937518e-05)
(-8.66448032e-06,-3.82006242e-05)
(-7.37350349e-06,-3.60356639e-05)
(-6.06750594e-06,-3.38033653e-05)
(-4.74935923e-06,-3.15083552e-05)
(-3.42195587e-06,-2.91553840e-05)
(-2.08820262e-06,-2.67493152e-05)
(-7.51013919e-07,-2.42951156e-05)
( 5.86694794e-07,-2.17978446e-05)
( 1.92201370e-06,-1.92626435e-05)
( 3.25204516e-06,-1.66947251e-05)
( 4.57391029e-06,-1.40993623e-05)
( 5.88475541e-06,-1.14818770e-05)
( 7.18175845e-06,-8.84762925e-06)
( 8.46213521e-06,-6.20200568e-06)
( 9.72314560e-06,-3.55040810e-06)
( 1.09620997e-05,-8.98242183e-07)
( 1.21763635e-05, 1.74909396e-06)
( 1.33633649e-05, 4.38622121e-06)
( 1.45205994e-05, 7.00779081e-06)
( 1.56456349e-05, 9.60849564e-06)
( 1.67361178e-05, 1.21830815e-05)
( 1.77897771e-05, 1.47263580e-05)
( 1.88044300e-05, 1.72332099e-05)
( 1.97779860e-05, 1.96986077e-05)
( 2.07084513e-05, 2.21176181e-05)
( 2.15939330e-05, 2.44854146e-05)
( 2.24326426e-05, 2.67972878e-05)
( 2.32229002e-05, 2.90486549e-05)
( 2.39631371e-05, 3.12350700e-05)
( 2.46518991e-05, 3.33522325e-05)
( 2.52878494e-05, 3.53959971e-05)
( 2.58697706e-05, 3.73623818e-05)
( 2.63965672e-05, 3.92475763e-05)
( 2.68672673e-05, 4.10479503e-05)
( 2.72810242e-05, 4.27600605e-05)
( 2.76371173e-05, 4.43806583e-05)
( 2.79349537e-05, 4.59066957e-05)
( 2.81740680e-05, 4.73353323e-05)
( 2.83541233e-05, 4.86639406e-05)
( 2.84749109e-05, 4.98901112e-05)
( 2.85363499e-05, 5.10116581e-05)
( 2.85384869e-05, 5.20266225e-05)
( 2.84814948e-05, 5.29332767e-05)
( 2.83656719e-05, 5.37301274e-05)
( 2.81914403e-05, 5.44159183e-05)
( 2.79593441e-05, 5.49896328e-05)
( 2.76700475e-05, 5.54504947e-05)
( 2.73243325e-05, 5.57979703e-05)
( 2.69230961e-05, 5.60317683e-05)
( 2.64673479e-05, 5.61518400e-05)
( 2.59582067e-05, 5.61583789e-05)
( 2.53968977e-05, 5.60518195e-05)
( 2.47847482e-05, 5.58328355e-05)
( 2.41231848e-05, 5.55023380e-05)
( 2.34137289e-05, 5.50614725e-05)
( 2.26579927e-05, 5.45116157e-05)
( 2.18576752e-05, 5.38543718e-05)
( 2.10145573e-05, 5.30915684e-05)
( 2.01304976e-05, 5.22252513e-05)
( 1.92074276e-05, 5.12576795e-05)
( 1.82473467e-05, 5.01913196e-05)
( 1.72523173e-05, 4.90288391e-05)
( 1.62244599e-05, 4.77731004e-05)
( 1.51659476e-05, 4.64271530e-05)
( 1.40790013e-05, 4.49942265e-05)
( 1.29658841e-05, 4.34777223e-05)
( 1.18288962e-05, 4.18812058e-05)
( 1.06703694e-05, 4.02083971e-05)
( 9.49266197e-06, 3.84631625e-05)
( 8.29815302e-06, 3.66495050e-05)
( 7.08923741e-06, 3.47715545e-05)
( 5.86832036e-06, 3.28335582e-05)
( 4.63781214e-06, 3.08398703e-05)
( 3.40012296e-06, 2.87949418e-05)
( 2.15765776e-06, 2.67033095e-05)
( 9.12811219e-07, 2.45695859e-05)
(-3.32037253e-07, 2.23984476e-05)
(-1.57452833e-06, 2.01946249e-05)
(-2.81232751e-06, 1.79628904e-05)
(-4.04312972e-06, 1.57080479e-05)
(-5.26466380e-06, 1.34349209e-05)
(-6.47469676e-06, 1.11483419e-05)
(-7.67103801e-06, 8.85314086e-06)
(-8.85154326e-06, 6.55413387e-06)
(-1.00141184e-05, 4.25611241e-06)
(-1.11567230e-05, 1.96383211e-06)
(-1.22773741e-05,-3.17998083e-07)
(-1.33741488e-05,-2.58472666e-06)
(-1.44451878e-05,-4.83177011e-06)
(-1.54886982e-05,-7.05462327e-06)
(-1.65029558e-05,-9.24886952e-06)
(-1.74863076e-05,-1.14101906e-05)
(-1.84371742e-05,-1.35343763e-05)
(-1.93540513e-05,-1.56173338e-05)
(-2.02355117e-05,-1.76550963e-05)
(-2.10802067e-05,-1.96438325e-05)
(-2.18868673e-05,-2.15798541e-05)
(-2.26543052e-05,-2.34596238e-05)
(-2.33814137e-05,-2.52797634e-05)
(-2.40671681e-05,-2.70370603e-05)
(-2.47106260e-05,-2.87284743e-05)
(-2.53109276e-05,-3.03511439e-05)
(-2.58672955e-05,-3.19023921e-05)
(-2.63790340e-05,-3.33797312e-05)
(-2.68455293e-05,-3.47808683e-05)
(-2.72662479e-05,-3.61037088e-05)
(-2.76407361e-05,-3.73463607e-05)
(-2.79686189e-05,-3.85071374e-05)
(-2.82495984e-05,-3.95845607e-05)
(-2.84834521e-05,-4.05773629e-05)
(-2.86700316e-05,-4.14844881e-05)
(-2.88092604e-05,-4.23050937e-05)
(-2.89011321e-05,-4.30385507e-05)
(-2.89457076e-05,-4.36844437e-05)
(-2.89431134e-05,-4.42425704e-05)
(-2.88935385e-05,-4.47129403e-05)
(-2.87972323e-05,-4.50957733e-05)
(-2.86545013e-05,-4.53914975e-05)
(-2.84657063e-05,-4.56007462e-05)
(-2.82312598e-05,-4.57243552e-05)
(-2.79516221e-05,-4.57633587e-05)
(-2.76272988e-05,-4.57189849e-05)
(-2.72588372e-05,-4.55926520e-05)
(-2.68468226e-05,-4.53859623e-05)
(-2.63918753e-05,-4.51006970e-05)
(-2.58946468e-05,-4.47388098e-05)
(-2.53558161e-05,-4.43024207e-05)
(-2.47760862e-05,-4.37938089e-05)
(-2.41561800e-05,-4.32154056e-05)
(-2.34968368e-05,-4.25697863e-05)
(-2.27988083e-05,-4.18596626e-05)
(-2.20628547e-05,-4.10878741e-05)
(-2.12897402e-05,-4.02573796e-05)
(-2.04802297e-05,-3.93712482e-05)
(-1.96350838e-05,-3.84326499e-05)
(-1.87550550e-05,-3.74448467e-05)
(-1.78408831e-05,-3.64111820e-05)
(-1.68932907e-05,-3.53350718e-05)
(-1.59129784e-05,-3.42199938e-05)
(-1.49006199e-05,-3.30694777e-05)
(-1.38568571e-05,-3.18870949e-05)
(-1.27822945e-05,-3.06764479e-05)
(-1.16774934e-05,-2.94411601e-05)
(-1.05429661e-05,-2.81848650e-05)
(-9.37916922e-06,-2.69111960e-05)
(-8.18649658e-06,-2.56237756e-05)
(-6.96527144e-06,-2.43262053e-05)
(-5.71573801e-06,-2.30220545e-05)
(-4.43805196e-06,-2.17148507e-05)
(-3.13226974e-06,-2.04080687e-05)
(-1.79833667e-06,-1.91051209e-05)
(-4.36073159e-07,-1.78093463e-05)
( 9.54840862e-07,-1.65240011e-05)
( 2.37488413e-06,-1.52522485e-05)
( 3.82471510e-06,-1.39971489e-05)
( 5.30519673e-06,-1.27616497e-05)
( 6.81742564e-06,-1.15485758e-05)
( 8.36276694e-06,-1.03606200e-05)
( 9.94289576e-06,-9.20033278e-06)
( 1.15598476e-05,-8.07011235e-06)
( 1.32160792e-05,-6.97219466e-06)
( 1.49145435e-05,-5.90864252e-06)
( 1.66587819e-05,-4.88133443e-06)
( 1.84530391e-05,-3.89195238e-06)
( 2.03024078e-05,-2.94196834e-06)
( 2.22130120e-05,-2.03262893e-06)
( 2.41922424e-05,-1.16493745e-06)
( 2.62490614e-05,-3.39632166e-07)
( 2.83944049e-05, 4.42840690e-07)
( 3.06417171e-05, 1.18236151e-06)
( 3.30076754e-05, 1.87918294e-06)
( 3.55131893e-05, 2.53399178e-06)
( 3.81848049e-05, 3.14799533e-06)
( 4.10567241e-05, 3.72304521e-06)
( 4.41737843e-05, 4.26182056e-06)
( 4.75959874e-05, 4.76810778e-06)
( 5.14056281e-05, 5.24724390e-06)
( 5.57189881e-05, 5.70684971e-06)
( 6.07065004e-05, 6.15810490e-06)
( 6.66297208e-05, 6.61810745e-06)
( 7.39145746e-05, 7.11459173e-06)
( 8.33119655e-05, 7.69637295e-06)
( 9.62995638e-05, 8.45972104e-06)
( 1.16396153e-04, 9.63561910e-06)
( 1.51850563e-04, 1.17665877e-05)
( 3.44881576e-04, 2.44859643e-05)
